MainID,St_name,Dist,DistName,StartTime,EndTime,Side,from,to,miles,section,oneway,week1,week2,week3,week4,week5,sunday,monday,tuesday,wednesday,thursday,friday,saturday,everyday,yearround,northendpilot,timestamp,parent,losta,hista
1,Ackley Pl,2,Jamaica Plain,08:00,12:00,Even,Washington St,Dead End,4.54545454545455E-02,,False,False,True,False,True,False,False,True,False,False,False,False,True,False,False,False,6/26/2018 9:43:55 AM,ACKLE1,0,240
2,Arcadia Park,3,North Dorchester,08:00,12:00,Even,Draper St,Ditson St,8.35227272727273E-02,,False,False,True,False,True,False,False,False,False,True,False,False,False,False,False,False,6/19/2014 9:15:28 AM,ARCAD1,0,441
3,Ashcroft St,2,Jamaica Plain,08:00,12:00,Odd,Perkins St,Moraine St,0.101515151515152,,False,True,False,True,False,False,False,False,False,True,False,False,False,False,False,False,2/14/2012 8:36:32 AM,ASHCR1,0,536
4,Boylston St,1B,Back Bay,00:01,07:00,,Tremont St,Charles St,0.151893939393939,,False,True,True,True,True,True,True,True,True,True,True,True,True,True,True,False,2/29/2012 10:06:53 AM,BOYLS6,525,1327
5,Chestnut St,1H,Beacon Hill,08:00,12:00,Even,Walnut St,Charles St,0.200757575757576,,False,False,True,False,True,False,False,False,False,False,False,True,False,False,False,True,2/14/2012 8:36:32 AM,CHEST10,0,1060
6,Blackwood St,1B,Back Bay,08:00,12:00,Even,St Botolph St,Dead End,5.17045454545455E-02,,False,False,True,False,True,False,False,False,False,False,False,True,False,False,False,False,2/14/2012 8:36:32 AM,BLACK4,0,273
7,Bucknam St,10M,Mission Hill,12:00,16:00,Odd,Lawn St,Fisher Ave,8.03030303030303E-02,,False,True,False,True,False,False,False,False,False,True,False,False,False,False,False,False,9/24/2018 1:15:05 PM,BUCKN1,0,424
8,Acadia St,5,South Boston,09:00,13:00,Even,East First St,East Second St,5.68181818181818E-02,,False,True,False,True,False,False,False,False,False,False,False,True,False,False,False,False,2/14/2012 8:36:32 AM,ACADI1,0,300
9,Acadia St,5,South Boston,09:00,13:00,Odd,East First St,East Second St,5.68181818181818E-02,,False,False,True,False,True,False,False,False,False,False,False,True,False,False,False,False,2/14/2012 8:36:32 AM,ACADI1,0,300
10,Allston St,7,South Dorchester,12:00,16:00,Odd,Centre St,Melville Ave,0.195454545454545,,False,True,False,True,False,False,False,False,False,True,False,False,False,False,False,False,2/14/2012 8:36:32 AM,ALLST3,0,1032
12,Abbotsford St,10R,Roxbury,08:00,12:00,Odd,Walnut Ave,Harold St,0.121022727272727,,False,True,False,True,False,False,False,False,False,False,False,True,False,False,False,False,2/14/2012 8:36:32 AM,ABBOT1,0,639
13,Brooks St,9,East Boston,12:00,16:00,Even,Cheslea St,Princeton St,0.20928,,False,True,False,True,False,False,False,False,False,True,False,False,False,False,False,False,4/7/2015 3:16:28 PM,BROOK12,222,1327
15,Bullard St,3,North Dorchester,12:00,16:00,Odd,Bowdoin St,Bowdoin Ave,0.19905303030303,,False,True,False,True,False,False,False,False,False,True,False,False,False,False,False,False,6/13/2013 4:07:42 PM,BULLA1,0,1051
16,Centre St,7,South Dorchester,08:00,12:00,Even,Talbot Ave,Dorchester Ave,0.540530303030303,,False,False,True,False,True,False,False,False,False,True,False,False,False,False,False,False,2/14/2012 8:36:32 AM,CENTR7,0,2854
17,Appleton St,1S,South End,12:00,16:00,Odd,Tremont St,West Canton St,0.39375,,False,True,False,True,False,True,False,False,False,True,False,False,False,False,False,True,2/14/2012 8:36:32 AM,APPLE1,0,2079
18,Boylston St,2,Jamaica Plain,08:00,12:00,Odd,Lamartine St,Washington St,0.351515151515152,,False,True,False,True,False,False,False,True,False,False,False,False,False,False,False,False,2/14/2012 8:36:32 AM,BOYLS2,2084,3940
19,Ames St,7,South Dorchester,08:00,12:00,Odd,Westview St,Dead End,0.304166666666667,,False,True,False,True,False,False,False,False,False,False,False,True,False,False,False,False,2/14/2012 8:36:32 AM,AMES 1,0,1606
20,Caryll St,7,South Dorchester,12:00,16:00,Odd,Morton St,Maryknoll St,0.170454545454545,,False,True,False,True,False,False,False,False,False,False,True,False,False,False,False,False,2/14/2012 8:36:32 AM,CARYL1,0,900
22,Braemore Rd,4,Allston/Brighton,12:00,16:00,Odd,Commonwealth Ave,Chiswick Rd,9.43181818181818E-02,,False,True,False,True,False,False,False,False,False,True,False,False,False,False,False,False,2/14/2012 8:36:32 AM,BRAEM1,0,498
23,Chatham St,1F,Downtown,00:01,07:00,,Merchants Row,Commercial St,0.104734848484848,,True,True,True,True,True,True,True,True,True,True,True,True,True,True,True,False,2/29/2012 10:06:53 AM,CHATH1,0,553
24,Bismarck St,2,Jamaica Plain,08:00,12:00,Even,Boylston St,Porter St,3.78787878787879E-02,,False,False,True,False,True,False,False,True,False,False,False,False,False,False,False,False,2/14/2012 8:36:32 AM,BISMA1,0,200
25,Chestnut Ave,2,Jamaica Plain,12:00,16:00,Even,Centre St,Mozart St,0.235037878787879,,False,False,True,False,True,False,False,False,True,False,False,False,False,False,False,False,4/11/2017 11:41:32 AM,CHEST5,0,1241
26,Central St,1F,Downtown,00:01,07:00,,India St,Dead End,7.95454545454545E-02,,True,True,True,True,True,True,True,True,True,True,True,True,True,True,True,False,2/29/2012 10:06:53 AM,CENTR2,176,596
27,Bradeen St,2,Jamaica Plain,12:00,16:00,Odd,Washington St,Dead End,0.184848484848485,,False,True,False,True,False,False,False,False,False,False,True,False,False,False,False,False,2/14/2012 8:36:32 AM,BRADE1,0,976
28,Amory St,10R,Roxbury,08:00,12:00,Even,Dimock St,School St,0.192992424242424,,False,True,False,True,False,False,False,False,False,False,False,True,False,False,False,False,10/7/2016 12:50:50 PM,AMORY2,900,1919
29,Chiswick Rd,4,Allston/Brighton,08:00,12:00,Even,Chestnut Hill Ave,Dead End,0.14375,,False,False,True,False,True,False,False,False,False,False,False,True,False,False,False,False,6/17/2024 12:14:34 PM,CHISW1,2324,3083
30,Bunker Hill St,1C,Charlestown,08:00,12:00,Even,Moulton St,Medford St,0.908522727,,False,True,True,True,True,True,False,False,False,False,False,True,False,False,False,False,4/1/2014 9:11:27 AM,BUNKE1,364,5161
31,Bluefield Ter,7,South Dorchester,12:00,16:00,Even,Gladeside Ave,Ridgeview Ave,0.111742424242424,,False,False,True,False,True,False,False,False,False,False,True,False,False,False,False,False,2/14/2012 8:36:32 AM,BLUEF1,0,590
32,Ceylon St,3,North Dorchester,12:00,16:00,Even,Quincy St,Columbia Rd,0.176893939393939,,False,False,True,False,True,False,False,False,False,False,False,True,False,False,False,False,2/29/2012 10:06:53 AM,CEYLO1,429,1363
33,Chestnut St,1H,Beacon Hill,08:00,12:00,Even,Charles St,David G Mugar Way,0.162689393939394,,False,False,True,False,True,False,False,False,False,False,True,False,False,False,False,True,2/14/2012 8:36:32 AM,CHEST10,1060,1919
34,Bennett St,4,Allston/Brighton,12:00,16:00,Odd,Market St,South Hobbart St,0.302083333333333,,False,True,False,True,False,False,False,False,True,False,False,False,False,False,False,False,2/14/2012 8:36:32 AM,BENNE1,0,1595
35,Brunswick St,3,North Dorchester,12:00,16:00,Odd,Blue Hill Ave,Normandy St,0.127272727272727,,False,True,False,True,False,False,False,False,False,True,False,False,False,False,False,False,6/13/2013 3:58:10 PM,BRUNS1,815,1487
36,Bremen St,9,East Boston,12:00,16:00,Even,Sumner St,Porter St,0.346969696969697,,False,False,True,False,True,False,False,False,False,False,True,False,False,False,False,False,2/14/2012 8:36:32 AM,BREME1,0,1832
37,Charles St,3,North Dorchester,08:00,12:00,Even,Dorchester Ave,Geneva Ave,0.273674242424242,,False,False,True,False,True,False,False,False,False,True,False,False,False,False,False,False,6/13/2013 3:26:45 PM,CHARL9,0,1445
38,Charles St,3,North Dorchester,08:00,12:00,Odd,Dorchester Ave,Geneva Ave,0.273674242424242,,False,True,False,True,False,False,False,False,False,True,False,False,False,False,False,False,6/13/2013 3:26:36 PM,CHARL9,0,1445
39,Abbotsford St,10R,Roxbury,08:00,12:00,Even,Walnut Ave,Harold St,0.121022727272727,,False,False,True,False,True,False,False,False,False,False,False,True,False,False,False,False,2/14/2012 8:36:32 AM,ABBOT1,0,639
40,Anderson St,1H,Beacon Hill,08:00,12:00,Odd,Cambridge St,Myrtle St,0.125189393939394,,False,True,False,True,False,True,False,True,False,False,False,False,False,False,False,True,3/31/2014 8:06:59 PM,ANDER1,0,661
41,Clearwater Dr,7,South Dorchester,12:00,16:00,Odd,Morton St,Maryknoll St,0.235416666666667,,False,True,False,True,False,False,False,False,False,False,True,False,False,False,False,False,2/14/2012 8:36:32 AM,CLEAR1,0,1243
42,Bluefield Ter,7,South Dorchester,12:00,16:00,Odd,Gladeside Ave,Ridgeview Ave,0.111742424242424,,False,True,False,True,False,False,False,False,False,False,True,False,False,False,False,False,2/14/2012 8:36:32 AM,BLUEF1,0,590
43,Beaver St,1H,Beacon Hill,08:00,12:00,Odd,Beacon St,Beaver Pl,3.73106060606061E-02,,False,True,False,True,False,True,False,False,False,False,True,False,False,False,False,True,4/2/2014 1:29:13 PM,BEAVE3,0,197
44,Arlington Ave,1C,Charlestown,08:00,12:00,Even,Alford St,Somerville Town Line,0.189772727272727,,False,False,True,False,True,False,False,False,False,False,True,False,False,False,False,False,2/14/2012 8:36:32 AM,ARLIN2,0,1002
45,Bedford St,1T,Chinatown,00:01,07:00,,Chauncy St,Summer St,0.143181818181818,,False,True,True,True,True,True,True,True,True,True,True,True,True,True,True,False,2/29/2012 10:06:53 AM,BEDFO1,0,756
46,Charlame St,10R,Roxbury,12:00,16:00,Odd,Laurel St,Dead End,0.118181818181818,,False,True,False,True,False,False,False,False,True,False,False,False,False,False,False,False,2/29/2012 10:06:53 AM,CHARL2,0,624
47,Belvidere St,1B,Back Bay,12:00,16:00,Even,Massachusetts Ave,Dalton St,0.152462121212121,,True,False,True,False,True,False,False,True,False,False,False,False,False,False,False,False,7/25/2022 8:40:39 AM,BELVI1,0,805
48,Bennett St,4,Allston/Brighton,08:00,12:00,Odd,Market St,Oakland St,0.411174242424242,,False,True,False,True,False,False,False,False,True,False,False,False,False,False,False,False,2/14/2012 8:36:32 AM,BENNE1,0,2171
49,Charles St,M,Multiple,02:00,07:00,Odd,Boylston St,Nashua St,1.08844696969697,,True,True,True,True,True,True,False,False,True,False,False,False,False,False,True,False,4/11/2016 10:13:58 AM,CHARL10,0,5747
50,Calumet St,10M,Mission Hill,12:00,16:00,Odd,Tremont St,Parker Hill Ave,0.566856060606061,,False,True,False,True,False,False,False,False,False,True,False,False,False,False,False,False,10/14/2022 3:24:17 PM,CALUM1,0,2993
51,Atlantic Ave,1F,Downtown,00:01,07:00,,State St,Milk St,6.04166666666667E-02,,False,True,True,True,True,True,True,True,True,True,True,True,True,True,True,False,2/29/2012 10:06:53 AM,ATLAN1,1756,2075
52,Boylston St,1B,Back Bay,00:01,07:00,Odd,Arlington St,Hereford St,0.794886363636364,,False,True,True,True,True,True,True,True,True,True,True,True,True,True,True,False,2/14/2012 8:36:32 AM,BOYLS6,2219,6416
53,Chelsea St,9,East Boston,08:00,12:00,Odd,Porter St,Prescott St,0.491287878787879,,False,True,False,True,False,False,False,False,False,False,False,True,False,False,False,False,4/7/2015 3:19:33 PM,CHELS1,1323,3917
54,Aspinwall Rd,7,South Dorchester,12:00,16:00,Odd,Washington St,Talbot Ave,0.183712121212121,,False,True,False,True,False,False,False,False,False,True,False,False,False,False,False,False,2/14/2012 8:36:32 AM,ASPIN1,0,970
55,Carson St,3,North Dorchester,08:00,12:00,Even,Crescent Ave,Sydney St,0.113825757575758,,False,False,True,False,True,False,False,True,False,False,False,False,False,False,False,False,2/14/2012 8:36:32 AM,CARSO1,0,601
56,Blakeville St,3,North Dorchester,12:00,16:00,Odd,Bowdoin St,Olney St,0.123484848484848,,False,True,False,True,False,False,False,False,False,True,False,False,False,False,False,False,6/13/2013 3:47:35 PM,BLAKE3,0,652
57,Cambria St,1B,Back Bay,00:01,07:00,,Boylston St,Dead End,0.102462121212121,,True,True,True,True,True,True,True,True,True,True,True,True,True,True,True,False,2/29/2012 10:06:53 AM,CAMBR1,0,541
58,A St,5,South Boston,09:00,13:00,Even,Melcher St,Congress St,0.103030303030303,,False,False,True,False,True,False,False,False,True,False,False,False,False,False,False,False,3/23/2018 1:30:42 PM,A ST 1,3763,4307
59,Chelsea St,9,East Boston,12:00,16:00,Even,Maverick St,Porter St,0.250568181818182,,False,False,True,False,True,False,False,False,False,False,True,False,False,False,False,False,4/6/2015 9:58:13 AM,CHELS1,0,1323
60,Alaska St,10R,Roxbury,08:00,12:00,Odd,Perrin St,Blue Hill Ave,0.111931818181818,,False,True,False,True,False,False,False,False,True,False,False,False,False,False,False,False,2/14/2012 8:36:32 AM,ALASK1,0,591
61,Blue Hill Ave,10R,Roxbury,00:01,07:00,,Dudley St,Blue Hill Ave,1.17973484848485,,True,True,True,True,True,True,True,True,True,True,True,True,True,True,True,False,2/29/2012 10:06:53 AM,BLUE 3,0,6229
62,Adams St,1C,Charlestown,08:00,12:00,Odd,Winthrop St,Lowney Way,0.122159090909091,,False,True,False,True,False,False,False,False,False,True,False,False,False,False,False,False,2/14/2012 8:36:32 AM,ADAMS9,0,645
63,Charlesgate East,99,DCR,12:00,15:00,,Dead End,Back St,2.02651515151515E-02,,False,False,True,False,False,False,False,False,False,False,False,True,False,False,False,False,2/29/2012 10:06:53 AM,CHARL21,0,107
64,Calumet St,10M,Mission Hill,12:00,16:00,Even,Tremont St,Parker Hill Ave,0.566856060606061,,False,False,True,False,True,False,False,False,False,True,False,False,False,False,False,False,7/20/2015 3:01:54 PM,CALUM1,0,2993
65,Arborcrest Ter,7,South Dorchester,12:00,16:00,Even,Gladeside Ave,Ridgeview Ave,9.22348484848485E-02,,False,False,True,False,True,False,False,False,False,False,True,False,False,False,False,False,2/14/2012 8:36:32 AM,ARBOR1,0,487
66,Castle Rock St,3,North Dorchester,12:00,16:00,Even,Grampian Way,Caspian Way,7.40530303030303E-02,,False,False,True,False,True,False,False,True,False,False,False,False,False,False,False,False,6/13/2013 4:20:22 PM,CASTL2,0,391
67,Armstrong St,2,Jamaica Plain,12:00,16:00,Odd,Chestnut Ave,Mozart St,0.104924242424242,,False,True,False,True,False,False,False,False,True,False,False,False,False,False,False,False,7/11/2017 11:17:27 AM,ARMST1,0,554
68,Chaucer St,9,East Boston,12:00,16:00,Odd,Curtis St,Moore St,0.112689393939394,,False,True,False,True,False,False,False,False,False,False,False,True,False,False,False,False,2/14/2012 8:36:32 AM,CHAUC1,0,595
69,Bloomfield St,3,North Dorchester,12:00,16:00,Even,Geneva Ave,Greenbrier St,0.303219696969697,,False,False,True,False,True,False,False,False,True,False,False,False,False,False,False,False,2/14/2012 8:36:32 AM,BLOOM1,0,1601
70,Carlos St,7,South Dorchester,08:00,12:00,Even,Woodrow Ave,Callender St,6.53409090909091E-02,,False,False,True,False,True,False,False,False,False,False,False,True,False,False,False,False,2/14/2012 8:36:32 AM,CARLO1,0,345
71,Adams St,7,South Dorchester,08:00,12:00,Odd,Dorchester Ave,Park St,0.173863636363636,,False,True,False,True,False,False,False,False,False,False,True,False,False,False,False,False,2/14/2012 8:36:32 AM,ADAMS1,2982,3900
72,Brighton St,1C,Charlestown,08:00,12:00,Odd,Dead End,Caldwell St,3.76893939393939E-02,,False,True,False,True,False,False,False,False,False,False,True,False,False,False,False,False,2/14/2012 8:36:32 AM,BRIGH5,0,199
73,Columbus Ave,M,Multiple,05:00,07:00,Odd,Tremont St,Boylston St,0.19034090909,,False,True,False,True,False,False,False,False,False,False,False,True,False,False,False,False,3/31/2017 3:09:05 PM,BERKE1,1370,2375
74,Berkeley St,1B,Back Bay,12:00,16:00,Even,Tremont St,Columbus Ave,0.259469696969697,,False,False,True,False,True,False,False,False,False,True,False,False,False,False,False,False,9/8/2017 9:00:14 AM,BERKE1,0,1370
75,Chilcott Pl,2,Jamaica Plain,12:00,16:00,Odd,Washington St,Dead End,9.52651515151515E-02,,False,True,False,True,False,False,False,True,False,False,False,False,False,False,False,False,4/12/2017 2:49:58 PM,CHILC1,0,503
76,Caspian Way,3,North Dorchester,12:00,16:00,Odd,Castle Rock St,Dead End,0.059469696969697,,False,True,False,True,False,False,False,False,False,False,True,False,False,False,False,False,2/14/2012 8:36:32 AM,CASPI1,225,539
77,Adams St,3,North Dorchester,08:00,12:00,Odd,Bowdoin St,Leedsville St,0.304545454545455,,False,True,False,True,False,False,False,False,False,False,True,False,False,False,False,False,2/14/2012 8:36:32 AM,ADAMS1,195,1803
78,Ashmont St,7,South Dorchester,08:00,12:00,Even,Dorchester Ave,Adams St,0.492424242424242,,False,False,True,False,True,False,False,True,False,False,False,False,False,False,False,False,2/14/2012 8:36:32 AM,ASHMO3,1897,4497
79,Alpha Rd,7,South Dorchester,08:00,12:00,Odd,Waldeck St,Park St,0.182954545454545,,False,True,False,True,False,False,False,False,False,True,False,False,False,False,False,False,2/14/2012 8:36:32 AM,ALPHA1,0,966
80,Cambridge St,1F,Downtown,00:01,07:00,Odd Side Median,Tremont St,Charles St,0.608901515151515,,False,True,True,True,True,True,True,True,True,True,True,True,True,True,True,False,2/29/2012 10:06:53 AM,CAMBR6,0,3215
81,Circuit St,10R,Roxbury,12:00,16:00,Odd,Walnut Ave,Washington St,0.349621212121212,,False,True,False,True,False,False,False,False,True,False,False,False,False,False,False,False,2/29/2012 10:06:53 AM,CIRCU1,0,1846
82,Brook Marshall Rd,10R,Roxbury,08:00,12:00,Odd,Raynor Cir,Sojourner Truth Ct,0.09375,,False,True,False,True,False,False,False,False,False,True,False,False,False,False,False,False,2/29/2012 10:06:53 AM,BROOK4,273,768
83,Cherokee St,10M,Mission Hill,12:00,16:00,Even,Hillside St,Pontiac St,0.12405303030303,,False,False,True,False,True,False,False,False,False,True,False,False,False,False,False,False,4/23/2015 9:47:34 AM,CHERO1,0,655
84,Brainerd Rd,4,Allston/Brighton,08:00,12:00,Odd,Gorham St,Kelton St,0.221590909090909,,False,True,False,True,False,False,False,False,False,False,True,False,False,False,False,False,2/14/2012 8:36:32 AM,BRAIN2,690,1860
85,Boylston St,2,Jamaica Plain,08:00,12:00,Odd,Centre St,Lamartine St,0.39469696969697,,False,True,False,True,False,False,False,True,False,False,False,False,False,False,False,False,2/14/2012 8:36:32 AM,BOYLS2,0,2084
86,Carter St,1C,Charlestown,08:00,12:00,Odd,Cambridge St,Roland St,4.03409090909091E-02,,False,True,False,True,False,False,False,False,False,False,True,False,False,False,False,False,2/14/2012 8:36:32 AM,CARTE1,0,213
87,Bradeen St,2,Jamaica Plain,12:00,16:00,Even,Washington St,Dead End,0.184848484848485,,False,False,True,False,True,False,False,False,False,False,True,False,False,False,False,False,2/14/2012 8:36:32 AM,BRADE1,0,976
88,Belmont St,1C,Charlestown,08:00,12:00,Even,Bunker Hill St,Medford St,0.121780303030303,,False,False,True,False,True,False,False,False,False,False,True,False,False,False,False,False,2/14/2012 8:36:32 AM,BELMO1,0,643
89,Aspen St,10R,Roxbury,08:00,12:00,Odd,Montrose St,Copeland St,0.06875,,False,True,False,True,False,False,False,False,True,False,False,False,False,False,False,False,2/14/2012 8:36:32 AM,ASPEN1,0,363
90,Chappie St,1C,Charlestown,08:00,12:00,Odd,Bunker Hill St,Medford St,0.105871212121212,,False,False,True,False,True,False,False,False,False,False,True,False,False,False,False,False,2/14/2012 8:36:32 AM,CHAPP1,0,559
91,Causeway St,1W,West End,00:01,07:00,,Merrimac St,North Washington St,0.328409090909091,,False,True,True,True,True,True,True,True,True,True,True,True,True,True,True,False,2/29/2012 10:06:53 AM,CAUSE1,0,1734
92,Chiswick Rd,4,Allston/Brighton,12:00,16:00,Odd,Chestnut Hill Ave,Dead End,0.14375,,False,True,False,True,False,False,False,False,False,False,False,True,False,False,False,False,2/14/2012 8:36:32 AM,CHISW1,2324,3083
93,Charles Street South,1B,Back Bay,00:01,07:00,Even,Tremont St,Boylston St,0.265909090909091,,False,True,True,True,True,True,True,True,True,True,True,True,True,True,True,False,2/14/2012 8:36:32 AM,CHARL11,0,1404
94,Bexley Rd,2,Jamaica Plain,08:00,12:00,Even,Washington St,Florence St,0.158143939393939,,False,False,True,False,True,False,False,False,False,False,True,False,False,False,False,False,2/14/2012 8:36:32 AM,BEXLE1,0,835
95,Clarendon St,1B,Back Bay,06:00,08:00,Even,Commonwealth Ave,Beacon St,0.143181818181818,,False,False,True,False,True,False,False,False,False,True,False,False,False,False,False,False,2/14/2012 8:36:32 AM,CLARE5,3271,4027
96,Bruce St,7,South Dorchester,08:00,12:00,Odd,Ashmont St,Wrentham St,0.1,,False,True,False,True,False,False,False,True,False,False,False,False,False,False,False,False,2/14/2012 8:36:32 AM,BRUCE1,0,528
97,Briarcliff Ter,7,South Dorchester,12:00,16:00,Even,Gladeside Ave,Ridgeview Ave,9.33712121212121E-02,,False,False,True,False,True,False,False,False,False,False,True,False,False,False,False,False,2/14/2012 8:36:32 AM,BRIAR1,0,493
98,Brainerd Rd,4,Allston/Brighton,12:00,16:00,Odd,Harvard Ave,Harvard Ave,0,,False,True,False,True,False,False,False,False,False,False,True,False,False,False,False,False,2/14/2012 8:36:32 AM,BRAIN2,0,0
99,Ardee St,9,East Boston,08:00,12:00,Odd,Everett St,Maverick St,4.71590909090909E-02,,False,True,False,True,False,False,False,False,False,False,True,False,False,False,False,False,2/14/2012 8:36:32 AM,ARDEE1,0,249
100,Cameron St,3,North Dorchester,08:00,12:00,Odd,Hancock St,Dead End,0.104734848484848,,False,True,False,True,False,False,False,False,False,False,True,False,False,False,False,False,2/14/2012 8:36:32 AM,CAMER1,0,553
101,Chiswick Rd,4,Allston/Brighton,12:00,16:00,Even,Englewood Ave,Commonwealth Ave,0.24356060606,,False,False,True,False,True,False,False,False,False,True,False,False,False,False,False,False,6/17/2024 12:18:16 PM,CHISW1,0,1286
102,Bond St,1S,South End,08:00,12:00,Even,Milford St,Hanson St,4.16666666666667E-02,,False,False,True,False,True,False,False,False,False,False,True,False,False,False,False,True,2/14/2012 8:36:32 AM,BOND 1,0,220
104,Blue Hill Ave,7,South Dorchester,00:00,07:00,Median,Morton St,River St,1.15416666666667,,True,True,True,True,True,True,False,False,True,False,False,False,False,False,True,False,4/11/2016 10:23:14 AM,BLUE 1,9549,15643
105,Clementine Park,7,South Dorchester,08:00,12:00,Odd,Centre St,Dayton St,0.084469696969697,,False,True,False,True,False,False,False,False,False,True,False,False,False,False,False,False,2/14/2012 8:36:32 AM,CLEME2,0,446
106,Cedar St,7,South Dorchester,12:00,16:00,Odd,River St,Temple St,0.19469696969697,,False,True,False,True,False,False,False,False,False,False,True,False,False,False,False,False,2/14/2012 8:36:32 AM,CEDAR3,0,1028
107,Durham St,1B,Back Bay,08:00,12:00,Odd,St Botolph St,Dead End,5.01893939393939E-02,,False,True,False,True,False,False,False,False,False,False,False,True,False,False,False,False,2/14/2012 8:36:32 AM,DURHA1,0,265
108,Bunker Hill St,1C,Charlestown,08:00,12:00,Odd,Lowney Way,Medford St,0.977462121212121,,False,True,True,True,True,True,False,False,False,False,True,False,False,False,False,False,2/14/2012 8:36:32 AM,BUNKE1,0,5161
109,Bowdoin Ave,3,North Dorchester,12:00,16:00,Odd,Eldon St,Nottingham St,0.309280303030303,,False,True,False,True,False,False,False,False,False,True,False,False,False,False,False,False,4/1/2015 2:54:37 PM,BOWDO1,0,1633
110,Circuit St,10R,Roxbury,12:00,16:00,Even,Walnut Ave,Washington St,0.349621212121212,,False,False,True,False,True,False,False,False,True,False,False,False,False,False,False,False,2/29/2012 10:06:53 AM,CIRCU1,0,1846
111,Brookledge St,10R,Roxbury,08:00,12:00,Even,Humboldt Ave,Elm Hill Ave,0.222537878787879,,False,False,True,False,True,False,False,False,False,False,False,True,False,False,False,False,2/14/2012 8:36:32 AM,BROOK8,0,1175
112,Bolton St,5,South Boston,09:00,13:00,Both,D St,Dorchester St,0.359848484848485,,False,True,False,True,False,False,False,False,False,False,False,True,False,False,False,False,2/14/2012 8:36:32 AM,BOLTO1,1104,3004
113,Chester St,4,Allston/Brighton,08:00,12:00,Odd,Brighton Av,Ashford St,0.141287878787879,,False,True,False,True,False,False,False,True,False,False,False,False,False,False,False,False,2/14/2012 8:36:32 AM,CHEST1,672,1418
114,Bird St,3,North Dorchester,12:00,16:00,Odd,Columbia Rd,Dead End,0.22121212,,False,True,False,True,False,False,False,False,False,False,True,False,False,False,False,False,4/2/2014 12:12:33 PM,BIRD 1,426,1594
115,Atkinson St,3,North Dorchester,00:01,07:00,,Southampton St,Topeka St,0.227083333333333,,False,True,True,True,True,True,True,True,True,True,True,True,True,True,True,False,2/29/2012 10:06:53 AM,ATKIN2,0,1199
116,Bynner St,2,Jamaica Plain,12:00,16:00,Even,Creighton St,South Huntington Ave,0.214393939393939,,False,False,True,False,True,False,False,False,True,False,False,False,False,False,False,False,5/31/2016 10:48:25 AM,BYNNE1,0,1132
117,Brainerd Rd,4,Allston/Brighton,12:00,16:00,Even,Harvard Ave,Gorham St,0.130681818181818,,False,False,True,False,True,False,False,False,False,False,True,False,False,False,False,False,2/14/2012 8:36:32 AM,BRAIN2,0,690
118,Chase St,3,North Dorchester,12:00,16:00,Odd,Willis St,East Cottage St,6.34469696969697E-02,,False,True,False,True,False,False,False,False,False,False,False,True,False,False,False,False,2/14/2012 8:36:32 AM,CHASE1,0,335
119,Blakeville St,3,North Dorchester,12:00,16:00,Even,Bowdoin St,Olney St,0.123484848484848,,False,False,True,False,True,False,False,False,False,True,False,False,False,False,False,False,6/13/2013 3:47:28 PM,BLAKE3,0,652
120,Caddy Rd,7,South Dorchester,12:00,16:00,Even,Sanford St,Monson St,7.93560606060606E-02,,False,False,True,False,True,False,False,False,False,False,True,False,False,False,False,False,2/14/2012 8:36:32 AM,CADDY1,0,419
121,Bentham Rd,3,North Dorchester,08:00,12:00,Odd,Draper St,Mount Ida Rd,5.60606060606061E-02,,False,True,False,True,False,False,False,False,False,False,True,False,False,False,False,False,2/14/2012 8:36:32 AM,BENTH1,0,296
122,Bennett St,4,Allston/Brighton,08:00,12:00,Even,Market St,Oakland St,0.411174242424242,,False,False,True,False,True,False,False,False,True,False,False,False,False,False,False,False,2/14/2012 8:36:32 AM,BENNE1,0,2171
123,Ashton St,7,South Dorchester,08:00,12:00,Even,Callender St,Woodrow Ave,0.207954545454545,,False,False,True,False,True,False,False,False,False,False,False,True,False,False,False,False,2/14/2012 8:36:32 AM,ASHTO1,0,1098
124,Clifford St,10R,Roxbury,08:00,12:00,Even,Warren St,Blue Hill Ave,0.23125,,False,True,False,True,False,False,False,False,True,False,False,False,False,False,False,False,11/15/2016 9:24:56 AM,CLIFF2,0,1221
125,Boston St,5,South Boston,09:00,13:00,Odd,Dorchester Ave,Songin Father Anthony Way,0.105681818181818,,False,True,False,True,False,False,False,False,True,False,False,False,False,False,False,False,3/15/2019 9:16:45 AM,BOSTO1,0,558
126,Brent St,7,South Dorchester,08:00,12:00,Even,Washington St,Melbourne St,0.298106060606061,,False,False,True,False,True,False,False,False,False,True,False,False,False,False,False,False,2/14/2012 8:36:32 AM,BRENT1,0,1574
127,Brackett St,4,Allston/Brighton,08:00,12:00,Even,Washington St,Faneuil St,0.122916666666667,,False,False,True,False,True,False,False,False,True,False,False,False,False,False,False,False,2/14/2012 8:36:32 AM,BRACK1,0,649
128,Clarkson St,3,North Dorchester,08:00,12:00,Even,Hendry St,Quincy St,6.02272727272727E-02,,False,False,True,False,True,False,False,False,False,False,True,False,False,False,False,False,2/14/2012 8:36:32 AM,CLARK3,0,318
129,Auburn St,1C,Charlestown,12:00,16:00,Odd,Main St,Bunker Hill St,0.132007575757576,,False,True,False,True,False,False,False,False,False,False,False,True,False,False,False,False,2/14/2012 8:36:32 AM,AUBUR1,0,697
130,Bennett St,4,Allston/Brighton,12:00,16:00,Even,Market St,South Hobbart St,0.302083333333333,,False,False,True,False,True,False,False,False,True,False,False,False,False,False,False,False,2/14/2012 8:36:32 AM,BENNE1,0,1595
131,Clarkwood St,7,South Dorchester,12:00,16:00,Even,Blue Hill Ave,Norfolk St,0.197537878787879,,False,False,True,False,True,False,False,False,False,False,True,False,False,False,False,False,2/14/2012 8:36:32 AM,CLARK4,0,1043
132,Auckland St,3,North Dorchester,08:00,12:00,Even,Savin Hill Ave,Dead End,0.281060606060606,,False,False,True,False,True,False,False,True,False,False,False,False,False,False,False,False,4/1/2014 8:38:14 AM,AUCKL1,863,2347
133,Albion Pl,1C,Charlestown,12:00,16:00,Even,Main St,Auburn Sq,7.25378787878788E-02,,False,True,False,True,False,False,False,False,False,False,False,True,False,False,False,False,2/14/2012 8:36:32 AM,ALBIO1,0,383
134,Auckland St,3,North Dorchester,08:00,12:00,Odd,Savin Hill Ave,Dead End,0.281060606060606,,False,True,False,True,False,False,False,True,False,False,False,False,False,False,False,False,4/1/2014 8:38:08 AM,AUCKL1,863,2347
135,Auckland St,3,North Dorchester,08:00,12:00,Even,Belfort St,Savin Hill Ave,0.16344696969697,,False,False,True,False,True,False,False,True,False,False,False,False,False,False,False,False,2/14/2012 8:36:32 AM,AUCKL1,0,863
136,Auckland St,3,North Dorchester,08:00,12:00,Odd,Belfort St,Savin Hill Ave,0.16344696969697,,False,True,False,True,False,False,False,True,False,False,False,False,False,False,False,False,2/14/2012 8:36:32 AM,AUCKL1,0,863
137,Ames St,7,South Dorchester,08:00,12:00,Even,Westview St,Dead End,0.304166666666667,,False,False,True,False,True,False,False,False,False,False,False,True,False,False,False,False,2/14/2012 8:36:32 AM,AMES 1,0,1606
138,Almont St,7,South Dorchester,08:00,12:00,Odd,Blue Hill Ave,Walk Hill St,0.583901515151515,,False,True,False,True,False,False,False,False,True,False,False,False,False,False,False,False,2/14/2012 8:36:32 AM,ALMON1,0,3083
139,Bennington St,9,East Boston,12:00,16:00,Even,Neptune Rd,Saratoga St,1.06098484848485,,False,False,True,False,True,False,False,False,False,False,False,True,False,False,False,False,2/14/2012 8:36:32 AM,BENNI4,908,6510
140,Belmore Ter,2,Jamaica Plain,08:00,12:00,Even,Boylston St,Oakview Ter,5.89015151515151E-02,,False,False,True,False,True,False,False,True,False,False,False,False,False,False,False,False,2/14/2012 8:36:32 AM,BELMO2,0,311
141,Austin St,1C,Charlestown,12:00,16:00,Even,Main St,Rutherford Ave,0.125757575757576,,False,False,True,False,True,False,False,False,False,False,True,False,False,False,False,False,2/14/2012 8:36:32 AM,AUSTI3,0,664
142,Austin St,1C,Charlestown,12:00,16:00,Odd,Main St,Rutherford Ave,0.125757575757576,,False,True,False,True,False,False,False,False,False,False,True,False,False,False,False,False,2/14/2012 8:36:32 AM,AUSTI3,0,664
143,Brooks St,9,East Boston,12:00,16:00,Odd,Chelsea St,Princeton St,0.20928,,False,False,True,False,True,False,False,False,False,True,False,False,False,False,False,False,4/7/2015 3:16:09 PM,BROOK12,222,1327
144,Bucknam St,10M,Mission Hill,12:00,16:00,Even,Lawn St,Fisher Ave,8.03030303030303E-02,,False,False,True,False,True,False,False,False,False,True,False,False,False,False,False,False,9/24/2018 1:15:00 PM,BUCKN1,0,424
145,Chesterton St,10R,Roxbury,12:00,16:00,Odd,Massachusetts Ave,Allerton St,0.108712121212121,,False,True,False,True,False,False,False,False,True,False,False,False,False,False,False,False,2/29/2012 10:06:53 AM,CHEST4,0,574
146,Bowdoin St,1H,Beacon Hill,00:01,07:00,Odd,Derne St,Beacon St,0.105681818181818,,True,True,True,True,True,True,False,False,False,True,False,False,False,False,True,True,2/29/2012 10:06:53 AM,BOWDO4,626,1184
147,Arcola St,2,Jamaica Plain,12:00,16:00,Even,Day St,Dead End,6.07954545454545E-02,,False,False,True,False,True,False,False,True,False,False,False,False,False,False,False,False,2/14/2012 8:36:32 AM,ARCOL1,0,321
148,Cleveland St,10R,Roxbury,08:00,12:00,Even,Winthrop St,Moreland St,6.76136363636364E-02,,False,False,True,False,True,False,False,False,True,False,False,False,False,False,False,False,2/14/2012 8:36:32 AM,CLEVE2,0,357
149,Chaucer St,9,East Boston,12:00,16:00,Even,Curtis St,Moore St,0.112689393939394,,False,False,True,False,True,False,False,False,False,False,False,True,False,False,False,False,2/14/2012 8:36:32 AM,CHAUC1,0,595
150,Charter St,1N,North End,08:00,12:00,Odd,Hanover St,Commercial St,0.259090909090909,,False,True,False,True,False,False,False,False,False,False,False,True,False,False,False,True,7/1/2019 10:17:21 AM,CHART1,0,1368
151,Bentham Rd,3,North Dorchester,08:00,12:00,Even,Draper St,Mount Ida Rd,5.60606060606061E-02,,False,False,True,False,True,False,False,False,False,False,True,False,False,False,False,False,2/14/2012 8:36:32 AM,BENTH1,0,296
152,Border St,9,East Boston,08:00,12:00,Even,Central Sq,Dead End,0.558712121212121,,False,True,False,True,False,False,False,False,True,False,False,False,False,False,False,False,8/28/2024 7:35:55 AM,BORDE1,1748,4698
153,Blossom Ct,1W,West End,02:00,07:00,,Blossom St,Emerson Pl,5.11363636363636E-02,,False,True,True,True,True,True,True,True,True,True,True,True,True,True,True,False,2/29/2012 10:06:53 AM,BLOSS3,0,270
154,Callender St,7,South Dorchester,08:00,12:00,Odd,Tucker St,Don St,0.37405303030303,,False,True,False,True,False,False,False,False,True,False,False,False,False,False,False,False,11/13/2025 12:21:19 PM,CALLE1,0,1975
155,Arbutus St,7,South Dorchester,08:00,12:00,Even,Blue Hill Ave,Irma St,0.14375,,False,False,True,False,True,False,False,False,False,False,False,True,False,False,False,False,2/14/2012 8:36:32 AM,ARBUT1,0,759
156,Adams St,3,North Dorchester,08:00,12:00,Even,Bowdoin St,Leedsville St,0.304545454545455,,False,False,True,False,True,False,False,False,False,True,True,False,False,False,False,False,2/14/2012 8:36:32 AM,ADAMS1,195,1803
157,Castleton St,2,Jamaica Plain,12:00,16:00,Odd,South Huntington Ave,Jamaicaway,0.149621212121212,,False,True,False,True,False,False,False,False,False,True,False,False,False,False,False,False,2/14/2012 8:36:32 AM,CASTL4,0,790
158,Annapolis St,3,North Dorchester,12:00,16:00,Even,Sumner St,Bakersfield St,6.49621212121212E-02,,False,False,True,False,True,False,False,False,False,False,False,True,False,False,False,False,2/14/2012 8:36:32 AM,ANNAP1,0,343
159,Anson St,2,Jamaica Plain,08:00,12:00,Even,South St,Dead End,5.64393939393939E-02,,False,False,True,False,True,False,False,False,True,False,False,False,False,False,False,False,3/25/2021 8:08:47 AM,ANSON1,0,298
160,Cedar St,1C,Charlestown,12:00,16:00,Even,High St,Bartlett St,8.52272727272727E-02,,False,False,True,False,True,False,False,False,False,True,False,False,False,False,False,False,2/14/2012 8:36:32 AM,CEDAR4,0,450
161,Adams St,10R,Roxbury,08:00,12:00,Odd,Eustis St,Forest St,0.109659090909091,,False,True,False,True,False,False,False,False,True,False,False,False,False,False,False,False,2/14/2012 8:36:32 AM,ADAMS5,563,1142
162,Claremont Park,1S,South End,08:00,12:00,Odd,Columbus Ave,Claremont St,0.096969696969697,,False,True,False,True,False,True,False,False,False,True,False,False,False,False,False,True,2/14/2012 8:36:32 AM,CLARE2,0,512
163,Cambridge St,1C,Charlestown,05:00,07:00,Odd,Alford St,Crescent St,0.420454545454545,,False,True,True,True,True,True,False,False,False,False,False,True,False,False,False,False,2/14/2012 8:36:32 AM,CAMBR3,0,2220
164,Chestnut Hill Ave,4,Allston/Brighton,12:00,16:00,Even,Commonwealth Ave,Brookline Town Line,0.233143939393939,,False,False,True,False,True,False,False,False,False,True,False,False,False,False,False,False,2/14/2012 8:36:32 AM,CHEST6,4451,5682
165,Almont St,7,South Dorchester,08:00,12:00,Even,Blue Hill Ave,Walk Hill St,0.583901515151515,,False,False,True,False,True,False,False,False,True,False,False,False,False,False,False,False,2/14/2012 8:36:32 AM,ALMON1,0,3083
166,Adams St,10R,Roxbury,08:00,12:00,Even,Eustis St,Forest St,0.109659090909091,,False,False,True,False,True,False,False,False,True,False,False,False,False,False,False,False,2/14/2012 8:36:32 AM,ADAMS5,563,1142
167,Anderson St,1H,Beacon Hill,08:00,12:00,Even,Cambridge St,Myrtle St,0.125189393939394,,False,False,True,False,True,False,False,True,False,False,False,False,False,False,False,True,2/14/2012 8:36:32 AM,ANDER1,0,661
168,Clarkson St,3,North Dorchester,12:00,16:00,Even,Quincy St,Barry St,0.269128787878788,,False,False,True,False,True,False,False,False,False,False,False,True,False,False,False,False,2/14/2012 8:36:32 AM,CLARK3,318,1739
170,Brewer St,2,Jamaica Plain,12:00,16:00,Even,Burroughs St,Eliot St,0.114583333333333,,False,False,True,False,True,False,False,False,False,True,False,False,False,False,False,False,2/14/2012 8:36:32 AM,BREWE1,0,605
172,Bromfield St,1F,Downtown,00:01,07:00,,Washington St,Tremont St,0.109280303030303,,True,True,True,True,True,True,True,True,True,True,True,True,True,True,True,False,2/29/2012 10:06:53 AM,BROMF1,0,577
173,City Sq,1C,Charlestown,00:01,07:00,,New Rutherford Ave,Chelsea St,0.112310606060606,,False,True,True,True,True,True,True,True,True,True,True,True,True,True,True,False,2/29/2012 10:06:53 AM,CITY 3,0,593
174,Canal St,1W,West End,00:01,07:00,,Market St,Causeway St,0.16969696969697,,False,True,True,True,True,True,True,True,True,True,True,True,True,True,True,False,2/29/2012 10:06:53 AM,CANAL1,107,1003
175,Chipman St,7,South Dorchester,08:00,12:00,Odd,Norfolk St,Torrey St,0.122348484848485,,False,True,False,True,False,False,False,False,False,True,False,False,False,False,False,False,2/14/2012 8:36:32 AM,CHIPM1,0,646
176,Beethoven St,2,Jamaica Plain,08:00,12:00,Odd,Washington St,Arcadia St,0.104734848484848,,False,False,True,False,True,False,False,False,False,False,False,True,False,False,False,False,4/5/2018 1:29:25 PM,BEETH1,0,553
177,Clarkwood St,7,South Dorchester,12:00,16:00,Odd,Blue Hill Ave,Norfolk St,0.197537878787879,,False,True,False,True,False,False,False,False,False,False,True,False,False,False,False,False,2/14/2012 8:36:32 AM,CLARK4,0,1043
178,Bowdoin St,1H,Beacon Hill,00:01,07:00,Even,Cambridge St,Derne St,0.118560606060606,,False,True,True,True,True,True,False,False,True,False,False,False,False,False,True,True,2/29/2012 10:06:53 AM,BOWDO4,0,626
179,Avenue De Lafayette,1T,Chinatown,00:01,07:00,Ext,Kingston St,Harrison Avenue Ext,0.117045454545455,,True,True,True,True,True,True,True,True,True,True,True,True,True,True,True,False,2/29/2012 10:06:53 AM,AVENU2,0,618
180,Annapolis St,3,North Dorchester,12:00,16:00,Odd,Sumner St,Bakersfield St,6.49621212121212E-02,,False,True,False,True,False,False,False,False,False,False,False,True,False,False,False,False,2/14/2012 8:36:32 AM,ANNAP1,0,343
181,Chestnut Ave,2,Jamaica Plain,12:00,16:00,Odd,Centre St,Mozart St,0.235037878787879,,False,True,False,True,False,False,False,False,True,False,False,False,False,False,False,False,4/11/2017 11:41:27 AM,CHEST5,0,1241
182,Archdale Rd,2,Jamaica Plain,12:00,16:00,Even,Washington St,Dead End,0.145643939393939,,False,False,True,False,True,False,False,False,False,False,True,False,False,False,False,False,2/14/2012 8:36:32 AM,ARCHD1,512,1281
183,Arcadia Park,3,North Dorchester,08:00,12:00,Odd,Draper St,Ditson St,8.35227272727273E-02,,False,True,False,True,False,False,False,False,False,True,False,False,False,False,False,False,6/19/2014 9:15:20 AM,ARCAD1,0,441
184,Appleton St,1S,South End,12:00,16:00,Even,Tremont St,West Canton St,0.39375,,False,False,True,False,True,False,False,False,False,True,False,False,False,False,False,True,2/14/2012 8:36:32 AM,APPLE1,0,2079
185,Ackley Pl,2,Jamaica Plain,08:00,12:00,Odd,Washington St,Dead End,4.54545454545455E-02,,False,True,False,True,False,False,False,True,False,False,False,False,False,False,False,False,2/14/2012 8:36:32 AM,ACKLE1,0,240
186,Centre St,10R,Roxbury,08:00,12:00,Odd,Dudley St,Columbus Ave,0.542992424242424,,False,True,False,True,False,False,False,False,True,False,False,False,False,False,False,False,2/14/2012 8:36:32 AM,CENTR6,0,2867
188,Cleveland St,10R,Roxbury,08:00,12:00,Odd,Winthrop St,Moreland St,6.76136363636364E-02,,False,True,False,True,False,False,False,False,True,False,False,False,False,False,False,False,2/14/2012 8:36:32 AM,CLEVE2,0,357
189,Avenue De Lafayette,1T,Chinatown,00:01,07:00,Odd,Harrison Avenue Ext,Dead End,4.96212121212121E-02,,True,True,True,True,True,True,True,True,True,True,True,True,True,True,True,False,2/29/2012 10:06:53 AM,AVENU2,618,880
190,Burbank St,10F,Fenway/Kenmore,12:00,16:00,Odd,Edgerly Rd,Hemenway St,0.132765151515152,,False,True,False,True,False,False,False,False,False,True,False,False,False,False,False,False,2/14/2012 8:36:32 AM,BURBA1,0,701
191,Braintree St,4,Allston/Brighton,08:00,12:00,Odd,Franklin St,Everett St,0.272727272727273,,False,True,False,True,False,False,False,True,False,False,False,False,False,False,False,False,2/14/2012 8:36:32 AM,BRAIN3,0,1440
192,Brook Marshall Rd,10R,Roxbury,08:00,12:00,Even,Raynor Cir,Sojourner Truth Ct,0.09375,,False,False,True,False,True,False,False,False,False,True,False,False,False,False,False,False,2/29/2012 10:06:53 AM,BROOK4,273,768
193,Brighton Ave,4,Allston/Brighton,00:01,07:00,Odd Side Median,Commonwealth Ave,Cambridge St,0.673863636363636,,True,True,True,True,True,True,False,False,True,False,False,False,False,False,True,False,2/29/2012 10:06:53 AM,BRIGH3,0,3558
194,Church St,3,North Dorchester,08:00,12:00,Odd,Adams St,East St,0.289962121212121,,False,True,False,True,False,False,False,False,False,False,True,False,False,False,False,False,2/14/2012 8:36:32 AM,CHURC3,0,1531
195,Boston St,5,South Boston,09:00,13:00,Even,Dorchester Ave,Songin Father Anthony Way,0.105681818181818,,False,False,True,False,True,False,False,False,True,False,False,False,False,False,False,False,3/15/2019 9:16:39 AM,BOSTO1,0,558
196,Archdale Rd,2,Jamaica Plain,12:00,16:00,Odd,South St,Washington St,0.096969696969697,,False,True,False,True,False,False,False,False,False,False,True,False,False,False,False,False,2/14/2012 8:36:32 AM,ARCHD1,0,512
197,Bower St,10R,Roxbury,12:00,16:00,Odd,Walnut Ave,Walnut Ave,9.03409090909091E-02,,False,True,False,True,False,False,False,False,True,False,False,False,False,False,False,False,2/29/2012 10:06:53 AM,BOWER1,0,477
198,Bremen St,9,East Boston,12:00,16:00,Odd,Sumner St,Porter St,0.346969696969697,,False,True,False,True,False,False,False,False,False,False,True,False,False,False,False,False,2/14/2012 8:36:32 AM,BREME1,0,1832
199,Brookside Ave,2,Jamaica Plain,08:00,12:00,Even,Boylston St,Green St,0.647727272727273,,False,False,True,False,True,False,False,True,False,False,False,False,False,False,False,False,2/14/2012 8:36:32 AM,BROOK15,0,3420
200,Brighton Ave,4,Allston/Brighton,00:01,07:00,Odd,Commonwealth Ave,Cambridge St,0.673863636363636,,True,True,True,True,True,True,False,False,False,False,False,True,False,False,True,False,2/29/2012 10:06:53 AM,BRIGH3,0,3558
201,Arlington Ave,1C,Charlestown,08:00,12:00,Odd,Alford St,Somerville Town Line,0.189772727272727,,False,True,False,True,False,False,False,False,False,False,True,False,False,False,False,False,2/14/2012 8:36:32 AM,ARLIN2,0,1002
202,Border St,9,East Boston,08:00,12:00,Odd,Central Sq,Dead End,0.558712121212121,,False,False,True,False,True,False,False,False,True,False,False,False,False,False,False,False,8/28/2024 7:37:07 AM,BORDE1,1748,4698
203,Charlesgate East,1B,Back Bay,00:01,07:00,,Back St,Newbury St,0.212689393939394,,False,True,True,True,True,True,True,True,True,True,True,True,True,True,True,False,2/29/2012 10:06:53 AM,CHARL21,107,1230
204,Church St,1B,Back Bay,00:01,07:00,,Stuart St,Columbus Ave,3.92045454545455E-02,,False,True,True,True,True,True,True,True,True,True,True,True,True,True,True,False,2/29/2012 10:06:53 AM,CHURC4,881,1088
205,Boylston St,10F,Fenway/Kenmore,05:00,07:00,Even,Fenway,Park Dr,0.220075757575758,,False,True,False,True,False,False,False,False,False,True,False,False,False,False,True,False,1/6/2016 10:35:01 AM,BOYLS6,8009,9171
206,Alleghany St,10M,Mission Hill,12:00,16:00,Even,Terrace St,Dead End,0.19280303030303,,False,False,True,False,True,False,False,False,False,True,False,False,False,False,False,False,5/31/2018 9:51:09 AM,ALLEG1,0,1018
207,Bowdoin Park,3,North Dorchester,12:00,16:00,Odd,Bowdoin St,Dead End,4.65909090909091E-02,,False,True,False,True,False,False,False,False,False,True,False,False,False,False,False,False,6/13/2013 3:40:00 PM,BOWDO2,0,246
208,Clementine Park,7,South Dorchester,08:00,12:00,Even,Centre St,Dayton St,0.084469696969697,,False,False,True,False,True,False,False,False,False,True,False,False,False,False,False,False,2/14/2012 8:36:32 AM,CLEME2,0,446
209,Chelsea St,9,East Boston,12:00,16:00,Odd,Maverick St,Porter St,0.250568181818182,,False,True,False,True,False,True,False,False,False,False,True,False,False,False,False,False,4/6/2015 9:58:03 AM,CHELS1,0,1323
210,Arborcrest Ter,7,South Dorchester,12:00,16:00,Odd,Gladeside Ave,Ridgeview Ave,9.22348484848485E-02,,False,True,False,True,False,False,False,False,False,False,True,False,False,False,False,False,2/14/2012 8:36:32 AM,ARBOR1,0,487
211,Bloomfield St,3,North Dorchester,12:00,16:00,Odd,Geneva Ave,Greenbrier St,0.303219696969697,,False,True,False,True,False,False,False,False,True,False,False,False,False,False,False,False,2/14/2012 8:36:32 AM,BLOOM1,0,1601
212,Belfort St,3,North Dorchester,08:00,12:00,Even,Dorchester Ave,Saxton St,0.148106060606061,,False,False,True,False,True,False,False,True,False,False,False,False,False,False,False,False,2/14/2012 8:36:32 AM,BELFO1,0,782
213,Clarendon St,1S,South End,12:00,16:00,Odd,Tremont St,Columbus Ave,0.250189393939394,,False,True,False,True,False,True,False,False,False,True,False,False,False,False,False,True,2/14/2012 8:36:32 AM,CLARE5,0,1321
214,Avenue De Lafayette,1T,Chinatown,00:01,07:00,Even,Harrison Avenue Ext,Dead End,4.96212121212121E-02,,True,True,True,True,True,True,True,True,True,True,True,True,True,True,True,False,2/29/2012 10:06:53 AM,AVENU2,618,880
215,Avery St,1T,Chinatown,00:01,07:00,,Washington St,Tremont St,8.76893939393939E-02,,True,True,True,True,True,True,True,True,True,True,True,True,True,True,True,False,2/29/2012 10:06:53 AM,AVERY1,0,463
216,Bellevue St,3,North Dorchester,12:00,16:00,Odd,Quincy St,Barry St,0.256439393939394,,False,True,False,True,False,False,False,False,False,True,False,False,False,False,False,False,3/27/2018 3:16:59 PM,BELLE5,939,2293
217,Cassnet St,3,North Dorchester,12:00,16:00,Odd,Dickens St,Dead End,3.39015151515152E-02,,False,True,False,True,False,False,False,False,False,False,False,True,False,False,False,False,2/14/2012 8:36:32 AM,CASSN1,0,179
218,Aspen St,10R,Roxbury,08:00,12:00,Even,Montrose St,Copeland St,0.06875,,False,False,True,False,True,False,False,False,True,False,False,False,False,False,False,False,2/14/2012 8:36:32 AM,ASPEN1,0,363
219,Bremen St,9,East Boston,12:00,16:00,Even,Porter St,Bennington St,0.66875,,False,False,True,False,True,False,False,False,False,False,False,True,False,False,False,False,2/14/2012 8:36:32 AM,BREME1,1832,5363
220,Braintree St,4,Allston/Brighton,08:00,12:00,Even,Franklin St,Everett St,0.272727272727273,,False,False,True,False,True,False,False,True,False,False,False,False,False,False,False,False,2/14/2012 8:36:32 AM,BRAIN3,0,1440
221,Brimmer St,1H,Beacon Hill,08:00,12:00,Even,Mount Vernon,Beacon St,0.215909090909091,,False,False,True,False,True,False,False,False,False,False,True,False,False,False,False,True,2/14/2012 8:36:32 AM,BRIMM1,0,1140
222,Church St,3,North Dorchester,08:00,12:00,Even,Adams St,East St,0.289962121212121,,False,False,True,False,True,False,False,False,False,False,True,False,False,False,False,False,2/14/2012 8:36:32 AM,CHURC3,0,1531
223,Cassnet St,3,North Dorchester,12:00,16:00,Even,Dickens St,Dead End,3.39015151515152E-02,,False,False,True,False,True,False,False,False,False,False,False,True,False,False,False,False,2/14/2012 8:36:32 AM,CASSN1,0,179
224,Ayr Rd,4,Allston/Brighton,08:00,12:00,Even,Orkney Rd,Beacon St,6.83712121212121E-02,,False,False,True,False,True,False,False,False,False,True,False,False,False,False,False,False,2/14/2012 8:36:32 AM,AYR R1,0,361
225,Chandler St,1S,South End,12:00,16:00,Even,Berkeley St,Columbus Ave,0.222916666666667,,False,False,True,False,True,False,False,False,False,True,False,False,False,False,False,True,2/14/2012 8:36:32 AM,CHAND1,397,1574
226,Carson St,3,North Dorchester,08:00,12:00,Odd,Crescent Ave,Sydney St,0.113825757575758,,False,True,False,True,False,False,False,True,False,False,False,False,False,False,False,False,2/14/2012 8:36:32 AM,CARSO1,0,601
227,Blue Hill Ave,10R,Roxbury,00:01,07:00,,Dudley St,Quincy St,0.778977272727273,,True,True,True,True,True,True,True,True,True,True,True,True,True,True,True,False,2/29/2012 10:06:53 AM,BLUE 3,0,4113
228,Belfort St,3,North Dorchester,08:00,12:00,Odd,Dorchester Ave,Saxton St,0.148106060606061,,False,True,False,True,False,False,False,True,False,False,False,False,False,False,False,False,2/14/2012 8:36:32 AM,BELFO1,0,782
229,Charlame St,10R,Roxbury,12:00,16:00,Even,Laurel St,Dead End,0.118181818181818,,False,False,True,False,True,False,False,False,True,False,False,False,False,False,False,False,2/29/2012 10:06:53 AM,CHARL2,0,624
230,Ayr Rd,4,Allston/Brighton,08:00,12:00,Odd,Orkney Rd,Beacon St,6.83712121212121E-02,,False,True,False,True,False,False,False,False,False,True,False,False,False,False,False,False,2/14/2012 8:36:32 AM,AYR R1,0,361
231,Ashford St,4,Allston/Brighton,08:00,12:00,Even,Linden St,Babcock St,0.486931818181818,,False,False,True,False,True,False,False,True,False,False,False,False,False,False,False,False,2/14/2012 8:36:32 AM,ASHFO1,0,2571
232,Babcock St,4,Allston/Brighton,08:00,12:00,Even,Brookline Town Line,Dead End,0.196969696969697,,False,False,True,False,True,False,False,True,False,False,False,False,False,False,False,False,2/14/2012 8:36:32 AM,BABCO1,0,1040
233,Babcock St,4,Allston/Brighton,08:00,12:00,Odd,Brookline Town Line,Dead End,0.196969696969697,,False,True,False,True,False,False,False,True,False,False,False,False,False,False,False,False,2/14/2012 8:36:32 AM,BABCO1,0,1040
234,Chester St,4,Allston/Brighton,08:00,12:00,Even,Brighton Av,Ashford St,0.141287878787879,,False,False,True,False,True,False,False,True,False,False,False,False,False,False,False,False,2/14/2012 8:36:32 AM,CHEST1,672,1418
235,Bennington St,9,East Boston,08:00,12:00,Odd,Meridian St,Prescott St,0.536174242424242,,False,True,False,True,False,False,False,False,False,True,False,False,False,False,False,False,9/9/2016 1:02:50 PM,BENNI1,0,2907
236,Beecher St,2,Jamaica Plain,08:00,12:00,Even,Paul Gore St,Boylston St,9.18560606060606E-02,,False,False,True,False,True,False,False,True,False,False,False,False,False,False,False,False,2/14/2012 8:36:32 AM,BEECH5,0,485
237,Aldwin Rd,2,Jamaica Plain,12:00,16:00,Odd,Washington St,Brookway Rd,3.95833333333333E-02,,False,True,False,True,False,False,False,False,False,False,True,False,False,False,False,False,2/14/2012 8:36:32 AM,ALDWI1,0,209
238,Chestnut Hill Ave,4,Allston/Brighton,12:00,16:00,Odd,Commonwealth Ave,Brookline Town Line,0.233143939393939,,False,True,False,True,False,False,False,False,False,True,False,False,False,False,False,False,9/5/2025 8:38:08 AM,CHEST6,4451,5682
239,Astoria St,7,South Dorchester,12:00,16:00,Odd,Flint St,Dead End,0.182954545454545,,False,True,False,True,False,False,False,False,False,False,True,False,False,False,False,False,2/14/2012 8:36:32 AM,ASTOR1,0,966
240,Braemore Rd,4,Allston/Brighton,12:00,16:00,Even,Commonwealth Ave,Chiswick Rd,9.43181818181818E-02,,False,False,True,False,True,False,False,False,False,True,False,False,False,False,False,False,2/14/2012 8:36:32 AM,BRAEM1,0,498
241,Bowdoin Ave,3,North Dorchester,12:00,16:00,Even,Eldon St,Nottingham St,0.309280303030303,,False,False,True,False,True,False,False,False,False,True,False,False,False,False,False,False,4/1/2015 2:54:30 PM,BOWDO1,0,1633
242,Amory St,2,Jamaica Plain,08:00,12:00,Odd,Boylston St,Williams St,0.706818181818182,,False,True,False,True,False,False,False,True,False,False,False,False,False,False,False,False,2/14/2012 8:36:32 AM,AMORY2,2459,6191
243,Baird St,7,South Dorchester,12:00,16:00,Even,Blue Hill Ave,Morton St,0.111742424242424,,False,False,True,False,True,False,False,False,True,False,False,False,False,False,False,False,2/14/2012 8:36:32 AM,BAIRD1,0,590
244,Baird St,7,South Dorchester,12:00,16:00,Odd,Blue Hill Ave,Morton St,0.111742424242424,,False,True,False,True,False,False,False,False,True,False,False,False,False,False,False,False,2/14/2012 8:36:32 AM,BAIRD1,0,590
245,Burney St,10M,Mission Hill,08:00,12:00,Odd,Tremont St,Delle Ave,5.96590909090909E-02,,False,True,False,True,False,False,False,False,False,True,False,False,False,False,False,False,9/22/2022 3:33:53 PM,BURNE2,0,315
246,Brewer St,2,Jamaica Plain,12:00,16:00,Odd,Burroughs St,Eliot St,0.114583333333333,,False,True,False,True,False,False,False,False,False,True,False,False,False,False,False,False,2/14/2012 8:36:32 AM,BREWE1,0,605
247,Brookledge St,10R,Roxbury,08:00,12:00,Odd,Humboldt Ave,Elm Hill Ave,0.222537878787879,,False,True,False,True,False,False,False,False,False,False,False,True,False,False,False,False,2/14/2012 8:36:32 AM,BROOK8,0,1175
248,Bakersfield St,3,North Dorchester,12:00,16:00,Even,Willis St,Stoughton St,0.192234848484848,,False,False,True,False,True,False,False,False,False,False,False,True,False,False,False,False,2/14/2012 8:36:32 AM,BAKER4,0,1015
249,Alpine St,10R,Roxbury,12:00,16:00,Even,St James St,Regent St,0.185037878787879,,False,False,True,False,True,False,False,False,True,False,False,False,False,False,False,False,2/29/2012 10:06:53 AM,ALPIN1,0,977
250,Boston St,3,North Dorchester,08:00,12:00,Odd,Powers St,Columbia Rd,0.570265151515152,,False,True,False,True,False,False,False,True,False,False,False,False,False,False,False,False,6/5/2013 11:29:58 AM,BOSTO1,558,3569
251,Bakersfield St,3,North Dorchester,12:00,16:00,Odd,Willis St,Stoughton St,0.192234848484848,,False,True,False,True,False,False,False,False,False,False,False,True,False,False,False,False,2/14/2012 8:36:32 AM,BAKER4,0,1015
252,Auburn St,1C,Charlestown,12:00,16:00,Even,Main St,Bunker Hill St,0.132007575757576,,False,False,True,False,True,False,False,False,False,False,False,True,False,False,False,False,2/14/2012 8:36:32 AM,AUBUR1,0,697
253,Albany St,1S,South End,00:01,07:00,,Herald St,Randolph St,0.3625,,True,True,True,True,True,True,True,True,True,True,True,True,True,True,True,True,2/29/2012 10:06:53 AM,ALBAN3,0,1914
254,Arcadia Ter,3,North Dorchester,08:00,12:00,Even,Arcadia St,Dead End,2.40530303030303E-02,,False,False,True,False,True,False,False,False,False,True,False,False,False,False,False,False,6/19/2014 9:15:12 AM,ARCAD4,0,127
255,Clarendon St,1B,Back Bay,06:00,08:00,Odd,Boylston St,Commonwealth Ave,0.118560606060606,,False,True,False,True,False,True,False,True,False,False,False,False,False,False,False,False,3/26/2020 8:44:34 AM,CLARE5,2645,3271
256,Arbutus St,7,South Dorchester,08:00,12:00,Odd,Blue Hill Ave,Irma St,0.14375,,False,True,False,True,False,False,False,False,False,False,False,True,False,False,False,False,2/14/2012 8:36:32 AM,ARBUT1,0,759
257,Charlesgate West,10F,Fenway/Kenmore,00:01,07:00,,Commonwealth Ave,Beacon St,7.84090909090909E-02,,True,True,True,True,True,True,True,True,True,True,True,True,True,True,True,False,2/29/2012 10:06:53 AM,CHARL23,260,674
258,Arcadia St,2,Jamaica Plain,08:00,12:00,Even,School St,Atherton St,7.68939393939394E-02,,False,False,True,False,True,False,False,False,False,True,False,False,False,False,False,False,6/19/2014 9:15:38 AM,ARCAD3,0,406
259,Baldwin St,1C,Charlestown,12:00,16:00,Even,Main St,Bunker Hill St,0.101893939393939,,False,False,True,False,True,False,False,False,False,False,False,True,False,False,False,False,2/14/2012 8:36:32 AM,BALDW1,208,746
260,Armstrong St,2,Jamaica Plain,12:00,16:00,Even,Chestnut Ave,Mozart St,0.104924242424242,,False,False,True,False,True,False,False,False,True,False,False,False,False,False,False,False,7/11/2017 11:17:23 AM,ARMST1,0,554
261,Arklow St,2,Jamaica Plain,12:00,16:00,Even,Walden St,Round Hill St,3.90151515151515E-02,,False,False,True,False,True,False,False,True,False,False,False,False,False,False,False,False,2/14/2012 8:36:32 AM,ARKLO1,0,206
262,Baldwin St,1C,Charlestown,12:00,16:00,Odd,Main St,Bunker Hill St,0.101893939393939,,False,True,False,True,False,False,False,False,False,False,False,True,False,False,False,False,2/14/2012 8:36:32 AM,BALDW1,208,746
263,Baldwin St,1C,Charlestown,08:00,12:00,Even,Bunker Hill St,Medford St,9.64015151515152E-02,,False,False,True,False,True,False,False,False,False,False,True,False,False,False,False,False,2/14/2012 8:36:32 AM,BALDW1,746,1255
264,Alpine St,10R,Roxbury,12:00,16:00,Odd,St James St,Regent St,0.185037878787879,,False,True,False,True,False,False,False,False,True,False,False,False,False,False,False,False,2/29/2012 10:06:53 AM,ALPIN1,0,977
265,Baldwin St,1C,Charlestown,08:00,12:00,Odd,Bunker Hill St,Medford St,9.64015151515152E-02,,False,True,False,True,False,False,False,False,False,False,True,False,False,False,False,False,2/14/2012 8:36:32 AM,BALDW1,746,1255
266,Athens St,5,South Boston,09:00,13:00,Even,D St,Dorchester St,0.360606060606061,,False,True,False,True,False,False,False,False,False,False,False,True,False,False,False,False,2/14/2012 8:36:32 AM,ATHEN2,1247,3151
267,Broadway,1B,Back Bay,00:01,07:00,,Columbus Ave,Stuart St,4.29924242424242E-02,,True,True,True,True,True,True,True,True,True,True,True,True,True,True,True,False,2/29/2012 10:06:53 AM,BROAD2,0,227
268,Clarkson St,3,North Dorchester,12:00,16:00,Odd,Quincy St,Barry St,0.269128787878788,,False,True,False,True,False,False,False,False,False,False,False,True,False,False,False,False,2/14/2012 8:36:32 AM,CLARK3,318,1739
269,Brunswick St,10R,Roxbury,08:00,12:00,Odd,Dead End,Blue Hill Ave,0.154356060606061,,False,True,False,True,False,False,False,False,False,False,False,True,False,False,False,False,2/14/2012 8:36:32 AM,BRUNS1,0,815
270,Brunswick St,10R,Roxbury,08:00,12:00,Even,Dead End,Blue Hill Ave,0.154356060606061,,False,False,True,False,True,False,False,False,False,False,False,True,False,False,False,False,2/14/2012 8:36:32 AM,BRUNS1,0,815
271,Claxton St,2,Jamaica Plain,12:00,16:00,Odd,Washington St,Brookway Rd,5.54924242424242E-02,,False,True,False,True,False,False,False,False,False,False,True,False,False,False,False,False,2/14/2012 8:36:32 AM,CLAXT1,0,293
272,Brimmer St,1H,Beacon Hill,08:00,12:00,Odd,Mount Vernon,Beacon St,0.215909090909091,,False,True,False,True,False,True,False,False,False,False,True,False,False,False,False,True,4/2/2014 1:29:30 PM,BRIMM1,0,1140
273,Byron St,9,East Boston,12:00,16:00,Even,William F. McClellan Hwy,Saratoga St,0.204734848484848,,False,False,True,False,True,False,False,False,False,False,False,True,False,False,False,False,2/14/2012 8:36:32 AM,BYRON1,0,1081
274,Ballou Ave,7,South Dorchester,08:00,12:00,Odd,Woodrow Ave,Willowwood St,0.430871212121212,,False,True,False,True,False,False,False,False,True,False,False,False,False,False,False,False,4/8/2021 8:15:18 AM,BALLO1,0,2275
275,Arlington St,1B,Back Bay,00:01,07:00,,Beacon St,Columbus Ave,0.391666666666667,,True,True,True,True,True,True,True,True,True,True,True,True,True,True,True,False,2/29/2012 10:06:53 AM,ARLIN4,0,2068
276,Brighton St,1C,Charlestown,08:00,12:00,Even,Dead End,Caldwell St,3.76893939393939E-02,,False,False,True,False,True,False,False,False,False,False,True,False,False,False,False,False,2/14/2012 8:36:32 AM,BRIGH5,0,199
277,Bernard St,3,North Dorchester,12:00,16:00,Even,Harvard St,Talbot Ave,0.277272727272727,,False,False,True,False,True,False,False,False,True,False,False,False,False,False,False,False,6/13/2013 4:09:05 PM,BERNA1,0,1464
278,Centre St,7,South Dorchester,08:00,12:00,Odd,Talbot Ave,Dorchester Ave,0.540530303030303,,False,True,False,True,False,False,False,False,False,True,False,False,False,False,False,False,2/14/2012 8:36:32 AM,CENTR7,0,2854
279,Claxton St,2,Jamaica Plain,12:00,16:00,Even,Washington St,Brookway Rd,5.54924242424242E-02,,False,False,True,False,True,False,False,False,False,False,True,False,False,False,False,False,2/14/2012 8:36:32 AM,CLAXT1,0,293
280,Bernard St,3,North Dorchester,12:00,16:00,Odd,Harvard St,Talbot Ave,0.277272727272727,,False,True,False,True,False,False,False,False,True,False,False,False,False,False,False,False,6/13/2013 4:08:59 PM,BERNA1,0,1464
281,Chipman St,7,South Dorchester,08:00,12:00,Even,Norfolk St,Torrey St,0.122348484848485,,False,False,True,False,True,False,False,False,False,True,False,False,False,False,False,False,2/14/2012 8:36:32 AM,CHIPM1,0,646
282,Burney St,10M,Mission Hill,08:00,12:00,Even,Tremont St,Delle Ave,5.96590909090909E-02,,False,False,True,False,True,False,False,False,False,True,False,False,False,False,False,False,9/22/2022 3:34:00 PM,BURNE2,0,315
283,Brighton Ave,4,Allston/Brighton,00:01,07:00,Even,Commonwealth Ave,Cambridge St,0.673863636363636,,True,True,True,True,True,True,False,False,True,False,False,False,False,False,True,False,2/29/2012 10:06:53 AM,BRIGH3,0,3558
284,Albany St,1S,South End,00:01,07:00,,Randolph St,Melnea Cass Blvd,0.965909090909091,,False,True,True,True,True,True,True,True,True,True,True,True,True,True,True,True,2/29/2012 10:06:53 AM,ALBAN3,1914,7014
285,Boylston St,1B,Back Bay,00:01,07:00,Median,Charles St,Arlington St,0.168939393939394,,True,True,True,True,True,True,True,True,True,True,True,True,True,True,True,False,2/14/2012 8:36:32 AM,BOYLS6,1327,2219
286,Chelsea St,1C,Charlestown,00:01,07:00,Even Side Median,Rutherford Ave,Warren St,0.105681818181818,,False,True,True,True,True,True,True,True,True,True,True,True,True,True,True,False,2/14/2012 8:36:32 AM,CHELS2,0,558
287,Clarendon St,1S,South End,12:00,16:00,Even,Tremont St,Columbus Ave,0.250189393939394,,False,False,True,False,True,False,False,False,False,True,False,False,False,False,False,True,2/14/2012 8:36:32 AM,CLARE5,0,1321
288,Burlington Ave,10F,Fenway/Kenmore,12:00,16:00,Odd,Brookline Ave,Dead End,9.65909090909091E-02,,False,True,False,True,False,False,False,False,False,True,False,False,False,False,False,False,2/14/2012 8:36:32 AM,BURLI1,0,510
289,Allston St,4,Allston/Brighton,08:00,12:00,Odd,Commonwealth Ave,Washington St,0.435606060606061,,False,True,False,True,False,False,False,False,False,False,True,False,False,False,False,False,2/14/2012 8:36:32 AM,ALLST2,0,2300
290,Athens St,5,South Boston,09:00,13:00,Odd,D St,Dorchester St,0.360606060606061,,False,False,True,False,True,False,False,False,False,False,False,True,False,False,False,False,2/14/2012 8:36:32 AM,ATHEN2,1247,3151
291,Ballou Ave,7,South Dorchester,08:00,12:00,Even,Woodrow Ave,Willowwood St,0.430871212121212,,False,False,True,False,True,False,False,False,True,False,False,False,False,False,False,False,4/8/2021 8:15:11 AM,BALLO1,0,2275
292,Anson St,2,Jamaica Plain,08:00,12:00,Odd,South St,Dead End,5.64393939393939E-02,,False,True,False,True,False,False,False,False,True,False,False,False,False,False,False,False,3/25/2021 8:08:39 AM,ANSON1,0,298
293,Berkeley St,1B,Back Bay,06:00,08:00,Even,Boylston St,Beacon St,0.261363636363636,,False,False,True,False,True,False,False,False,False,True,False,False,False,False,False,False,2/14/2012 8:36:32 AM,BERKE1,2375,3755
294,Ashburton Pl,1H,Beacon Hill,00:01,07:00,,Somerset St,Bowdoin St,0.06875,,True,True,True,True,True,True,True,True,True,True,True,True,True,True,True,True,2/29/2012 10:06:53 AM,ASHBU1,0,363
295,Braddock Park,1S,South End,08:00,12:00,Odd,Columbus Ave,Carleton St,9.24242424242424E-02,,False,True,False,True,False,True,False,False,False,True,False,False,False,False,False,True,2/29/2012 10:06:53 AM,BRADD1,0,488
296,Chiswick Rd,4,Allston/Brighton,08:00,12:00,Even,Commonwealth Ave,Chestnut Hill Ave,0.18579545454,,False,False,True,False,True,False,False,False,False,True,False,False,False,False,False,False,6/17/2024 12:20:36 PM,CHISW1,1343,2324
297,Bancroft St,10R,Roxbury,08:00,12:00,Odd,Columbus Ave,West Walnut Park,5.81439393939394E-02,,False,True,False,True,False,False,False,False,False,False,False,True,False,False,False,False,2/14/2012 8:36:32 AM,BANCR1,0,307
298,Chestnut Ave,2,Jamaica Plain,08:00,12:00,Even,Mozart St,Boylston St,0.237310606060606,,False,False,True,False,True,False,False,True,False,False,False,False,False,False,False,False,2/14/2012 8:36:32 AM,CHEST5,1241,2494
299,Bancroft St,10R,Roxbury,08:00,12:00,Even,Columbus Ave,West Walnut Park,5.81439393939394E-02,,False,False,True,False,True,False,False,False,False,False,False,True,False,False,False,False,2/14/2012 8:36:32 AM,BANCR1,0,307
300,Arcadia St,3,North Dorchester,08:00,12:00,Even,Adams St,Draper St,0.139204545454545,,False,False,True,False,True,False,False,False,False,True,False,False,False,False,False,False,8/31/2021 10:03:55 AM,ARCAD2,0,735
301,Banfield Ave,7,South Dorchester,12:00,16:00,Even,Wooddale Ave,Dead End,8.46590909090909E-02,,False,False,True,False,True,False,False,False,False,False,True,False,False,False,False,False,2/14/2012 8:36:32 AM,BANFI1,0,447
302,Brooks St,9,East Boston,08:00,12:00,Odd,Princeton St,White St,0.332575757575758,,False,False,True,False,True,False,False,False,True,False,False,False,False,False,False,False,2/14/2012 8:36:32 AM,BROOK12,1327,2323
303,Catawba St,10R,Roxbury,12:00,16:00,Even,Dead End,Laurel St,0.100757575757576,,False,False,True,False,True,False,False,False,True,False,False,False,False,False,False,False,2/29/2012 10:06:53 AM,CATAW1,0,532
304,Bragdon St,10R,Roxbury,08:00,12:00,Even,Columbus Ave,Amory St,0.134848484848485,,False,False,True,False,True,False,False,False,False,False,False,True,False,False,False,False,2/14/2012 8:36:32 AM,BRAGD1,545,1257
305,Brookway Rd,2,Jamaica Plain,12:00,16:00,Even,Washington St,Archdale Rd,0.261174242424242,,False,False,True,False,True,False,False,False,False,False,True,False,False,False,False,False,2/14/2012 8:36:32 AM,BROOK18,0,1379
306,Amory St,2,Jamaica Plain,08:00,12:00,Even,School St,Boylston St,0.102272727272727,,False,False,True,False,True,False,False,True,False,False,False,False,False,False,False,False,8/31/2020 8:30:41 AM,AMORY2,1919,2459
307,Ceylon St,3,North Dorchester,12:00,16:00,Odd,Quincy St,Columbia Rd,0.176893939393939,,False,True,False,True,False,False,False,False,False,False,False,True,False,False,False,False,2/29/2012 10:06:53 AM,CEYLO1,429,1363
308,Carmel St,10M,Mission Hill,08:00,12:00,Even,Tremont St,Delle Ave,5.56818181818182E-02,,False,True,False,True,False,False,False,False,False,True,False,False,False,False,False,False,5/6/2026 12:40:08 PM,CARME1,0,294
309,Brinsley St,3,North Dorchester,12:00,16:00,Even,Ronald St,Columbia Rd,8.33333333333333E-02,,False,False,True,False,True,False,False,False,False,False,False,True,False,False,False,False,2/14/2012 8:36:32 AM,BRINS1,249,689
310,Banfield Ave,7,South Dorchester,12:00,16:00,Odd,Wooddale Ave,Dead End,8.46590909090909E-02,,False,True,False,True,False,False,False,False,False,False,True,False,False,False,False,False,2/14/2012 8:36:32 AM,BANFI1,0,447
311,Addison St,9,East Boston,12:00,16:00,Odd,William F. McClellan Hwy,Saratoga St,0.274810606060606,,False,True,False,True,False,False,False,False,False,False,False,True,False,False,False,False,2/14/2012 8:36:32 AM,ADDIS1,0,1451
312,Chestnut Ave,2,Jamaica Plain,08:00,12:00,Odd,Mozart St,Boylston St,0.237310606060606,,False,True,False,True,False,False,False,True,False,False,False,False,False,False,False,False,2/14/2012 8:36:32 AM,CHEST5,1241,2494
313,Barbara St,2,Jamaica Plain,08:00,12:00,Even,Centre St,South Huntington Ave,7.68939393939394E-02,,False,False,True,False,True,False,False,True,False,False,False,False,False,False,False,False,2/14/2012 8:36:32 AM,BARBA1,0,406
314,Ashley St,2,Jamaica Plain,12:00,16:00,Odd,Chestnut Ave,Armstrong St,6.49621212121212E-02,,False,True,False,True,False,False,False,False,True,False,False,False,False,False,False,False,3/23/2017 1:13:08 PM,ASHLE3,0,343
315,Canal St,1W,West End,00:01,07:00,,New Chardon St,Market St,2.02651515151515E-02,,True,True,True,True,True,True,True,True,True,True,True,True,True,True,True,False,2/29/2012 10:06:53 AM,CANAL1,0,107
316,Bragdon St,10R,Roxbury,08:00,12:00,Odd,Columbus Ave,Amory St,0.134848484848485,,False,True,False,True,False,False,False,False,False,False,False,True,False,False,False,False,2/14/2012 8:36:32 AM,BRAGD1,545,1257
317,Caryll St,7,South Dorchester,12:00,16:00,Even,Morton St,Maryknoll St,0.170454545454545,,False,False,True,False,True,False,False,False,False,False,True,False,False,False,False,False,2/14/2012 8:36:32 AM,CARYL1,0,900
318,Chase St,3,North Dorchester,12:00,16:00,Even,Willis St,East Cottage St,6.34469696969697E-02,,False,False,True,False,True,False,False,False,False,False,False,True,False,False,False,False,2/14/2012 8:36:32 AM,CHASE1,0,335
319,Belmore Ter,2,Jamaica Plain,08:00,12:00,Odd,Boylston St,Oakview Ter,5.89015151515151E-02,,False,True,False,True,False,False,False,True,False,False,False,False,False,False,False,False,2/14/2012 8:36:32 AM,BELMO2,0,311
320,Boston St,3,North Dorchester,08:00,12:00,Even,Powers St,Columbia Rd,0.570265151515152,,False,False,True,False,True,False,False,True,False,False,False,False,False,False,False,False,6/5/2013 11:29:36 AM,BOSTO1,558,3569
321,Atlantic St,5,South Boston,13:00,17:00,Even,East Fourth St,Thomas Park,7.00757575757576E-02,,False,False,True,False,True,False,False,False,False,False,True,False,False,False,False,False,3/24/2017 1:39:20 PM,ATLAN2,0,370
322,Arboretum Rd,2,Jamaica Plain,12:00,16:00,Odd,Washington St,Dead End,6.85606060606061E-02,,False,True,False,True,False,False,False,False,False,False,True,False,False,False,False,False,2/14/2012 8:36:32 AM,ARBOR2,0,362
323,Barbara St,2,Jamaica Plain,08:00,12:00,Odd,Centre St,South Huntington Ave,7.68939393939394E-02,,False,True,False,True,False,False,False,True,False,False,False,False,False,False,False,False,2/14/2012 8:36:32 AM,BARBA1,0,406
324,Arboretum Rd,2,Jamaica Plain,12:00,16:00,Even,Washington St,Dead End,6.85606060606061E-02,,False,False,True,False,True,False,False,False,False,False,True,False,False,False,False,False,2/14/2012 8:36:32 AM,ARBOR2,0,362
325,Allston St,4,Allston/Brighton,08:00,12:00,Even,Brighton Ave,Commonwealth Ave,0.435606060606061,,False,False,True,False,True,False,False,False,False,False,True,False,False,False,False,False,2/14/2012 8:36:32 AM,ALLST2,0,2300
326,Brookview St,7,South Dorchester,12:00,16:00,Even,Blue Hill Ave,Harvard St,0.107386363636364,,False,False,True,False,True,False,False,False,True,False,False,False,False,False,False,False,2/14/2012 8:36:32 AM,BROOK17,0,567
327,A St,5,South Boston,09:00,13:00,Odd,Binford St,Congress St,0.271969696969697,,False,True,False,True,False,False,False,False,True,False,False,False,False,False,False,False,3/27/2018 3:15:54 PM,A ST 1,2871,4307
328,Adams St,1C,Charlestown,08:00,12:00,Even,Winthrop St,Lowney Way,0.122159090909091,,False,False,True,False,True,False,False,False,False,True,False,False,False,False,False,False,2/14/2012 8:36:32 AM,ADAMS9,0,645
329,Barker St,4,Allston/Brighton,12:00,16:00,Even,Parsons St,Goodenough St,4.22348484848485E-02,,False,False,True,False,True,False,False,False,True,False,False,False,False,False,False,False,2/14/2012 8:36:32 AM,BARKE1,0,223
330,Armington St,4,Allston/Brighton,08:00,12:00,Odd,Islington St,Imrie Rd,7.68939393939394E-02,,False,True,False,True,False,False,False,False,False,False,True,False,False,False,False,False,2/14/2012 8:36:32 AM,ARMIN1,0,406
331,Charles Street South,1B,Back Bay,00:01,07:00,,Tremont St,Boylston St,0.265909090909091,,True,True,True,True,True,True,True,True,True,True,True,True,True,True,True,False,2/29/2012 10:06:53 AM,CHARL11,0,1404
332,Armington St,4,Allston/Brighton,08:00,12:00,Even,Islington St,Imrie Rd,7.68939393939394E-02,,False,False,True,False,True,False,False,False,False,False,True,False,False,False,False,False,2/14/2012 8:36:32 AM,ARMIN1,0,406
333,Bennington St,9,East Boston,12:00,16:00,Odd,Neptune Rd,Saratoga St,1.05814393939394,,False,True,False,True,False,False,False,False,False,False,False,True,False,False,False,False,9/9/2016 1:03:44 PM,BENNI3,571,6158
334,Brent St,7,South Dorchester,08:00,12:00,Odd,Washington St,Melbourne St,0.298106060606061,,False,True,False,True,False,False,False,False,False,True,False,False,False,False,False,False,2/14/2012 8:36:32 AM,BRENT1,0,1574
335,Allston St,7,South Dorchester,12:00,16:00,Even,Centre St,Melville Ave,0.195454545454545,,False,False,True,False,True,False,False,False,False,True,False,False,False,False,False,False,2/14/2012 8:36:32 AM,ALLST3,0,1032
336,Brighton Ave,4,Allston/Brighton,00:01,07:00,Even Side Median,Commonwealth Ave,Cambridge St,0.673863636363636,,True,True,True,True,True,True,False,False,False,False,False,True,False,False,True,False,2/29/2012 10:06:53 AM,BRIGH3,0,3558
337,Blossom St,1W,West End,02:00,07:00,Median,William Cardinal O'Connell Way,Charles St,0.176704545454545,,False,True,True,True,True,True,True,True,True,True,True,True,True,True,True,False,2/14/2012 8:36:32 AM,BLOSS2,836,1769
338,Central St,1F,Downtown,00:01,07:00,,Atlantic Ave,Dead End,2.97348484848485E-02,,False,True,True,True,True,True,True,True,True,True,True,True,True,True,True,False,2/29/2012 10:06:53 AM,CENTR3,0,157
339,Boylston St,1B,Back Bay,00:01,07:00,,Charles St,Arlington St,0.168939393939394,,True,True,True,True,True,True,True,True,True,True,True,True,True,True,True,False,2/29/2012 10:06:53 AM,BOYLS6,1327,2219
340,Clarendon St,1B,Back Bay,06:00,08:00,Even,Boylston St,Commonwealth Ave,0.118560606060606,,False,False,True,False,True,False,False,True,False,False,False,False,False,False,False,False,3/26/2020 8:44:18 AM,CLARE5,2645,3271
341,Bilodeau Rd,3,North Dorchester,12:00,16:00,Odd,Washington St,Dead End,4.65909090909091E-02,,False,True,False,True,False,False,False,False,False,True,False,False,False,False,False,False,6/13/2013 4:00:50 PM,BILOD1,0,246
342,Cedar St,7,South Dorchester,12:00,16:00,Even,River St,Temple St,0.19469696969697,,False,False,True,False,True,False,False,False,False,False,True,False,False,False,False,False,2/14/2012 8:36:32 AM,CEDAR3,0,1028
343,Bellevue St,3,North Dorchester,12:00,16:00,Even,Quincy St,Barry St,0.256439393939394,,False,False,True,False,True,False,False,False,False,True,False,False,False,False,False,False,3/27/2018 3:16:54 PM,BELLE5,939,2293
344,Buttonwood St,3,North Dorchester,08:00,12:00,Odd,Crescent Ave,Columbia Rd,0.165530303030303,,False,True,False,True,False,False,False,True,False,False,False,False,False,False,False,False,2/14/2012 8:36:32 AM,BUTTO1,0,874
345,Barker St,4,Allston/Brighton,12:00,16:00,Odd,Parsons St,Goodenough St,4.22348484848485E-02,,False,True,False,True,False,False,False,False,True,False,False,False,False,False,False,False,2/14/2012 8:36:32 AM,BARKE1,0,223
346,Addison St,9,East Boston,12:00,16:00,Even,William F. McClellan Hwy,Saratoga St,0.274810606060606,,False,False,True,False,True,False,False,False,False,False,False,True,False,False,False,False,2/14/2012 8:36:32 AM,ADDIS1,0,1451
347,Barrows St,4,Allston/Brighton,08:00,12:00,Even,Cambridge St,Armington St,6.30681818181818E-02,,False,False,True,False,True,False,False,False,False,False,True,False,False,False,False,False,2/14/2012 8:36:32 AM,BARRO1,0,333
348,Castle Rock St,3,North Dorchester,12:00,16:00,Odd,Grampian Way,Caspian Way,7.40530303030303E-02,,False,True,False,True,False,False,False,True,False,False,False,False,False,False,False,False,6/13/2013 4:20:17 PM,CASTL2,0,391
349,Bird St,3,North Dorchester,12:00,16:00,Even,Columbia Rd,Dead End,0.22121212,,False,False,True,False,True,False,False,False,False,False,True,False,False,False,False,False,4/2/2014 12:12:17 PM,BIRD 1,426,1594
350,Braddock Park,1S,South End,08:00,12:00,Even,Columbus Ave,Carleton St,9.24242424242424E-02,,False,False,True,False,True,False,False,False,False,True,False,False,False,False,False,True,2/14/2012 8:36:32 AM,BRADD1,0,488
351,Berkeley St,M,Multiple,05:00,07:00,Even,Columbus Ave,Boylston St,0.19034090909,,False,False,True,False,True,False,False,False,False,False,False,True,False,False,False,False,3/31/2017 3:09:43 PM,BERKE1,1370,2375
352,Blossom St,1W,West End,02:00,07:00,,Cambridge St,Charles St,0.335037878787879,,False,True,True,True,True,True,True,True,True,True,True,True,True,True,True,False,2/29/2012 10:06:53 AM,BLOSS2,0,1769
353,Buttonwood St,3,North Dorchester,08:00,12:00,Even,Crescent Ave,Columbia Rd,0.165530303030303,,False,False,True,False,True,False,False,True,False,False,False,False,False,False,False,False,2/14/2012 8:36:32 AM,BUTTO1,0,874
354,Causeway St,1W,West End,00:01,07:00,Median,Merrimac St,Medford St,0.223484848484848,,False,True,True,True,True,True,True,True,True,True,True,True,True,True,True,False,2/14/2012 8:36:32 AM,CAUSE1,0,1180
355,Bradston St,3,North Dorchester,00:01,07:00,Even,Southampton St,Atkinson St,0.236931818181818,,False,True,True,True,True,True,True,True,True,True,True,True,True,True,True,False,2/14/2012 8:36:32 AM,BRADS2,0,1251
356,Barrows St,4,Allston/Brighton,08:00,12:00,Odd,Cambridge St,Armington St,6.30681818181818E-02,,False,True,False,True,False,False,False,False,False,False,True,False,False,False,False,False,2/14/2012 8:36:32 AM,BARRO1,0,333
357,Barry Park,3,North Dorchester,12:00,16:00,Even,Barry St,Dead End,3.27651515151515E-02,,False,False,True,False,True,False,False,False,False,True,False,False,False,False,False,False,6/13/2013 3:37:55 PM,BARRY1,0,173
358,Boyden St,7,South Dorchester,08:00,12:00,Even,Woodrow Ave,Callender St,6.53409090909091E-02,,False,False,True,False,True,False,False,False,False,False,False,True,False,False,False,False,2/14/2012 8:36:32 AM,BOYDE1,0,345
359,Akron St,10R,Roxbury,12:00,16:00,Odd,Alpine St,Regent St,0.115530303030303,,False,True,False,True,False,False,False,False,True,False,False,False,False,False,False,False,2/29/2012 10:06:53 AM,AKRON1,0,610
360,Barry Park,3,North Dorchester,12:00,16:00,Odd,Barry St,Dead End,3.27651515151515E-02,,False,True,False,True,False,False,False,False,False,True,False,False,False,False,False,False,6/13/2013 3:37:48 PM,BARRY1,0,173
361,Barry St,3,North Dorchester,12:00,16:00,Even,Quincy St,Richfield St,0.26155303030303,,False,False,True,False,True,False,False,False,False,False,False,True,False,False,False,False,2/14/2012 8:36:32 AM,BARRY2,0,1381
362,Archdale Rd,2,Jamaica Plain,12:00,16:00,Odd,Washington St,Dead End,0.145643939393939,,False,True,False,True,False,False,False,False,False,False,True,False,False,False,False,False,2/14/2012 8:36:32 AM,ARCHD1,512,1281
363,Blackstone St,1F,Downtown,00:01,07:00,,North St,Hanover St,8.71212121212121E-02,,True,True,True,True,True,True,True,True,True,True,True,True,True,True,True,False,2/29/2012 10:06:53 AM,BLACK2,0,460
364,Barry St,3,North Dorchester,12:00,16:00,Odd,Quincy St,Richfield St,0.26155303030303,,False,True,False,True,False,False,False,False,False,False,False,True,False,False,False,False,2/14/2012 8:36:32 AM,BARRY2,0,1381
365,Bartlett St,1C,Charlestown,12:00,16:00,Even,Monument Sq,Green St,7.95454545454545E-02,,False,False,True,False,True,False,False,False,False,True,False,False,False,False,False,False,2/14/2012 8:36:32 AM,BARTL2,0,420
366,Allston St,1C,Charlestown,08:00,12:00,Odd,Bunker Hill St,Medford St,0.130113636363636,,False,False,True,False,True,False,False,False,False,False,True,False,False,False,False,False,7/15/2016 10:59:19 AM,ALLST4,0,687
367,Bartlett St,1C,Charlestown,12:00,16:00,Odd,Monument Sq,Green St,7.95454545454545E-02,,False,True,False,True,False,False,False,False,False,True,False,False,False,False,False,False,2/14/2012 8:36:32 AM,BARTL2,0,420
368,Albion Pl,1C,Charlestown,12:00,16:00,Odd,Main St,Auburn Sq,7.25378787878788E-02,,False,True,False,True,False,False,False,False,False,False,False,True,False,False,False,False,2/14/2012 8:36:32 AM,ALBIO1,0,383
369,Bartlett St,1C,Charlestown,08:00,12:00,Even,Monument Sq,School St,0.156818181818182,,False,False,True,False,True,False,False,False,False,False,False,True,False,False,False,False,2/14/2012 8:36:32 AM,BARTL2,0,828
370,Cambridge St,1F,Downtown,00:01,07:00,Even Side Median,Tremont St,Charles St,0.608901515151515,,False,True,True,True,True,True,True,True,True,True,True,True,True,True,True,False,2/29/2012 10:06:53 AM,CAMBR6,0,3215
371,Bartlett St,1C,Charlestown,08:00,12:00,Odd,Monument Sq,School St,0.156818181818182,,False,True,False,True,False,False,False,False,False,False,False,True,False,False,False,False,2/14/2012 8:36:32 AM,BARTL2,0,828
372,Bartlett St,1C,Charlestown,12:00,16:00,Even,Sullivan St,Walker St,7.89772727272727E-02,,False,True,False,True,False,False,False,False,False,False,False,True,False,False,False,False,5/25/2021 11:14:49 AM,BARTL3,245,662
373,Bartlett St,1C,Charlestown,12:00,16:00,Odd,Sullivan St,Walker St,7.89772727272727E-02,,False,False,True,False,True,False,False,False,False,False,False,True,False,False,False,False,5/25/2021 11:14:42 AM,BARTL3,245,662
374,Brainerd Rd,4,Allston/Brighton,08:00,12:00,Even,Gorham St,Kelton St,0.221590909090909,,False,False,True,False,True,False,False,False,False,False,True,False,False,False,False,False,2/14/2012 8:36:32 AM,BRAIN2,690,1860
375,Blaine St,4,Allston/Brighton,08:00,12:00,Even,Braintree St,Dead End,6.83712121212121E-02,,False,False,True,False,True,False,False,True,False,False,False,False,False,False,False,False,2/14/2012 8:36:32 AM,BLAIN1,0,361
377,Alcorn St,4,Allston/Brighton,08:00,12:00,Odd,Commonwealth Ave,Ashford St,0.135416666666667,,False,True,False,True,False,False,False,True,False,False,False,False,False,False,False,False,2/14/2012 8:36:32 AM,ALCOR1,0,715
378,Bowker St,1W,West End,00:01,07:00,,Hawkins St,New Chardon St,5.58712121212121E-02,,True,True,True,True,True,True,True,True,True,True,True,True,True,True,True,False,2/29/2012 10:06:53 AM,BOWKE1,0,295
379,Aspinwall Rd,7,South Dorchester,12:00,16:00,Even,Washington St,Talbot Ave,0.183712121212121,,False,False,True,False,True,False,False,False,False,True,False,False,False,False,False,False,2/14/2012 8:36:32 AM,ASPIN1,0,970
380,Akron St,10R,Roxbury,12:00,16:00,Even,Alpine St,Regent St,0.115530303030303,,False,False,True,False,True,False,False,False,True,False,False,False,False,False,False,False,2/29/2012 10:06:53 AM,AKRON1,0,610
381,Bartlett St,10R,Roxbury,08:00,12:00,Even,Washington St,Dudley St,0.213825757575758,,False,False,True,False,True,False,False,False,True,False,False,False,False,False,False,False,2/14/2012 8:36:32 AM,BARTL4,0,1129
382,Allston St,1C,Charlestown,08:00,12:00,Even,Bunker Hill St,Medford St,0.130113636363636,,False,True,False,True,False,False,False,False,False,False,True,False,False,False,False,False,7/15/2016 10:59:10 AM,ALLST4,0,687
383,Blackwood St,1B,Back Bay,08:00,12:00,Odd,St Botolph St,Dead End,5.17045454545455E-02,,False,True,False,True,False,False,False,False,False,False,False,True,False,False,False,False,2/14/2012 8:36:32 AM,BLACK4,0,273
384,Bartlett St,10R,Roxbury,08:00,12:00,Odd,Washington St,Dudley St,0.213825757575758,,False,True,False,True,False,False,False,False,True,False,False,False,False,False,False,False,2/14/2012 8:36:32 AM,BARTL4,0,1129
385,Chappie St,1C,Charlestown,08:00,12:00,Even,Bunker Hill St,Medford St,0.105871212121212,,False,True,False,True,False,False,False,False,False,False,True,False,False,False,False,False,2/14/2012 8:36:32 AM,CHAPP1,0,559
386,Berkeley St,1B,Back Bay,12:00,16:00,Odd,Tremont St,Columbus Ave,0.259469696969697,,False,True,False,True,False,True,False,False,False,True,False,False,False,False,False,False,9/8/2017 8:59:59 AM,BERKE1,0,1370
387,Beechcroft St,4,Allston/Brighton,08:00,12:00,Even,Washington St,Faneuil St,0.255871212121212,,False,False,True,False,True,False,False,False,True,False,False,False,False,False,False,False,2/14/2012 8:36:32 AM,BEECH4,0,1351
388,Alaska St,10R,Roxbury,08:00,12:00,Even,Perrin St,Blue Hill Ave,0.111931818181818,,False,False,True,False,True,False,False,False,True,False,False,False,False,False,False,False,2/14/2012 8:36:32 AM,ALASK1,0,591
389,Basile St,2,Jamaica Plain,08:00,12:00,Even,Washington St,Lindall St,0.100568181818182,,False,False,True,False,True,False,False,False,False,False,True,False,False,False,False,False,2/14/2012 8:36:32 AM,BASIL1,0,531
390,Brinsley St,3,North Dorchester,12:00,16:00,Odd,Ronald St,Columbia Rd,8.33333333333333E-02,,False,True,False,True,False,False,False,False,False,False,False,True,False,False,False,False,2/14/2012 8:36:32 AM,BRINS1,249,689
391,Bexley Rd,2,Jamaica Plain,08:00,12:00,Odd,Washington St,Florence St,0.158143939393939,,False,True,False,True,False,False,False,False,False,False,True,False,False,False,False,False,2/14/2012 8:36:32 AM,BEXLE1,0,835
392,Binney St,10M,Mission Hill,08:00,12:00,Odd,Fenwood Rd,Francis St,4.33712121212121E-02,,False,True,False,True,False,False,False,True,False,False,False,False,False,False,False,False,2/29/2012 10:06:53 AM,BINNE1,0,229
393,Basile St,2,Jamaica Plain,08:00,12:00,Odd,Washington St,Lindall St,0.100568181818182,,False,True,False,True,False,False,False,False,False,False,True,False,False,False,False,False,2/14/2012 8:36:32 AM,BASIL1,0,531
394,Chandler St,1S,South End,12:00,16:00,Odd,Berkeley St,Columbus Ave,0.222916666666667,,False,True,False,True,False,True,False,False,False,True,False,False,False,False,False,True,2/14/2012 8:36:32 AM,CHAND1,397,1574
395,Amory St,2,Jamaica Plain,08:00,12:00,Odd,School St,Boylston St,0.102272727272727,,False,True,False,True,False,False,False,True,False,False,False,False,False,False,False,False,8/31/2020 8:30:50 AM,AMORY2,1919,2459
396,Batterymarch St,1F,Downtown,00:01,07:00,,Milk St,High St,0.122537878787879,,False,True,True,True,True,True,True,True,True,True,True,True,True,True,True,False,2/29/2012 10:06:53 AM,BATTE2,205,852
397,Baxter St,5,South Boston,13:00,17:00,Odd,C St,E St,0.209280303030303,,False,False,True,False,True,False,False,True,False,False,False,False,False,False,False,False,2/14/2012 8:36:32 AM,BAXTE1,0,1105
398,Beechcroft St,4,Allston/Brighton,08:00,12:00,Odd,Washington St,Faneuil St,0.255871212121212,,False,True,False,True,False,False,False,False,True,False,False,False,False,False,False,False,2/14/2012 8:36:32 AM,BEECH4,0,1351
399,Baxter St,5,South Boston,13:00,17:00,Even,C St,E St,0.209280303030303,,False,True,False,True,False,False,False,True,False,False,False,False,False,False,False,False,2/14/2012 8:36:32 AM,BAXTE1,0,1105
400,Beaver St,1H,Beacon Hill,08:00,12:00,Even,Beacon St,Beaver Pl,3.73106060606061E-02,,False,False,True,False,True,False,False,False,False,False,True,False,False,False,False,True,2/14/2012 8:36:32 AM,BEAVE3,0,197
401,Blue Hill Ave,M,Multiple,00:00,07:00,Odd,Warren St,River St,2.97310606060606,,True,True,True,True,True,True,False,False,False,False,False,True,False,False,True,False,2/2/2026 12:18:34 PM,BLUE 2,0,15698
402,Cambridge St,4,Allston/Brighton,00:00,07:00,Odd Side Median,Brighton Av,Washington St,0.821212121212121,,True,True,True,True,True,True,False,False,False,False,False,True,False,False,True,False,8/17/2023 11:40:56 AM,CAMBR2,5831,10167
403,Alleghany St,10M,Mission Hill,12:00,16:00,Odd,Terrace St,Dead End,0.19280303030303,,False,True,False,True,False,False,False,False,False,True,False,False,False,False,False,False,5/31/2018 9:51:04 AM,ALLEG1,0,1018
404,Callender St,7,South Dorchester,08:00,12:00,Even,Tucker St,Don St,0.37405303030303,,False,False,True,False,True,False,False,False,True,False,False,False,False,False,False,False,11/13/2025 12:21:14 PM,CALLE1,0,1975
405,Blaine St,4,Allston/Brighton,08:00,12:00,Odd,Braintree St,Dead End,6.83712121212121E-02,,False,True,False,True,False,False,False,True,False,False,False,False,False,False,False,False,2/14/2012 8:36:32 AM,BLAIN1,0,361
407,Atlantic Ave,1T,Chinatown,00:01,07:00,Odd,Summer St,Kneeland St,0.270833333333333,,False,True,True,True,True,True,True,True,True,True,True,True,True,True,True,False,2/29/2012 10:06:53 AM,ATLAN1,4771,6201
408,Chiswick Rd,4,Allston/Brighton,12:00,16:00,Odd,Englewood Ave,Commonwealth Ave,0.24356060606,,False,True,False,True,False,False,False,False,False,True,False,False,False,False,False,False,6/17/2024 12:17:56 PM,CHISW1,0,1286
409,Ashton St,7,South Dorchester,08:00,12:00,Odd,Woodrow Ave,Frontenac St,8.93939393939394E-02,,False,True,False,True,False,False,False,False,False,True,False,False,False,False,False,False,2/14/2012 8:36:32 AM,ASHTO1,1098,1570
410,Bay St,3,North Dorchester,08:00,12:00,Even,Dorchester Ave,South Sydney St,0.185795454545455,,False,False,True,False,True,False,False,True,False,False,False,False,False,False,False,False,6/13/2013 4:24:19 PM,BAY S1,0,981
411,Brock St,4,Allston/Brighton,08:00,12:00,Odd,Washington St,Oakland St,0.226704545454545,,False,True,False,True,False,False,False,False,True,False,False,False,False,False,False,False,2/14/2012 8:36:32 AM,BROCK1,0,1197
412,Chestnut St,1H,Beacon Hill,08:00,12:00,Odd,Charles St,David G Mugar Way,0.162689393939394,,False,True,False,True,False,True,False,False,False,False,True,False,False,False,False,True,12/5/2018 10:51:16 AM,CHEST10,1060,1919
413,Brooks St,9,East Boston,08:00,12:00,Even,Princeton St,White St,0.332575757575758,,False,True,False,True,False,False,False,False,True,False,False,False,False,False,False,False,2/14/2012 8:36:32 AM,BROOK12,1327,2323
414,Blanchard St,10R,Roxbury,08:00,12:00,Odd,Bartlett St,Norfolk St,5.34090909090909E-02,,False,True,False,True,False,False,False,False,True,False,False,False,False,False,False,False,2/14/2012 8:36:32 AM,BLANC1,0,282
415,Brookway Rd,2,Jamaica Plain,12:00,16:00,Odd,Washington St,Archdale Rd,0.261174242424242,,False,True,False,True,False,False,False,False,False,False,True,False,False,False,False,False,2/14/2012 8:36:32 AM,BROOK18,0,1379
416,Belmont St,1C,Charlestown,08:00,12:00,Odd,Bunker Hill St,Medford St,0.121780303030303,,False,True,False,True,False,False,False,False,False,False,True,False,False,False,False,False,2/14/2012 8:36:32 AM,BELMO1,0,643
417,Bynner St,2,Jamaica Plain,12:00,16:00,Odd,Creighton St,South Huntington Ave,0.214393939393939,,False,True,False,True,False,False,False,False,True,False,False,False,False,False,False,False,12/4/2013 11:58:40 AM,BYNNE1,0,1132
418,Arborway,99,DCR,08:00,12:00,Outbound,Jamaicaway,Centre St,0.281818181818182,,False,False,True,False,False,False,False,False,False,True,False,False,False,False,False,False,2/29/2012 10:06:53 AM,ARBOR5,0,1488
419,Brunswick St,3,North Dorchester,12:00,16:00,Even,Blue Hill Ave,Normandy St,0.127272727272727,,False,False,True,False,True,False,False,False,False,True,False,False,False,False,False,False,6/13/2013 3:58:02 PM,BRUNS1,815,1487
420,Clarkson St,3,North Dorchester,08:00,12:00,Odd,Hendry St,Quincy St,6.02272727272727E-02,,False,True,False,True,False,False,False,False,False,False,True,False,False,False,False,False,2/14/2012 8:36:32 AM,CLARK3,0,318
421,Chestnut St,1H,Beacon Hill,08:00,12:00,Odd,Walnut St,Charles St,0.200757575757576,,False,True,False,True,False,True,False,False,False,False,False,True,False,False,False,True,4/2/2014 1:30:39 PM,CHEST10,0,1060
422,Centre St,10R,Roxbury,08:00,12:00,Even,Dudley St,Columbus Ave,0.542992424242424,,False,False,True,False,True,False,False,False,True,False,False,False,False,False,False,False,2/14/2012 8:36:32 AM,CENTR6,0,2867
423,Chiswick Rd,4,Allston/Brighton,08:00,12:00,Odd,Commonwealth Ave,Chestnut Hill Ave,0.18579545454,,False,True,False,True,False,False,False,False,False,True,False,False,False,False,False,False,6/17/2024 12:20:25 PM,CHISW1,1343,2324
424,Caldwell St,1C,Charlestown,08:00,12:00,Odd,Maffa Way,Perkins St,0.123295454545455,,False,True,False,True,False,False,False,False,False,False,True,False,False,False,False,False,2/14/2012 8:36:32 AM,CALDW1,0,651
425,Atlantic St,5,South Boston,13:00,17:00,Odd,East Fourth St,Thomas Park,7.00757575757576E-02,,False,True,False,True,False,False,False,False,False,False,True,False,False,False,False,False,3/24/2017 1:39:14 PM,ATLAN2,0,370
426,Byron St,9,East Boston,12:00,16:00,Odd,William F. McClellan Hwy,Saratoga St,0.204734848484848,,False,True,False,True,False,False,False,False,False,False,False,True,False,False,False,False,2/14/2012 8:36:32 AM,BYRON1,0,1081
427,Bruce St,7,South Dorchester,08:00,12:00,Even,Ashmont St,Wrentham St,0.1,,False,False,True,False,True,False,False,True,False,False,False,False,False,False,False,False,2/14/2012 8:36:32 AM,BRUCE1,0,528
428,Boylston St,2,Jamaica Plain,08:00,12:00,Even,Centre St,Lamartine St,0.39469696969697,,False,False,True,False,True,False,False,True,False,False,False,False,False,False,False,False,2/14/2012 8:36:32 AM,BOYLS2,0,2084
429,Arlington St,4,Allston/Brighton,12:00,16:00,Even,Market St,South Hobbart St,0.326515151515152,,False,False,True,False,True,False,False,False,True,False,False,False,False,False,False,False,2/14/2012 8:36:32 AM,ARLIN3,0,1724
430,Blanchard St,10R,Roxbury,08:00,12:00,Even,Bartlett St,Norfolk St,5.34090909090909E-02,,False,False,True,False,True,False,False,False,True,False,False,False,False,False,False,False,2/14/2012 8:36:32 AM,BLANC1,0,282
431,Castleton St,2,Jamaica Plain,12:00,16:00,Even,South Huntington Ave,Jamaicaway,0.149621212121212,,False,False,True,False,True,False,False,False,False,True,False,False,False,False,False,False,2/14/2012 8:36:32 AM,CASTL4,0,790
432,Arcadia St,3,North Dorchester,08:00,12:00,Odd,Adams St,Draper St,0.139204545454545,,False,True,False,True,False,False,False,False,False,True,False,False,False,False,False,False,6/19/2014 9:14:18 AM,ARCAD2,0,735
433,Carmel St,10M,Mission Hill,08:00,12:00,Odd,Tremont St,Delle Ave,5.56818181818182E-02,,False,False,True,False,True,False,False,False,False,True,False,False,False,False,False,False,5/6/2026 12:40:02 PM,CARME1,0,294
434,Chilcott Pl,2,Jamaica Plain,12:00,16:00,Even,Washington St,Dead End,9.52651515151515E-02,,False,False,True,False,True,False,False,True,False,False,False,False,False,False,False,False,4/12/2017 2:49:52 PM,CHILC1,0,503
435,Berkeley St,1B,Back Bay,06:00,08:00,Odd,Boylston St,Beacon St,0.261363636363636,,False,True,False,True,False,False,False,False,False,True,False,False,False,False,False,False,2/14/2012 8:36:32 AM,BERKE1,2375,3755
436,Burbank St,10F,Fenway/Kenmore,12:00,16:00,Even,Edgerly Rd,Hemenway St,0.132765151515152,,False,False,True,False,True,False,False,False,False,True,False,False,False,False,False,False,2/14/2012 8:36:32 AM,BURBA1,0,701
437,Clearwater Dr,7,South Dorchester,12:00,16:00,Even,Morton St,Maryknoll St,0.235416666666667,,False,False,True,False,True,False,False,False,False,False,True,False,False,False,False,False,2/14/2012 8:36:32 AM,CLEAR1,0,1243
438,Arlington St,4,Allston/Brighton,12:00,16:00,Odd,Market St,South Hobbart St,0.326515151515152,,False,True,False,True,False,False,False,False,True,False,False,False,False,False,False,False,2/14/2012 8:36:32 AM,ARLIN3,0,1724
439,Blue Hill Ave,M,Multiple,00:00,07:00,Even Side Median,Warren St,River St,2.97310606060606,,True,True,True,True,True,True,False,False,True,False,False,False,False,False,True,False,2/2/2026 12:21:45 PM,BLUE 2,0,15698
440,Briarcliff Ter,7,South Dorchester,12:00,16:00,Odd,Gladeside Ave,Ridgeview Ave,9.33712121212121E-02,,False,True,False,True,False,False,False,False,False,False,True,False,False,False,False,False,2/14/2012 8:36:32 AM,BRIAR1,0,493
441,Cambridge St,4,Allston/Brighton,00:00,07:00,Odd,Brighton Av,Washington St,0.821212121212121,,True,True,True,True,True,True,False,False,False,False,False,True,False,False,True,False,8/17/2023 11:40:41 AM,CAMBR2,5831,10167
442,Bay St,3,North Dorchester,08:00,12:00,Odd,Dorchester Ave,South Sydney St,0.185795454545455,,False,True,False,True,False,False,False,True,False,False,False,False,False,False,False,False,6/13/2013 4:24:14 PM,BAY S1,0,981
443,Burlington Ave,10F,Fenway/Kenmore,12:00,16:00,Even,Brookline Ave,Dead End,9.65909090909091E-02,,False,False,True,False,True,False,False,False,False,True,False,False,False,False,False,False,2/14/2012 8:36:32 AM,BURLI1,0,510
444,Broad St,1F,Downtown,00:01,07:00,,State St,Central St,3.93939393939394E-02,,False,True,True,True,True,True,True,True,True,True,True,True,True,True,True,False,2/29/2012 10:06:53 AM,BROAD1,0,208
445,Alcorn St,4,Allston/Brighton,08:00,12:00,Even,Commonwealth Ave,Ashford St,0.135416666666667,,False,False,True,False,True,False,False,True,False,False,False,False,False,False,False,False,2/14/2012 8:36:32 AM,ALCOR1,0,715
446,Belvidere St,1B,Back Bay,00:00,07:00,Both,Dalton St,Huntington Ave,0.142992424242424,,False,True,True,True,True,True,True,True,True,True,True,True,True,True,True,False,7/22/2022 10:31:19 AM,BELVI1,805,1560
447,Blagden St,1B,Back Bay,00:01,07:00,,Huntington Ave,Exeter St,0.11969696969697,,True,True,True,True,True,True,True,True,True,True,True,True,True,True,True,False,2/29/2012 10:06:53 AM,BLAGD1,0,632
448,Boylston St,2,Jamaica Plain,08:00,12:00,Even,Lamartine St,Washington St,0.351515151515152,,False,False,True,False,True,False,False,True,False,False,False,False,False,False,False,False,2/14/2012 8:36:32 AM,BOYLS2,2084,3940
449,Boyden St,7,South Dorchester,08:00,12:00,Odd,Woodrow Ave,Callender St,6.53409090909091E-02,,False,True,False,True,False,False,False,False,False,False,False,True,False,False,False,False,2/14/2012 8:36:32 AM,BOYDE1,0,345
450,Beethoven St,2,Jamaica Plain,08:00,12:00,Even,Washington St,Arcadia St,0.104734848484848,,False,True,False,True,False,False,False,False,False,False,False,True,False,False,False,False,4/5/2018 1:29:15 PM,BEETH1,0,553
452,Bower St,10R,Roxbury,12:00,16:00,Even,Walnut Ave,Walnut Ave,9.03409090909091E-02,,False,False,True,False,True,False,False,False,True,False,False,False,False,False,False,False,2/29/2012 10:06:53 AM,BOWER1,0,477
453,Caspian Way,3,North Dorchester,12:00,16:00,Even,Castle Rock St,Dead End,0.059469696969697,,False,False,True,False,True,False,False,False,False,False,True,False,False,False,False,False,2/14/2012 8:36:32 AM,CASPI1,225,539
454,Chestnut St,1C,Charlestown,12:00,16:00,Even,Chelsea St,Monument Sq,0.204545454545455,,False,False,True,False,True,False,False,False,False,True,False,False,False,False,False,False,2/14/2012 8:36:32 AM,CHEST9,0,1080
455,Bremen St,9,East Boston,12:00,16:00,Even,Sumner St,Porter St,0.346969696969697,,False,False,True,False,True,False,False,False,False,False,True,False,False,False,False,False,2/14/2012 8:36:32 AM,BREME1,0,1832
456,Bayside St,3,North Dorchester,12:00,16:00,Even,Savin Hill Ave,Dead End,5.41666666666667E-02,,False,False,True,False,True,False,False,True,False,False,False,False,False,False,False,False,6/13/2013 4:22:15 PM,BAYSI1,0,286
457,Chesterton St,10R,Roxbury,12:00,16:00,Even,Massachusetts Ave,Allerton St,0.108712121212121,,False,False,True,False,True,False,False,False,True,False,False,False,False,False,False,False,2/29/2012 10:06:53 AM,CHEST4,0,574
458,Clifford St,10R,Roxbury,08:00,12:00,Odd,Warren St,Blue Hill Ave,0.23125,,False,False,True,False,True,False,False,False,True,False,False,False,False,False,False,False,11/15/2016 9:24:47 AM,CLIFF2,0,1221
459,Arlington St,4,Allston/Brighton,08:00,12:00,Even,South Hobbart St,Faneuil St,0.102272727272727,,False,False,True,False,True,False,False,False,True,False,False,False,False,False,False,False,2/14/2012 8:36:32 AM,ARLIN3,1724,2264
460,Bilodeau Rd,3,North Dorchester,12:00,16:00,Even,Washington St,Dead End,4.65909090909091E-02,,False,False,True,False,True,False,False,False,False,True,False,False,False,False,False,False,6/13/2013 4:00:43 PM,BILOD1,0,246
461,Brackett St,4,Allston/Brighton,08:00,12:00,Odd,Washington St,Faneuil St,0.122916666666667,,False,True,False,True,False,False,False,False,True,False,False,False,False,False,False,False,2/14/2012 8:36:32 AM,BRACK1,0,649
465,Centre St,2,Jamaica Plain,05:00,07:00,Odd,Lamartine St,Perkins St,0.455681818181818,,False,True,True,True,True,True,False,False,False,True,False,False,False,False,False,False,2/14/2012 8:36:32 AM,CENTR6,4015,6421
466,Arklow St,2,Jamaica Plain,12:00,16:00,Odd,Walden St,Round Hill St,3.90151515151515E-02,,False,True,False,True,False,False,False,True,False,False,False,False,False,False,False,False,2/14/2012 8:36:32 AM,ARKLO1,0,206
467,Beecher St,2,Jamaica Plain,08:00,12:00,Odd,Paul Gore St,Boylston St,9.18560606060606E-02,,False,True,False,True,False,False,False,True,False,False,False,False,False,False,False,False,2/14/2012 8:36:32 AM,BEECH5,0,485
468,Chelsea St,1C,Charlestown,00:01,07:00,Odd Side Median,Rutherford Ave,Warren St,0.105681818181818,,False,True,True,True,True,True,True,True,True,True,True,True,True,True,True,False,2/14/2012 8:36:32 AM,CHELS2,0,558
469,Aldwin Rd,2,Jamaica Plain,12:00,16:00,Even,Washington St,Brookway Rd,3.95833333333333E-02,,False,False,True,False,True,False,False,False,False,False,True,False,False,False,False,False,2/14/2012 8:36:32 AM,ALDWI1,0,209
470,Caddy Rd,7,South Dorchester,12:00,16:00,Odd,Sanford St,Monson St,7.93560606060606E-02,,False,True,False,True,False,False,False,False,False,False,True,False,False,False,False,False,2/14/2012 8:36:32 AM,CADDY1,0,419
471,Cedar St,1C,Charlestown,12:00,16:00,Odd,High St,Bartlett St,8.52272727272727E-02,,False,True,False,True,False,False,False,False,False,True,False,False,False,False,False,False,2/14/2012 8:36:32 AM,CEDAR4,0,450
472,Arcola St,2,Jamaica Plain,12:00,16:00,Odd,Day St,Dead End,6.07954545454545E-02,,False,True,False,True,False,False,False,False,True,False,False,False,False,False,False,False,1/13/2021 2:22:24 PM,ARCOL1,0,321
473,Border St,9,East Boston,08:00,12:00,Even,Maverick St,Central Sq,0.234090909090909,,False,False,True,False,True,False,False,False,False,True,False,False,False,False,False,False,7/20/2023 8:08:45 AM,BORDE1,512,1748
474,Ashcroft St,2,Jamaica Plain,08:00,12:00,Even,Perkins St,Moraine St,0.101515151515152,,False,False,True,False,True,False,False,False,False,True,False,False,False,False,False,False,2/14/2012 8:36:32 AM,ASHCR1,0,536
475,Chester St,4,Allston/Brighton,12:00,16:00,Even,Commonwealth Ave,Brighton Av,0.135606060606061,,False,False,True,False,True,False,False,False,False,False,True,False,False,False,False,False,2/14/2012 8:36:32 AM,CHEST1,0,716
476,Amory St,10R,Roxbury,08:00,12:00,Odd,Dimock St,School St,0.192992424242424,,False,False,True,False,True,False,False,False,False,False,False,True,False,False,False,False,10/7/2016 12:50:40 PM,AMORY2,900,1919
477,Bayside St,3,North Dorchester,12:00,16:00,Odd,Savin Hill Ave,Dead End,5.41666666666667E-02,,False,True,False,True,False,False,False,True,False,False,False,False,False,False,False,False,6/13/2013 4:22:10 PM,BAYSI1,0,286
478,Bremen St,9,East Boston,12:00,16:00,Odd,Porter St,Bennington St,0.66875,,False,True,False,True,False,False,False,False,False,False,False,True,False,False,False,False,2/14/2012 8:36:32 AM,BREME1,1832,5363
479,Carter St,1C,Charlestown,08:00,12:00,Even,Cambridge St,Roland St,4.03409090909091E-02,,False,False,True,False,True,False,False,False,False,False,True,False,False,False,False,False,2/14/2012 8:36:32 AM,CARTE1,0,213
480,Branch St,1H,Beacon Hill,08:00,12:00,Odd,Spruce St,Charles St,0.101325757575758,,False,True,False,True,False,True,False,False,False,False,False,True,False,False,False,True,4/2/2014 1:32:09 PM,BRANC1,0,535
481,Brookview St,7,South Dorchester,12:00,16:00,Odd,Blue Hill Ave,Harvard St,0.107386363636364,,False,True,False,True,False,False,False,False,True,False,False,False,False,False,False,False,2/14/2012 8:36:32 AM,BROOK17,0,567
482,Albemarle St,1B,Back Bay,08:00,12:00,Odd,St Botolph St,Dead End,5.28409090909091E-02,,False,True,False,True,False,False,False,False,False,False,False,True,False,False,False,False,2/14/2012 8:36:32 AM,ALBEM1,0,279
483,Claremont Park,1S,South End,08:00,12:00,Even,Columbus Ave,Claremont St,0.096969696969697,,False,False,True,False,True,False,False,False,False,True,False,False,False,False,False,True,2/14/2012 8:36:32 AM,CLARE2,0,512
484,Bond St,1S,South End,08:00,12:00,Odd,Milford St,Hanson St,4.16666666666667E-02,,False,True,False,True,False,True,False,False,False,False,True,False,False,False,False,True,8/20/2020 8:12:03 AM,BOND 1,0,220
485,Boylston St,10F,Fenway/Kenmore,00:01,07:00,,Massachusetts Ave,Charlesgate East,0.143560606060606,,False,True,True,True,True,True,True,True,True,True,True,True,True,True,True,False,2/29/2012 10:06:53 AM,BOYLS6,7128,7886
486,Bullard St,3,North Dorchester,12:00,16:00,Even,Bowdoin St,Bowdoin Ave,0.19905303030303,,False,False,True,False,True,False,False,False,False,True,False,False,False,False,False,False,6/13/2013 4:07:36 PM,BULLA1,0,1051
487,Bowdoin Park,3,North Dorchester,12:00,16:00,Even,Bowdoin St,Dead End,4.65909090909091E-02,,False,False,True,False,True,False,False,False,False,True,False,False,False,False,False,False,6/13/2013 3:39:53 PM,BOWDO2,0,246
488,Bolster St,2,Jamaica Plain,08:00,12:00,Even,Wyman St,Mozart St,8.23863636363636E-02,,False,False,True,False,True,False,False,True,False,False,False,False,False,False,False,False,2/14/2012 8:36:32 AM,BOLST1,0,435
489,Centre St,2,Jamaica Plain,05:00,07:00,Even,Lamartine St,Perkins St,0.455681818181818,,False,True,True,True,True,True,False,True,False,False,False,False,False,False,False,False,2/14/2012 8:36:32 AM,CENTR6,4015,6421
490,Brock St,4,Allston/Brighton,08:00,12:00,Even,Washington St,Oakland St,0.226704545454545,,False,False,True,False,True,False,False,False,True,False,False,False,False,False,False,False,2/14/2012 8:36:32 AM,BROCK1,0,1197
491,Chestnut St,1C,Charlestown,12:00,16:00,Odd,Chelsea St,Monument Sq,0.204545454545455,,False,True,False,True,False,False,False,False,False,True,False,False,False,False,False,False,2/14/2012 8:36:32 AM,CHEST9,0,1080
492,Chauncy St,1T,Chinatown,00:01,07:00,,Summer St,Essex St,0.171780303030303,,True,True,True,True,True,True,True,True,True,True,True,True,True,True,True,False,2/29/2012 10:06:53 AM,CHAUN1,0,907
493,Beach St,7,South Dorchester,08:00,12:00,Even,Freeport St,Park St,0.222348484848485,,False,False,True,False,True,False,False,False,False,False,True,False,False,False,False,False,2/14/2012 8:36:32 AM,BEACH1,0,1174
494,Amory St,2,Jamaica Plain,08:00,12:00,Even,Boylston St,Williams St,0.706818181818182,,False,False,True,False,True,False,False,True,False,False,False,False,False,False,False,False,2/14/2012 8:36:32 AM,AMORY2,2459,6191
495,Brookline Ave,M,Multiple,00:01,07:00,Even,Commonwealth Ave,Brookline Town Line,1.20397727272727,,True,True,True,True,True,True,False,False,False,False,False,True,False,False,True,False,2/14/2012 8:36:32 AM,BROOK9,0,6357
496,Catawba St,10R,Roxbury,12:00,16:00,Odd,Dead End,Laurel St,0.100757575757576,,False,True,False,True,False,False,False,False,True,False,False,False,False,False,False,False,2/29/2012 10:06:53 AM,CATAW1,0,532
497,Border St,9,East Boston,08:00,12:00,Odd,Maverick St,Central Sq,0.234090909090909,,False,True,False,True,False,False,False,False,False,True,False,False,False,False,False,False,7/20/2023 8:08:35 AM,BORDE1,512,1748
498,Archdale Rd,2,Jamaica Plain,12:00,16:00,Even,South St,Washington St,0.096969696969697,,False,False,True,False,True,False,False,False,False,False,True,False,False,False,False,False,2/14/2012 8:36:32 AM,ARCHD1,0,512
499,Bolster St,2,Jamaica Plain,08:00,12:00,Odd,Wyman St,Mozart St,8.23863636363636E-02,,False,True,False,True,False,False,False,True,False,False,False,False,False,False,False,False,2/14/2012 8:36:32 AM,BOLST1,0,435
500,Albemarle St,1B,Back Bay,08:00,12:00,Even,St Botolph St,Dead End,5.28409090909091E-02,,False,False,True,False,True,False,False,False,False,False,False,True,False,False,False,False,2/14/2012 8:36:32 AM,ALBEM1,0,279
501,Carlos St,7,South Dorchester,08:00,12:00,Odd,Woodrow Ave,Callender St,6.53409090909091E-02,,False,True,False,True,False,False,False,False,False,False,False,True,False,False,False,False,2/14/2012 8:36:32 AM,CARLO1,0,345
502,Beacon St,4,Allston/Brighton,00:01,07:00,,Chestnut Hill Ave,Newton Town Line,1.06950757575758,,True,True,True,True,True,True,False,False,False,False,True,False,False,False,True,False,2/29/2012 10:06:53 AM,BEACO5,649,6296
503,Bremen St,9,East Boston,12:00,16:00,Odd,Sumner St,Porter St,0.346969696969697,,False,True,False,True,False,False,False,False,False,False,True,False,False,False,False,False,2/14/2012 8:36:32 AM,BREME1,0,1832
504,Brewster St,5,South Boston,09:00,13:00,Even,East Seventh St,East Eighth St,5.70075757575758E-02,,False,True,False,True,False,False,False,False,False,False,True,False,False,False,False,False,2/14/2012 8:36:32 AM,BREWS1,0,301
505,Beach St,7,South Dorchester,08:00,12:00,Odd,Freeport St,Park St,0.222348484848485,,False,True,False,True,False,False,False,False,False,False,True,False,False,False,False,False,2/14/2012 8:36:32 AM,BEACH1,0,1174
506,Ashmont St,7,South Dorchester,08:00,12:00,Odd,Dorchester Ave,Adams St,0.492424242424242,,False,True,False,True,False,False,False,True,False,False,False,False,False,False,False,False,2/14/2012 8:36:32 AM,ASHMO3,1897,4497
507,Chester St,4,Allston/Brighton,12:00,16:00,Odd,Commonwealth Ave,Brighton Av,0.135606060606061,,False,True,False,True,False,False,False,False,False,False,True,False,False,False,False,False,2/14/2012 8:36:32 AM,CHEST1,0,716
508,Bismarck St,2,Jamaica Plain,08:00,12:00,Odd,Boylston St,Porter St,3.78787878787879E-02,,False,True,False,True,False,False,False,True,False,False,False,False,False,False,False,False,2/14/2012 8:36:32 AM,BISMA1,0,200
509,Beach St,1T,Chinatown,00:01,07:00,,Washington St,Atlantic Ave,0.328409090909091,,True,True,True,True,True,True,True,True,True,True,True,True,True,True,True,False,2/29/2012 10:06:53 AM,BEACH2,0,1734
510,Beacon St,4,Allston/Brighton,00:01,07:00,,Chestnut Hill Ave,Newton Town Line,1.06950757575758,,True,True,True,True,True,True,False,True,False,False,False,False,False,False,True,False,2/29/2012 10:06:53 AM,BEACO5,649,6296
511,"Anthony ""Rip"" Valenti Way",1W,West End,00:01,07:00,,Merrimac St,Canal St,9.35606060606061E-02,,False,True,True,True,True,True,True,True,True,True,True,True,True,True,True,False,2/29/2012 10:06:53 AM,ANTHO1,0,494
512,Beacon St,1H,Beacon Hill,02:00,07:00,,Charles St,Arlington St,0.172916666666667,,True,True,True,True,True,True,False,False,False,False,True,False,False,False,True,True,10/21/2020 8:04:42 AM,BEACO1,2587,3500
513,Beacon St,10F,Fenway/Kenmore,00:01,07:00,,Commonwealth Ave,Brookline Town Line,0.570265151515152,,False,True,True,True,True,True,True,True,True,True,True,True,True,True,True,False,2/29/2012 10:06:53 AM,BEACO1,10553,13564
514,Atlantic Ave,1T,Chinatown,00:01,07:00,Even,Summer St,Kneeland St,0.270833333333333,,False,True,True,True,True,True,True,True,True,True,True,True,True,True,True,False,2/29/2012 10:06:53 AM,ATLAN1,4771,6201
515,Arlington St,4,Allston/Brighton,08:00,12:00,Odd,South Hobbart St,Faneuil St,0.102272727272727,,False,True,False,True,False,False,False,False,True,False,False,False,False,False,False,False,2/14/2012 8:36:32 AM,ARLIN3,1724,2264
517,Beacon St,1H,Beacon Hill,00:01,07:00,,Tremont St,Somerset St,5.51136363636364E-02,,False,True,True,True,True,True,True,True,True,True,True,True,True,True,True,True,2/29/2012 10:06:53 AM,BEACO1,0,291
518,Beacon St,1H,Beacon Hill,02:00,07:00,Residential,Joy St,Charles St,0.232954545454545,,False,True,True,True,True,True,False,False,False,False,True,False,False,False,True,True,3/10/2021 2:09:59 PM,BEACO1,1357,2587
519,Beacon St,1H,Beacon Hill,02:00,07:00,Boston Common,Joy St,Charles St,0.232954545454545,,False,True,True,True,True,True,False,False,False,True,False,False,False,False,True,True,3/10/2021 2:09:49 PM,BEACO1,1357,2587
520,Brookline Ave,M,Multiple,00:01,07:00,Odd,Commonwealth Ave,Brookline Town Line,1.20397727272727,,True,True,True,True,True,True,False,False,False,False,True,False,False,False,True,False,2/14/2012 8:36:32 AM,BROOK9,0,6357
521,Beacon St,10F,Fenway/Kenmore,00:01,07:00,,Charlesgate East,Commonwealth Ave,0.299431818181818,,True,True,True,True,True,True,True,True,True,True,True,True,True,True,True,False,2/29/2012 10:06:53 AM,BEACO1,8972,10553
522,Beacon St,1H,Beacon Hill,00:01,07:00,,Somerset St,Park St,9.88636363636364E-02,,True,True,True,True,True,True,True,True,True,True,True,True,True,True,True,True,2/29/2012 10:06:53 AM,BEACO1,291,813
523,Aguadilla St,1S,South End,08:00,12:00,Even,Tremont St,Tremont St,0.176704545454545,,False,False,True,False,True,False,False,False,False,False,True,False,False,False,False,True,9/24/2018 12:38:59 PM,AGUAD1,0,933
524,Arcadia St,2,Jamaica Plain,08:00,12:00,Odd,School St,Atherton St,7.68939393939394E-02,,False,True,False,True,False,False,False,False,False,True,False,False,False,False,False,False,6/19/2014 9:14:10 AM,ARCAD3,0,406
525,Adams St,7,South Dorchester,08:00,12:00,Even,Dorchester Ave,Park St,0.173863636363636,,False,False,True,False,True,False,False,False,False,False,True,False,False,False,False,False,2/14/2012 8:36:32 AM,ADAMS1,2982,3900
526,Alford St,1C,Charlestown,05:00,07:00,Odd,Cambridge St,EVERETT TOWN LINE,0.779545454545455,,False,True,True,True,True,True,False,False,False,False,False,True,False,False,False,False,2/14/2012 8:36:32 AM,ALFOR1,0,4116
527,Beacon St,1B,Back Bay,08:00,12:00,Even,Arlington St,Massachusetts Ave,0.919507575757576,,False,False,True,False,True,False,False,True,False,False,False,False,False,False,False,False,2/14/2012 8:36:32 AM,BEACO1,3500,8355
528,Boylston St,1F,Downtown,00:01,07:00,,Washington St,Tremont St,9.94318181818182E-02,,True,True,True,True,True,True,True,True,True,True,True,True,True,True,True,False,2/29/2012 10:06:53 AM,BOYLS6,0,525
529,Astoria St,7,South Dorchester,12:00,16:00,Even,Flint St,Dead End,0.182954545454545,,False,False,True,False,True,False,False,False,False,False,True,False,False,False,False,False,2/14/2012 8:36:32 AM,ASTOR1,0,966
530,Cambridge St,4,Allston/Brighton,00:00,07:00,Even,Brighton Av,Washington St,0.821212121212121,,True,True,True,True,True,True,False,False,True,False,False,False,False,False,True,False,8/17/2023 11:40:09 AM,CAMBR2,5831,10167
531,Beacon St,1B,Back Bay,08:00,12:00,Odd,Arlington St,Massachusetts Ave,0.919507575757576,,False,True,False,True,False,False,False,True,False,False,False,False,False,False,False,False,2/14/2012 8:36:32 AM,BEACO1,3500,8355
532,Cambridge St,4,Allston/Brighton,00:00,07:00,Even Side Median,Brighton Av,Washington St,0.821212121212121,,True,True,True,True,True,True,False,False,True,False,False,False,False,False,True,False,8/17/2023 11:40:22 AM,CAMBR2,5831,10167
533,Arcadia Ter,3,North Dorchester,08:00,12:00,Odd,Arcadia St,Dead End,2.40530303030303E-02,,False,True,False,True,False,False,False,False,False,True,False,False,False,False,False,False,6/19/2014 9:13:55 AM,ARCAD4,0,127
534,Cameron St,3,North Dorchester,08:00,12:00,Even,Hancock St,Dead End,0.104734848484848,,False,False,True,False,True,False,False,False,False,False,True,False,False,False,False,False,2/14/2012 8:36:32 AM,CAMER1,0,553
535,Clinton St,1F,Downtown,00:01,07:00,,Commercial St,North St,0.113636363636364,,True,True,True,True,True,True,True,True,True,True,True,True,True,True,True,False,2/29/2012 10:06:53 AM,CLINT2,0,600
536,Arch St,1F,Downtown,00:01,07:00,,Milk St,Summer St,0.180113636363636,,False,True,True,True,True,True,True,True,True,True,True,True,True,True,True,False,2/29/2012 10:06:53 AM,ARCH 1,0,951
537,Ashford St,4,Allston/Brighton,08:00,12:00,Odd,Linden St,Babcock St,0.486931818181818,,False,True,False,True,False,False,False,True,False,False,False,False,False,False,False,False,2/14/2012 8:36:32 AM,ASHFO1,0,2571
538,Ashley St,2,Jamaica Plain,12:00,16:00,Even,Chestnut Ave,Armstrong St,6.49621212121212E-02,,False,False,True,False,True,False,False,False,True,False,False,False,False,False,False,False,3/23/2017 1:13:02 PM,ASHLE3,0,343
539,Clarendon St,1B,Back Bay,06:00,08:00,Odd,Commonwealth Ave,Beacon St,0.143181818181818,,False,True,False,True,False,True,False,False,False,True,False,False,False,False,False,False,2/14/2012 8:36:32 AM,CLARE5,3271,4027
540,Caldwell St,1C,Charlestown,08:00,12:00,Even,Maffa Way,Perkins St,0.123295454545455,,False,False,True,False,True,False,False,False,False,False,True,False,False,False,False,False,2/14/2012 8:36:32 AM,CALDW1,0,651
541,Albany St,1S,South End,00:01,07:00,Median,Massachusetts Ave,Hampden St,0.152651515151515,,False,True,True,True,True,True,True,True,True,True,True,True,True,True,True,True,2/29/2012 10:06:53 AM,ALBAN3,5755,6561
543,Columbia Rd,99,DCR,12:00,15:00,Outbound,Upham's Ct,Dorchester Ave,0.438825757575758,,False,False,False,False,False,False,False,False,False,False,False,False,False,False,False,False,3/28/2013 11:33:20 AM,COLUM2,8232,10549
544,Columbia Rd,99,DCR,12:00,15:00,Inbound,Quincy St,Dudley St,0.476893939393939,,False,True,False,False,False,False,False,False,False,False,True,False,False,False,False,False,3/28/2013 11:34:14 AM,COLUM3,5052,7570
545,Columbus Ave,10R,Roxbury,08:00,12:00,Odd,Douglass Park,Tremont St,0.290530303030303,,True,True,True,True,True,True,False,False,False,True,False,False,False,False,False,False,2/29/2012 10:06:53 AM,COLUM15,6488,8022
546,Columbus Ave,10R,Roxbury,08:00,12:00,Even,Douglass Park,Tremont St,0.290530303030303,,True,True,True,True,True,True,False,False,False,True,False,False,False,False,False,False,2/29/2012 10:06:53 AM,COLUM15,6488,8022
548,Columbus Ave,10R,Roxbury,00:01,07:00,Odd,Tremont St,Washington St,1.12973484848485,,True,True,True,True,True,True,False,False,False,True,False,False,False,False,True,False,2/14/2012 8:36:32 AM,COLUM8,0,5965
549,Columbus Ave,10R,Roxbury,00:01,07:00,Even,Tremont St,Columbus Ave,1.36041666666667,,True,True,True,True,True,True,False,False,True,False,False,False,False,False,True,False,2/14/2012 8:36:32 AM,COLUM9,0,7183
551,Commonwealth Ave Underpass,1B,Back Bay,00:01,07:00,Ramp,Commonwealth Ave,Commonwealth Ave,0.174431818181818,,True,True,True,True,True,True,True,True,True,True,True,True,True,True,True,False,2/14/2012 8:36:32 AM,COMM 1,0,921
552,Commercial St,1N,North End,08:00,12:00,Odd,Commercial St,Lewis Wharf,0.208522727272727,,False,True,False,True,False,False,False,False,False,False,False,True,False,False,False,True,7/1/2019 10:30:15 AM,COMME1,0,1101
554,Commercial St,1N,North End,08:00,12:00,Even,Commercial St,Lewis Wharf,0.208522727272727,,False,False,True,False,True,False,False,False,False,False,False,True,False,False,False,True,7/1/2019 10:30:45 AM,COMME1,0,1101
557,Commercial St,1F,Downtown,00:01,07:00,,State St,Commercial St,0.139962121212121,,True,True,True,True,True,True,True,True,True,True,True,True,True,True,True,False,2/29/2012 10:06:53 AM,COMME3,0,739
558,Commonwealth Ave,1B,Back Bay,08:00,12:00,Even,Arlington St,Massachusetts Ave,0.928598484848485,,False,False,True,False,True,False,False,True,False,False,False,False,False,False,False,False,2/14/2012 8:36:32 AM,COMMO1,0,4903
559,Farragut Rd,5,South Boston,09:00,13:00,Even,East Broadway,William J. Day Blvd,0.196022727272727,,False,False,True,False,True,False,False,False,False,True,False,False,False,False,False,False,5/25/2017 8:12:56 AM,FARRA1,921,1956
560,Commonwealth Ave,1B,Back Bay,08:00,12:00,Odd,Arlington St,Massachusetts Ave,0.928598484848485,,False,True,False,True,False,False,False,True,False,False,False,False,False,False,False,False,2/14/2012 8:36:32 AM,COMMO1,0,4903
561,Commonwealth Ave,4,Allston/Brighton,08:00,12:00,Odd,Brighton Av,Kelton St,0.888257575757576,,False,True,True,True,True,True,False,False,False,False,True,False,False,False,False,False,2/14/2012 8:36:32 AM,COMMO1,14762,19452
562,Common St,1C,Charlestown,08:00,12:00,Even,Winthrop St,Adams St,9.46969696969697E-02,,False,False,True,False,True,False,False,False,False,True,False,False,False,False,False,False,2/14/2012 8:36:32 AM,COMMO4,0,500
563,Common St,1C,Charlestown,08:00,12:00,Odd,Winthrop St,Adams St,9.46969696969697E-02,,False,True,False,True,False,False,False,False,False,True,False,False,False,False,False,False,2/14/2012 8:36:32 AM,COMMO4,0,500
565,Commonwealth Ave,4,Allston/Brighton,00:01,07:00,Odd Side Median,Washington St,Chestnut Hill Ave,0.713257575757576,,True,True,True,True,True,True,False,False,False,False,True,False,False,False,True,False,2/14/2012 8:36:32 AM,COMMO5,21390,25156
566,Gallivan Blvd,99,DCR,08:00,12:00,Even,Washington St,Neponset Ave,1.44185606060606,,False,True,False,False,False,False,False,True,False,False,False,False,False,False,False,False,2/29/2012 10:06:53 AM,GALLI1,3092,10705
567,Friend St,1W,West End,00:01,07:00,,Market St,Causeway St,0.170643939393939,,True,True,True,True,True,True,True,True,True,True,True,True,True,True,True,False,2/29/2012 10:06:53 AM,FRIEN1,0,901
568,Franklin St,4,Allston/Brighton,08:00,12:00,Odd,Cambridge St,Dead End,4.81060606060606E-02,,False,True,False,True,False,False,False,True,False,False,False,False,False,False,False,False,2/14/2012 8:36:32 AM,FRANK17,0,254
569,East Broadway,5,South Boston,05:00,07:00,Even,Dorchester St,I St,0.283522727272727,,False,True,True,True,True,True,False,False,True,False,False,False,False,False,False,False,2/29/2012 10:06:53 AM,E BRO1,0,1497
570,Frawley St,10M,Mission Hill,12:00,16:00,Even,Huntington Ave,Hillside St,0.10719696969697,,False,False,True,False,True,False,False,False,False,True,False,False,False,False,False,False,8/13/2018 3:21:01 PM,FRAWL1,0,566
571,Francis St,10M,Mission Hill,08:00,12:00,Even,Huntington Ave,Brookline Ave,0.295454545454545,,False,False,True,False,True,False,False,False,False,True,False,False,False,False,False,False,4/11/2016 3:35:00 PM,FRANC2,27,1587
572,Commonwealth Ave,4,Allston/Brighton,08:00,12:00,Odd,Comm Ave Service Rd,Kelton St,0.917045454545455,,False,True,True,True,True,True,False,True,False,False,False,False,False,False,False,False,6/28/2021 12:43:36 PM,COMMO5,14610,19452
573,Commonwealth Ave,M,Multiple,00:01,07:00,Odd,Kenmore St,Chestnut Hill Ave,3.50625,,True,True,True,True,True,True,False,False,False,False,True,False,False,False,True,False,2/14/2012 8:36:32 AM,COMMO5,6643,25156
575,Commonwealth Ave,M,Multiple,00:01,07:00,Even,Kenmore St,Chestnut Hill Ave,3.50625,,True,True,True,True,True,True,False,True,False,False,False,False,False,False,True,False,2/14/2012 8:36:32 AM,COMMO5,6643,25156
576,Commonwealth Ave,4,Allston/Brighton,12:00,16:00,Even,Washington St,Chestnut Hill Ave,0.713257575757576,,False,False,True,False,True,False,False,False,False,True,False,False,False,False,False,False,2/14/2012 8:36:32 AM,COMMO5,21390,25156
577,East Cottage St,3,North Dorchester,12:00,16:00,Odd,Pleasant St,Dorchester Ave,0.118560606060606,,False,True,False,True,False,False,False,False,False,False,False,True,False,False,False,False,2/14/2012 8:36:32 AM,E COT1,3987,4613
578,Concord Sq,1S,South End,08:00,12:00,Odd,Tremont St,Columbus Ave,0.146401515151515,,False,True,False,True,False,True,False,False,False,True,False,False,False,False,False,True,2/14/2012 8:36:32 AM,CONCO2,0,773
579,Concord Sq,1S,South End,08:00,12:00,Even,Tremont St,Columbus Ave,0.146401515151515,,False,False,True,False,True,False,False,False,False,True,False,False,False,False,False,True,2/14/2012 8:36:32 AM,CONCO2,0,773
580,Concord St,1C,Charlestown,12:00,16:00,Even,Monument Sq,Bunker Hill St,8.57954545454546E-02,,False,True,False,True,False,False,False,False,False,True,False,False,False,False,False,False,6/15/2022 8:24:54 AM,CONCO3,0,453
581,Concord St,1C,Charlestown,12:00,16:00,Odd,Monument Sq,Bunker Hill St,8.57954545454546E-02,,False,False,True,False,True,False,False,False,False,True,False,False,False,False,False,False,6/15/2022 8:24:50 AM,CONCO3,0,453
582,Condor St,9,East Boston,08:00,12:00,Odd,Meridian St,East Eagle St,0.620075757575758,,False,False,True,False,True,False,False,False,True,False,False,False,False,False,False,False,2/14/2012 8:36:32 AM,CONDO1,267,3541
583,Condor St,9,East Boston,08:00,12:00,Even,Meridian St,East Eagle St,0.620075757575758,,False,True,False,True,False,False,False,False,True,False,False,False,False,False,False,False,2/14/2012 8:36:32 AM,CONDO1,267,3541
584,Congress St,5,South Boston,00:01,07:00,,Atlantic Ave,Dorchester Ave,0.11155303030303,,False,True,True,True,True,True,True,True,True,True,True,True,True,True,True,False,2/29/2012 10:06:53 AM,CONGR1,3569,4158
585,Congress St,1F,Downtown,00:01,07:00,,Water St,Atlantic Ave,0.316666666666667,,True,True,True,True,True,True,True,True,True,True,True,True,True,True,True,False,2/29/2012 10:06:53 AM,CONGR1,1897,3569
586,Congress St,5,South Boston,00:01,07:00,,Dorchester Ave,East Service Road,0.412310606060606,,False,True,True,True,True,True,True,True,True,True,True,True,True,True,True,False,2/29/2012 10:06:53 AM,CONGR1,4158,6335
587,Congress St,1F,Downtown,00:01,07:00,Even Side Median,Sudbury St,State St,0.26875,,False,True,True,True,True,True,True,True,True,True,True,True,True,True,True,False,2/29/2012 10:06:53 AM,CONGR1,0,1419
588,Congress St,1F,Downtown,00:01,07:00,,Sudbury St,Water St,0.359280303030303,,False,True,True,True,True,True,True,True,True,True,True,True,True,True,True,False,2/29/2012 10:06:53 AM,CONGR1,0,1897
589,Constitution Rd,7,South Dorchester,12:00,16:00,Even,Faunce Rd,Dead End,6.00378787878788E-02,,False,False,True,False,True,False,False,False,False,False,True,False,False,False,False,False,2/14/2012 8:36:32 AM,CONST2,0,317
590,Constitution Rd,7,South Dorchester,12:00,16:00,Odd,Faunce Rd,Dead End,6.00378787878788E-02,,False,True,False,True,False,False,False,False,False,False,True,False,False,False,False,False,2/14/2012 8:36:32 AM,CONST2,0,317
591,Cook St,1C,Charlestown,08:00,12:00,Even,Bunker Hill St,Medford St,0.128598484848485,,False,False,True,False,True,False,False,False,False,False,True,False,False,False,False,False,2/14/2012 8:36:32 AM,COOK 1,0,679
592,Cook St,1C,Charlestown,08:00,12:00,Odd,Bunker Hill St,Medford St,0.128598484848485,,False,True,False,True,False,False,False,False,False,False,True,False,False,False,False,False,2/14/2012 8:36:32 AM,COOK 1,0,679
593,Cooper St,1N,North End,12:00,16:00,Even,Salem St,North Washington St,0.1375,,False,False,True,False,True,False,False,False,False,False,False,True,False,False,False,True,7/1/2019 10:31:40 AM,COOPE1,0,726
594,Cooper St,1N,North End,12:00,16:00,Odd,Salem St,North Washington St,0.1375,,False,True,False,True,False,False,False,False,False,False,False,True,False,False,False,True,7/1/2019 10:31:36 AM,COOPE1,0,726
595,Copeland St,10R,Roxbury,08:00,12:00,Even,Warren St,Moreland St,0.218181818181818,,False,False,True,False,True,False,False,False,True,False,False,False,False,False,False,False,4/12/2016 10:32:30 AM,COPEL2,0,1152
596,Copeland St,10R,Roxbury,08:00,12:00,Odd,Warren St,Moreland St,0.218181818181818,,False,True,False,True,False,False,False,False,True,False,False,False,False,False,False,False,2/14/2012 8:36:32 AM,COPEL2,0,1152
597,Copley St,2,Jamaica Plain,08:00,12:00,Even,School St,Dead End,8.63636363636364E-02,,False,False,True,False,True,False,False,False,False,False,False,True,False,False,False,False,2/14/2012 8:36:32 AM,COPLE1,0,456
598,Copley St,2,Jamaica Plain,08:00,12:00,Odd,School St,Dead End,8.63636363636364E-02,,False,True,False,True,False,False,False,False,False,False,False,True,False,False,False,False,2/14/2012 8:36:32 AM,COPLE1,0,456
599,Cordis St,1C,Charlestown,08:00,12:00,Even,Warren St,High St,0.105681818181818,,False,False,True,False,True,False,False,False,False,True,False,False,False,False,False,False,2/14/2012 8:36:32 AM,CORDI1,0,558
600,Cordis St,1C,Charlestown,08:00,12:00,Odd,Warren St,High St,0.105681818181818,,False,True,False,True,False,False,False,False,False,True,False,False,False,False,False,False,2/14/2012 8:36:32 AM,CORDI1,0,558
601,Corey Rd,4,Allston/Brighton,08:00,12:00,Even,Cummings Rd,Washington St,0.201325757575758,,False,False,True,False,True,False,False,False,False,True,False,False,False,False,False,False,6/20/2013 2:40:23 PM,COREY1,0,1063
602,Corey Rd,4,Allston/Brighton,08:00,12:00,Odd,Cummings Rd,Washington St,0.201325757575758,,False,True,False,True,False,False,False,False,False,True,False,False,False,False,False,False,6/20/2013 2:40:10 PM,COREY1,0,1063
603,Corey St,1C,Charlestown,08:00,12:00,Even,Moulton St,Medford St,0.14469696969697,,False,False,True,False,True,False,False,False,False,False,True,False,False,False,False,False,2/14/2012 8:36:32 AM,COREY2,0,764
604,East Cottage St,3,North Dorchester,12:00,16:00,Even,Columbia Rd,Pleasant St,0.186174242424242,,False,False,True,False,True,False,False,False,False,False,False,True,False,False,False,False,2/14/2012 8:36:32 AM,E COT1,3004,3987
605,Corey St,1C,Charlestown,08:00,12:00,Odd,Moulton St,Medford St,0.14469696969697,,False,True,False,True,False,False,False,False,False,False,True,False,False,False,False,False,2/14/2012 8:36:32 AM,COREY2,0,764
606,Cornwall St,2,Jamaica Plain,08:00,12:00,Odd,Washington St,Amory St,0.175757575757576,,False,True,False,True,False,False,False,True,False,False,False,False,False,False,False,False,2/14/2012 8:36:32 AM,CORNW1,0,928
607,East Eighth St,5,South Boston,09:00,13:00,Odd,G St,K St,0.34905303,,False,True,False,True,False,False,False,False,False,False,True,False,False,False,False,False,8/17/2020 9:14:58 AM,E EIG1,2086,3929
608,Cornwall St,2,Jamaica Plain,08:00,12:00,Even,Washington St,Amory St,0.175757575757576,,False,False,True,False,True,False,False,True,False,False,False,False,False,False,False,False,2/14/2012 8:36:32 AM,CORNW1,0,928
609,Corwin St,3,North Dorchester,08:00,12:00,Even,Arcadia St,Westville St,0.110984848484848,,False,False,True,False,True,False,False,False,False,False,True,False,False,False,False,False,2/14/2012 8:36:32 AM,CORWI1,0,586
610,Corwin St,3,North Dorchester,08:00,12:00,Odd,Arcadia St,Westville St,0.110984848484848,,False,True,False,True,False,False,False,False,False,False,True,False,False,False,False,False,2/14/2012 8:36:32 AM,CORWI1,0,586
611,Cottage St,9,East Boston,08:00,12:00,Even,Marginal St,Porter St,0.425189393939394,,False,False,True,False,True,False,False,False,False,False,True,False,False,False,False,False,2/14/2012 8:36:32 AM,COTTA2,0,2245
612,Cottage St,9,East Boston,08:00,12:00,Odd,Marginal St,Porter St,0.425189393939394,,False,True,False,True,False,False,False,False,False,False,True,False,False,False,False,False,2/14/2012 8:36:32 AM,COTTA2,0,2245
613,East Eighth St,5,South Boston,13:00,17:00,Odd,Dorchester St,G St,0.395075757,,False,True,False,True,False,False,False,False,False,False,True,False,False,False,False,False,4/23/2018 12:51:39 PM,E EIG1,0,2086
614,Cotting St,1W,West End,00:01,07:00,,Lomasney Way,Nashua St,0.075,,False,True,True,True,True,True,True,True,True,True,True,True,True,True,True,False,2/29/2012 10:06:53 AM,COTTI1,0,396
615,Gannett St,10R,Roxbury,08:00,12:00,Even,Holborn St,Gaston St,9.54545454545455E-02,,False,False,True,False,True,False,False,False,False,False,False,True,False,False,False,False,2/14/2012 8:36:32 AM,GANNE1,0,504
616,Gannett St,10R,Roxbury,08:00,12:00,Odd,Holborn St,Gaston St,9.54545454545455E-02,,False,True,False,True,False,False,False,False,False,False,False,True,False,False,False,False,2/14/2012 8:36:32 AM,GANNE1,0,504
617,Frontenac St,7,South Dorchester,08:00,12:00,Odd,Blue Hill Ave,Lucerne St,9.71590909090909E-02,,False,True,False,True,False,False,False,False,False,True,False,False,False,False,False,False,2/14/2012 8:36:32 AM,FRONT1,0,513
618,Franklin St,4,Allston/Brighton,08:00,12:00,Even,Cambridge St,Dead End,4.81060606060606E-02,,False,False,True,False,True,False,False,True,False,False,False,False,False,False,False,False,2/14/2012 8:36:32 AM,FRANK17,0,254
619,Countryside Dr,7,South Dorchester,12:00,16:00,Odd,Morton St,Dead End,8.78787878787879E-02,,False,True,False,True,False,False,False,False,False,False,True,False,False,False,False,False,2/14/2012 8:36:32 AM,COUNT1,0,464
620,Countryside Dr,7,South Dorchester,12:00,16:00,Even,Morton St,Dead End,8.78787878787879E-02,,False,False,True,False,True,False,False,False,False,False,True,False,False,False,False,False,2/14/2012 8:36:32 AM,COUNT1,0,464
621,Court Sq,1F,Downtown,00:01,07:00,,Court St,Court St,0.129734848484848,,True,True,True,True,True,True,True,True,True,True,True,True,True,True,True,False,2/29/2012 10:06:53 AM,COURT1,0,685
622,Court St,1F,Downtown,00:01,07:00,,Washington St,Tremont St,0.116098484848485,,True,True,True,True,True,True,True,True,True,True,True,True,True,True,True,False,2/29/2012 10:06:53 AM,COURT2,0,613
623,Courtland Rd,7,South Dorchester,08:00,12:00,Even,Morton St,Harvard St,0.135227272727273,,False,False,True,False,True,False,False,False,True,False,False,False,False,False,False,False,2/14/2012 8:36:32 AM,COURT3,0,714
624,Courtland Rd,7,South Dorchester,08:00,12:00,Odd,Morton St,Harvard St,0.135227272727273,,False,True,False,True,False,False,False,False,True,False,False,False,False,False,False,False,2/14/2012 8:36:32 AM,COURT3,0,714
625,Covington St,5,South Boston,09:00,13:00,Even,Columbia Rd,East Eighth St,7.65151515151515E-02,,False,False,True,False,True,False,False,False,False,False,True,False,False,False,False,False,2/14/2012 8:36:32 AM,COVIN1,0,404
627,Covington St,5,South Boston,09:00,13:00,Odd,Columbia Rd,East Eighth St,7.65151515151515E-02,,False,True,False,True,False,False,False,False,False,False,True,False,False,False,False,False,2/14/2012 8:36:32 AM,COVIN1,0,404
628,Cragmere Ter,7,South Dorchester,12:00,16:00,Even,Gladeside Ave,Ridgeview Ave,7.95454545454545E-02,,False,False,True,False,True,False,False,False,False,False,True,False,False,False,False,False,2/14/2012 8:36:32 AM,CRAGM1,0,420
629,Cragmere Ter,7,South Dorchester,12:00,16:00,Odd,Gladeside Ave,Ridgeview Ave,7.95454545454545E-02,,False,True,False,True,False,False,False,False,False,False,True,False,False,False,False,False,2/14/2012 8:36:32 AM,CRAGM1,0,420
630,Cranston St,2,Jamaica Plain,08:00,12:00,Even,Sheridan St,Sheridan St,0.203977272727273,,False,False,True,False,True,False,False,True,False,False,False,False,False,False,False,False,2/14/2012 8:36:32 AM,CRANS1,0,1077
631,Cranston St,2,Jamaica Plain,08:00,12:00,Odd,Sheridan St,Sheridan St,0.203977272727273,,False,True,False,True,False,False,False,True,False,False,False,False,False,False,False,False,2/14/2012 8:36:32 AM,CRANS1,0,1077
632,Crawford St,10R,Roxbury,08:00,12:00,Even,Warren St,Elm Hill Ave,0.160606060606061,,False,False,True,False,True,False,False,False,False,False,False,True,False,False,False,False,2/14/2012 8:36:32 AM,CRAWF1,0,848
633,Father Francis J Gilday St,1S,South End,12:00,16:00,Odd,East Concord St,East Newton St,9.52651515151515E-02,,False,True,False,True,False,True,False,False,False,False,True,False,False,False,False,True,2/14/2012 8:36:32 AM,FATHE3,0,503
634,East Fifth St,5,South Boston,09:00,13:00,Even,G St,K St,0.349242424242424,,False,False,True,False,True,False,False,False,False,False,True,False,False,False,False,False,2/14/2012 8:36:32 AM,E FIF1,0,1844
635,Crawford St,10R,Roxbury,08:00,12:00,Odd,Warren St,Elm Hill Ave,0.160606060606061,,False,True,False,True,False,False,False,False,False,False,False,True,False,False,False,False,2/14/2012 8:36:32 AM,CRAWF1,0,848
636,Crawford St,10R,Roxbury,12:00,16:00,Even,Elm Hill Ave,Humboldt Ave,0.2125,,False,False,True,False,True,False,False,False,False,False,False,True,False,False,False,False,2/14/2012 8:36:32 AM,CRAWF1,848,1970
637,Crawford St,10R,Roxbury,12:00,16:00,Odd,Elm Hill Ave,Humboldt Ave,0.2125,,False,True,False,True,False,False,False,False,False,False,False,True,False,False,False,False,2/14/2012 8:36:32 AM,CRAWF1,848,1970
638,Creighton St,2,Jamaica Plain,12:00,16:00,Even,Centre St,Day St,0.163825757575758,,False,False,True,False,True,False,False,False,True,False,False,False,False,False,False,False,9/8/2017 11:27:36 AM,CREIG1,0,865
640,Creighton St,2,Jamaica Plain,12:00,16:00,Odd,Centre St,Day St,0.163825757575758,,False,True,False,True,False,False,False,False,True,False,False,False,False,False,False,False,9/8/2017 11:27:28 AM,CREIG1,0,865
641,Crescent Ave,3,North Dorchester,08:00,12:00,Even,Dorchester Ave,Sydney St,0.215151515151515,,False,False,True,False,True,False,False,True,False,False,False,False,False,False,False,False,6/4/2019 10:16:11 AM,CRESC2,0,1136
642,Crescent Ave,3,North Dorchester,08:00,12:00,Odd,Dorchester Ave,Sydney St,0.215151515151515,,False,True,False,True,False,False,False,True,False,False,False,False,False,False,False,False,6/4/2019 10:15:48 AM,CRESC2,0,1136
643,Creston St,3,North Dorchester,12:00,16:00,Even,Blue Hill Ave,Normandy St,0.133333333333333,,False,False,True,False,True,False,False,False,False,True,False,False,False,False,False,False,6/13/2013 3:57:32 PM,CREST4,0,704
644,Frontenac St,7,South Dorchester,08:00,12:00,Even,Blue Hill Ave,Lucerne St,9.71590909090909E-02,,False,False,True,False,True,False,False,False,False,True,False,False,False,False,False,False,2/14/2012 8:36:32 AM,FRONT1,0,513
645,Frankfort St,9,East Boston,08:00,12:00,Odd,Maverick St,Porter St,0.231628787878788,,False,True,False,True,False,False,False,False,False,False,True,False,False,False,False,False,2/14/2012 8:36:32 AM,FRANK4,0,1223
646,Frankfort St,9,East Boston,08:00,12:00,Even,Maverick St,Porter St,0.231628787878788,,False,False,True,False,True,False,False,False,False,False,True,False,False,False,False,False,2/14/2012 8:36:32 AM,FRANK4,0,1223
647,East Fifth St,5,South Boston,09:00,13:00,Odd,G St,K St,0.349242424242424,,False,True,False,True,False,False,False,False,False,False,True,False,False,False,False,False,2/14/2012 8:36:32 AM,E FIF1,0,1844
648,Creston St,3,North Dorchester,12:00,16:00,Odd,Blue Hill Ave,Normandy St,0.133333333333333,,False,True,False,True,False,False,False,False,False,True,False,False,False,False,False,False,6/13/2013 3:57:26 PM,CREST4,0,704
649,Cross St,1C,Charlestown,12:00,16:00,Even,High St,Bartlett St,8.73106060606061E-02,,False,False,True,False,True,False,False,False,False,True,False,False,False,False,False,False,2/14/2012 8:36:32 AM,CROSS1,0,461
650,Cross St,1C,Charlestown,12:00,16:00,Odd,High St,Bartlett St,8.73106060606061E-02,,False,True,False,True,False,False,False,False,False,True,False,False,False,False,False,False,2/14/2012 8:36:32 AM,CROSS1,0,461
651,Crossman St,7,South Dorchester,12:00,16:00,Even,Babson St,West Selden St,0.13844696969697,,False,False,True,False,True,False,False,False,False,False,True,False,False,False,False,False,2/14/2012 8:36:32 AM,CROSS4,0,731
652,Crossman St,7,South Dorchester,12:00,16:00,Odd,Babson St,West Selden St,0.13844696969697,,False,True,False,True,False,False,False,False,False,False,True,False,False,False,False,False,2/14/2012 8:36:32 AM,CROSS4,0,731
653,Cumberland St,1B,Back Bay,08:00,12:00,Odd,Huntington Ave,Dead End,0.118939393939394,,False,True,False,True,False,False,False,False,False,False,False,True,False,False,False,False,2/14/2012 8:36:32 AM,CUMBE1,0,628
654,East Cottage St,3,North Dorchester,08:00,12:00,Odd,Dudley St,Columbia Rd,0.568939393939394,,False,True,False,True,False,False,False,False,False,False,False,True,False,False,False,False,2/14/2012 8:36:32 AM,E COT1,0,3004
655,East First St,5,South Boston,13:00,17:00,Even,West First St,Farragut Rd,0,,False,True,True,True,True,True,False,False,False,False,False,True,False,False,False,False,2/14/2012 8:36:32 AM,E FIR1,0,5215
656,Cumberland St,1B,Back Bay,08:00,12:00,Even,Huntington Ave,Dead End,0.118939393939394,,False,False,True,False,True,False,False,False,False,False,False,True,False,False,False,False,2/14/2012 8:36:32 AM,CUMBE1,0,628
657,Cummings Rd,4,Allston/Brighton,08:00,12:00,Even,Corey Rd,Commonwealth Ave,0.195643939393939,,False,False,True,False,True,False,False,False,False,True,False,False,False,False,False,False,2/14/2012 8:36:32 AM,CUMMI1,0,1033
658,Cummings Rd,4,Allston/Brighton,08:00,12:00,Odd,Corey Rd,Commonwealth Ave,0.195643939393939,,False,True,False,True,False,False,False,False,False,True,False,False,False,False,False,False,2/14/2012 8:36:32 AM,CUMMI1,0,1033
659,Curtis St,9,East Boston,12:00,16:00,Even,Saratoga St,Chaucer St,4.81060606060606E-02,,False,False,True,False,True,False,False,False,False,False,False,True,False,False,False,False,2/14/2012 8:36:32 AM,CURTI1,207,461
660,Curtis St,9,East Boston,12:00,16:00,Odd,Saratoga St,Chaucer St,4.81060606060606E-02,,False,True,False,True,False,False,False,False,False,False,False,True,False,False,False,False,2/14/2012 8:36:32 AM,CURTI1,207,461
661,Cushing Ave,3,North Dorchester,12:00,16:00,Odd,Columbia Rd,Sawyer Ave,0.452651515151515,,False,True,False,True,False,False,False,False,False,False,False,True,False,False,False,False,2/14/2012 8:36:32 AM,CUSHI1,0,2390
662,Fleet St,1N,North End,12:00,16:00,Even,Hanover St,Commercial St,0.133143939393939,,False,False,True,False,True,False,False,False,False,False,False,True,False,False,False,True,7/1/2019 10:32:12 AM,FLEET1,0,703
663,Cushing Ave,3,North Dorchester,12:00,16:00,Even,Columbia Rd,Sawyer Ave,0.452651515151515,,False,False,True,False,True,False,False,False,False,False,False,True,False,False,False,False,2/14/2012 8:36:32 AM,CUSHI1,0,2390
664,Custom House St,1F,Downtown,00:01,07:00,,Broad St,India St,4.90530303030303E-02,,False,True,True,True,True,True,True,True,True,True,True,True,True,True,True,False,2/29/2012 10:06:53 AM,CUSTO1,166,425
665,D St,5,South Boston,09:00,13:00,Even,West Broadway,West First St,0.173295454545455,,False,True,True,True,True,True,False,False,False,False,False,True,False,False,False,False,2/14/2012 8:36:32 AM,D ST 1,2519,3434
666,D St,5,South Boston,13:00,17:00,Odd,West Broadway,West First St,0.173295454545455,,False,True,True,True,True,True,False,False,False,False,False,True,False,False,False,False,2/14/2012 8:36:32 AM,D ST 1,2519,3434
667,Dale St,10R,Roxbury,12:00,16:00,Even,Warren St,Washington St,0.461174242424242,,False,False,True,False,True,False,False,False,True,False,False,False,False,False,False,False,2/29/2012 10:06:53 AM,DALE 2,0,2435
668,Dale St,10R,Roxbury,12:00,16:00,Odd,Warren St,Washington St,0.461174242424242,,False,True,False,True,False,False,False,False,True,False,False,False,False,False,False,False,2/29/2012 10:06:53 AM,DALE 2,0,2435
669,Fayston St,3,North Dorchester,12:00,16:00,Odd,Blue Hill Ave,Mascoma St,0.248863636363636,,False,True,False,True,False,False,False,False,False,True,False,False,False,False,False,False,6/13/2013 3:52:45 PM,FAYST1,0,1314
670,Dalrymple St,2,Jamaica Plain,08:00,12:00,Odd,Egleston St,Boylston St,0.152462121212121,,False,True,False,True,False,False,False,True,False,False,False,False,False,False,False,False,4/11/2016 3:30:47 PM,DALRY1,0,805
671,Dalrymple St,2,Jamaica Plain,08:00,12:00,Even,Egleston St,Boylston St,0.152462121212121,,False,False,True,False,True,False,False,True,False,False,False,False,False,False,False,False,4/11/2016 3:30:41 PM,DALRY1,0,805
672,Dalton St,1B,Back Bay,00:01,07:00,,Belvidere St,Boylston St,0.141856060606061,,False,True,True,True,True,True,True,True,True,True,True,True,True,True,True,False,2/29/2012 10:06:53 AM,DALTO1,283,1032
673,Danforth St,2,Jamaica Plain,08:00,12:00,Odd,Wyman St,Paul Gore St,9.24242424242424E-02,,False,True,False,True,False,False,False,True,False,False,False,False,False,False,False,False,2/14/2012 8:36:32 AM,DANFO1,0,488
674,Garden St,1H,Beacon Hill,08:00,12:00,Even,Cambridge St,Myrtle St,0.125,,False,False,True,False,True,False,False,True,False,False,False,False,False,False,False,True,2/14/2012 8:36:32 AM,GARDE2,0,660
675,Fruit St,1H,Beacon Hill,00:01,07:00,,North Grove St,Charles St,0.100189393939394,,False,True,True,True,True,True,True,True,True,True,True,True,True,True,True,True,2/29/2012 10:06:53 AM,FRUIT1,0,529
676,Franklin St,1F,Downtown,00:01,07:00,,Hawley St,Devonshire St,8.65530303030303E-02,,False,True,True,True,True,True,True,True,True,True,True,True,True,True,True,False,2/29/2012 10:06:53 AM,FRANK8,269,726
677,Fordham Rd,4,Allston/Brighton,12:00,16:00,Even,Brighton Av,Commonwealth Ave,0.122537878787879,,False,False,True,False,True,False,False,False,False,False,True,False,False,False,False,False,2/14/2012 8:36:32 AM,FORDH1,0,647
678,Danforth St,2,Jamaica Plain,08:00,12:00,Even,Wyman St,Paul Gore St,9.24242424242424E-02,,False,False,True,False,True,False,False,True,False,False,False,False,False,False,False,False,2/14/2012 8:36:32 AM,DANFO1,0,488
679,Dania St,7,South Dorchester,12:00,16:00,Even,Cookson Ter,Faunce Rd,0.155871212121212,,False,False,True,False,True,False,False,False,False,False,True,False,False,False,False,False,2/14/2012 8:36:32 AM,DANIA1,0,823
680,Dania St,7,South Dorchester,12:00,16:00,Odd,Cookson Ter,Faunce Rd,0.155871212121212,,False,True,False,True,False,False,False,False,False,False,True,False,False,False,False,False,2/14/2012 8:36:32 AM,DANIA1,0,823
681,East Brookline St,1S,South End,12:00,16:00,Odd,Washington St,Albany St,0.268560606060606,,False,True,False,True,False,True,False,False,False,False,True,False,False,False,False,True,3/10/2023 8:39:13 AM,E BRO2,0,1418
682,East Broadway,5,South Boston,13:00,17:00,Even,L St,Farragut Rd,0.530681818181818,,False,False,True,False,True,False,False,False,False,False,False,True,False,False,False,False,2/14/2012 8:36:32 AM,E BRO1,2717,5519
683,Darling St,10M,Mission Hill,12:00,16:00,Even,Calumet St,Hillside St,8.69318181818182E-02,,False,False,True,False,True,False,False,False,False,True,False,False,False,False,False,False,4/11/2017 12:07:10 PM,DARLI1,0,459
684,Darling St,10M,Mission Hill,12:00,16:00,Odd,Calumet St,Hillside St,8.69318181818182E-02,,False,True,False,True,False,False,False,False,False,True,False,False,False,False,False,False,4/11/2017 12:07:23 PM,DARLI1,0,459
685,Darlington St,7,South Dorchester,08:00,12:00,Even,Norfolk St,Southern Ave,9.52651515151515E-02,,False,False,True,False,True,False,False,False,False,True,False,False,False,False,False,False,9/13/2017 2:41:06 PM,DARLI2,0,503
686,Darlington St,7,South Dorchester,08:00,12:00,Odd,Norfolk St,Southern Ave,9.52651515151515E-02,,False,True,False,True,False,False,False,False,False,True,False,False,False,False,False,False,9/13/2017 2:41:17 PM,DARLI2,0,503
687,Dartmouth St,1B,Back Bay,00:01,07:00,Even Side Median,Huntington Ave,Boylston St,6.00378787878788E-02,,False,True,True,True,True,True,True,True,True,True,True,True,True,True,True,False,2/14/2012 8:36:32 AM,DARTM2,2503,2820
688,Dartmouth St,1B,Back Bay,05:00,07:00,Odd,Columbus Ave,Stuart St,0.180681818181818,,False,True,False,True,False,True,False,False,False,False,False,True,False,False,True,False,3/20/2017 2:44:10 PM,DARTM2,1168,2122
689,Floyd St,7,South Dorchester,08:00,12:00,Odd,Blue Hill Ave,Callender St,0.301136363636364,,False,True,False,True,False,False,False,False,True,False,False,False,False,False,False,False,4/23/2015 9:36:52 AM,FLOYD1,0,1590
690,Dartmouth St,1B,Back Bay,06:00,08:00,Odd,Commonwealth Ave,Beacon St,0.11780303030303,,False,True,False,True,False,False,False,False,False,True,False,False,False,False,False,False,4/11/2016 10:16:49 AM,DARTM2,3580,4202
691,East First St,5,South Boston,09:00,13:00,Odd,Summer St,Farragut Rd,0.531439393939394,,False,True,True,True,True,True,False,False,False,True,False,False,False,False,False,False,2/14/2012 8:36:32 AM,E FIR1,2409,5215
692,Dartmouth St,1B,Back Bay,06:00,08:00,Even,Commonwealth Ave,Beacon St,0.11780303030303,,False,False,True,False,True,False,False,False,False,True,False,False,False,False,False,False,4/11/2016 10:16:59 AM,DARTM2,3580,4202
693,Dartmouth St,1B,Back Bay,05:00,07:00,Odd,Columbus Ave,Huntington Ave,0.312878787878788,,False,True,False,True,False,True,False,False,False,False,False,True,False,False,False,False,2/14/2012 8:36:32 AM,DARTM2,1168,2503
694,Dartmouth St,1B,Back Bay,05:00,07:00,Even,SW Corridor Path,Huntington Ave,0.1625,,False,True,True,True,True,True,False,False,False,False,False,True,False,False,False,False,2/14/2012 8:36:32 AM,DARTM2,1645,2503
695,Dartmouth St,1S,South End,08:00,12:00,Odd,Tremont St,Columbus Ave,0.221212121212121,,False,True,True,True,True,True,False,False,False,True,False,False,False,False,False,True,4/17/2015 8:07:56 AM,DARTM2,0,1168
696,Dartmouth St,1B,Back Bay,06:00,08:00,Odd,Boylston St,Commonwealth Ave,0.143939393939394,,False,True,False,True,False,False,False,True,False,False,False,False,False,False,False,False,5/20/2021 9:33:09 AM,DARTM2,2820,3580
697,Dartmouth St,1B,Back Bay,06:00,08:00,Even,Boylston St,Commonwealth Ave,0.143939393939394,,False,False,True,False,True,False,False,True,False,False,False,False,False,False,False,False,5/20/2021 9:33:02 AM,DARTM2,2820,3580
698,Dartmouth St,1S,South End,08:00,12:00,Even,Tremont St,Columbus Ave,0.221212121212121,,False,True,True,True,True,True,False,False,False,False,False,True,False,False,False,True,4/8/2015 11:16:13 AM,DARTM2,0,1168
699,Federal St,1F,Downtown,02:00,07:00,,High St,Milk St,0.218371212121212,,True,True,True,True,True,True,True,True,True,True,True,True,True,True,True,False,7/18/2016 1:43:02 PM,FEDER1,0,1153
700,Davidson Ave,3,North Dorchester,12:00,16:00,Even,Richfield St,Dead End,3.40909090909091E-02,,False,False,True,False,True,False,False,False,False,True,False,False,False,False,False,False,6/13/2013 3:45:11 PM,DAVID2,0,180
701,Davidson Ave,3,North Dorchester,12:00,16:00,Odd,Richfield St,Dead End,3.40909090909091E-02,,False,True,False,True,False,False,False,False,False,True,False,False,False,False,False,False,6/13/2013 3:45:04 PM,DAVID2,0,180
702,Davitt St,3,North Dorchester,12:00,16:00,Even,Savin Hill Ave,Dead End,5.64393939393939E-02,,False,False,True,False,True,False,False,True,False,False,False,False,False,False,False,False,6/13/2013 4:16:33 PM,DAVIT1,0,298
703,Davitt St,3,North Dorchester,12:00,16:00,Odd,Savin Hill Ave,Dead End,5.64393939393939E-02,,False,True,False,True,False,False,False,True,False,False,False,False,False,False,False,False,6/13/2013 4:16:27 PM,DAVIT1,0,298
704,Dawes St,3,North Dorchester,12:00,16:00,Even,East Cottage St,Willis St,8.56060606060606E-02,,False,False,True,False,True,False,False,False,False,False,False,True,False,False,False,False,2/14/2012 8:36:32 AM,DAWES1,0,452
705,Dawes St,3,North Dorchester,12:00,16:00,Odd,East Cottage St,Willis St,8.56060606060606E-02,,False,True,False,True,False,False,False,False,False,False,False,True,False,False,False,False,2/14/2012 8:36:32 AM,DAWES1,0,452
706,Dawson St,7,South Dorchester,08:00,12:00,Odd,Monsignor Patrick J Lydon Way,Mallet St,5.87121212121212E-02,,False,True,False,True,False,False,False,True,False,False,False,False,False,False,False,False,2/14/2012 8:36:32 AM,DAWSO1,0,310
707,Dawson St,7,South Dorchester,08:00,12:00,Even,Monsignor Patrick J Lydon Way,Mallet St,5.87121212121212E-02,,False,False,True,False,True,False,False,True,False,False,False,False,False,False,False,False,2/14/2012 8:36:32 AM,DAWSO1,0,310
708,Day St,2,Jamaica Plain,12:00,16:00,Odd,Minden St,Perkins St,0.284659090909091,,False,True,False,True,False,False,False,False,True,False,False,False,False,False,False,False,6/13/2016 10:16:26 AM,DAY S1,0,1503
709,Day St,2,Jamaica Plain,12:00,16:00,Even,Minden St,Perkins St,0.284659090909091,,False,False,True,False,True,False,False,False,True,False,False,False,False,False,False,False,6/13/2016 10:16:30 AM,DAY S1,0,1503
710,Dayton St,7,South Dorchester,12:00,16:00,Even,Nixon St,Clementine Park,3.78787878787879E-02,,False,False,True,False,True,False,False,False,False,True,False,False,False,False,False,False,2/14/2012 8:36:32 AM,DAYTO1,0,200
711,Dayton St,7,South Dorchester,12:00,16:00,Odd,Nixon St,Clementine Park,3.78787878787879E-02,,False,True,False,True,False,False,False,False,False,True,False,False,False,False,False,False,2/14/2012 8:36:32 AM,DAYTO1,0,200
712,Decatur St,9,East Boston,08:00,12:00,Even,Border St,Havre St,0.120075757575758,,False,False,True,False,True,False,False,False,False,True,False,False,False,False,False,False,2/14/2012 8:36:32 AM,DECAT1,0,634
713,Decatur St,9,East Boston,08:00,12:00,Odd,Border St,Havre St,0.120075757575758,,False,True,False,True,False,False,False,False,False,True,False,False,False,False,False,False,2/14/2012 8:36:32 AM,DECAT1,0,634
714,Decatur St,1C,Charlestown,08:00,12:00,Even,Vine St,Medford St,0.189772727272727,,False,False,True,False,True,False,False,False,False,False,True,False,False,False,False,False,2/14/2012 8:36:32 AM,DECAT2,0,1002
715,Decatur St,1C,Charlestown,08:00,12:00,Odd,Vine St,Medford St,0.189772727272727,,False,True,False,True,False,False,False,False,False,False,True,False,False,False,False,False,2/14/2012 8:36:32 AM,DECAT2,0,1002
716,Deckard St,10R,Roxbury,12:00,16:00,Even,Warren St,Humboldt Ave,0.197348484848485,,False,False,True,False,True,False,False,False,False,False,False,True,False,False,False,False,2/14/2012 8:36:32 AM,DECKA1,0,1042
717,Deckard St,10R,Roxbury,12:00,16:00,Odd,Warren St,Humboldt Ave,0.197348484848485,,False,True,False,True,False,False,False,False,False,False,False,True,False,False,False,False,2/14/2012 8:36:32 AM,DECKA1,0,1042
718,East Dedham St,1S,South End,12:00,16:00,Odd,Harrison Ave,Albany St,0.154924242424242,,False,True,False,True,False,True,False,False,False,False,True,False,False,False,False,True,3/10/2023 8:42:11 AM,E DED1,0,818
719,East Dedham St,1S,South End,12:00,16:00,Even,Harrison Ave,Albany St,0.154924242424242,,False,False,True,False,True,False,False,False,False,False,True,False,False,False,False,True,3/10/2023 8:42:07 AM,E DED1,0,818
720,Deer St,3,North Dorchester,08:00,12:00,Even,Savin Hill Ave,Roach St,0.152651515151515,,False,False,True,False,True,False,False,False,False,False,False,True,False,False,False,False,5/14/2021 1:35:05 PM,DEER 1,0,806
722,East First St,5,South Boston,09:00,13:00,Odd,West First St,Summer St,0.356439393939394,,False,True,True,True,True,True,False,True,False,False,False,False,False,False,False,False,2/14/2012 8:36:32 AM,E FIR1,0,2409
723,Deer St,3,North Dorchester,08:00,12:00,Odd,Savin Hill Ave,Roach St,0.152651515151515,,False,True,False,True,False,False,False,False,False,False,False,True,False,False,False,False,5/14/2021 1:34:57 PM,DEER 1,0,806
724,Deering Rd,7,South Dorchester,08:00,12:00,Even,Blue Hill Ave,Harvard St,0.280113636363636,,False,False,True,False,True,False,False,False,True,False,False,False,False,False,False,False,2/14/2012 8:36:32 AM,DEERI1,0,1479
725,Deering Rd,7,South Dorchester,08:00,12:00,Odd,Blue Hill Ave,Harvard St,0.280113636363636,,False,True,False,True,False,False,False,False,True,False,False,False,False,False,False,False,2/14/2012 8:36:32 AM,DEERI1,0,1479
726,Delford St,2,Jamaica Plain,12:00,16:00,Even,Archdale Rd,Dead End,5.35984848484848E-02,,False,False,True,False,True,False,False,False,False,False,True,False,False,False,False,False,2/14/2012 8:36:32 AM,DELFO1,0,283
727,Firth Rd,2,Jamaica Plain,08:00,12:00,Odd,Washington St,Florence St,0.160606060606061,,False,True,False,True,False,False,False,False,False,False,True,False,False,False,False,False,2/14/2012 8:36:32 AM,FIRTH1,0,848
728,Delford St,2,Jamaica Plain,12:00,16:00,Odd,Archdale Rd,Dead End,5.35984848484848E-02,,False,True,False,True,False,False,False,False,False,False,True,False,False,False,False,False,2/14/2012 8:36:32 AM,DELFO1,0,283
729,Franklin St,1F,Downtown,00:01,07:00,,Devonshire St,Broad St,0.284090909090909,,True,True,True,True,True,True,True,True,True,True,True,True,True,True,True,False,2/29/2012 10:06:53 AM,FRANK8,726,2226
730,Fordham Rd,4,Allston/Brighton,12:00,16:00,Odd,Brighton Av,Commonwealth Ave,0.122537878787879,,False,True,False,True,False,False,False,False,False,False,True,False,False,False,False,False,2/14/2012 8:36:32 AM,FORDH1,0,647
731,Delhi St,7,South Dorchester,12:00,16:00,Even,Dead End,Crossman St,0.323863636363636,,False,False,True,False,True,False,False,False,False,False,True,False,False,False,False,False,2/14/2012 8:36:32 AM,DELHI1,0,1710
732,Delhi St,7,South Dorchester,12:00,16:00,Odd,Dead End,Crossman St,0.323863636363636,,False,True,False,True,False,False,False,False,False,False,True,False,False,False,False,False,2/14/2012 8:36:32 AM,DELHI1,0,1710
733,Delle Ave,10M,Mission Hill,08:00,12:00,Odd,Parker St,Dead End,0.176893939393939,,False,True,False,True,False,False,False,False,False,True,False,False,False,False,False,False,9/24/2014 3:55:56 PM,DELLE1,0,934
734,Delle Ave,10M,Mission Hill,08:00,12:00,Even,Parker St,Dead End,0.176893939393939,,False,False,True,False,True,False,False,False,False,True,False,False,False,False,False,False,9/24/2014 3:55:50 PM,DELLE1,0,934
735,Denby Rd,4,Allston/Brighton,08:00,12:00,Odd,Cambridge St,Rugg Rd,9.39393939393939E-02,,False,True,False,True,False,False,False,True,False,False,False,False,False,False,False,False,2/14/2012 8:36:32 AM,DENBY1,0,496
736,Denby Rd,4,Allston/Brighton,08:00,12:00,Even,Cambridge St,Rugg Rd,9.39393939393939E-02,,False,False,True,False,True,False,False,True,False,False,False,False,False,False,False,False,2/14/2012 8:36:32 AM,DENBY1,0,496
737,Dennison St,10R,Roxbury,12:00,16:00,Odd,Walnut Ave,Dead End,0.120833333333333,,False,True,False,True,False,False,False,False,False,False,False,True,False,False,False,False,2/14/2012 8:36:32 AM,DENNI2,0,638
738,Dennison St,10R,Roxbury,12:00,16:00,Even,Walnut Ave,Dead End,0.120833333333333,,False,False,True,False,True,False,False,False,False,False,False,True,False,False,False,False,2/14/2012 8:36:32 AM,DENNI2,0,638
744,Desmond Rd,7,South Dorchester,12:00,16:00,Even,River St,Bradford Rd,0.157007575757576,,False,False,True,False,True,False,False,False,False,False,True,False,False,False,False,False,2/14/2012 8:36:32 AM,DESMO1,0,829
745,Desmond Rd,7,South Dorchester,12:00,16:00,Odd,River St,Bradford Rd,0.157007575757576,,False,True,False,True,False,False,False,False,False,False,True,False,False,False,False,False,2/14/2012 8:36:32 AM,DESMO1,0,829
746,Devens St,1C,Charlestown,08:00,12:00,Even,Main St,Rutherford Ave,6.72348484848485E-02,,False,True,False,True,False,False,False,False,False,True,False,False,False,False,False,False,11/16/2016 2:34:45 PM,DEVEN1,0,355
747,Devens St,1C,Charlestown,08:00,12:00,Odd,Main St,Rutherford Ave,6.72348484848485E-02,,False,False,True,False,True,False,False,False,False,True,False,False,False,False,False,False,11/16/2016 2:34:35 PM,DEVEN1,0,355
748,Dever St,3,North Dorchester,12:00,16:00,Even,Bowdoin St,Dead End,4.50757575757576E-02,,False,False,True,False,True,False,False,False,False,True,False,False,False,False,False,False,6/13/2013 3:41:27 PM,DEVER1,0,238
749,East Cottage St,3,North Dorchester,12:00,16:00,Odd,Columbia Rd,Pleasant St,0.186174242424242,,False,True,False,True,False,False,False,False,False,False,False,True,False,False,False,False,2/14/2012 8:36:32 AM,E COT1,3004,3987
750,East Canton St,1S,South End,12:00,16:00,Even,Harrison Ave,Albany St,0.151893939393939,,False,False,True,False,True,False,False,False,False,False,True,False,False,False,False,True,3/10/2023 8:41:13 AM,E CAN1,0,802
751,Dever St,3,North Dorchester,12:00,16:00,Odd,Bowdoin St,Dead End,4.50757575757576E-02,,False,True,False,True,False,False,False,False,False,True,False,False,False,False,False,False,6/13/2013 3:41:19 PM,DEVER1,0,238
752,Devon St,10R,Roxbury,08:00,12:00,Even,Warren St,Blue Hill Ave,0.084280303030303,,False,False,True,False,True,False,False,False,False,False,False,True,False,False,False,False,2/29/2012 10:06:53 AM,DEVON1,0,445
753,Fisher Ave,10M,Mission Hill,12:00,16:00,Even,Parker St,Parker Hill Ave,0.593181818181818,,False,False,True,False,True,False,False,False,False,True,False,False,False,False,False,False,4/1/2016 10:38:29 AM,FISHE1,0,3132
754,Devon St,10R,Roxbury,08:00,12:00,Odd,Warren St,Blue Hill Ave,0.084280303030303,,False,True,False,True,False,False,False,False,False,False,False,True,False,False,False,False,2/29/2012 10:06:53 AM,DEVON1,0,445
755,Devon St,3,North Dorchester,12:00,16:00,Even,Blue Hill Ave,Vaughan Ave,0.419128787878788,,False,False,True,False,True,False,False,False,False,False,False,True,False,False,False,False,2/29/2012 10:06:53 AM,DEVON1,445,2658
756,Devon St,3,North Dorchester,12:00,16:00,Odd,Blue Hill Ave,Vaughan Ave,0.419128787878788,,False,True,False,True,False,False,False,False,False,False,False,True,False,False,False,False,2/29/2012 10:06:53 AM,DEVON1,445,2658
757,Devonshire St,1F,Downtown,00:01,07:00,,State St,Franklin St,0.240719696969697,,True,True,True,True,True,True,True,True,True,True,True,True,True,True,True,False,2/29/2012 10:06:53 AM,DEVON2,0,1271
758,Devonshire St,1F,Downtown,00:01,07:00,,Franklin St,Summer St,0.129924242424242,,True,True,True,True,True,True,True,True,True,True,True,True,True,True,True,False,2/29/2012 10:06:53 AM,DEVON2,1271,1957
759,Dewar St,3,North Dorchester,08:00,12:00,Even,Dorchester Ave,Dead End,0.126515151515152,,False,False,True,False,True,False,False,True,False,False,False,False,False,False,False,False,6/13/2013 4:24:48 PM,DEWAR1,0,668
760,Dewar St,3,North Dorchester,08:00,12:00,Odd,Dorchester Ave,Dead End,0.126515151515152,,False,True,False,True,False,False,False,True,False,False,False,False,False,False,False,False,6/13/2013 4:24:41 PM,DEWAR1,0,668
761,Faunce Rd,7,South Dorchester,12:00,16:00,Even,Fremont St,Dania St,0.177651515151515,,False,False,True,False,True,False,False,False,False,False,True,False,False,False,False,False,2/14/2012 8:36:32 AM,FAUNC1,0,938
762,Dewitt Dr,10R,Roxbury,08:00,12:00,Even,Shawmut Ave,Shawmut Ave,6.60984848484849E-02,,False,False,True,False,True,False,False,False,False,True,False,False,False,False,False,False,2/29/2012 10:06:53 AM,DEWIT1,0,1130
763,Dewitt Dr,10R,Roxbury,08:00,12:00,Odd,Shawmut Ave,Shawmut Ave,6.60984848484849E-02,,False,True,False,True,False,False,False,False,False,True,False,False,False,False,False,False,2/29/2012 10:06:53 AM,DEWIT1,0,1130
764,Dickens St,3,North Dorchester,12:00,16:00,Even,Adams St,Clayton St,0.17405303030303,,False,False,True,False,True,False,False,False,False,False,False,True,False,False,False,False,2/14/2012 8:36:32 AM,DICKE1,0,919
765,Dickens St,3,North Dorchester,12:00,16:00,Odd,Adams St,Clayton St,0.17405303030303,,False,True,False,True,False,False,False,False,False,False,False,True,False,False,False,False,2/14/2012 8:36:32 AM,DICKE1,0,919
766,Ditson St,3,North Dorchester,08:00,12:00,Even,Charles St,Westville St,0.122159090909091,,False,False,True,False,True,False,False,False,False,True,False,False,False,False,False,False,6/13/2013 3:27:55 PM,DITSO1,0,645
767,Ditson St,3,North Dorchester,08:00,12:00,Odd,Charles St,Westville St,0.122159090909091,,False,True,False,True,False,False,False,False,False,True,False,False,False,False,False,False,6/13/2013 3:27:47 PM,DITSO1,0,645
768,Dixwell St,2,Jamaica Plain,12:00,16:00,Even,Columbus Ave,School St,8.78787878787879E-02,,False,False,True,False,True,False,False,True,False,False,False,False,False,False,False,False,5/25/2016 8:43:05 AM,DIXWE1,0,464
769,Dixwell St,2,Jamaica Plain,12:00,16:00,Odd,Columbus Ave,School St,8.78787878787879E-02,,False,True,False,True,False,False,False,True,False,False,False,False,False,False,False,False,5/25/2016 8:42:57 AM,DIXWE1,0,464
770,Don St,7,South Dorchester,08:00,12:00,Even,Woodrow Ave,Callender St,7.14015151515151E-02,,False,False,True,False,True,False,False,False,False,False,False,True,False,False,False,False,2/14/2012 8:36:32 AM,DON S1,0,377
771,Don St,7,South Dorchester,08:00,12:00,Odd,Woodrow Ave,Callender St,7.14015151515151E-02,,False,True,False,True,False,False,False,False,False,False,False,True,False,False,False,False,2/14/2012 8:36:32 AM,DON S1,0,377
772,Donald Rd,7,South Dorchester,12:00,16:00,Even,Blue Hill Ave,Harvard St,9.28030303030303E-02,,False,False,True,False,True,False,False,False,True,False,False,False,False,False,False,False,2/14/2012 8:36:32 AM,DONAL1,0,490
773,Donald Rd,7,South Dorchester,12:00,16:00,Odd,Blue Hill Ave,Harvard St,9.28030303030303E-02,,False,True,False,True,False,False,False,False,True,False,False,False,False,False,False,False,2/14/2012 8:36:32 AM,DONAL1,0,490
774,Donwood Ter,7,South Dorchester,12:00,16:00,Even,Gladeside Ave,Ridgeview Ave,0.078030303030303,,False,False,True,False,True,False,False,False,False,False,True,False,False,False,False,False,2/14/2012 8:36:32 AM,DONWO1,0,412
775,Donwood Ter,7,South Dorchester,12:00,16:00,Odd,Gladeside Ave,Ridgeview Ave,0.078030303030303,,False,True,False,True,False,False,False,False,False,False,True,False,False,False,False,False,2/14/2012 8:36:32 AM,DONWO1,0,412
776,Doone Ave,7,South Dorchester,12:00,16:00,Even,Dead End,Dead End,0.12405303030303,,False,False,True,False,True,False,False,False,False,False,True,False,False,False,False,False,2/14/2012 8:36:32 AM,DOONE1,0,655
777,Doone Ave,7,South Dorchester,12:00,16:00,Odd,Dead End,Dead End,0.12405303030303,,False,True,False,True,False,False,False,False,False,False,True,False,False,False,False,False,2/14/2012 8:36:32 AM,DOONE1,0,655
779,Dorchester Ave,M,Multiple,00:01,07:00,Odd,Hancock St,Adams St,0.454734848484848,,True,True,True,True,True,True,False,False,False,True,False,False,False,False,True,False,2/29/2012 10:06:53 AM,DORCH1,16217,18618
780,Dorchester St,5,South Boston,13:00,17:00,Odd,East First St,West Broadway,0.245643939393939,,False,True,True,True,True,True,False,False,False,False,False,True,False,False,False,False,2/14/2012 8:36:32 AM,DORCH3,0,1297
781,Dorchester St,5,South Boston,13:00,17:00,Even,East First St,West Broadway,0.245643939393939,,False,True,True,True,True,True,False,False,False,False,False,True,False,False,False,False,2/14/2012 8:36:32 AM,DORCH3,0,1297
782,Dorchester Ave,M,Multiple,00:01,07:00,Even,Summer St,Von Hillern St,1.82443181818182,,True,True,True,True,True,True,False,False,True,False,False,False,False,False,True,False,2/29/2012 10:06:53 AM,DORCH1,0,9633
783,Dorchester Ave,1F,Downtown,00:01,07:00,,Congress St,Dorchester Ave,7.51893939393939E-02,,False,True,True,True,True,True,True,True,True,True,True,True,True,True,True,False,2/29/2012 10:06:53 AM,DORCH2,0,397
786,Franklin St,1F,Downtown,00:01,07:00,,Washington St,Hawley St,5.09469696969697E-02,,True,True,True,True,True,True,True,True,True,True,True,True,True,True,True,False,2/29/2012 10:06:53 AM,FRANK8,0,269
787,Forest St,10R,Roxbury,08:00,12:00,Odd,Mt Pleasant Ave,Mt Pleasant Ave,0.269318181818182,,False,True,False,True,False,False,False,False,True,False,False,False,False,False,False,False,2/14/2012 8:36:32 AM,FORES2,0,1422
788,Dorchester Ave,M,Multiple,00:01,07:00,Odd Side Median,Congress St,Dorchester Ave,7.51893939393939E-02,,False,True,True,True,True,True,False,False,False,True,False,False,False,False,True,False,2/29/2012 10:06:53 AM,DORCH2,0,397
789,Father Francis J Gilday St,1S,South End,12:00,16:00,Even,East Concord St,East Newton St,9.52651515151515E-02,,False,False,True,False,True,False,False,False,False,False,True,False,False,False,False,True,3/10/2023 8:29:46 AM,FATHE3,0,503
790,Doris St,3,North Dorchester,08:00,12:00,Even,Auckland St,Dorchester Ave,0.0625,,False,False,True,False,True,False,False,True,False,False,False,False,False,False,False,False,2/14/2012 8:36:32 AM,DORIS1,0,330
791,Frederick St,5,South Boston,13:00,17:00,Odd,West Ninth St,Lark St,5.83333333333333E-02,,False,False,True,False,True,False,False,False,False,False,False,True,False,False,False,False,2/14/2012 8:36:32 AM,FREDE1,0,308
792,Foster St,1N,North End,08:00,12:00,Even,Charter St,Commercial St,4.84848484848485E-02,,False,False,True,False,True,False,False,False,False,False,False,True,False,False,False,True,7/1/2019 10:33:07 AM,FOSTE3,0,256
793,Farrington Ave,4,Allston/Brighton,08:00,12:00,Odd,Harvard Ave,Linden St,0.103977272727273,,False,True,False,True,False,False,False,True,False,False,False,False,False,False,False,False,2/14/2012 8:36:32 AM,FARRI2,0,549
794,Doris St,3,North Dorchester,08:00,12:00,Odd,Auckland St,Dorchester Ave,0.0625,,False,True,False,True,False,False,False,True,False,False,False,False,False,False,False,False,2/14/2012 8:36:32 AM,DORIS1,0,330
795,Doris St,3,North Dorchester,12:00,16:00,Even,Dorchester Ave,Treadway Rd,5.83333333333333E-02,,False,False,True,False,True,False,False,False,False,False,False,True,False,False,False,False,2/14/2012 8:36:32 AM,DORIS1,330,638
796,Doris St,3,North Dorchester,12:00,16:00,Odd,Dorchester Ave,Treadway Rd,5.83333333333333E-02,,False,True,False,True,False,False,False,False,False,False,False,True,False,False,False,False,2/14/2012 8:36:32 AM,DORIS1,330,638
797,Dorr St,10R,Roxbury,08:00,12:00,Even,Highland St,Lambert Ave,0.110984848484848,,False,False,True,False,True,False,False,False,True,False,False,False,False,False,False,False,2/14/2012 8:36:32 AM,DORR 1,0,586
798,Dorr St,10R,Roxbury,08:00,12:00,Odd,Highland St,Lambert Ave,0.110984848484848,,False,True,False,True,False,False,False,False,True,False,False,False,False,False,False,False,2/14/2012 8:36:32 AM,DORR 1,0,586
799,East Cottage St,3,North Dorchester,08:00,12:00,Even,Dudley St,Columbia Rd,0.568939393939394,,False,False,True,False,True,False,False,False,False,False,False,True,False,False,False,False,2/14/2012 8:36:32 AM,E COT1,0,3004
800,Dorrance St,1C,Charlestown,08:00,12:00,Odd,Main St,Arlington Ave,0.125568181818182,,False,True,False,True,False,False,False,False,False,False,True,False,False,False,False,False,2/14/2012 8:36:32 AM,DORRA1,0,663
801,Dorrance St,1C,Charlestown,08:00,12:00,Even,Main St,Arlington Ave,0.125568181818182,,False,False,True,False,True,False,False,False,False,False,True,False,False,False,False,False,2/14/2012 8:36:32 AM,DORRA1,0,663
802,Douglas St,5,South Boston,09:00,13:00,Even,East Eighth St,Columbia Rd,5.77651515151515E-02,,False,False,True,False,True,False,False,False,False,False,True,False,False,False,False,False,2/14/2012 8:36:32 AM,DOUGL1,0,305
803,Douglas St,5,South Boston,09:00,13:00,Odd,East Eighth St,Columbia Rd,5.77651515151515E-02,,False,True,False,True,False,False,False,False,False,False,True,False,False,False,False,False,2/14/2012 8:36:32 AM,DOUGL1,0,305
804,Dracut St,7,South Dorchester,08:00,12:00,Odd,Dorchester Ave,Bruce St,0.224431818181818,,False,True,False,True,False,False,False,True,False,False,False,False,False,False,False,False,2/14/2012 8:36:32 AM,DRACU1,0,1185
805,Dracut St,7,South Dorchester,08:00,12:00,Even,Dorchester Ave,Bruce St,0.224431818181818,,False,False,True,False,True,False,False,True,False,False,False,False,False,False,False,False,2/14/2012 8:36:32 AM,DRACU1,0,1185
806,Draper St,3,North Dorchester,08:00,12:00,Even,Arcadia St,Bowdoin St,0.428409090909091,,False,False,True,False,True,False,False,False,False,True,False,False,False,False,False,False,6/13/2013 3:22:27 PM,DRAPE1,0,2262
807,Draper St,3,North Dorchester,08:00,12:00,Odd,Arcadia St,Bowdoin St,0.428409090909091,,False,True,False,True,False,False,False,False,False,True,False,False,False,False,False,False,6/13/2013 3:20:00 PM,DRAPE1,0,2262
808,Forsyth Way,99,DCR,12:00,16:00,Park,Huntington Ave,Fenway,0.135227272727273,,False,True,False,True,False,False,False,False,False,True,False,False,False,False,False,False,6/7/2016 10:07:39 AM,FORSY2,0,714
811,Dudley St,10R,Roxbury,08:00,12:00,Even,Centre St,Guild Row,0.288257575757576,,False,False,True,False,True,False,False,False,True,False,False,False,False,False,False,False,2/14/2012 8:36:32 AM,DUDLE1,0,1522
812,Dudley St,10R,Roxbury,08:00,12:00,Odd,Centre St,Guild Row,0.288257575757576,,False,True,False,True,False,False,False,False,True,False,False,False,False,False,False,False,2/14/2012 8:36:32 AM,DUDLE1,0,1522
813,Duke St,7,South Dorchester,08:00,12:00,Even,Ormond St,Wellington Hill St,0.142045454545455,,False,False,True,False,True,False,False,False,True,False,False,False,False,False,False,False,2/14/2012 8:36:32 AM,DUKE 1,0,750
814,Duke St,7,South Dorchester,08:00,12:00,Odd,Ormond St,Wellington Hill St,0.142045454545455,,False,True,False,True,False,False,False,False,True,False,False,False,False,False,False,False,2/14/2012 8:36:32 AM,DUKE 1,0,750
815,Dumas St,7,South Dorchester,08:00,12:00,Even,Mascot St,Willowwood St,8.01136363636364E-02,,False,False,True,False,True,False,False,False,False,True,False,False,False,False,False,False,2/14/2012 8:36:32 AM,DUMAS1,0,423
816,Dumas St,7,South Dorchester,08:00,12:00,Odd,Mascot St,Willowwood St,8.01136363636364E-02,,False,True,False,True,False,False,False,False,False,True,False,False,False,False,False,False,2/14/2012 8:36:32 AM,DUMAS1,0,423
817,Duncan St,3,North Dorchester,12:00,16:00,Even,Greenwich St,Leonard St,0.125,,False,False,True,False,True,False,False,False,False,False,False,True,False,False,False,False,2/14/2012 8:36:32 AM,DUNCA1,0,660
818,Duncan St,3,North Dorchester,12:00,16:00,Odd,Greenwich St,Leonard St,0.125,,False,True,False,True,False,False,False,False,False,False,False,True,False,False,False,False,2/14/2012 8:36:32 AM,DUNCA1,0,660
819,Duncklee St,4,Allston/Brighton,12:00,16:00,Even,Harriet St,Madeline St,8.88257575757576E-02,,False,False,True,False,True,False,False,False,True,False,False,False,False,False,False,False,2/14/2012 8:36:32 AM,DUNCK1,0,469
820,Duncklee St,4,Allston/Brighton,12:00,16:00,Odd,Harriet St,Madeline St,8.88257575757576E-02,,False,True,False,True,False,False,False,False,True,False,False,False,False,False,False,False,2/14/2012 8:36:32 AM,DUNCK1,0,469
821,East Fourth St,5,South Boston,09:00,13:00,Odd,G St,K St,0.35018939393,,False,True,False,True,False,False,False,False,False,False,True,False,False,False,False,False,4/23/2018 12:45:54 PM,E FOU1,750,2599
822,Fenwood Rd,10M,Mission Hill,08:00,12:00,Even,Huntington Ave,Brookline Ave,0.279734848484848,,False,False,True,False,True,False,False,False,False,True,False,False,False,False,False,False,4/11/2016 3:34:48 PM,FENWO1,0,1477
823,Dunkeld St,3,North Dorchester,12:00,16:00,Odd,Quincy St,Fayston St,5.47348484848485E-02,,False,True,False,True,False,False,False,False,False,False,False,True,False,False,False,False,2/29/2012 10:06:53 AM,DUNKE1,0,289
824,Dunkeld St,3,North Dorchester,12:00,16:00,Even,Quincy St,Fayston St,5.47348484848485E-02,,False,False,True,False,True,False,False,False,False,False,False,True,False,False,False,False,2/29/2012 10:06:53 AM,DUNKE1,0,289
825,East Eagle St,9,East Boston,12:00,16:00,Odd,Putnam St,Glendon St,0.160984848484848,,False,False,True,False,True,False,False,False,True,False,False,False,False,False,False,False,2/14/2012 8:36:32 AM,E EAG1,0,850
826,Dunlap St,7,South Dorchester,12:00,16:00,Even,Washington St,Whitfield St,0.160037878787879,,False,False,True,False,True,False,False,False,False,True,False,False,False,False,False,False,2/14/2012 8:36:32 AM,DUNLA1,0,845
827,Dunlap St,7,South Dorchester,12:00,16:00,Odd,Washington St,Whitfield St,0.160037878787879,,False,True,False,True,False,False,False,False,False,True,False,False,False,False,False,False,2/14/2012 8:36:32 AM,DUNLA1,0,845
828,Dunreath St,10R,Roxbury,08:00,12:00,Even,Warren St,Aspen St,0.128787878787879,,False,True,False,True,False,False,False,False,True,False,False,False,False,False,False,False,4/19/2016 11:47:43 AM,DUNRE1,0,680
829,Dunreath St,10R,Roxbury,08:00,12:00,Odd,Warren St,Aspen St,0.128787878787879,,False,False,True,False,True,False,False,False,True,False,False,False,False,False,False,False,4/19/2016 11:47:35 AM,DUNRE1,0,680
830,Dunstable St,1C,Charlestown,12:00,16:00,Odd,Main St,Main St,0.23655303030303,,False,True,False,True,False,False,False,False,False,False,True,False,False,False,False,False,2/14/2012 8:36:32 AM,DUNST1,0,1249
831,Dunstable St,1C,Charlestown,12:00,16:00,Even,Main St,Main St,0.23655303030303,,False,False,True,False,True,False,False,False,False,False,True,False,False,False,False,False,2/14/2012 8:36:32 AM,DUNST1,0,1249
834,Durham St,1B,Back Bay,08:00,12:00,Even,St Botolph St,Dead End,5.01893939393939E-02,,False,False,True,False,True,False,False,False,False,False,False,True,False,False,False,False,2/14/2012 8:36:32 AM,DURHA1,0,265
835,Foster St,4,Allston/Brighton,12:00,16:00,Even,Surrey St,Washington St,0.128409090909091,,False,False,True,False,True,False,False,False,True,False,False,False,False,False,False,False,2/14/2012 8:36:32 AM,FOSTE1,0,678
837,East Lenox St,1S,South End,08:00,12:00,Odd,Washington St,Fellows St,0.20795454545,,False,True,False,True,False,True,False,False,False,False,True,False,False,False,True,True,3/24/2020 9:04:28 AM,E LEN1,0,720
839,East Lenox St,1S,South End,08:00,12:00,Even,Washington St,Fellows St,0.20795454545,,False,False,True,False,True,False,False,False,False,False,True,False,False,False,True,True,3/24/2020 9:04:03 AM,E LEN1,0,1098
841,East Newton St,1S,South End,12:00,16:00,Even,Washington St,Albany St,0.27140151515,,False,False,True,False,True,False,False,False,False,False,True,False,False,False,False,True,3/10/2023 8:36:08 AM,E NEW1,0,1430
842,Fenwood Rd,10M,Mission Hill,08:00,12:00,Odd,Huntington Ave,Brookline Ave,0.279734848484848,,False,True,False,True,False,False,False,False,False,True,False,False,False,False,False,False,4/11/2016 3:34:43 PM,FENWO1,0,1477
843,East Newton St,1S,South End,12:00,16:00,Odd,Washington St,Albany At,0.27140151515,,False,True,False,True,False,True,False,False,False,False,True,False,False,False,False,True,3/10/2023 8:36:04 AM,E NEW1,0,1430
844,East Ninth St,5,South Boston,13:00,17:00,Even,Dorchester St,Mercer St,0.145643939393939,,False,False,True,False,True,False,False,False,False,False,True,False,False,False,False,False,2/14/2012 8:36:32 AM,E NIN1,0,769
845,Flint St,7,South Dorchester,12:00,16:00,Even,Norfolk St,Dead End,7.97348484848485E-02,,False,False,True,False,True,False,False,False,False,False,True,False,False,False,False,False,2/14/2012 8:36:32 AM,FLINT1,0,421
846,Feneno Ter,4,Allston/Brighton,12:00,16:00,Odd,Brainerd Rd,Brookline Town Line,2.29166666666667E-02,,False,True,False,True,False,False,False,False,False,False,True,False,False,False,False,False,2/14/2012 8:36:32 AM,FENEN1,0,121
847,East Ninth St,5,South Boston,13:00,17:00,Odd,Dorchester St,Mercer St,0.145643939393939,,False,True,False,True,False,False,False,False,False,False,True,False,False,False,False,False,2/14/2012 8:36:32 AM,E NIN1,0,769
848,East Second St,5,South Boston,09:00,13:00,Even,Dorchester St,L St,0.40625,,False,False,True,False,True,False,False,False,False,False,False,True,False,False,False,False,2/14/2012 8:36:32 AM,E SEC1,0,2145
849,East Second St,5,South Boston,09:00,13:00,Odd,Dorchester St,L St,0.40625,,False,True,False,True,False,False,False,False,False,False,False,True,False,False,False,False,2/14/2012 8:36:32 AM,E SEC1,0,2145
850,Fuller St,4,Allston/Brighton,12:00,16:00,Even,Commonwealth Ave,Brookline Town Line,3.93939393939394E-02,,False,False,True,False,True,False,False,False,False,False,True,False,False,False,False,False,2/14/2012 8:36:32 AM,FULLE2,0,208
851,Fottler Rd,7,South Dorchester,08:00,12:00,Odd,Walk Hill St,Hiawatha Rd,9.71590909090909E-02,,False,True,False,True,False,False,False,False,True,False,False,False,False,False,False,False,2/14/2012 8:36:32 AM,FOTTL1,307,820
852,East Second St,5,South Boston,13:00,17:00,Odd,N St,Farragut Rd,0.317424242424242,,False,True,False,True,False,False,False,False,False,False,False,True,False,False,False,False,2/14/2012 8:36:32 AM,E SEC2,0,1676
853,East Concord St,1S,South End,12:00,16:00,Even,Washington St,Albany St,0.27140151515,,False,False,True,False,True,False,False,False,False,False,True,False,False,False,False,True,3/10/2023 8:28:48 AM,E CON1,0,1433
854,East Second St,5,South Boston,13:00,17:00,Even,N St,Farragut Rd,0.317424242424242,,False,False,True,False,True,False,False,False,False,False,False,True,False,False,False,False,2/14/2012 8:36:32 AM,E SEC2,0,1676
855,Duxbury Rd,7,South Dorchester,12:00,16:00,Even,River St,Dead End,0.0875,,False,False,True,False,True,False,False,False,False,False,True,False,False,False,False,False,2/14/2012 8:36:32 AM,DUXBU1,0,462
856,Faunce Rd,7,South Dorchester,12:00,16:00,Odd,Fremont St,Dania St,0.177651515151515,,False,True,False,True,False,False,False,False,False,False,True,False,False,False,False,False,2/14/2012 8:36:32 AM,FAUNC1,0,938
857,East Seventh St,5,South Boston,09:00,13:00,Odd,K St,Columbia Rd,0.49792,,False,True,False,True,False,False,False,False,False,True,False,False,False,False,False,False,4/2/2014 12:30:54 PM,E SEV1,1842,4471
858,East Seventh St,5,South Boston,09:00,13:00,Even,G St,K St,0.348863636363636,,False,False,True,False,True,False,False,False,False,False,True,False,False,False,False,False,2/14/2012 8:36:32 AM,E SEV1,0,1842
859,East Eighth St,5,South Boston,13:00,17:00,Even,Dorchester St,G St,0.395075757,,False,False,True,False,True,False,False,False,False,False,True,False,False,False,False,False,4/23/2018 12:51:25 PM,E EIG1,0,2086
860,East Seventh St,5,South Boston,09:00,13:00,Even,K St,Columbia Rd,0.49792,,False,False,True,False,True,False,False,False,False,True,False,False,False,False,False,False,4/2/2014 12:31:05 PM,E SEV1,1842,4471
861,East Seventh St,5,South Boston,09:00,13:00,Odd,G St,K St,0.348863636363636,,False,True,False,True,False,False,False,False,False,False,True,False,False,False,False,False,2/14/2012 8:36:32 AM,E SEV1,0,1842
862,East Sixth St,5,South Boston,09:00,13:00,Odd,L St,Farragut Rd,0.528030303030303,,False,True,False,True,False,False,False,False,False,True,False,False,False,False,False,False,4/2/2018 8:58:55 AM,E SIX1,2400,5188
863,Florence St,2,Jamaica Plain,08:00,12:00,Odd,Poplar St,Firth Rd,0.337310606060606,,False,True,False,True,False,False,False,False,False,False,True,False,False,False,False,False,2/14/2012 8:36:32 AM,FLORE1,0,1781
864,East Sixth St,5,South Boston,09:00,13:00,Even,G St,K St,0.349810606060606,,False,False,True,False,True,False,False,False,False,False,True,False,False,False,False,False,2/14/2012 8:36:32 AM,E SIX1,0,1847
865,East Concord St,1S,South End,12:00,16:00,Odd,Washington St,Albany St,0.27140151515,,False,True,False,True,False,True,False,False,False,False,True,False,False,False,False,True,3/10/2023 8:28:09 AM,E CON1,0,1433
866,Florida St,7,South Dorchester,08:00,12:00,Even,King St,Ashmont St,0.363825757575758,,False,False,True,False,True,False,False,True,False,False,False,False,False,False,False,False,2/14/2012 8:36:32 AM,FLORI4,0,1921
867,East Sixth St,5,South Boston,09:00,13:00,Even,L St,Farragut Rd,0.528030303030303,,False,False,True,False,True,False,False,False,False,True,False,False,False,False,False,False,4/15/2015 3:07:47 PM,E SIX1,2400,5188
868,Fernboro St,3,North Dorchester,12:00,16:00,Odd,Lawrence Ave,Intervale St,9.98106060606061E-02,,False,True,False,True,False,False,False,False,False,True,False,False,False,False,False,False,6/13/2013 3:54:32 PM,FERNB1,0,527
869,East Sixth St,5,South Boston,09:00,13:00,Odd,G St,K St,0.349810606060606,,False,True,False,True,False,False,False,False,False,False,True,False,False,False,False,False,2/14/2012 8:36:32 AM,E SIX1,0,1847
870,East Springfield St,1S,South End,12:00,16:00,Odd,Washington St,Harrison Ave,0.140530303030303,,False,True,False,True,False,True,False,False,False,False,True,False,False,False,False,True,2/14/2012 8:36:32 AM,E SPR1,0,742
871,East Eagle St,9,East Boston,12:00,16:00,Even,Putnam St,Glendon St,0.160984848484848,,False,True,False,True,False,False,False,False,True,False,False,False,False,False,False,False,2/14/2012 8:36:32 AM,E EAG1,0,850
872,East Springfield St,1S,South End,12:00,16:00,Even,Washington St,Harrison Ave,0.140530303030303,,False,False,True,False,True,False,False,False,False,False,True,False,False,False,False,True,3/10/2023 8:21:26 AM,E SPR1,0,742
873,Fulton St,1N,North End,08:00,12:00,Odd,Cross St,Lewis St,0.15625,,False,True,False,True,False,False,False,False,True,False,False,False,False,False,False,True,2/14/2012 8:36:32 AM,FULTO1,0,825
874,Fulton St,1N,North End,08:00,12:00,Even,Cross St,Lewis St,0.15625,,False,False,True,False,True,False,False,False,True,False,False,False,False,False,False,True,2/14/2012 8:36:32 AM,FULTO1,0,825
875,Freeland St,7,South Dorchester,12:00,16:00,Even,Standard St,Dead End,0.148106060606061,,False,False,True,False,True,False,False,False,False,False,True,False,False,False,False,False,2/14/2012 8:36:32 AM,FREEL1,0,782
876,Freeland St,7,South Dorchester,12:00,16:00,Odd,Standard St,Dead End,0.148106060606061,,False,True,False,True,False,False,False,False,False,False,True,False,False,False,False,False,2/14/2012 8:36:32 AM,FREEL1,0,782
877,Fottler Rd,7,South Dorchester,08:00,12:00,Even,Walk Hill St,Hiawatha Rd,9.71590909090909E-02,,False,False,True,False,True,False,False,False,True,False,False,False,False,False,False,False,2/14/2012 8:36:32 AM,FOTTL1,307,820
878,E St,5,South Boston,13:00,17:00,Odd,West Broadway,West First St,0.173484848484848,,False,True,False,True,False,False,False,False,False,False,False,True,False,False,False,False,3/24/2017 1:35:44 PM,E ST 1,2032,2948
879,E St,5,South Boston,13:00,17:00,Even,West Broadway,West First St,0.173484848484848,,False,False,True,False,True,False,False,False,False,False,False,True,False,False,False,False,3/24/2017 1:35:55 PM,E ST 1,2032,2948
880,East Third St,5,South Boston,09:00,13:00,Even,G St,M St,0.558901515151515,,False,False,True,False,True,False,False,False,False,False,False,True,False,False,False,False,2/14/2012 8:36:32 AM,E THI1,0,2951
881,Firth Rd,2,Jamaica Plain,08:00,12:00,Even,Washington St,Florence St,0.160606060606061,,False,False,True,False,True,False,False,False,False,False,True,False,False,False,False,False,2/14/2012 8:36:32 AM,FIRTH1,0,848
882,East Third St,5,South Boston,13:00,17:00,Even,L St,M St,0.10625,,False,False,True,False,True,False,False,False,False,False,False,True,False,False,False,False,2/14/2012 8:36:32 AM,E THI1,2390,2951
883,East Third St,5,South Boston,09:00,13:00,Odd,G St,M St,0.558901515151515,,False,True,False,True,False,False,False,False,False,False,False,True,False,False,False,False,2/14/2012 8:36:32 AM,E THI1,0,2951
884,Follen St,1B,Back Bay,08:00,12:00,Odd,St Botolph St,Dead End,5.28409090909091E-02,,False,True,False,True,False,False,False,False,False,False,False,True,False,False,False,False,2/14/2012 8:36:32 AM,FOLLE1,0,279
886,Ferndale St,7,South Dorchester,08:00,12:00,Even,Norfolk St,Southern Ave,0.100757575757576,,False,False,True,False,True,False,False,False,False,False,False,True,False,False,False,False,2/14/2012 8:36:32 AM,FERND1,0,532
887,Ferndale St,7,South Dorchester,08:00,12:00,Odd,Norfolk St,Southern Ave,0.100757575757576,,False,True,False,True,False,False,False,False,False,False,False,True,False,False,False,False,2/14/2012 8:36:32 AM,FERND1,0,532
889,East Third St,5,South Boston,13:00,17:00,Odd,L St,M St,0.10625,,False,True,False,True,False,False,False,False,False,False,False,True,False,False,False,False,2/14/2012 8:36:32 AM,E THI1,2390,2951
890,East Third St,5,South Boston,09:00,13:00,Odd,N St,Farragut Rd,0.31875,,False,True,False,True,False,False,False,False,False,False,False,True,False,False,False,False,2/14/2012 8:36:32 AM,E THI2,0,1683
891,East Third St,5,South Boston,09:00,13:00,Even,N St,Farragut Rd,0.31875,,False,False,True,False,True,False,False,False,False,False,False,True,False,False,False,False,2/14/2012 8:36:32 AM,E THI2,0,1683
892,Fleet St,1N,North End,12:00,16:00,Odd,Hanover St,Commercial St,0.133143939393939,,False,True,False,True,False,False,False,False,False,False,False,True,False,False,False,True,7/1/2019 10:32:07 AM,FLEET1,0,703
893,Fayston St,3,North Dorchester,12:00,16:00,Even,Blue Hill Ave,Mascoma St,0.248863636363636,,False,False,True,False,True,False,False,False,False,True,False,False,False,False,False,False,6/13/2013 3:52:38 PM,FAYST1,0,1314
894,Fifield St,3,North Dorchester,08:00,12:00,Even,Church St,Winter St,0.105871212121212,,False,False,True,False,True,False,False,False,False,False,True,False,False,False,False,False,2/14/2012 8:36:32 AM,FIFIE1,0,559
895,Fessenden St,7,South Dorchester,12:00,16:00,Even,Blue Hill Ave,Norfolk St,0.144128787878788,,False,False,True,False,True,False,False,False,False,False,True,False,False,False,False,False,2/14/2012 8:36:32 AM,FESSE1,0,761
896,East St,3,North Dorchester,08:00,12:00,Even,Dorchester Ave,Adams St,0.221780303030303,,False,False,True,False,True,False,False,False,False,False,True,False,False,False,False,False,2/14/2012 8:36:32 AM,EAST 20,0,1171
897,East St,3,North Dorchester,08:00,12:00,Odd,Dorchester Ave,Adams St,0.221780303030303,,False,True,False,True,False,False,False,False,False,False,True,False,False,False,False,False,2/14/2012 8:36:32 AM,EAST 20,0,1171
898,Foster St,4,Allston/Brighton,08:00,12:00,Even,Washington St,Commonwealth Ave,0.656818181818182,,False,False,True,False,True,False,False,False,False,False,False,True,False,False,False,False,2/14/2012 8:36:32 AM,FOSTE1,678,4146
899,East St,1T,Chinatown,00:01,07:00,,South St,Atlantic Ave,6.06060606060606E-02,,False,True,True,True,True,True,True,True,True,True,True,True,True,True,True,False,2/29/2012 10:06:53 AM,EAST 21,0,320
900,Fessenden St,7,South Dorchester,12:00,16:00,Odd,Blue Hill Ave,Norfolk St,0.144128787878788,,False,True,False,True,False,False,False,False,False,False,True,False,False,False,False,False,2/14/2012 8:36:32 AM,FESSE1,0,761
901,Eden St,1C,Charlestown,12:00,16:00,Even,Main St,Russell St,0.111174242424242,,False,False,True,False,True,False,False,False,False,False,False,True,False,False,False,False,2/14/2012 8:36:32 AM,EDEN 1,0,587
902,Eden St,1C,Charlestown,12:00,16:00,Odd,Main St,Russell St,0.111174242424242,,False,True,False,True,False,False,False,False,False,False,False,True,False,False,False,False,2/14/2012 8:36:32 AM,EDEN 1,0,587
903,Edge Hill St,2,Jamaica Plain,12:00,16:00,Even,Gay Head St,Round Hill St,0.115719696969697,,False,False,True,False,True,False,False,False,True,False,False,False,False,False,False,False,4/25/2016 2:21:21 PM,EDGE 1,0,611
904,Fenton St,3,North Dorchester,12:00,16:00,Odd,Duncan St,Clayton St,0.129734848484848,,False,True,False,True,False,False,False,False,False,False,False,True,False,False,False,False,2/14/2012 8:36:32 AM,FENTO1,0,685
905,Edge Hill St,2,Jamaica Plain,12:00,16:00,Odd,Gay Head St,Round Hill St,0.115719696969697,,False,True,False,True,False,False,False,False,True,False,False,False,False,False,False,False,4/25/2016 2:21:14 PM,EDGE 1,0,611
906,East Fourth St,5,South Boston,13:00,17:00,Even,Dorchester St,G St,0.142045454545455,,False,False,True,False,True,False,False,False,False,False,True,False,False,False,False,False,2/14/2012 8:36:32 AM,E FOU1,0,750
907,Edgerly Rd,10F,Fenway/Kenmore,12:00,16:00,Odd,Haviland St,Westland Ave,0.215719696969697,,False,True,False,True,False,False,False,False,False,True,False,False,False,False,False,False,2/14/2012 8:36:32 AM,EDGER2,0,1139
908,Fiske Ter,4,Allston/Brighton,12:00,16:00,Even,Brainerd Rd,Brookline Town Line,0.021780303030303,,False,False,True,False,True,False,False,False,False,False,True,False,False,False,False,False,2/14/2012 8:36:32 AM,FISKE1,0,115
909,Edgerly Rd,10F,Fenway/Kenmore,12:00,16:00,Even,Haviland St,Westland Ave,0.215719696969697,,False,False,True,False,True,False,False,False,False,True,False,False,False,False,False,False,2/14/2012 8:36:32 AM,EDGER2,0,1139
910,Fernboro St,3,North Dorchester,12:00,16:00,Even,Lawrence Ave,Intervale St,9.98106060606061E-02,,False,False,True,False,True,False,False,False,False,True,False,False,False,False,False,False,6/13/2013 3:54:22 PM,FERNB1,0,527
911,Edgewood St,10R,Roxbury,08:00,12:00,Even,Warren St,Blue Hill Ave,0.217992424242424,,False,False,True,False,True,False,False,False,False,False,False,True,False,False,False,False,2/14/2012 8:36:32 AM,EDGEW2,0,1151
912,Edgewood St,10R,Roxbury,08:00,12:00,Odd,Warren St,Blue Hill Ave,0.217992424242424,,False,True,False,True,False,False,False,False,False,False,False,True,False,False,False,False,2/14/2012 8:36:32 AM,EDGEW2,0,1151
913,Edison Green,3,North Dorchester,12:00,16:00,Even,Dorchester Ave,Pond St,0.13125,,False,False,True,False,True,False,False,False,False,False,False,True,False,False,False,False,2/14/2012 8:36:32 AM,EDISO1,0,693
914,Edison Green,3,North Dorchester,12:00,16:00,Odd,Dorchester Ave,Pond St,0.13125,,False,True,False,True,False,False,False,False,False,False,False,True,False,False,False,False,2/14/2012 8:36:32 AM,EDISO1,0,693
915,Edwin St,7,South Dorchester,08:00,12:00,Odd,Dorchester Ave,Florida St,0.232007575757576,,False,True,False,True,False,False,False,True,False,False,False,False,False,False,False,False,2/14/2012 8:36:32 AM,EDWIN1,0,1225
916,Fawndale Rd,2,Jamaica Plain,12:00,16:00,Even,Washington St,Granfield Ave,0.194128787878788,,False,False,True,False,True,False,False,False,False,False,True,False,False,False,False,False,2/14/2012 8:36:32 AM,FAWND1,0,1025
917,Edwin St,7,South Dorchester,08:00,12:00,Even,Dorchester Ave,Florida St,0.232007575757576,,False,False,True,False,True,False,False,True,False,False,False,False,False,False,False,False,2/14/2012 8:36:32 AM,EDWIN1,0,1225
918,Egleston St,2,Jamaica Plain,08:00,12:00,Even,School St,Boylston St,9.50757575757576E-02,,False,False,True,False,True,False,False,True,False,False,False,False,False,False,False,False,2/14/2012 8:36:32 AM,EGLES1,0,502
919,Egleston St,2,Jamaica Plain,08:00,12:00,Odd,School St,Boylston St,9.50757575757576E-02,,False,True,False,True,False,False,False,True,False,False,False,False,False,False,False,False,2/14/2012 8:36:32 AM,EGLES1,0,502
920,Egremont Rd,4,Allston/Brighton,08:00,12:00,Even,Cummings Rd,Washington St,0.238068181818182,,False,False,True,False,True,False,False,False,False,True,False,False,False,False,False,False,2/14/2012 8:36:32 AM,EGREM1,0,1257
921,Egremont Rd,4,Allston/Brighton,08:00,12:00,Odd,Cummings Rd,Washington St,0.238068181818182,,False,True,False,True,False,False,False,False,False,True,False,False,False,False,False,False,2/14/2012 8:36:32 AM,EGREM1,0,1257
922,G St,5,South Boston,13:00,17:00,Odd,East Third St,Columbia Rd,0.404356060606061,,False,True,False,True,False,False,False,False,False,False,True,False,False,False,False,False,2/14/2012 8:36:32 AM,G ST 1,39,2174
923,East Brookline St,1S,South End,12:00,16:00,Even,Washington St,Albany St,0.268560606060606,,False,False,True,False,True,False,False,False,False,False,True,False,False,False,False,True,3/10/2023 8:39:09 AM,E BRO2,0,1418
924,Freeport St,3,North Dorchester,12:00,16:00,Odd,Dorchester Ave,Clayton St,0.263068181818182,,False,True,True,True,True,True,False,False,False,True,False,False,False,False,False,False,2/14/2012 8:36:32 AM,FREEP1,0,1389
925,Foundry St,5,South Boston,09:00,13:00,Even,Dorchester Ave,West Fourth St,0.217234848484848,,False,False,True,False,True,False,False,False,True,False,False,False,False,False,False,False,3/28/2023 12:37:29 PM,FOUND1,0,1147
926,Foundry St,5,South Boston,09:00,13:00,Odd,Dorchester Ave,West Fourth St,0.217234848484848,,False,True,False,True,False,False,False,False,True,False,False,False,False,False,False,False,3/28/2023 12:37:14 PM,FOUND1,0,1147
927,Forbes St,2,Jamaica Plain,08:00,12:00,Even,Centre St,Chestnut Ave,0.272727272727273,,False,False,True,False,True,False,False,True,False,False,False,False,False,False,False,False,2/14/2012 8:36:32 AM,FORBE1,0,1440
928,Eldon St,3,North Dorchester,12:00,16:00,Even,Washington St,Rosseter St,0.115340909090909,,False,False,True,False,True,False,False,False,False,True,False,False,False,False,False,False,6/13/2013 4:05:50 PM,ELDON1,0,609
929,Eldon St,3,North Dorchester,12:00,16:00,Odd,Washington St,Rosseter St,0.115340909090909,,False,True,False,True,False,False,False,False,False,True,False,False,False,False,False,False,6/13/2013 4:05:44 PM,ELDON1,0,609
930,Eldora St,10M,Mission Hill,12:00,16:00,Odd,Hillside St,Sunset St,8.67424242424242E-02,,False,True,False,True,False,False,False,False,False,True,False,False,False,False,False,False,10/13/2015 12:10:43 PM,ELDOR1,0,458
931,Eldora St,10M,Mission Hill,12:00,16:00,Even,Hillside St,Sunset St,8.67424242424242E-02,,False,False,True,False,True,False,False,False,False,True,False,False,False,False,False,False,10/13/2015 12:10:39 PM,ELDOR1,0,458
932,Eleanor St,4,Allston/Brighton,08:00,12:00,Odd,Cambridge St,Ridgemont St,3.37121212121212E-02,,False,True,False,True,False,False,False,False,False,False,True,False,False,False,False,False,2/14/2012 8:36:32 AM,ELEAN1,0,178
933,Eleanor St,4,Allston/Brighton,08:00,12:00,Even,Cambridge St,Ridgemont St,3.37121212121212E-02,,False,False,True,False,True,False,False,False,False,False,True,False,False,False,False,False,2/14/2012 8:36:32 AM,ELEAN1,0,178
934,Fifield St,3,North Dorchester,08:00,12:00,Odd,Church St,Winter St,0.105871212121212,,False,True,False,True,False,False,False,False,False,False,True,False,False,False,False,False,2/14/2012 8:36:32 AM,FIFIE1,0,559
935,Eliot Pl,1T,Chinatown,00:01,07:00,,Stuart St,Dead End,2.67045454545455E-02,,True,True,True,True,True,True,True,True,True,True,True,True,True,True,True,False,2/29/2012 10:06:53 AM,ELIOT4,0,141
936,Elizabeth St,7,South Dorchester,12:00,16:00,Even,Norfolk St,Dead End,0.119318181818182,,False,False,True,False,True,False,False,False,False,False,True,False,False,False,False,False,2/14/2012 8:36:32 AM,ELIZA1,0,630
937,Elizabeth St,7,South Dorchester,12:00,16:00,Odd,Norfolk St,Dead End,0.119318181818182,,False,True,False,True,False,False,False,False,False,False,True,False,False,False,False,False,2/14/2012 8:36:32 AM,ELIZA1,0,630
938,Elm Hill Ave,10R,Roxbury,08:00,12:00,Odd,Warren St,Seaver St,0.482765151515152,,False,True,False,True,False,False,False,False,False,False,False,True,False,False,False,False,2/14/2012 8:36:32 AM,ELM H1,0,2549
939,East Eagle St,9,East Boston,08:00,12:00,Odd,Glendon St,Chelsea St,0.241666666666667,,False,False,True,False,True,False,False,False,True,False,False,False,False,False,False,False,2/14/2012 8:36:32 AM,E EAG1,850,2126
940,Forsyth St,10F,Fenway/Kenmore,12:00,16:00,Odd,Hemenway St,Huntington Ave,7.97348484848485E-02,,False,True,False,True,False,False,False,False,False,True,False,False,False,False,False,False,2/14/2012 8:36:32 AM,FORSY1,0,421
941,Elm Hill Ave,10R,Roxbury,08:00,12:00,Even,Warren St,Seaver St,0.482765151515152,,False,False,True,False,True,False,False,False,False,False,False,True,False,False,False,False,2/14/2012 8:36:32 AM,ELM H1,0,2549
942,Elm Hill Park,10R,Roxbury,08:00,12:00,Even,Warren St,Dead End,0.158712121212121,,False,True,False,True,False,False,False,False,False,False,False,True,False,False,False,False,9/7/2021 3:20:57 PM,ELM H2,0,838
943,Elm Hill Park,10R,Roxbury,08:00,12:00,Odd,Warren St,Dead End,0.158712121212121,,False,False,True,False,True,False,False,False,False,False,False,True,False,False,False,False,9/7/2021 3:21:07 PM,ELM H2,0,838
944,Elm St,1C,Charlestown,08:00,12:00,Even,High St,Bunker Hill St,0.170454545454545,,False,False,True,False,True,False,False,False,False,False,False,True,False,False,False,False,2/14/2012 8:36:32 AM,ELM S3,0,900
945,Elm St,1C,Charlestown,08:00,12:00,Odd,High St,Bunker Hill St,0.170454545454545,,False,True,False,True,False,False,False,False,False,False,False,True,False,False,False,False,2/14/2012 8:36:32 AM,ELM S3,0,900
946,Follen St,1B,Back Bay,08:00,12:00,Even,St Botolph St,Dead End,5.28409090909091E-02,,False,False,True,False,True,False,False,False,False,False,False,True,False,False,False,False,2/14/2012 8:36:32 AM,FOLLE1,0,279
947,Elm St,1C,Charlestown,08:00,12:00,Even,Bunker Hill St,Medford St,0.132386363636364,,False,False,True,False,True,False,False,False,False,False,True,False,False,False,False,False,2/14/2012 8:36:32 AM,ELM S3,900,1599
948,Elm St,1C,Charlestown,08:00,12:00,Odd,Bunker Hill St,Medford St,0.132386363636364,,False,True,False,True,False,False,False,False,False,False,True,False,False,False,False,False,2/14/2012 8:36:32 AM,ELM S3,900,1599
949,Flint St,7,South Dorchester,12:00,16:00,Odd,Norfolk St,Dead End,7.97348484848485E-02,,False,True,False,True,False,False,False,False,False,False,True,False,False,False,False,False,2/14/2012 8:36:32 AM,FLINT1,0,421
950,Fiske Ter,4,Allston/Brighton,12:00,16:00,Odd,Brainerd Rd,Brookline Town Line,0.021780303030303,,False,True,False,True,False,False,False,False,False,False,True,False,False,False,False,False,2/14/2012 8:36:32 AM,FISKE1,0,115
951,Elmhurst St,7,South Dorchester,08:00,12:00,Even,Norfolk St,Southern Ave,0.102651515151515,,False,False,True,False,True,False,False,False,False,True,False,False,False,False,False,False,9/9/2020 9:31:34 AM,ELMHU1,0,542
952,Elmhurst St,7,South Dorchester,08:00,12:00,Odd,Norfolk St,Southern Ave,0.102651515151515,,False,True,False,True,False,False,False,False,False,True,False,False,False,False,False,False,9/9/2020 9:31:29 AM,ELMHU1,0,542
953,Elmwood St,10R,Roxbury,08:00,12:00,Even,Roxbury St,Malcolm X Blvd,8.14393939393939E-02,,False,False,True,False,True,False,False,False,False,True,False,False,False,False,False,False,2/29/2012 10:06:53 AM,ELMWO1,0,430
954,Elmwood St,10R,Roxbury,08:00,12:00,Odd,Roxbury St,Malcolm X Blvd,8.14393939393939E-02,,False,True,False,True,False,False,False,False,False,True,False,False,False,False,False,False,2/29/2012 10:06:53 AM,ELMWO1,0,430
955,Elton St,3,North Dorchester,08:00,12:00,Even,Dorchester Ave,Sagamore St,0.102651515151515,,False,False,True,False,True,False,False,True,False,False,False,False,False,False,False,False,2/14/2012 8:36:32 AM,ELTON1,0,542
956,Frawley St,10M,Mission Hill,12:00,16:00,Odd,Huntington Ave,Hillside St,0.10719696969697,,False,True,False,True,False,False,False,False,False,True,False,False,False,False,False,False,8/13/2018 3:20:55 PM,FRAWL1,0,566
957,Elton St,3,North Dorchester,08:00,12:00,Odd,Dorchester Ave,Sagamore St,0.102651515151515,,False,True,False,True,False,False,False,True,False,False,False,False,False,False,False,False,2/14/2012 8:36:32 AM,ELTON1,0,542
958,Elven Rd,2,Jamaica Plain,12:00,16:00,Odd,Washington St,Brookway Rd,6.70454545454545E-02,,False,True,False,True,False,False,False,False,False,False,True,False,False,False,False,False,2/14/2012 8:36:32 AM,ELVEN1,0,354
959,East Broadway,5,South Boston,13:00,17:00,Odd,L St,Farragut Rd,0.530681818181818,,False,True,False,True,False,False,False,False,False,False,False,True,False,False,False,False,2/14/2012 8:36:32 AM,E BRO1,2717,5519
960,Elven Rd,2,Jamaica Plain,08:00,12:00,Even,Washington St,Brookway Rd,6.70454545454545E-02,,False,False,True,False,True,False,False,False,False,False,True,False,False,False,False,False,2/14/2012 8:36:32 AM,ELVEN1,0,354
961,Emerson St,5,South Boston,09:00,13:00,Even,Dorchester St,East Broadway,0.221969696969697,,False,False,True,False,True,False,False,False,False,False,False,True,False,False,False,False,2/14/2012 8:36:32 AM,EMERS1,0,1172
962,Emerson St,5,South Boston,09:00,13:00,Odd,Dorchester St,East Broadway,0.221969696969697,,False,True,False,True,False,False,False,False,False,False,False,True,False,False,False,False,2/14/2012 8:36:32 AM,EMERS1,0,1172
963,Emerson St,5,South Boston,09:00,13:00,Odd,East Broadway,L St,0.250757576,,False,False,True,False,True,False,False,False,False,False,True,False,False,False,False,False,5/18/2017 2:51:55 PM,EMERS1,1172,2496
964,Emerson St,5,South Boston,09:00,13:00,Even,East Broadway,L St,0.250757576,,False,True,False,True,False,False,False,False,False,False,True,False,False,False,False,False,5/18/2017 2:51:36 PM,EMERS1,1172,2496
965,Emmet St,5,South Boston,09:00,13:00,Odd,East Third St,East Second St,5.66287878787879E-02,,False,True,False,True,False,False,False,False,False,False,False,True,False,False,False,False,2/14/2012 8:36:32 AM,EMMET1,0,299
966,Emmons St,9,East Boston,12:00,16:00,Even,Chelsea St,Paris St,6.85606060606061E-02,,False,False,True,False,True,False,False,False,False,True,False,False,False,False,False,False,2/14/2012 8:36:32 AM,EMMON1,0,362
967,Emmons St,9,East Boston,12:00,16:00,Odd,Chelsea St,Paris St,6.85606060606061E-02,,False,True,False,True,False,False,False,False,False,True,False,False,False,False,False,False,2/14/2012 8:36:32 AM,EMMON1,0,362
968,East Fourth St,5,South Boston,13:00,17:00,Odd,Dorchester St,G St,0.142045454545455,,False,True,False,True,False,False,False,False,False,False,True,False,False,False,False,False,2/14/2012 8:36:32 AM,E FOU1,0,750
969,Endicott St,1N,North End,12:00,16:00,Odd,Cross St,North Washington St,0.26155303030303,,False,True,False,True,False,False,False,False,True,False,False,False,False,False,False,True,2/14/2012 8:36:32 AM,ENDIC1,0,1381
970,Endicott St,1N,North End,12:00,16:00,Even,Cross St,North Washington St,0.26155303030303,,False,False,True,False,True,False,False,False,True,False,False,False,False,False,False,True,2/14/2012 8:36:32 AM,ENDIC1,0,1381
971,Englewood Ave,4,Allston/Brighton,12:00,16:00,Even,Sutherland Rd,Chestnut Hill Ave,0.129734848484848,,False,False,True,False,True,False,False,False,False,True,False,False,False,False,False,False,2/14/2012 8:36:32 AM,ENGLE1,1021,1706
972,G St,5,South Boston,13:00,17:00,Even,East Third St,Columbia Rd,0.404356060606061,,False,False,True,False,True,False,False,False,False,False,True,False,False,False,False,False,2/14/2012 8:36:32 AM,G ST 1,39,2174
973,Freeport St,3,North Dorchester,08:00,12:00,Even,Dorchester Ave,Clayton St,0.263068181818182,,False,True,True,True,True,True,False,True,False,False,False,False,False,False,False,False,2/14/2012 8:36:32 AM,FREEP1,0,1389
974,Fountain St,10R,Roxbury,12:00,16:00,Odd,Circuit St,Regent St,9.50757575757576E-02,,False,True,False,True,False,False,False,False,True,False,False,False,False,False,False,False,2/29/2012 10:06:53 AM,FOUNT1,0,502
975,Englewood Ave,4,Allston/Brighton,12:00,16:00,Odd,Sutherland Rd,Chestnut Hill Ave,0.129734848484848,,False,True,False,True,False,False,False,False,False,True,False,False,False,False,False,False,2/14/2012 8:36:32 AM,ENGLE1,1021,1706
976,Englewood Ave,4,Allston/Brighton,08:00,12:00,Even,Brookline Town Line,Sutherland Rd,0.193371212121212,,False,False,True,False,True,False,False,False,False,True,False,False,False,False,False,False,2/14/2012 8:36:32 AM,ENGLE1,0,1021
977,Englewood Ave,4,Allston/Brighton,08:00,12:00,Odd,Brookline Town Line,Sutherland Rd,0.193371212121212,,False,True,False,True,False,False,False,False,False,True,False,False,False,False,False,False,2/14/2012 8:36:32 AM,ENGLE1,0,1021
978,Ennis Rd,2,Jamaica Plain,12:00,16:00,Odd,School St,Dead End,7.42424242424242E-02,,False,False,True,False,True,False,False,False,False,False,False,True,False,False,False,False,2/14/2012 8:36:32 AM,ENNIS1,0,392
979,Ennis Rd,2,Jamaica Plain,12:00,16:00,Even,School St,Dead End,7.42424242424242E-02,,False,True,False,True,False,False,False,False,False,False,False,True,False,False,False,False,2/14/2012 8:36:32 AM,ENNIS1,0,392
980,Ernst St,10R,Roxbury,08:00,12:00,Odd,Bragdon St,West Walnut Park,6.66666666666667E-02,,False,True,False,True,False,False,False,False,False,False,False,True,False,False,False,False,2/14/2012 8:36:32 AM,ERNST1,0,352
981,Ernst St,10R,Roxbury,08:00,12:00,Even,Bragdon St,West Walnut Park,6.66666666666667E-02,,False,False,True,False,True,False,False,False,False,False,False,True,False,False,False,False,2/14/2012 8:36:32 AM,ERNST1,0,352
982,Essex St,1C,Charlestown,12:00,16:00,Odd,Tibbetts Town Way,New Rutherford Ave,0.10094696969697,,False,True,False,True,False,False,False,False,False,False,True,False,False,False,False,False,2/14/2012 8:36:32 AM,ESSEX1,94,627
983,Essex St,1C,Charlestown,12:00,16:00,Even,Tibbetts Town Way,New Rutherford Ave,0.10094696969697,,False,False,True,False,True,False,False,False,False,False,True,False,False,False,False,False,2/14/2012 8:36:32 AM,ESSEX1,94,627
984,Essex St,1T,Chinatown,00:01,07:00,,Washington St,Atlantic Ave,0.351704545454545,,True,True,True,True,True,True,True,True,True,True,True,True,True,True,True,False,2/29/2012 10:06:53 AM,ESSEX2,0,1857
985,Estabrook Rd,10R,Roxbury,08:00,12:00,Odd,Shawmut Ave,Dewitt Dr,6.72348484848485E-02,,False,False,True,False,True,False,False,False,False,True,False,False,False,False,False,False,2/29/2012 10:06:53 AM,ESTAB1,0,355
986,Estabrook Rd,10R,Roxbury,08:00,12:00,Even,Shawmut Ave,Dewitt Dr,6.72348484848485E-02,,False,True,False,True,False,False,False,False,False,True,False,False,False,False,False,False,2/29/2012 10:06:53 AM,ESTAB1,0,355
987,Estella St,7,South Dorchester,08:00,12:00,Even,Morton St,Harvard St,0.090530303030303,,False,False,True,False,True,False,False,False,True,False,False,False,False,False,False,False,2/14/2012 8:36:32 AM,ESTEL1,0,478
988,Estella St,7,South Dorchester,08:00,12:00,Odd,Morton St,Harvard St,0.090530303030303,,False,True,False,True,False,False,False,False,True,False,False,False,False,False,False,False,2/14/2012 8:36:32 AM,ESTEL1,0,478
989,Estes Ave,3,North Dorchester,12:00,16:00,Even,Wilrose St,Dead End,7.53787878787879E-02,,False,False,True,False,True,False,False,False,False,False,False,True,False,False,False,False,2/14/2012 8:36:32 AM,ESTES1,0,398
990,Estes Ave,3,North Dorchester,12:00,16:00,Odd,Wilrose St,Dead End,7.53787878787879E-02,,False,True,False,True,False,False,False,False,False,False,False,True,False,False,False,False,2/14/2012 8:36:32 AM,ESTES1,0,398
991,Dwight St,1S,South End,08:00,12:00,Odd,Shawmut Ave,Tremont St,0.146780303030303,,False,True,False,True,False,True,False,False,False,False,True,False,False,False,False,True,5/15/2020 12:28:11 PM,DWIGH1,0,775
992,Estey St,10M,Mission Hill,12:00,16:00,Odd,Lawn St,Fisher Ave,5.83333333333333E-02,,False,True,False,True,False,False,False,False,False,True,False,False,False,False,False,False,8/7/2020 11:02:24 AM,ESTEY1,0,308
993,Estey St,10M,Mission Hill,12:00,16:00,Even,Lawn St,Fisher Ave,5.83333333333333E-02,,False,False,True,False,True,False,False,False,False,True,False,False,False,False,False,False,8/7/2020 11:02:19 AM,ESTEY1,0,308
994,Estrella St,2,Jamaica Plain,12:00,16:00,Even,Centre St,Priesing St,6.70454545454545E-02,,False,False,True,False,True,False,False,True,False,False,False,False,False,False,False,False,2/14/2012 8:36:32 AM,ESTRE1,0,354
995,Estrella St,2,Jamaica Plain,12:00,16:00,Odd,Centre St,Priesing St,6.70454545454545E-02,,False,True,False,True,False,False,False,True,False,False,False,False,False,False,False,False,2/14/2012 8:36:32 AM,ESTRE1,0,354
996,Euclid St,7,South Dorchester,08:00,12:00,Odd,Washington St,Withington St,8.86363636363636E-02,,False,True,False,True,False,False,False,False,False,True,False,False,False,False,False,False,2/14/2012 8:36:32 AM,EUCLI1,0,468
997,Euclid St,7,South Dorchester,08:00,12:00,Even,Washington St,Withington St,8.86363636363636E-02,,False,False,True,False,True,False,False,False,False,True,False,False,False,False,False,False,2/14/2012 8:36:32 AM,EUCLI1,0,468
998,Eunice St,3,North Dorchester,12:00,16:00,Even,Bowdoin St,Dead End,4.64015151515152E-02,,False,False,True,False,True,False,False,False,False,True,False,False,False,False,False,False,6/13/2013 3:42:01 PM,EUNIC1,0,245
999,Eunice St,3,North Dorchester,12:00,16:00,Odd,Bowdoin St,Dead End,4.64015151515152E-02,,False,True,False,True,False,False,False,False,False,True,False,False,False,False,False,False,6/13/2013 3:41:53 PM,EUNIC1,0,245
1000,Eustis St,10R,Roxbury,12:00,16:00,Odd,Washington St,Magazine St,0.621022727272727,,False,True,False,True,False,False,False,False,True,False,False,False,False,False,False,False,2/14/2012 8:36:32 AM,EUSTI1,0,3279
1001,Eustis St,10R,Roxbury,12:00,16:00,Even,Washington St,Magazine St,0.621022727272727,,False,False,True,False,True,False,False,False,True,False,False,False,False,False,False,False,2/14/2012 8:36:32 AM,EUSTI1,0,3279
1003,East Fourth St,5,South Boston,09:00,13:00,Even,G St,K St,0.35018939393,,False,False,True,False,True,False,False,False,False,False,True,False,False,False,False,False,4/23/2018 12:45:37 PM,E FOU1,750,2599
1004,Eutaw St,9,East Boston,12:00,16:00,Odd,Border St,White St,0.333712121212121,,False,False,True,False,True,False,False,False,True,False,False,False,False,False,False,False,2/14/2012 8:36:32 AM,EUTAW1,0,1762
1005,Fawndale Rd,2,Jamaica Plain,12:00,16:00,Odd,Washington St,Granfield Ave,0.194128787878788,,False,True,False,True,False,False,False,False,False,False,True,False,False,False,False,False,2/14/2012 8:36:32 AM,FAWND1,0,1025
1006,Eutaw St,9,East Boston,12:00,16:00,Even,Border St,White St,0.333712121212121,,False,True,False,True,False,False,False,False,True,False,False,False,False,False,False,False,2/14/2012 8:36:32 AM,EUTAW1,0,1762
1007,Evandale Ter,3,North Dorchester,12:00,16:00,Even,Savin Hill Ave,Dead End,5.70075757575758E-02,,False,False,True,False,True,False,False,True,False,False,False,False,False,False,False,False,7/29/2013 12:21:23 PM,EVAND1,0,301
1008,Evandale Ter,3,North Dorchester,12:00,16:00,Odd,Savin Hill Ave,Dead End,5.70075757575758E-02,,False,True,False,True,False,False,False,True,False,False,False,False,False,False,False,False,7/29/2013 12:14:54 PM,EVAND1,0,301
1009,Evelyn St,7,South Dorchester,12:00,16:00,Even,Blue Hill Ave,Norfolk St,0.175378787878788,,False,False,True,False,True,False,False,False,False,False,True,False,False,False,False,False,2/14/2012 8:36:32 AM,EVELY1,0,926
1010,East Cottage St,3,North Dorchester,12:00,16:00,Even,Pleasant St,Dorchester Ave,0.118560606060606,,False,False,True,False,True,False,False,False,False,False,False,True,False,False,False,False,2/14/2012 8:36:32 AM,E COT1,3987,4613
1011,Evelyn St,7,South Dorchester,12:00,16:00,Odd,Blue Hill Ave,Norfolk St,0.175378787878788,,False,True,False,True,False,False,False,False,False,False,True,False,False,False,False,False,2/14/2012 8:36:32 AM,EVELY1,0,926
1013,Everett St,9,East Boston,08:00,12:00,Even,Orleans St,Jeffries St,0.483522727272727,,False,False,True,False,True,False,False,False,False,False,True,False,False,False,False,False,2/14/2012 8:36:32 AM,EVERE2,0,2553
1014,Everett St,9,East Boston,08:00,12:00,Odd,Orleans St,Jeffries St,0.483522727272727,,False,True,False,True,False,False,False,False,False,False,True,False,False,False,False,False,2/14/2012 8:36:32 AM,EVERE2,0,2553
1015,Everett St,4,Allston/Brighton,08:00,12:00,Even,North Beacon St,Braintree St,0.197916666666667,,False,False,True,False,True,False,False,True,False,False,False,False,False,False,False,False,2/14/2012 8:36:32 AM,EVERE3,0,1045
1016,East Eighth St,5,South Boston,09:00,13:00,Even,G St,K St,0.34905303,,False,False,True,False,True,False,False,False,False,False,True,False,False,False,False,False,8/17/2020 9:14:52 AM,E EIG1,2086,3929
1017,Everett St,4,Allston/Brighton,08:00,12:00,Odd,North Beacon St,Braintree St,0.197916666666667,,False,True,False,True,False,False,False,True,False,False,False,False,False,False,False,False,2/14/2012 8:36:32 AM,EVERE3,0,1045
1018,Evergreen St,2,Jamaica Plain,12:00,16:00,Even,Day St,South Huntington Ave,0.170454545454545,,False,False,True,False,True,False,False,False,True,False,False,False,False,False,False,False,10/7/2014 3:56:41 PM,EVERG1,0,900
1019,Gainsborough St,10F,Fenway/Kenmore,12:00,16:00,Odd,Huntington Ave,Hemenway St,0.209848484848485,,False,True,False,True,False,False,False,False,False,True,False,False,False,False,False,False,2/14/2012 8:36:32 AM,GAINS1,620,1728
1020,Gainsborough St,10F,Fenway/Kenmore,12:00,16:00,Even,Huntington Ave,Hemenway St,0.209848484848485,,False,False,True,False,True,False,False,False,False,True,False,False,False,False,False,False,2/14/2012 8:36:32 AM,GAINS1,620,1728
1021,Fremont St,7,South Dorchester,12:00,16:00,Odd,Blue Hill Ave,River St,0.218939393939394,,False,True,False,True,False,False,False,False,False,False,True,False,False,False,False,False,2/14/2012 8:36:32 AM,FREMO1,0,1156
1022,Fremont St,7,South Dorchester,12:00,16:00,Even,Blue Hill Ave,River St,0.218939393939394,,False,False,True,False,True,False,False,False,False,False,True,False,False,False,False,False,2/14/2012 8:36:32 AM,FREMO1,0,1156
1023,Fox St,3,North Dorchester,08:00,12:00,Even,Adams St,Mount Ida Rd,0.15094696969697,,False,False,True,False,True,False,False,False,False,False,True,False,False,False,False,False,2/14/2012 8:36:32 AM,FOX S1,0,797
1024,Fountain St,10R,Roxbury,12:00,16:00,Even,Circuit St,Regent St,9.50757575757576E-02,,False,False,True,False,True,False,False,False,True,False,False,False,False,False,False,False,2/29/2012 10:06:53 AM,FOUNT1,0,502
1025,East Canton St,1S,South End,12:00,16:00,Odd,Harrison Ave,Albany St,0.151893939393939,,False,True,False,True,False,True,False,False,False,False,True,False,False,False,False,True,3/10/2023 8:41:20 AM,E CAN1,0,802
1026,Frederick St,5,South Boston,13:00,17:00,Even,West Ninth St,Lark St,5.83333333333333E-02,,False,True,False,True,False,False,False,False,False,False,False,True,False,False,False,False,2/14/2012 8:36:32 AM,FREDE1,0,308
1027,Evergreen St,2,Jamaica Plain,12:00,16:00,Odd,Day St,South Huntington Ave,0.170454545454545,,False,True,False,True,False,False,False,False,True,False,False,False,False,False,False,False,10/7/2014 3:56:35 PM,EVERG1,0,900
1028,Everton St,3,North Dorchester,12:00,16:00,Odd,Olney St,Geneva Ave,0.136363636363636,,False,True,False,True,False,False,False,False,False,True,False,False,False,False,False,False,6/13/2013 3:47:06 PM,EVERT1,0,720
1029,East Berkeley St,1S,South End,00:01,07:00,,Washington St,Albany St,0.18844696969697,,True,True,True,True,True,True,True,True,True,True,True,True,True,True,True,True,2/29/2012 10:06:53 AM,E BER1,1158,2153
1031,Everton St,3,North Dorchester,12:00,16:00,Even,Olney St,Geneva Ave,0.136363636363636,,False,False,True,False,True,False,False,False,False,True,False,False,False,False,False,False,6/13/2013 3:46:59 PM,EVERT1,0,720
1033,Fenton St,3,North Dorchester,12:00,16:00,Even,Duncan St,Clayton St,0.129734848484848,,False,False,True,False,True,False,False,False,False,False,False,True,False,False,False,False,2/14/2012 8:36:32 AM,FENTO1,0,685
1034,Foster St,4,Allston/Brighton,08:00,12:00,Odd,Washington St,Commonwealth Ave,0.656818181818182,,False,True,False,True,False,False,False,False,False,False,False,True,False,False,False,False,2/14/2012 8:36:32 AM,FOSTE1,678,4146
1036,Exeter St,1B,Back Bay,06:00,08:00,Even,Commonwealth Ave,Boylston St,0.11818181818,,False,False,True,False,True,False,False,True,False,False,False,False,False,False,False,False,5/26/2022 2:40:52 PM,EXETE1,956,1580
1037,Exeter St,1B,Back Bay,06:00,08:00,Odd,Commonwealth Ave,Boylston St,0.11818181818,,False,True,False,True,False,False,False,True,False,False,False,False,False,False,False,False,6/23/2022 11:16:59 AM,EXETE1,956,1580
1038,East Fourth St,5,South Boston,09:00,13:00,Odd,K St,Farragut Rd,0.633522727,,False,True,False,True,False,False,False,False,False,True,False,False,False,False,False,False,7/5/2016 8:51:36 AM,E FOU1,2599,5944
1039,East Fourth St,5,South Boston,09:00,13:00,Even,K St,Farragut Rd,0.633522727,,False,False,True,False,True,False,False,False,False,True,False,False,False,False,False,False,7/5/2016 8:51:21 AM,E FOU1,2599,5944
1040,F St,5,South Boston,13:00,17:00,Odd,West Broadway,West First St,0.173863636363636,,False,True,False,True,False,False,False,False,False,False,False,True,False,False,False,False,3/24/2017 1:37:49 PM,F ST 1,1657,2575
1041,F St,5,South Boston,13:00,17:00,Even,West Broadway,West First St,0.173863636363636,,False,False,True,False,True,False,False,False,False,False,False,True,False,False,False,False,3/24/2017 1:37:39 PM,F ST 1,1657,2575
1042,F St,5,South Boston,13:00,17:00,Odd,West Eighth St,West Broadway,0.313825757575758,,False,True,False,True,False,False,False,True,False,False,False,False,False,False,False,False,3/24/2017 1:37:27 PM,F ST 1,0,1657
1043,F St,5,South Boston,13:00,17:00,Even,West Eighth St,West Broadway,0.313825757575758,,False,False,True,False,True,False,False,True,False,False,False,False,False,False,False,False,3/24/2017 1:37:14 PM,F ST 1,0,1657
1044,Fabyan St,7,South Dorchester,12:00,16:00,Even,Blue Hill Ave,Harvard St,0.137310606060606,,False,False,True,False,True,False,False,False,True,False,False,False,False,False,False,False,2/14/2012 8:36:32 AM,FABYA1,0,725
1045,East Eagle St,9,East Boston,08:00,12:00,Even,Glendon St,Chelsea St,0.241666666666667,,False,True,False,True,False,False,False,False,True,False,False,False,False,False,False,False,2/14/2012 8:36:32 AM,E EAG1,850,2126
1046,Forsyth St,10F,Fenway/Kenmore,12:00,16:00,Even,Hemenway St,Huntington Ave,7.97348484848485E-02,,False,False,True,False,True,False,False,False,False,True,False,False,False,False,False,False,2/14/2012 8:36:32 AM,FORSY1,0,421
1047,Fenway,99,DCR,08:00,12:00,,Boylston St,Riverway,1.27840909090909,,False,False,True,False,False,False,False,False,False,False,False,True,False,False,False,False,2/29/2012 10:06:53 AM,FENWA2,0,6750
1048,Fabyan St,7,South Dorchester,12:00,16:00,Odd,Blue Hill Ave,Harvard St,0.137310606060606,,False,True,False,True,False,False,False,False,True,False,False,False,False,False,False,False,2/14/2012 8:36:32 AM,FABYA1,0,725
1049,Fairbanks St,4,Allston/Brighton,08:00,12:00,Even,Washington St,Faneuil St,0.234469696969697,,False,False,True,False,True,False,False,False,True,False,False,False,False,False,False,False,2/14/2012 8:36:32 AM,FAIRB1,0,1238
1050,Feneno Ter,4,Allston/Brighton,12:00,16:00,Even,Brainerd Rd,Brookline Town Line,2.29166666666667E-02,,False,False,True,False,True,False,False,False,False,False,True,False,False,False,False,False,2/14/2012 8:36:32 AM,FENEN1,0,121
1051,Fairbanks St,4,Allston/Brighton,08:00,12:00,Odd,Washington St,Faneuil St,0.234469696969697,,False,True,False,True,False,False,False,False,True,False,False,False,False,False,False,False,2/14/2012 8:36:32 AM,FAIRB1,0,1238
1052,Florida St,7,South Dorchester,08:00,12:00,Odd,King St,Ashmont St,0.363825757575758,,False,True,False,True,False,False,False,True,False,False,False,False,False,False,False,False,2/14/2012 8:36:32 AM,FLORI4,0,1921
1053,Fairfield St,1B,Back Bay,06:00,08:00,Even,Beacon St,Commonwealth Ave,0.117992424242424,,False,False,True,False,True,False,False,False,False,True,False,False,False,False,False,False,3/25/2020 11:37:04 AM,FAIRF2,200,823
1054,Fairfield St,1B,Back Bay,06:00,08:00,Odd,Beacon St,Commonwealth Ave,0.117992424242424,,False,True,False,True,False,False,False,False,False,True,False,False,False,False,False,False,3/25/2020 11:36:59 AM,FAIRF2,200,823
1055,Fairfield St,1B,Back Bay,06:00,08:00,Even,Commonwealth Ave,Boylston St,0.143560606060606,,False,False,True,False,True,False,False,True,False,False,False,False,False,False,False,False,3/26/2020 8:45:22 AM,FAIRF2,823,1581
1056,Fairfield St,1B,Back Bay,06:00,08:00,Odd,Commonwealth Ave,Boylston St,0.143560606060606,,False,True,False,True,False,False,False,True,False,False,False,False,False,False,False,False,3/26/2020 8:45:16 AM,FAIRF2,823,1581
1057,Fairland St,10R,Roxbury,08:00,12:00,Even,Mt Pleasant Ave,Moreland St,0.136742424242424,,False,False,True,False,True,False,False,False,True,False,False,False,False,False,False,False,2/14/2012 8:36:32 AM,FAIRL1,0,722
1058,Fairland St,10R,Roxbury,08:00,12:00,Odd,Mt Pleasant Ave,Moreland St,0.136742424242424,,False,True,False,True,False,False,False,False,True,False,False,False,False,False,False,False,2/14/2012 8:36:32 AM,FAIRL1,0,722
1059,Floyd St,7,South Dorchester,08:00,12:00,Even,Blue Hill Ave,Callender St,0.301136363636364,,False,False,True,False,True,False,False,False,True,False,False,False,False,False,False,False,4/23/2015 9:36:46 AM,FLOYD1,0,1590
1060,Fairmount St,7,South Dorchester,12:00,16:00,Even,Washington St,Morton St,0.507575757575758,,False,False,True,False,True,False,False,False,False,False,True,False,False,False,False,False,2/14/2012 8:36:32 AM,FAIRM1,0,2680
1061,Fairmount St,7,South Dorchester,12:00,16:00,Odd,Washington St,Morton St,0.507575757575758,,False,True,False,True,False,False,False,False,False,False,True,False,False,False,False,False,2/14/2012 8:36:32 AM,FAIRM1,0,2680
1062,Florence St,2,Jamaica Plain,08:00,12:00,Even,Cummins Hwy,Firth Rd,0.198863636363636,,False,False,True,False,True,False,False,False,False,False,True,False,False,False,False,False,2/14/2012 8:36:32 AM,FLORE1,731,1781
1063,Falcon St,9,East Boston,12:00,16:00,Odd,Border St,Glendon St,0.515151515151515,,False,False,True,False,True,False,False,False,True,False,False,False,False,False,False,False,2/14/2012 8:36:32 AM,FALCO1,0,2720
1064,Falcon St,9,East Boston,12:00,16:00,Even,Border St,Glendon St,0.515151515151515,,False,True,False,True,False,False,False,False,True,False,False,False,False,False,False,False,2/14/2012 8:36:32 AM,FALCO1,0,2720
1065,Faneuil St,4,Allston/Brighton,08:00,12:00,Odd,South Hobbart St,Oak Square Ave,0.323674242424242,,False,True,False,True,False,False,False,False,True,False,False,False,False,False,False,False,2/14/2012 8:36:32 AM,FANEU1,2488,4197
1066,Faneuil St,4,Allston/Brighton,08:00,12:00,Even,South Hobbart St,Oak Square Ave,0.323674242424242,,False,False,True,False,True,False,False,False,True,False,False,False,False,False,False,False,2/14/2012 8:36:32 AM,FANEU1,2488,4197
1067,Farragut Rd,5,South Boston,09:00,13:00,Odd,East Broadway,William J. Day Blvd,0.196022727272727,,False,True,False,True,False,False,False,False,False,True,False,False,False,False,False,False,5/25/2017 8:12:45 AM,FARRA1,921,1956
1068,Fuller St,4,Allston/Brighton,12:00,16:00,Odd,Commonwealth Ave,Brookline Town Line,3.93939393939394E-02,,False,True,False,True,False,False,False,False,False,False,True,False,False,False,False,False,2/14/2012 8:36:32 AM,FULLE2,0,208
1069,Clipper Ship Ln,9,East Boston,12:00,16:00,Odd,Sumner St,Msgr Jacobbe Rd,5.68181818181818E-02,,False,True,False,True,False,False,False,False,False,False,True,False,False,False,False,False,4/6/2015 10:00:37 AM,CLIPP1,0,300
1070,Clipper Ship Ln,9,East Boston,12:00,16:00,Even,Sumner St,Msgr Jacobbe Rd,5.68181818181818E-02,,False,False,True,False,True,False,False,False,False,False,True,False,False,False,False,False,4/6/2015 10:00:15 AM,CLIPP1,0,300
1071,Coleman St,3,North Dorchester,08:00,12:00,Even,Hendry St,Quincy St,5.98484848484848E-02,,False,False,True,False,True,False,False,False,False,False,True,False,False,False,False,False,2/14/2012 8:36:32 AM,COLEM1,0,316
1072,Gallivan Blvd,99,DCR,08:00,12:00,Odd,Washington St,Neponset Ave,1.44185606060606,,False,True,False,False,False,False,False,False,False,True,False,False,False,False,False,False,2/29/2012 10:06:53 AM,GALLI1,3092,10705
1073,Franklin St,1C,Charlestown,12:00,16:00,Odd,Main St,High St,6.72348484848485E-02,,False,True,False,True,False,False,False,False,False,False,False,True,False,False,False,False,2/14/2012 8:36:32 AM,FRANK10,0,355
1074,Franklin St,1C,Charlestown,12:00,16:00,Even,Main St,High St,6.72348484848485E-02,,False,False,True,False,True,False,False,False,False,False,False,True,False,False,False,False,2/14/2012 8:36:32 AM,FRANK10,0,355
1075,Fox St,3,North Dorchester,08:00,12:00,Odd,Adams St,Mount Ida Rd,0.15094696969697,,False,True,False,True,False,False,False,False,False,False,True,False,False,False,False,False,2/14/2012 8:36:32 AM,FOX S1,0,797
1076,Forbes St,2,Jamaica Plain,08:00,12:00,Odd,Centre St,Chestnut Ave,0.272727272727273,,False,True,False,True,False,False,False,True,False,False,False,False,False,False,False,False,2/14/2012 8:36:32 AM,FORBE1,0,1440
1077,Coleman St,3,North Dorchester,08:00,12:00,Odd,Hendry St,Quincy St,5.98484848484848E-02,,False,True,False,True,False,False,False,False,False,False,True,False,False,False,False,False,2/14/2012 8:36:32 AM,COLEM1,0,316
1078,Coleman St,3,North Dorchester,12:00,16:00,Even,Quincy St,Hamilton St,0.162121212121212,,False,False,True,False,True,False,False,False,False,True,False,False,False,False,False,False,5/11/2018 8:12:31 AM,COLEM1,316,1172
1079,Coleman St,3,North Dorchester,12:00,16:00,Odd,Quincy St,Hamilton St,0.162121212121212,,False,True,False,True,False,False,False,False,False,True,False,False,False,False,False,False,5/11/2018 8:12:26 AM,COLEM1,316,1172
1080,Coleus Park,3,North Dorchester,12:00,16:00,Odd,Lawrence Ave,Intervale St,8.14393939393939E-02,,False,True,False,True,False,False,False,False,False,True,False,False,False,False,False,False,6/13/2013 3:56:44 PM,COLEU1,0,430
1081,Coleus Park,3,North Dorchester,12:00,16:00,Even,Lawrence Ave,Intervale St,8.14393939393939E-02,,False,False,True,False,True,False,False,False,False,True,False,False,False,False,False,False,6/13/2013 3:56:38 PM,COLEU1,0,430
1082,Colgate Rd,2,Jamaica Plain,12:00,16:00,Even,Washington St,Dead End,8.95833333333333E-02,,False,False,True,False,True,False,False,False,False,False,True,False,False,False,False,False,2/14/2012 8:36:32 AM,COLGA1,0,473
1083,Colgate Rd,2,Jamaica Plain,12:00,16:00,Odd,Washington St,Dead End,8.95833333333333E-02,,False,True,False,True,False,False,False,False,False,False,True,False,False,False,False,False,2/14/2012 8:36:32 AM,COLGA1,0,473
1084,Colliston Rd,4,Allston/Brighton,08:00,12:00,Even,Kilsyth Rd,Lanark Rd,6.68560606060606E-02,,False,False,True,False,True,False,False,False,False,True,False,False,False,False,False,False,2/14/2012 8:36:32 AM,COLLI2,0,353
1085,Colliston Rd,4,Allston/Brighton,08:00,12:00,Odd,Kilsyth Rd,Lanark Rd,6.68560606060606E-02,,False,True,False,True,False,False,False,False,False,True,False,False,False,False,False,False,2/14/2012 8:36:32 AM,COLLI2,0,353
1086,Colonial Ave,7,South Dorchester,08:00,12:00,Even,Talbot Ave,New England Ave,0.188636363636364,,False,False,True,False,True,False,False,False,False,False,False,True,False,False,False,False,2/14/2012 8:36:32 AM,COLON1,0,996
1087,East Broadway,5,South Boston,05:00,07:00,Odd,Dorchester St,I St,0.283522727272727,,False,True,True,True,True,True,False,True,False,False,False,False,False,False,False,False,2/29/2012 10:06:53 AM,E BRO1,0,1497
1088,Frederick St,5,South Boston,13:00,17:00,Odd,West Ninth St,Lark St,5.83333333333333E-02,,False,True,False,True,False,False,False,False,False,False,False,True,False,False,False,False,2/14/2012 8:36:32 AM,FREDE1,0,308
1089,Colonial Ave,7,South Dorchester,08:00,12:00,Odd,Talbot Ave,New England Ave,0.188636363636364,,False,True,False,True,False,False,False,False,False,False,False,True,False,False,False,False,2/14/2012 8:36:32 AM,COLON1,0,996
1090,Foster St,1N,North End,08:00,12:00,Odd,Charter St,Commercial St,4.84848484848485E-02,,False,True,False,True,False,False,False,False,False,False,False,True,False,False,False,True,7/1/2019 11:43:40 AM,FOSTE3,0,256
1091,Colorado St,7,South Dorchester,08:00,12:00,Even,Mattapan St,Messinger St,0.386363636363636,,False,False,True,False,True,False,False,False,True,False,False,False,False,False,False,False,2/14/2012 8:36:32 AM,COLOR1,0,2040
1092,Colorado St,7,South Dorchester,08:00,12:00,Odd,Mattapan St,Messinger St,0.386363636363636,,False,True,False,True,False,False,False,False,True,False,False,False,False,False,False,False,2/14/2012 8:36:32 AM,COLOR1,0,2040
1093,Columbia Rd,5,South Boston,09:00,13:00,Odd,K St,Farragut Rd,0.69015151515,,False,True,False,True,False,False,False,False,False,True,False,False,False,False,False,False,3/31/2014 7:48:17 PM,COLUM1,717,4361
1094,East Berkeley St,1S,South End,00:01,07:00,,Washington St,Albany St,0.18844696969697,,False,True,True,True,True,True,True,True,True,True,True,True,True,True,True,True,2/29/2012 10:06:53 AM,E BER1,1158,2153
1095,Columbia Rd,5,South Boston,09:00,13:00,Even,K St,Farragut Rd,0.69015151515,,False,False,True,False,True,False,False,False,False,True,False,False,False,False,False,False,3/31/2014 7:48:44 PM,COLUM1,717,4361
1096,Foster St,4,Allston/Brighton,12:00,16:00,Odd,Surrey St,Washington St,0.128409090909091,,False,True,False,True,False,False,False,False,True,False,False,False,False,False,False,False,2/14/2012 8:36:32 AM,FOSTE1,0,678
1097,Columbus Ave,1B,Back Bay,00:01,07:00,,Clarendon St,Dartmouth St,0.132575757575758,,False,True,True,True,True,True,True,True,True,True,True,True,True,True,True,False,2/29/2012 10:06:53 AM,COLUM15,2219,2919
1098,Farrington Ave,4,Allston/Brighton,08:00,12:00,Even,Harvard Ave,Linden St,0.103977272727273,,False,False,True,False,True,False,False,True,False,False,False,False,False,False,False,False,2/14/2012 8:36:32 AM,FARRI2,0,549
1100,Columbus Ave,1B,Back Bay,08:00,12:00,Even,Stuart St,Clarendon St,0.271401515151515,,False,True,True,True,True,True,False,False,False,True,False,False,False,False,False,False,2/29/2012 10:06:53 AM,COLUM15,786,2219
1101,Columbus Ave,1B,Back Bay,08:00,12:00,Odd,Stuart St,Clarendon St,0.271401515151515,,False,True,True,True,True,True,False,False,False,False,False,True,False,False,False,False,2/29/2012 10:06:53 AM,COLUM15,786,2219
1102,Germania St,2,Jamaica Plain,08:00,12:00,Even,Haverford St,Brookside Ave,7.10227272727273E-02,,False,False,True,False,True,False,False,True,False,False,False,False,False,False,False,False,2/14/2012 8:36:32 AM,GERMA1,0,375
1103,Gilmer St,7,South Dorchester,08:00,12:00,Even,Hillsboro Rd,Westmore Rd,6.81818181818182E-02,,False,False,True,False,True,False,False,False,True,False,False,False,False,False,False,False,2/14/2012 8:36:32 AM,GILME1,0,360
1104,Gilmer St,7,South Dorchester,08:00,12:00,Odd,Hillsboro Rd,Westmore Rd,6.81818181818182E-02,,False,True,False,True,False,False,False,False,True,False,False,False,False,False,False,False,2/14/2012 8:36:32 AM,GILME1,0,360
1105,Gladeside Ave,7,South Dorchester,12:00,16:00,Even,River St,Donwood Ter,0.330681818181818,,False,False,True,False,True,False,False,False,False,False,True,False,False,False,False,False,2/14/2012 8:36:32 AM,GLADE2,0,1746
1106,Gladeside Ave,7,South Dorchester,12:00,16:00,Odd,River St,Donwood Ter,0.330681818181818,,False,True,False,True,False,False,False,False,False,False,True,False,False,False,False,False,2/14/2012 8:36:32 AM,GLADE2,0,1746
1107,Longfellow St,3,North Dorchester,08:00,12:00,Even,Topliff St,Draper St,0.201704545454545,,False,False,True,False,True,False,False,False,False,True,False,False,False,False,False,False,6/13/2013 3:31:22 PM,LONGF1,0,1065
1108,Longfellow St,3,North Dorchester,08:00,12:00,Odd,Topliff St,Draper St,0.201704545454545,,False,True,False,True,False,False,False,False,False,True,False,False,False,False,False,False,6/13/2013 3:31:14 PM,LONGF1,0,1065
1109,Glendon St,9,East Boston,08:00,12:00,Odd,East Eagle St,Condor St,8.54166666666667E-02,,False,False,True,False,True,False,False,False,True,False,False,False,False,False,False,False,2/14/2012 8:36:32 AM,GLEND3,0,451
1110,Glendon St,9,East Boston,08:00,12:00,Even,East Eagle St,Condor St,8.54166666666667E-02,,False,True,False,True,False,False,False,False,True,False,False,False,False,False,False,False,2/14/2012 8:36:32 AM,GLEND3,0,451
1111,Holborn St,10R,Roxbury,08:00,12:00,Odd,Warren St,Blue Hill Ave,0.233901515151515,,False,True,False,True,False,False,False,False,False,False,False,True,False,False,False,False,2/14/2012 8:36:32 AM,HOLBO1,0,1235
1112,Livingstone St,7,South Dorchester,08:00,12:00,Odd,Blue Hill Ave,Lucerne St,9.65909090909091E-02,,False,True,False,True,False,False,False,False,False,True,False,False,False,False,False,False,2/14/2012 8:36:32 AM,LIVIN1,0,510
1113,Glenhill Rd,7,South Dorchester,12:00,16:00,Even,Tiverton Rd,Dead End,0.13030303030303,,False,False,True,False,True,False,False,False,False,False,True,False,False,False,False,False,2/14/2012 8:36:32 AM,GLENH3,0,688
1115,Glenhill Rd,7,South Dorchester,12:00,16:00,Odd,Tiverton Rd,Dead End,0.13030303030303,,False,True,False,True,False,False,False,False,False,False,True,False,False,False,False,False,2/14/2012 8:36:32 AM,GLENH3,0,688
1116,Glenrose Rd,7,South Dorchester,08:00,12:00,Odd,Adams St,St Mark's Rd,0.119318181818182,,False,True,False,True,False,False,False,True,False,False,False,False,False,False,False,False,2/14/2012 8:36:32 AM,GLENR1,0,630
1117,Holworthy St,10R,Roxbury,12:00,16:00,Even,Hollander St,Walnut Ave,0.181439393939394,,False,False,True,False,True,False,False,False,False,False,False,True,False,False,False,False,2/14/2012 8:36:32 AM,HOLWO1,0,958
1118,Glenrose Rd,7,South Dorchester,08:00,12:00,Even,Adams St,St Mark's Rd,0.119318181818182,,False,False,True,False,True,False,False,True,False,False,False,False,False,False,False,False,2/14/2012 8:36:32 AM,GLENR1,0,630
1119,Glenville Ave,4,Allston/Brighton,08:00,12:00,Even,Spofford Rd,Allston St,0.221022727272727,,False,False,True,False,True,False,False,False,False,False,True,False,False,False,False,False,2/14/2012 8:36:32 AM,GLENV2,653,1820
1120,Glenville Ave,4,Allston/Brighton,08:00,12:00,Odd,Spofford Rd,Allston St,0.221022727272727,,False,True,False,True,False,False,False,False,False,False,True,False,False,False,False,False,2/14/2012 8:36:32 AM,GLENV2,653,1820
1121,Glenville Ave,4,Allston/Brighton,12:00,16:00,Even,Harvard Ave,Spofford Rd,0.123674242424242,,False,False,True,False,True,False,False,False,False,False,True,False,False,False,False,False,2/14/2012 8:36:32 AM,GLENV2,0,653
1122,Glenville Ave,4,Allston/Brighton,12:00,16:00,Odd,Harvard Ave,Spofford Rd,0.123674242424242,,False,True,False,True,False,False,False,False,False,False,True,False,False,False,False,False,2/14/2012 8:36:32 AM,GLENV2,0,653
1123,Gloucester St,1B,Back Bay,06:00,08:00,Even,Commonwealth Ave,Boylston St,0.118560606060606,,False,False,True,False,True,False,False,True,False,False,False,False,False,False,False,False,3/26/2020 8:46:06 AM,GLOUC1,956,1582
1124,Gloucester St,1B,Back Bay,06:00,08:00,Odd,Commonwealth Ave,Boylston St,0.118560606060606,,False,True,False,True,False,False,False,True,False,False,False,False,False,False,False,False,3/26/2020 8:45:58 AM,GLOUC1,956,1582
1125,Gloucester St,1B,Back Bay,06:00,08:00,Even,Beacon St,Commonwealth Ave,0.14280303030303,,False,False,True,False,True,False,False,False,False,True,False,False,False,False,False,False,3/26/2020 8:46:34 AM,GLOUC1,202,956
1126,Gloucester St,1B,Back Bay,06:00,08:00,Odd,Beacon St,Commonwealth Ave,0.14280303030303,,False,True,False,True,False,False,False,False,False,True,False,False,False,False,False,False,3/26/2020 8:46:23 AM,GLOUC1,202,956
1127,Goodale Rd,7,South Dorchester,08:00,12:00,Even,Blue Hill Ave,Wellington Hill St,0.205681818181818,,False,False,True,False,True,False,False,False,True,False,False,False,False,False,False,False,2/14/2012 8:36:32 AM,GOODA1,0,1086
1128,Goodale Rd,7,South Dorchester,08:00,12:00,Odd,Blue Hill Ave,Wellington Hill St,0.205681818181818,,False,True,False,True,False,False,False,False,True,False,False,False,False,False,False,False,2/14/2012 8:36:32 AM,GOODA1,0,1086
1129,Goodenough St,4,Allston/Brighton,12:00,16:00,Odd,North Beacon St,Dead End,0.265909090909091,,False,True,False,True,False,False,False,False,True,False,False,False,False,False,False,False,2/14/2012 8:36:32 AM,GOODE1,0,1404
1130,Goodenough St,4,Allston/Brighton,12:00,16:00,Even,North Beacon St,Dead End,0.265909090909091,,False,False,True,False,True,False,False,False,True,False,False,False,False,False,False,False,2/14/2012 8:36:32 AM,GOODE1,0,1404
1131,Gordon St,4,Allston/Brighton,08:00,12:00,Even,Cambridge St,Commonwealth Ave,0.250189393939394,,False,False,True,False,True,False,False,False,False,False,True,False,False,False,False,False,2/14/2012 8:36:32 AM,GORDO2,550,1871
1132,Gordon St,4,Allston/Brighton,08:00,12:00,Odd,Cambridge St,Commonwealth Ave,0.250189393939394,,False,True,False,True,False,False,False,False,False,False,True,False,False,False,False,False,2/14/2012 8:36:32 AM,GORDO2,550,1871
1133,Gordon St,2,Jamaica Plain,08:00,12:00,Odd,Amory St,Seaverns Ave,9.26136363636364E-02,,False,True,False,True,False,False,False,False,False,True,False,False,False,False,False,False,2/14/2012 8:36:32 AM,GORDO3,0,489
1134,Gordon St,2,Jamaica Plain,08:00,12:00,Even,Amory St,Seaverns Ave,9.26136363636364E-02,,False,False,True,False,True,False,False,False,False,True,False,False,False,False,False,False,2/14/2012 8:36:32 AM,GORDO3,0,489
1135,Gore St,10M,Mission Hill,08:00,12:00,Odd,Terrace St,Parker St,5.09469696969697E-02,,False,True,False,True,False,False,False,True,False,False,False,False,False,False,False,False,2/29/2012 10:06:53 AM,GORE 1,0,269
1136,Gore St,10M,Mission Hill,08:00,12:00,Even,Terrace St,Parker St,5.09469696969697E-02,,False,False,True,False,True,False,False,True,False,False,False,False,False,False,False,False,2/29/2012 10:06:53 AM,GORE 1,0,269
1137,Gorham St,4,Allston/Brighton,08:00,12:00,Even,Commonwealth Ave,Brainerd Rd,0.078219696969697,,False,False,True,False,True,False,False,False,False,False,True,False,False,False,False,False,2/14/2012 8:36:32 AM,GORHA1,0,413
1138,Gorham St,4,Allston/Brighton,08:00,12:00,Odd,Commonwealth Ave,Brainerd Rd,0.078219696969697,,False,True,False,True,False,False,False,False,False,False,True,False,False,False,False,False,2/14/2012 8:36:32 AM,GORHA1,0,413
1139,Gove St,9,East Boston,08:00,12:00,Even,Havre St,Chelsea St,0.11572,,False,False,True,False,True,False,False,False,False,True,False,False,False,False,False,False,4/6/2015 10:04:12 AM,GOVE 1,0,611
1140,Gove St,9,East Boston,08:00,12:00,Odd,Havre St,Chelsea St,0.11572,,False,True,False,True,False,False,False,False,False,True,False,False,False,False,False,False,4/6/2015 10:03:59 AM,GOVE 1,0,611
1141,Gove St,9,East Boston,08:00,12:00,Odd,Orleans St,Geneva St,0.174621212121212,,False,True,False,True,False,False,False,False,False,False,True,False,False,False,False,False,2/14/2012 8:36:32 AM,GOVE 2,95,1017
1142,Gove St,9,East Boston,08:00,12:00,Even,Orleans St,Geneva St,0.174621212121212,,False,False,True,False,True,False,False,False,False,False,True,False,False,False,False,False,2/14/2012 8:36:32 AM,GOVE 2,95,1017
1143,Grafton St,3,North Dorchester,08:00,12:00,Even,Dorchester Ave,Buttonwood St,4.82954545454545E-02,,False,False,True,False,True,False,False,True,False,False,False,False,False,False,False,False,2/14/2012 8:36:32 AM,GRAFT1,0,255
1144,Grafton St,3,North Dorchester,08:00,12:00,Odd,Dorchester Ave,Buttonwood St,4.82954545454545E-02,,False,True,False,True,False,False,False,True,False,False,False,False,False,False,False,False,2/14/2012 8:36:32 AM,GRAFT1,0,255
1145,Grampian Way,3,North Dorchester,12:00,16:00,Even,Savin Hill Ave,Savin Hill Ave,0.519507575757576,,False,False,True,False,True,False,False,True,False,False,False,False,False,False,False,False,2/14/2012 8:36:32 AM,GRAMP1,0,2743
1146,Grampian Way,3,North Dorchester,12:00,16:00,Odd,Savin Hill Ave,Savin Hill Ave,0.519507575757576,,False,True,False,True,False,False,False,True,False,False,False,False,False,False,False,False,2/14/2012 8:36:32 AM,GRAMP1,0,2743
1147,Granada Park,2,Jamaica Plain,12:00,16:00,Odd,School St,Dead End,8.40909090909091E-02,,False,False,True,False,True,False,False,True,False,False,False,False,False,False,False,False,4/13/2016 12:20:17 PM,GRANA2,0,444
1148,Granada Park,2,Jamaica Plain,12:00,16:00,Even,School St,Dead End,8.40909090909091E-02,,False,True,False,True,False,False,False,True,False,False,False,False,False,False,False,False,4/13/2016 12:20:08 PM,GRANA2,0,444
1149,Granfield Ave,2,Jamaica Plain,12:00,16:00,Even,Washington St,Fawndale Rd,0.177083333333333,,False,False,True,False,True,False,False,False,False,False,True,False,False,False,False,False,2/14/2012 8:36:32 AM,GRANF1,0,935
1150,Granfield Ave,2,Jamaica Plain,12:00,16:00,Odd,Washington St,Fawndale Rd,0.177083333333333,,False,True,False,True,False,False,False,False,False,False,True,False,False,False,False,False,2/14/2012 8:36:32 AM,GRANF1,0,935
1151,Granger St,3,North Dorchester,12:00,16:00,Even,Duncan St,Clayton St,0.107007575757576,,False,False,True,False,True,False,False,False,False,False,False,True,False,False,False,False,2/14/2012 8:36:32 AM,GRANG1,0,565
1152,Granger St,3,North Dorchester,12:00,16:00,Odd,Duncan St,Clayton St,0.107007575757576,,False,True,False,True,False,False,False,False,False,False,False,True,False,False,False,False,2/14/2012 8:36:32 AM,GRANG1,0,565
1153,Grant St,3,North Dorchester,08:00,12:00,Even,Crescent Ave,Harborview St,0.109280303030303,,False,False,True,False,True,False,False,True,False,False,False,False,False,False,False,False,2/14/2012 8:36:32 AM,GRANT1,0,577
1154,Lonsdale St,7,South Dorchester,08:00,12:00,Even,Dorchester Ave,Adams St,0.320075757575758,,False,False,True,False,True,False,False,True,False,False,False,False,False,False,False,False,2/14/2012 8:36:32 AM,LONSD1,0,1690
1155,Hildreth St,7,South Dorchester,08:00,12:00,Even,Wildwood St,Dead End,7.53787878787879E-02,,False,False,True,False,True,False,False,False,False,True,False,False,False,False,False,False,2/14/2012 8:36:32 AM,HILDR1,0,398
1156,Grant St,3,North Dorchester,08:00,12:00,Odd,Crescent Ave,Harborview St,0.109280303030303,,False,True,False,True,False,False,False,True,False,False,False,False,False,False,False,False,2/14/2012 8:36:32 AM,GRANT1,0,577
1157,Gray St,1S,South End,12:00,16:00,Even,Berkeley St,Clarendon St,0.116098484848485,,False,False,True,False,True,False,False,False,False,True,False,False,False,False,False,True,2/14/2012 8:36:32 AM,GRAY 1,0,613
1158,Gray St,1S,South End,12:00,16:00,Odd,Berkeley St,Clarendon St,0.116098484848485,,False,True,False,True,False,True,False,False,False,True,False,False,False,False,False,True,2/14/2012 8:36:32 AM,GRAY 1,0,613
1159,Greenmount St,3,North Dorchester,12:00,16:00,Even,Dorchester Ave,Pleasant St,9.60227272727273E-02,,False,False,True,False,True,False,False,False,False,False,False,True,False,False,False,False,2/14/2012 8:36:32 AM,GREEN11,0,507
1160,Greenmount St,3,North Dorchester,12:00,16:00,Odd,Dorchester Ave,Pleasant St,9.60227272727273E-02,,False,True,False,True,False,False,False,False,False,False,False,True,False,False,False,False,2/14/2012 8:36:32 AM,GREEN11,0,507
1161,Greenock St,7,South Dorchester,12:00,16:00,Even,Blue Hill Ave,Harvard St,0.114583333333333,,False,False,True,False,True,False,False,False,True,False,False,False,False,False,False,False,2/14/2012 8:36:32 AM,GREEN12,0,605
1162,Greenock St,7,South Dorchester,12:00,16:00,Odd,Blue Hill Ave,Harvard St,0.114583333333333,,False,True,False,True,False,False,False,False,True,False,False,False,False,False,False,False,2/14/2012 8:36:32 AM,GREEN12,0,605
1163,London St,9,East Boston,08:00,12:00,Odd,Maverick St,Porter St,0.257954545454545,,False,True,False,True,False,False,False,False,False,True,False,False,False,False,False,False,2/14/2012 8:36:32 AM,LONDO1,509,1871
1164,Greenville St,10R,Roxbury,08:00,12:00,Even,Dudley St,Winthrop St,0.175568181818182,,False,False,True,False,True,False,False,False,True,False,False,False,False,False,False,False,2/14/2012 8:36:32 AM,GREEN15,0,927
1165,Greenville St,10R,Roxbury,08:00,12:00,Odd,Dudley St,Winthrop St,0.175568181818182,,False,True,False,True,False,False,False,False,True,False,False,False,False,False,False,False,2/14/2012 8:36:32 AM,GREEN15,0,927
1166,Greenwich Ct,10R,Roxbury,08:00,12:00,Even,Greenwich St,Dead End,2.25378787878788E-02,,False,False,True,False,True,False,False,False,False,True,False,False,False,False,False,False,2/29/2012 10:06:53 AM,GREEN16,0,119
1167,Greenwich St,10R,Roxbury,08:00,12:00,Even,Westminster St,Warwick St,7.36742424242424E-02,,False,False,True,False,True,False,False,False,False,True,False,False,False,False,False,False,2/29/2012 10:06:53 AM,GREEN19,0,389
1168,Greenwich Park,1S,South End,08:00,12:00,Odd,Columbus Ave,Claremont St,9.65909090909091E-02,,False,True,False,True,False,True,False,False,False,True,False,False,False,False,False,True,2/29/2012 10:06:53 AM,GREEN17,0,510
1169,Greenwich St,3,North Dorchester,12:00,16:00,Even,Dorchester Ave,Clayton St,0.199431818181818,,False,False,True,False,True,False,False,False,False,False,False,True,False,False,False,False,2/14/2012 8:36:32 AM,GREEN18,0,1053
1170,Greenwich St,3,North Dorchester,12:00,16:00,Odd,Dorchester Ave,Clayton St,0.199431818181818,,False,True,False,True,False,False,False,False,False,False,False,True,False,False,False,False,2/14/2012 8:36:32 AM,GREEN18,0,1053
1171,Greenwich Park,1S,South End,08:00,12:00,Even,Columbus Ave,Claremont St,9.65909090909091E-02,,False,False,True,False,True,False,False,False,False,True,False,False,False,False,False,True,2/14/2012 8:36:32 AM,GREEN17,0,510
1172,Greenwich St,10R,Roxbury,08:00,12:00,Odd,Westminster St,Warwick St,7.36742424242424E-02,,False,True,False,True,False,False,False,False,False,True,False,False,False,False,False,False,2/29/2012 10:06:53 AM,GREEN19,0,389
1173,Green St,1C,Charlestown,08:00,12:00,Odd,Main St,Bunker Hill St,0.258143939393939,,False,False,True,False,True,False,False,False,False,False,False,True,False,False,False,False,2/14/2012 8:36:32 AM,GREEN3,0,1363
1174,Green St,1C,Charlestown,08:00,12:00,Even,Main St,Bunker Hill St,0.258143939393939,,False,True,False,True,False,False,False,False,False,False,False,True,False,False,False,False,2/14/2012 8:36:32 AM,GREEN3,0,1363
1175,Greenbrier St,3,North Dorchester,12:00,16:00,Odd,Bowdoin St,Park St,0.297916666666667,,False,True,False,True,False,False,False,False,True,False,False,False,False,False,False,False,2/14/2012 8:36:32 AM,GREEN4,0,1573
1176,Greenbrier St,3,North Dorchester,12:00,16:00,Even,Bowdoin St,Park St,0.297916666666667,,False,False,True,False,True,False,False,False,True,False,False,False,False,False,False,False,2/14/2012 8:36:32 AM,GREEN4,0,1573
1177,Greendale Rd,7,South Dorchester,08:00,12:00,Even,Wellington Hill St,Courtland Rd,0.149810606060606,,False,False,True,False,True,False,False,False,True,False,False,False,False,False,False,False,2/14/2012 8:36:32 AM,GREEN5,52,843
1178,Greendale Rd,7,South Dorchester,08:00,12:00,Odd,Wellington Hill St,Courtland Rd,0.149810606060606,,False,True,False,True,False,False,False,False,True,False,False,False,False,False,False,False,2/14/2012 8:36:32 AM,GREEN5,52,843
1179,Greenheys St,3,North Dorchester,12:00,16:00,Odd,Mascoma St,Magnolia St,0.08125,,False,True,False,True,False,False,False,False,False,True,False,False,False,False,False,False,6/13/2013 3:51:47 PM,GREEN8,0,429
1180,Greenheys St,3,North Dorchester,12:00,16:00,Even,Mascoma St,Magnolia St,0.08125,,False,False,True,False,True,False,False,False,False,True,False,False,False,False,False,False,6/13/2013 3:51:40 PM,GREEN8,0,429
1181,Greylock Rd,4,Allston/Brighton,08:00,12:00,Even,Allston St,Glenville Ave,0.131439393939394,,False,False,True,False,True,False,False,False,False,False,True,False,False,False,False,False,2/14/2012 8:36:32 AM,GREYL1,0,694
1182,Greylock Rd,4,Allston/Brighton,08:00,12:00,Odd,Allston St,Glenville Ave,0.131439393939394,,False,True,False,True,False,False,False,False,False,False,True,False,False,False,False,False,2/14/2012 8:36:32 AM,GREYL1,0,694
1183,Gridley St,1F,Downtown,00:01,07:00,,High St,Purchase St,5.26515151515152E-02,,False,True,True,True,True,True,True,True,True,True,True,True,True,True,True,False,2/29/2012 10:06:53 AM,GRIDL1,0,278
1184,Holbrook St,2,Jamaica Plain,12:00,16:00,Odd,Centre St,Dane St,0.176136363636364,,False,True,False,True,False,False,False,False,True,False,False,False,False,False,False,False,2/14/2012 8:36:32 AM,HOLBR1,0,930
1185,Lonsdale St,7,South Dorchester,08:00,12:00,Odd,Dorchester Ave,Adams St,0.320075757575758,,False,True,False,True,False,False,False,True,False,False,False,False,False,False,False,False,2/14/2012 8:36:32 AM,LONSD1,0,1690
1186,Griggs St,4,Allston/Brighton,08:00,12:00,Even,Brainerd Rd,Commonwealth Ave,0.078030303030303,,False,False,True,False,True,False,False,False,False,False,True,False,False,False,False,False,2/14/2012 8:36:32 AM,GRIGG1,0,412
1187,Griggs St,4,Allston/Brighton,08:00,12:00,Odd,Brainerd Rd,Commonwealth Ave,0.078030303030303,,False,True,False,True,False,False,False,False,False,False,True,False,False,False,False,False,2/14/2012 8:36:32 AM,GRIGG1,0,412
1188,Grimes St,5,South Boston,13:00,17:00,Even,West Seventh St,West Eighth St,7.63257575757576E-02,,False,False,True,False,True,False,False,True,False,False,False,False,False,False,False,False,2/14/2012 8:36:32 AM,GRIME1,0,403
1189,Grimes St,5,South Boston,13:00,17:00,Odd,West Seventh St,West Eighth St,7.63257575757576E-02,,False,True,False,True,False,False,False,True,False,False,False,False,False,False,False,False,2/14/2012 8:36:32 AM,GRIME1,0,403
1190,Grotto Glen Rd,2,Jamaica Plain,12:00,16:00,Even,Day St,Nira Ave,0.111742424242424,,False,False,True,False,True,False,False,False,True,False,False,False,False,False,False,False,4/15/2015 3:12:40 PM,GROTT1,0,590
1191,Grotto Glen Rd,2,Jamaica Plain,12:00,16:00,Odd,Day St,Nira Ave,0.111742424242424,,False,True,False,True,False,False,False,False,True,False,False,False,False,False,False,False,4/15/2015 3:12:35 PM,GROTT1,0,590
1192,Grove St,1H,Beacon Hill,08:00,12:00,Odd,Cambridge St,Myrtle St,0.124810606060606,,False,True,False,True,False,True,False,True,False,False,False,False,False,False,False,True,3/31/2014 8:06:44 PM,GROVE2,0,659
1193,Grove St,1H,Beacon Hill,08:00,12:00,Even,Cambridge St,Myrtle St,0.124810606060606,,False,False,True,False,True,False,False,True,False,False,False,False,False,False,False,True,2/14/2012 8:36:32 AM,GROVE2,0,659
1194,Groveland St,7,South Dorchester,12:00,16:00,Even,River St,Maryknoll St,0.157765151515152,,False,False,True,False,True,False,False,False,False,False,True,False,False,False,False,False,2/14/2012 8:36:32 AM,GROVE3,0,833
1195,Groveland St,7,South Dorchester,12:00,16:00,Odd,River St,Maryknoll St,0.157765151515152,,False,True,False,True,False,False,False,False,False,False,True,False,False,False,False,False,2/14/2012 8:36:32 AM,GROVE3,0,833
1196,Grovenor Rd,2,Jamaica Plain,12:00,16:00,Odd,Centre St,Pond St,0.090719696969697,,False,True,False,True,False,False,False,False,False,True,False,False,False,False,False,False,2/14/2012 8:36:32 AM,GROVE4,0,479
1197,Grovenor Rd,2,Jamaica Plain,12:00,16:00,Even,Centre St,Pond St,0.090719696969697,,False,False,True,False,True,False,False,False,False,True,False,False,False,False,False,False,2/14/2012 8:36:32 AM,GROVE4,0,479
1198,Guild St,10R,Roxbury,08:00,12:00,Even,Washington St,Lambert Ave,0.147727272727273,,False,False,True,False,True,False,False,False,True,False,False,False,False,False,False,False,2/14/2012 8:36:32 AM,GUILD2,0,780
1199,Guild St,10R,Roxbury,08:00,12:00,Odd,Washington St,Lambert Ave,0.147727272727273,,False,True,False,True,False,False,False,False,True,False,False,False,False,False,False,False,2/14/2012 8:36:32 AM,GUILD2,0,780
1200,Gustin St,5,South Boston,13:00,17:00,Odd,Old Colony Ave,Mitchell St,0.046780303030303,,False,True,False,True,False,False,False,False,False,False,True,False,False,False,False,False,2/14/2012 8:36:32 AM,GUSTI1,0,247
1201,H St,5,South Boston,09:00,13:00,Even,East Broadway,Columbia Rd,0.344886363636364,,False,False,True,False,True,False,False,False,False,False,True,False,False,False,False,False,2/14/2012 8:36:32 AM,H ST 1,916,2737
1202,H St,5,South Boston,09:00,13:00,Odd,East Broadway,Columbia Rd,0.344886363636364,,False,True,False,True,False,False,False,False,False,False,True,False,False,False,False,False,2/14/2012 8:36:32 AM,H ST 1,916,2737
1203,H St,5,South Boston,09:00,13:00,Even,East First St,East Broadway,0.173484848484848,,False,False,True,False,True,False,False,False,False,False,False,True,False,False,False,False,2/14/2012 8:36:32 AM,H ST 1,0,916
1204,H St,5,South Boston,09:00,13:00,Odd,East First St,East Broadway,0.173484848484848,,False,True,False,True,False,False,False,False,False,False,False,True,False,False,False,False,2/14/2012 8:36:32 AM,H ST 1,0,916
1205,Hadassah Way,1B,Back Bay,00:01,07:00,,Boylston St,Park Plz,4.41287878787879E-02,,False,True,True,True,True,True,True,True,True,True,True,True,True,True,True,False,2/29/2012 10:06:53 AM,HADAS1,0,233
1208,Hagar St,2,Jamaica Plain,12:00,16:00,Even,Thomas St,Eliot St,5.03787878787879E-02,,False,False,True,False,True,False,False,False,False,True,False,False,False,False,False,False,2/14/2012 8:36:32 AM,HAGAR1,0,266
1209,Hagar St,2,Jamaica Plain,12:00,16:00,Odd,Thomas St,Eliot St,5.03787878787879E-02,,False,True,False,True,False,False,False,False,False,True,False,False,False,False,False,False,2/14/2012 8:36:32 AM,HAGAR1,0,266
1210,Halborn St,7,South Dorchester,12:00,16:00,Even,West Selden St,Delhi St,0.109090909090909,,False,False,True,False,True,False,False,False,False,False,True,False,False,False,False,False,2/14/2012 8:36:32 AM,HALBO1,0,576
1211,Halborn St,7,South Dorchester,12:00,16:00,Odd,West Selden St,Delhi St,0.109090909090909,,False,True,False,True,False,False,False,False,False,False,True,False,False,False,False,False,2/14/2012 8:36:32 AM,HALBO1,0,576
1212,Lawrence St,1S,South End,12:00,16:00,Odd,Berkeley St,Dartmouth St,0.23219696969697,,False,False,True,False,True,False,False,False,False,True,False,False,False,False,False,True,2/14/2012 8:36:32 AM,LAWRE3,0,1226
1213,Loring St,5,South Boston,13:00,17:00,Odd,West Seventh St,West Eighth St,7.31060606060606E-02,,False,True,False,True,False,False,False,True,False,False,False,False,False,False,False,False,2/14/2012 8:36:32 AM,LORIN3,0,386
1214,Loring St,5,South Boston,13:00,17:00,Even,West Seventh St,West Eighth St,7.31060606060606E-02,,False,False,True,False,True,False,False,True,False,False,False,False,False,False,False,False,2/14/2012 8:36:32 AM,LORIN3,0,386
1215,Haley St,10R,Roxbury,12:00,16:00,Odd,Harrishof St,Dennison St,5.41666666666667E-02,,False,True,False,True,False,False,False,False,False,False,False,True,False,False,False,False,2/14/2012 8:36:32 AM,HALEY1,0,286
1216,Haley St,10R,Roxbury,12:00,16:00,Even,Harrishof St,Dennison St,5.41666666666667E-02,,False,False,True,False,True,False,False,False,False,False,False,True,False,False,False,False,2/14/2012 8:36:32 AM,HALEY1,0,286
1217,Halifax St,2,Jamaica Plain,12:00,16:00,Odd,South Huntington Ave,Pond View Ave,0.187121212121212,,False,True,False,True,False,False,False,False,False,True,False,False,False,False,False,False,2/14/2012 8:36:32 AM,HALIF1,0,988
1218,Halifax St,2,Jamaica Plain,12:00,16:00,Even,South Huntington Ave,Pond View Ave,0.187121212121212,,False,False,True,False,True,False,False,False,False,True,False,False,False,False,False,False,2/14/2012 8:36:32 AM,HALIF1,0,988
1219,Homestead St,10R,Roxbury,08:00,12:00,Even,Walnut Ave,Elm Hill Ave,0.461931818181818,,False,False,True,False,True,False,False,False,False,False,False,True,False,False,False,False,2/14/2012 8:36:32 AM,HOMES4,0,2439
1220,Hallam St,3,North Dorchester,08:00,12:00,Even,Dorchester Ave,Auckland St,6.70454545454545E-02,,False,False,True,False,True,False,False,True,False,False,False,False,False,False,False,False,2/14/2012 8:36:32 AM,HALLA1,0,354
1221,Hallam St,3,North Dorchester,08:00,12:00,Odd,Dorchester Ave,Auckland St,6.70454545454545E-02,,False,True,False,True,False,False,False,True,False,False,False,False,False,False,False,False,2/14/2012 8:36:32 AM,HALLA1,0,354
1222,Hamilton St,3,North Dorchester,12:00,16:00,Odd,Columbia Rd,Bowdoin St,0.377651515151515,,False,True,False,True,False,False,False,False,False,False,False,True,False,False,False,False,2/14/2012 8:36:32 AM,HAMIL2,0,1994
1223,Hamilton St,3,North Dorchester,08:00,12:00,Even,Bowdoin St,Homes Ave,0.18844696969697,,False,False,True,False,True,False,False,False,False,True,False,False,False,False,False,False,6/13/2013 3:33:03 PM,HAMIL2,1994,2989
1224,Hamilton St,3,North Dorchester,08:00,12:00,Odd,Bowdoin St,Homes Ave,0.18844696969697,,False,True,False,True,False,False,False,False,False,True,False,False,False,False,False,False,6/13/2013 3:32:56 PM,HAMIL2,1994,2989
1225,Hillsboro Rd,7,South Dorchester,08:00,12:00,Even,Wellington Hill St,Ormond St,0.123106060606061,,False,False,True,False,True,False,False,False,True,False,False,False,False,False,False,False,2/14/2012 8:36:32 AM,HILLS1,370,1020
1226,Hamilton St,3,North Dorchester,12:00,16:00,Even,Columbia Rd,Bowdoin St,0.377651515151515,,False,False,True,False,True,False,False,False,False,False,False,True,False,False,False,False,2/14/2012 8:36:32 AM,HAMIL2,0,1994
1227,Homestead St,10R,Roxbury,08:00,12:00,Odd,Walnut Ave,Elm Hill Ave,0.461931818181818,,False,True,False,True,False,False,False,False,False,False,False,True,False,False,False,False,2/14/2012 8:36:32 AM,HOMES4,0,2439
1228,Hamlin St,5,South Boston,09:00,13:00,Even,East Eighth St,Columbia Rd,5.79545454545455E-02,,False,False,True,False,True,False,False,False,False,False,True,False,False,False,False,False,2/14/2012 8:36:32 AM,HAMLI1,0,306
1229,Hamlin St,5,South Boston,09:00,13:00,Odd,East Eighth St,Columbia Rd,5.79545454545455E-02,,False,True,False,True,False,False,False,False,False,False,True,False,False,False,False,False,2/14/2012 8:36:32 AM,HAMLI1,0,306
1230,Hammond St,10R,Roxbury,08:00,12:00,Odd,Shawmut Ave,Tremont St,0.225568181818182,,False,True,False,True,False,False,False,False,False,True,False,False,False,False,False,False,2/29/2012 10:06:53 AM,HAMMO1,0,1191
1231,Hammond St,10R,Roxbury,08:00,12:00,Odd,Shawmut Ave,Tremont St,0.225568181818182,,False,True,False,True,False,False,False,False,False,True,False,False,False,False,False,False,2/29/2012 10:06:53 AM,HAMMO1,0,1191
1232,Hammond St,10R,Roxbury,08:00,12:00,Even,Shawmut Ave,Tremont St,0.225568181818182,,False,False,True,False,True,False,False,False,False,True,False,False,False,False,False,False,2/29/2012 10:06:53 AM,HAMMO1,0,1191
1233,Hammond St,10R,Roxbury,08:00,12:00,Even,Shawmut Ave,Tremont St,0.225568181818182,,False,False,True,False,True,False,False,False,False,True,False,False,False,False,False,False,2/29/2012 10:06:53 AM,HAMMO1,0,1191
1234,Hancock St,3,North Dorchester,12:00,16:00,Odd,Pleasant St,Dorchester Ave,0.166287878787879,,False,True,False,True,False,False,False,False,False,True,False,False,False,False,False,False,2/14/2012 8:36:32 AM,HANCO1,2854,3732
1235,Hancock St,3,North Dorchester,08:00,12:00,Even,Pleasant St,Dorchester Ave,0.166287878787879,,False,False,True,False,True,False,False,True,False,False,False,False,False,False,False,False,2/14/2012 8:36:32 AM,HANCO1,2854,3732
1238,Hano St,4,Allston/Brighton,08:00,12:00,Even,Braintree St,Cambridge St,0.198295454545455,,False,False,True,False,True,False,False,True,False,False,False,False,False,False,False,False,2/14/2012 8:36:32 AM,HANO 1,0,1047
1239,Hano St,4,Allston/Brighton,08:00,12:00,Odd,Braintree St,Cambridge St,0.198295454545455,,False,True,False,True,False,False,False,True,False,False,False,False,False,False,False,False,2/14/2012 8:36:32 AM,HANO 1,0,1047
1240,Hanover St,1F,Downtown,00:01,07:00,,Congress St,Blackstone St,5.73863636363636E-02,,False,True,True,True,True,True,True,True,True,True,True,True,True,True,True,False,2/29/2012 10:06:53 AM,HANOV2,0,303
1241,Hanover St,1N,North End,08:00,12:00,Odd,Fleet St,Commercial St,0.175378787878788,,False,True,False,True,False,False,False,False,False,False,False,True,False,False,False,True,7/1/2019 10:35:41 AM,HANOV3,984,1910
1242,Hanover St,1N,North End,08:00,12:00,Even,Fleet St,Commercial St,0.175378787878788,,False,False,True,False,True,False,False,False,False,False,False,True,False,False,False,True,7/1/2019 10:35:30 AM,HANOV3,984,1910
1243,Hanover St,1N,North End,08:00,12:00,Even,Cross St,Fleet St,0.186363636363636,,False,False,True,False,True,False,False,False,True,False,False,False,False,False,False,True,2/14/2012 8:36:32 AM,HANOV3,0,984
1244,Hanover St,1N,North End,08:00,12:00,Odd,Cross St,Fleet St,0.186363636363636,,False,True,False,True,False,False,False,False,True,False,False,False,False,False,False,True,2/14/2012 8:36:32 AM,HANOV3,0,984
1245,Hansborough St,7,South Dorchester,12:00,16:00,Even,Blue Hill Ave,Harvard St,0.121401515151515,,False,False,True,False,True,False,False,False,True,False,False,False,False,False,False,False,2/14/2012 8:36:32 AM,HANSB1,0,641
1246,Hansborough St,7,South Dorchester,12:00,16:00,Odd,Blue Hill Ave,Harvard St,0.121401515151515,,False,True,False,True,False,False,False,False,True,False,False,False,False,False,False,False,2/14/2012 8:36:32 AM,HANSB1,0,641
1247,Hanson St,1S,South End,08:00,12:00,Even,Shawmut Ave,Tremont St,0.131439393939394,,False,False,True,False,True,False,False,False,False,False,True,False,False,False,False,True,2/14/2012 8:36:32 AM,HANSO1,0,694
1248,Hanson St,1S,South End,08:00,12:00,Odd,Shawmut Ave,Tremont St,0.131439393939394,,False,True,False,True,False,True,False,False,False,False,True,False,False,False,False,True,8/20/2020 8:12:20 AM,HANSO1,0,694
1249,Lawrence St,1S,South End,12:00,16:00,Even,Berkeley St,Dartmouth St,0.23219696969697,,False,True,False,True,False,True,False,False,False,True,False,False,False,False,False,True,2/29/2012 10:06:53 AM,LAWRE3,0,1226
1250,Harborview St,3,North Dorchester,08:00,12:00,Even,Dorchester Ave,Sydney St,0.216098484848485,,False,False,True,False,True,False,False,True,False,False,False,False,False,False,False,False,2/14/2012 8:36:32 AM,HARBO1,0,1141
1251,Harborview St,3,North Dorchester,08:00,12:00,Odd,Dorchester Ave,Sydney St,0.216098484848485,,False,True,False,True,False,False,False,True,False,False,False,False,False,False,False,False,2/14/2012 8:36:32 AM,HARBO1,0,1141
1252,Harcourt St,1B,Back Bay,08:00,12:00,Even,St Botolph St,Dead End,5.53030303030303E-02,,False,False,True,False,True,False,False,False,False,False,False,True,False,False,False,False,2/14/2012 8:36:32 AM,HARCO1,300,592
1253,Harcourt St,1B,Back Bay,08:00,12:00,Odd,St Botolph St,Dead End,5.53030303030303E-02,,False,True,False,True,False,False,False,False,False,False,False,True,False,False,False,False,2/14/2012 8:36:32 AM,HARCO1,300,592
1254,Hardy St,5,South Boston,09:00,13:00,Even,East Eighth St,Marine Rd,5.73863636363636E-02,,False,False,True,False,True,False,False,False,False,True,False,False,False,False,False,False,2/14/2012 8:36:32 AM,HARDY1,0,303
1255,Hardy St,5,South Boston,09:00,13:00,Odd,East Eighth St,Marine Rd,5.73863636363636E-02,,False,True,False,True,False,False,False,False,False,True,False,False,False,False,False,False,2/14/2012 8:36:32 AM,HARDY1,0,303
1256,Harold St,10R,Roxbury,08:00,12:00,Even,Hollander St,Seaver St,0.308712121212121,,False,False,True,False,True,False,False,False,False,False,False,True,False,False,False,False,2/14/2012 8:36:32 AM,HAROL1,0,1630
1257,Harold St,10R,Roxbury,08:00,12:00,Odd,Hollander St,Seaver St,0.308712121212121,,False,True,False,True,False,False,False,False,False,False,False,True,False,False,False,False,2/14/2012 8:36:32 AM,HAROL1,0,1630
1258,Harold St,10R,Roxbury,12:00,16:00,Even,Harold Park,Holworthy St,0.263636363636364,,False,False,True,False,True,False,False,False,False,False,False,True,False,False,False,False,2/14/2012 8:36:32 AM,HAROL2,0,1392
1259,Harold St,10R,Roxbury,12:00,16:00,Odd,Harold Park,Holworthy St,0.263636363636364,,False,True,False,True,False,False,False,False,False,False,False,True,False,False,False,False,2/14/2012 8:36:32 AM,HAROL2,0,1392
1260,Harriet St,4,Allston/Brighton,08:00,12:00,Odd,South Hobart St,Faneuil St,0.0486742424,,False,True,False,True,False,False,False,False,True,False,False,False,False,False,False,False,6/15/2017 1:08:52 PM,HARRI1,1080,1337
1261,Harriet St,4,Allston/Brighton,08:00,12:00,Even,South Hobart St,Faneuil St,0.0486742424,,False,False,True,False,True,False,False,False,True,False,False,False,False,False,False,False,6/15/2017 1:08:48 PM,HARRI1,1080,1337
1262,Harriet St,4,Allston/Brighton,12:00,16:00,Even,Parsons St,South Hobart St,0.204545454545455,,False,False,True,False,True,False,False,False,True,False,False,False,False,False,False,False,6/15/2017 1:08:42 PM,HARRI1,0,1080
1263,Harriet St,4,Allston/Brighton,12:00,16:00,Odd,Parsons St,South Hobart St,0.204545454545455,,False,True,False,True,False,False,False,False,True,False,False,False,False,False,False,False,6/15/2017 1:08:38 PM,HARRI1,0,1080
1264,Harrishof St,10R,Roxbury,12:00,16:00,Even,Humboldt Ave,Walnut Ave,0.239015151515152,,False,False,True,False,True,False,False,False,False,False,False,True,False,False,False,False,2/14/2012 8:36:32 AM,HARRI4,0,1262
1265,Harrishof St,10R,Roxbury,12:00,16:00,Odd,Humboldt Ave,Walnut Ave,0.239015151515152,,False,True,False,True,False,False,False,False,False,False,False,True,False,False,False,False,2/14/2012 8:36:32 AM,HARRI4,0,1262
1266,Harrison Ave,1S,South End,00:01,07:00,Even Side Median,Herald St,East Berkeley St,0.205681818181818,,False,True,True,True,True,True,True,True,True,True,True,True,True,True,True,True,2/29/2012 10:06:53 AM,HARRI5,2329,3415
1267,Harrison Ave,1T,Chinatown,00:01,07:00,,Essex St,Herald St,0.441098484848485,,True,True,True,True,True,True,True,True,True,True,True,True,True,True,True,False,2/29/2012 10:06:53 AM,HARRI5,0,2329
1268,Harrison Ave,1S,South End,12:00,16:00,Even,Massachusetts Ave,East Lenox St,0.132575757575758,,False,False,True,False,True,False,False,False,False,False,True,False,False,False,False,True,7/15/2016 11:02:00 AM,HARRI5,7692,8392
1269,Harrison Ave,1S,South End,12:00,16:00,Odd,Traveler St,East Brookline St,0.56344696969,,False,True,False,True,False,True,False,False,False,False,True,False,False,False,False,True,3/31/2016 2:53:56 PM,HARRI5,3034,6009
1270,Harrison Ave,1S,South End,12:00,16:00,Odd,Massachusetts Ave,East Lenox St,0.132575757575758,,False,True,False,True,False,True,False,False,False,False,True,False,False,False,False,True,7/15/2016 11:01:52 AM,HARRI5,7692,8392
1271,Traveler St,1S,South End,12:00,16:00,Even,East Berkeley St,East Brookline St,0.56344696969,,False,False,True,False,True,False,False,False,False,False,True,False,False,False,False,True,3/28/2023 11:21:09 AM,HARRI5,3034,6009
1272,Harrison Avenue Ext,1T,Chinatown,00:01,07:00,Ext,Harrison Ave,Dead End,6.95075757575758E-02,,True,True,True,True,True,True,True,True,True,True,True,True,True,True,True,False,2/29/2012 10:06:53 AM,HARRI8,0,367
1273,Hartland St,3,North Dorchester,08:00,12:00,Even,Saxton St,Sydney St,0.065719696969697,,False,False,True,False,True,False,False,True,False,False,False,False,False,False,False,False,2/14/2012 8:36:32 AM,HARTL1,0,347
1274,Hartland St,3,North Dorchester,08:00,12:00,Odd,Saxton St,Sydney St,0.065719696969697,,False,True,False,True,False,False,False,True,False,False,False,False,False,False,False,False,2/14/2012 8:36:32 AM,HARTL1,0,347
1275,Hartley Ter,4,Allston/Brighton,08:00,12:00,Even,Ashford St,Wadsworth St,3.86363636363636E-02,,False,False,True,False,True,False,False,True,False,False,False,False,False,False,False,False,2/14/2012 8:36:32 AM,HARTL3,0,204
1276,Hartley Ter,4,Allston/Brighton,08:00,12:00,Odd,Ashford St,Wadsworth St,3.86363636363636E-02,,False,True,False,True,False,False,False,True,False,False,False,False,False,False,False,False,2/14/2012 8:36:32 AM,HARTL3,0,204
1277,Harvard Sq,1C,Charlestown,08:00,12:00,Even,Harvard St,Harvard St,8.67424242424242E-02,,False,False,True,False,True,False,False,False,False,True,False,False,False,False,False,False,8/15/2017 8:37:32 AM,HARVA4,0,458
1278,Harvard Sq,1C,Charlestown,08:00,12:00,Odd,Harvard St,Harvard St,8.67424242424242E-02,,False,True,False,True,False,False,False,False,False,True,False,False,False,False,False,False,8/15/2017 8:37:26 AM,HARVA4,0,458
1279,Linden St,3,North Dorchester,08:00,12:00,Odd,Freeport St,Dorchester Ave,6.06060606060606E-02,,False,True,False,True,False,False,False,False,False,False,True,False,False,False,False,False,2/14/2012 8:36:32 AM,LINDE2,0,320
1280,Harvard St,7,South Dorchester,08:00,12:00,Even,Morton St,Walk Hill St,0.473106060606061,,False,False,True,False,True,False,False,False,True,False,False,False,False,False,False,False,2/14/2012 8:36:32 AM,HARVA6,7666,10164
1281,Harvard St,7,South Dorchester,08:00,12:00,Odd,Morton St,Walk Hill St,0.473106060606061,,False,True,False,True,False,False,False,False,True,False,False,False,False,False,False,False,2/14/2012 8:36:32 AM,HARVA6,7666,10164
1282,Harvard St,1C,Charlestown,08:00,12:00,Even,City Sq,Prescott St,0.163636363636364,,False,False,True,False,True,False,False,False,False,True,False,False,False,False,False,False,8/15/2017 8:37:21 AM,HARVA7,0,864
1283,Harvard St,1C,Charlestown,08:00,12:00,Odd,City Sq,Prescott St,0.163636363636364,,False,True,False,True,False,False,False,False,False,True,False,False,False,False,False,False,8/15/2017 8:37:04 AM,HARVA7,0,864
1284,Harvard St,1C,Charlestown,00:00,07:00,,Harrison Ave,Hudson St,7.12121212121212E-02,,False,True,True,True,True,True,True,True,True,True,True,True,True,True,True,False,8/15/2017 8:36:59 AM,HARVA8,265,641
1285,Harvard St,7,South Dorchester,00:00,07:00,Even,Washington St,Blue Hill Ave,0.85321969697,,False,True,True,True,True,True,False,False,False,False,True,False,False,False,True,False,3/9/2016 11:12:53 AM,HARVA6,0,4505
1286,Harvard St,7,South Dorchester,00:00,07:00,Odd,Washington St,Blue Hill Ave,0.85321969697,,False,True,True,True,True,True,False,False,False,True,False,False,False,False,True,False,3/9/2016 11:12:33 AM,HARVA6,0,4505
1287,Harwood St,7,South Dorchester,08:00,12:00,Odd,Willowwood St,Lucerne St,0.142234848484848,,False,True,False,True,False,False,False,False,False,True,False,False,False,False,False,False,2/14/2012 8:36:32 AM,HARWO1,0,751
1288,Harwood St,7,South Dorchester,08:00,12:00,Even,Willowwood St,Lucerne St,0.142234848484848,,False,False,True,False,True,False,False,False,False,True,False,False,False,False,False,False,2/14/2012 8:36:32 AM,HARWO1,0,751
1289,Hatch St,5,South Boston,09:00,13:00,Odd,East Eighth St,Marine Rd,5.70075757575758E-02,,False,True,False,True,False,False,False,False,False,False,True,False,False,False,False,False,2/14/2012 8:36:32 AM,HATCH1,0,301
1290,Hatch St,5,South Boston,09:00,13:00,Even,East Eighth St,Marine Rd,5.70075757575758E-02,,False,False,True,False,True,False,False,False,False,False,True,False,False,False,False,False,2/14/2012 8:36:32 AM,HATCH1,0,301
1291,Hathaway St,2,Jamaica Plain,12:00,16:00,Odd,Centre St,Bardwell St,5.56818181818182E-02,,False,True,False,True,False,False,False,False,True,False,False,False,False,False,False,False,2/14/2012 8:36:32 AM,HATHA1,0,294
1292,Hathaway St,2,Jamaica Plain,12:00,16:00,Even,Centre St,Bardwell St,5.56818181818182E-02,,False,False,True,False,True,False,False,False,True,False,False,False,False,False,False,False,2/14/2012 8:36:32 AM,HATHA1,0,294
1293,Havelock St,7,South Dorchester,12:00,16:00,Even,Blue Hill Ave,Morton St,0.132386363636364,,False,False,True,False,True,False,False,False,True,False,False,False,False,False,False,False,2/14/2012 8:36:32 AM,HAVEL1,0,699
1294,Havelock St,7,South Dorchester,12:00,16:00,Odd,Blue Hill Ave,Morton St,0.132386363636364,,False,True,False,True,False,False,False,False,True,False,False,False,False,False,False,False,2/14/2012 8:36:32 AM,HAVEL1,0,699
1295,Haverford St,2,Jamaica Plain,08:00,12:00,Even,Cornwall St,Boylston St,0.186174242424242,,False,False,True,False,True,False,False,True,False,False,False,False,False,False,False,False,2/14/2012 8:36:32 AM,HAVER1,0,983
1296,Hillside St,10M,Mission Hill,12:00,16:00,Odd,Parker St,Parker Hill Ave,0.351515151515152,,False,True,False,True,False,False,False,False,False,True,False,False,False,False,False,False,9/25/2017 9:39:45 AM,HILLS3,1229,3085
1297,Haverford St,2,Jamaica Plain,08:00,12:00,Odd,Cornwall St,Boylston St,0.186174242424242,,False,True,False,True,False,False,False,True,False,False,False,False,False,False,False,False,2/14/2012 8:36:32 AM,HAVER1,0,983
1298,Haviland St,10F,Fenway/Kenmore,12:00,16:00,Even,Massachusetts Ave,Hemenway St,9.94318181818182E-02,,False,False,True,False,True,False,False,False,False,True,False,False,False,False,False,False,2/14/2012 8:36:32 AM,HAVIL1,0,525
1299,Lawrence St,1C,Charlestown,12:00,16:00,Even,Union St,Austin St,6.43939393939394E-02,,False,True,False,True,False,True,False,False,False,True,False,False,False,False,False,False,2/14/2012 8:36:32 AM,LAWRE9,0,340
1300,Haviland St,10F,Fenway/Kenmore,12:00,16:00,Odd,Massachusetts Ave,Hemenway St,9.94318181818182E-02,,False,True,False,True,False,False,False,False,False,True,False,False,False,False,False,False,2/14/2012 8:36:32 AM,HAVIL1,0,525
1301,Havre St,9,East Boston,08:00,12:00,Even,Sumner St,Meridian St,0.22,,False,False,True,False,True,False,False,False,False,True,False,False,False,False,False,False,2/14/2012 8:36:32 AM,HAVRE1,0,1163
1302,Havre St,9,East Boston,08:00,12:00,Odd,Sumner St,Meridian St,0.22,,False,True,False,True,False,False,False,False,False,True,False,False,False,False,False,False,2/14/2012 8:36:32 AM,HAVRE1,0,1163
1303,Havre St,9,East Boston,08:00,12:00,Even,George R. Visconti Rd,Bennington St,0.252083333333333,,False,False,True,False,True,False,False,False,False,True,False,False,False,False,False,False,2/14/2012 8:36:32 AM,HAVRE2,0,1331
1304,Havre St,9,East Boston,08:00,12:00,Odd,George R. Visconti Rd,Bennington St,0.252083333333333,,False,True,False,True,False,False,False,False,False,True,False,False,False,False,False,False,2/14/2012 8:36:32 AM,HAVRE2,0,1331
1305,Hawkins St,1W,West End,00:01,07:00,,Bowker St,New Chardon St,0.106628787878788,,True,True,True,True,True,True,True,True,True,True,True,True,True,True,True,False,2/29/2012 10:06:53 AM,HAWKI1,0,563
1306,Hawley St,1F,Downtown,00:01,07:00,,Franklin St,Summer St,7.00757575757576E-02,,True,True,True,True,True,True,True,True,True,True,True,True,True,True,True,False,2/29/2012 10:06:53 AM,HAWLE1,148,518
1307,Hawley Pl,1F,Downtown,00:01,07:00,,Arch St,Hawley St,4.09090909090909E-02,,True,True,True,True,True,True,True,True,True,True,True,True,True,True,True,False,2/29/2012 10:06:53 AM,HAWLE3,0,216
1308,Hayden St,10M,Mission Hill,12:00,16:00,Even,Lawn St,Fisher Ave,5.58712121212121E-02,,False,False,True,False,True,False,False,False,False,True,False,False,False,False,False,False,4/23/2026 11:15:48 AM,HAYDE1,0,295
1309,Hayden St,10M,Mission Hill,12:00,16:00,Odd,Lawn St,Fisher Ave,5.58712121212121E-02,,False,True,False,True,False,False,False,False,False,True,False,False,False,False,False,False,4/22/2026 3:34:39 PM,HAYDE1,0,295
1310,Haymarket Sq,1F,Downtown,00:01,07:00,,Sudbury St,North Washington St,4.84848484848485E-02,,False,True,True,True,True,True,True,True,True,True,True,True,True,True,True,False,2/29/2012 10:06:53 AM,HAYMA2,0,256
1311,Hooper St,7,South Dorchester,12:00,16:00,Odd,Tremlett St,Melville Ave,6.59090909090909E-02,,False,True,False,True,False,False,False,False,False,True,False,False,False,False,False,False,2/14/2012 8:36:32 AM,HOOPE1,0,348
1312,Haynes St,9,East Boston,08:00,12:00,Even,Orleans St,Marginal St,0.127083333333333,,False,False,True,False,True,False,False,False,False,False,True,False,False,False,False,False,2/14/2012 8:36:32 AM,HAYNE1,0,671
1313,Haynes St,9,East Boston,08:00,12:00,Odd,Orleans St,Marginal St,0.127083333333333,,False,True,False,True,False,False,False,False,False,False,True,False,False,False,False,False,2/14/2012 8:36:32 AM,HAYNE1,0,671
1314,Hayward Pl,1T,Chinatown,00:01,07:00,,Washington St,Harrison Avenue Ext,0.05625,,True,True,True,True,True,True,True,True,True,True,True,True,True,True,True,False,2/29/2012 10:06:53 AM,HAYWA1,0,297
1315,Hazelwood St,10R,Roxbury,12:00,16:00,Even,Warren St,Townsend St,0.193560606060606,,False,False,True,False,True,False,False,False,False,False,False,True,False,False,False,False,2/14/2012 8:36:32 AM,HAZEL2,0,1022
1316,Hazelwood St,10R,Roxbury,12:00,16:00,Odd,Warren St,Townsend St,0.193560606060606,,False,True,False,True,False,False,False,False,False,False,False,True,False,False,False,False,2/14/2012 8:36:32 AM,HAZEL2,0,1022
1317,Hazleton St,7,South Dorchester,08:00,12:00,Even,Blue Hill Ave,Harvard St,0.434659090909091,,False,False,True,False,True,False,False,False,True,False,False,False,False,False,False,False,2/14/2012 8:36:32 AM,HAZLE1,0,2295
1318,Lorna Rd,7,South Dorchester,12:00,16:00,Even,Morton St,Dead End,0.359280303030303,,False,False,True,False,True,False,False,False,False,False,True,False,False,False,False,False,2/14/2012 8:36:32 AM,LORNA1,0,1897
1319,Hazleton St,7,South Dorchester,08:00,12:00,Odd,Blue Hill Ave,Harvard St,0.434659090909091,,False,True,False,True,False,False,False,False,True,False,False,False,False,False,False,False,2/14/2012 8:36:32 AM,HAZLE1,0,2295
1320,Heath St,10M,Mission Hill,08:00,12:00,Odd,Parker St,South Huntington Ave,0.75625,,False,True,False,True,False,False,False,False,False,True,False,False,False,False,False,False,10/19/2015 1:21:13 PM,HEATH1,0,3993
1321,Heath St,10M,Mission Hill,12:00,16:00,Even,Parker St,South Huntington Ave,0.626136363636364,,False,False,True,False,True,False,False,False,False,True,False,False,False,False,False,False,10/12/2022 3:10:02 PM,HEATH1,687,3993
1322,Hecla St,3,North Dorchester,08:00,12:00,Even,Dorchester Ave,Adams St,0.180871212121212,,False,False,True,False,True,False,False,False,False,False,True,False,False,False,False,False,2/14/2012 8:36:32 AM,HECLA1,0,955
1323,Hecla St,3,North Dorchester,08:00,12:00,Odd,Dorchester Ave,Adams St,0.180871212121212,,False,True,False,True,False,False,False,False,False,False,True,False,False,False,False,False,2/14/2012 8:36:32 AM,HECLA1,0,955
1324,Henchman St,1N,North End,12:00,16:00,Odd,Charter St,Commercial St,5.17045454545455E-02,,False,True,False,True,False,False,False,False,True,False,False,False,False,False,False,True,2/14/2012 8:36:32 AM,HENCH1,0,273
1325,Henchman St,1N,North End,12:00,16:00,Even,Charter St,Commercial St,5.17045454545455E-02,,False,False,True,False,True,False,False,False,True,False,False,False,False,False,False,True,2/14/2012 8:36:32 AM,HENCH1,0,273
1326,Hendry St,3,North Dorchester,08:00,12:00,Even,Bowdoin St,Dead End,0.113825757575758,,False,False,True,False,True,False,False,False,False,False,True,False,False,False,False,False,2/14/2012 8:36:32 AM,HENDR1,0,601
1327,Hendry St,3,North Dorchester,08:00,12:00,Odd,Bowdoin St,Dead End,0.113825757575758,,False,True,False,True,False,False,False,False,False,False,True,False,False,False,False,False,2/14/2012 8:36:32 AM,HENDR1,0,601
1328,Henley St,1C,Charlestown,08:00,12:00,Odd,Main St,Warren St,5.05681818181818E-02,,False,True,False,True,False,False,False,False,False,True,False,False,False,False,False,False,2/14/2012 8:36:32 AM,HENLE1,151,418
1329,Henley St,1C,Charlestown,08:00,12:00,Even,Main St,Warren St,5.05681818181818E-02,,False,False,True,False,True,False,False,False,False,True,False,False,False,False,False,False,2/14/2012 8:36:32 AM,HENLE1,151,418
1330,Henry St,9,East Boston,08:00,12:00,Even,Maverick Sq,Paris St,4.01515151515152E-02,,False,False,True,False,True,False,False,False,False,True,False,False,False,False,False,False,2/14/2012 8:36:32 AM,HENRY1,0,212
1331,Henry St,9,East Boston,08:00,12:00,Odd,Maverick Sq,Paris St,4.01515151515152E-02,,False,True,False,True,False,False,False,False,False,True,False,False,False,False,False,False,2/14/2012 8:36:32 AM,HENRY1,0,212
1332,Herald St,1S,South End,00:01,07:00,,Albany St,Washington St,0.174621212121212,,False,True,True,True,True,True,True,True,True,True,True,True,True,True,True,True,2/29/2012 10:06:53 AM,HERAL1,0,922
1333,Herald St,1S,South End,00:01,07:00,,Washington St,Tremont St,0.214772727272727,,True,True,True,True,True,True,True,True,True,True,True,True,True,True,True,True,2/29/2012 10:06:53 AM,HERAL1,922,2056
1334,Herbert St,7,South Dorchester,12:00,16:00,Even,Park St,West Tremlett St,7.23484848484848E-02,,False,False,True,False,True,False,False,False,False,True,False,False,False,False,False,False,2/14/2012 8:36:32 AM,HERBE1,0,382
1335,Herbert St,7,South Dorchester,12:00,16:00,Odd,Park St,West Tremlett St,7.23484848484848E-02,,False,True,False,True,False,False,False,False,False,True,False,False,False,False,False,False,2/14/2012 8:36:32 AM,HERBE1,0,382
1336,Hooper St,7,South Dorchester,12:00,16:00,Even,Tremlett St,Melville Ave,6.59090909090909E-02,,False,False,True,False,True,False,False,False,False,True,False,False,False,False,False,False,2/14/2012 8:36:32 AM,HOOPE1,0,348
1337,Hereford St,1B,Back Bay,06:00,08:00,Even,Beacon St,Commonwealth Ave,0.118181818181818,,False,False,True,False,True,False,False,False,False,True,False,False,False,False,False,False,2/14/2012 8:36:32 AM,HEREF1,200,824
1338,Hereford St,1B,Back Bay,06:00,08:00,Odd,Beacon St,Commonwealth Ave,0.118181818181818,,False,True,False,True,False,False,False,False,False,True,False,False,False,False,False,False,2/14/2012 8:36:32 AM,HEREF1,200,824
1339,Hereford St,1B,Back Bay,06:00,08:00,Even,Commonwealth Ave,Boylston St,0.143371212121212,,False,False,True,False,True,False,False,True,False,False,False,False,False,False,False,False,2/14/2012 8:36:32 AM,HEREF1,824,1581
1340,Hereford St,1B,Back Bay,06:00,08:00,Odd,Commonwealth Ave,Boylston St,0.143371212121212,,False,True,False,True,False,False,False,True,False,False,False,False,False,False,False,False,2/14/2012 8:36:32 AM,HEREF1,824,1581
1341,Hiawatha Rd,7,South Dorchester,08:00,12:00,Even,Blue Hill Ave,Fottler Rd,0.186742424242424,,False,False,True,False,True,False,False,False,True,False,False,False,False,False,False,False,2/14/2012 8:36:32 AM,HIAWA1,0,986
1342,Hiawatha Rd,7,South Dorchester,08:00,12:00,Odd,Blue Hill Ave,Fottler Rd,0.186742424242424,,False,True,False,True,False,False,False,False,True,False,False,False,False,False,False,False,2/14/2012 8:36:32 AM,HIAWA1,0,986
1343,Higgins St,4,Allston/Brighton,08:00,12:00,Even,Brighton Av,Allston St,9.03409090909091E-02,,False,False,True,False,True,False,False,False,False,False,True,False,False,False,False,False,2/14/2012 8:36:32 AM,HIGGI1,0,477
1344,Higgins St,4,Allston/Brighton,08:00,12:00,Odd,Brighton Av,Allston St,9.03409090909091E-02,,False,True,False,True,False,False,False,False,False,False,True,False,False,False,False,False,2/14/2012 8:36:32 AM,HIGGI1,0,477
1345,High Rock Way,4,Allston/Brighton,08:00,12:00,Odd,Imrie Rd,Gordon St,9.82954545454545E-02,,False,True,False,True,False,False,False,False,False,False,True,False,False,False,False,False,2/14/2012 8:36:32 AM,HIGH 1,0,519
1346,High Rock Way,4,Allston/Brighton,08:00,12:00,Even,Imrie Rd,Gordon St,9.82954545454545E-02,,False,False,True,False,True,False,False,False,False,False,True,False,False,False,False,False,2/14/2012 8:36:32 AM,HIGH 1,0,519
1347,High St,1C,Charlestown,08:00,12:00,Even,Monument Sq,Green St,8.90151515151515E-02,,False,False,True,False,True,False,False,False,False,True,False,False,False,False,False,False,2/14/2012 8:36:32 AM,HIGH 2,0,470
1348,High St,1C,Charlestown,08:00,12:00,Odd,Monument Sq,Green St,8.90151515151515E-02,,False,True,False,True,False,False,False,False,False,True,False,False,False,False,False,False,2/14/2012 8:36:32 AM,HIGH 2,0,470
1349,Hopestill St,7,South Dorchester,12:00,16:00,Even,Aspinwall Rd,Southern Ave,6.60984848484849E-02,,False,False,True,False,True,False,False,False,False,True,False,False,False,False,False,False,2/14/2012 8:36:32 AM,HOPES1,0,349
1350,Hopestill St,7,South Dorchester,12:00,16:00,Odd,Aspinwall Rd,Southern Ave,6.60984848484849E-02,,False,True,False,True,False,False,False,False,False,True,False,False,False,False,False,False,2/14/2012 8:36:32 AM,HOPES1,0,349
1351,High St,1C,Charlestown,08:00,12:00,Even,Green St,Sullivan St,0.191666666666667,,False,False,True,False,True,False,False,False,False,False,False,True,False,False,False,False,2/14/2012 8:36:32 AM,HIGH 2,470,1482
1352,High St,1C,Charlestown,08:00,12:00,Odd,Green St,Sullivan St,0.191666666666667,,False,True,False,True,False,False,False,False,False,False,False,True,False,False,False,False,2/14/2012 8:36:32 AM,HIGH 2,470,1482
1353,High St,1C,Charlestown,12:00,16:00,Even,Sullivan St,Walker St,5.79545454545455E-02,,False,False,True,False,True,False,False,False,False,False,False,True,False,False,False,False,2/14/2012 8:36:32 AM,HIGH 2,1482,1788
1354,High St,1C,Charlestown,12:00,16:00,Odd,Sullivan St,Walker St,5.79545454545455E-02,,False,True,False,True,False,False,False,False,False,False,False,True,False,False,False,False,2/14/2012 8:36:32 AM,HIGH 2,1482,1788
1355,High St,3,North Dorchester,08:00,12:00,Odd,Hancock St,Church St,0.106818181818182,,False,True,False,True,False,False,False,False,False,False,True,False,False,False,False,False,2/14/2012 8:36:32 AM,HIGH 3,0,564
1356,High St,3,North Dorchester,08:00,12:00,Even,Hancock St,Church St,0.106818181818182,,False,False,True,False,True,False,False,False,False,False,True,False,False,False,False,False,2/14/2012 8:36:32 AM,HIGH 3,0,564
1357,High St,1F,Downtown,00:01,07:00,,Federal St,Atlantic Ave,0.378598484848485,,True,True,True,True,True,True,True,True,True,True,True,True,True,True,True,False,2/29/2012 10:06:53 AM,HIGH 4,257,2256
1358,High St,1F,Downtown,00:01,07:00,Even,Summer St,Federal St,4.86742424242424E-02,,False,True,True,True,True,True,True,True,True,True,True,True,True,True,True,False,2/29/2012 10:06:53 AM,HIGH 4,0,257
1359,High St,1F,Downtown,00:01,07:00,Even Side Median,Summer St,Federal St,4.86742424242424E-02,,False,True,True,True,True,True,True,True,True,True,True,True,True,True,True,False,2/29/2012 10:06:53 AM,HIGH 4,0,257
1360,Highgate St,4,Allston/Brighton,08:00,12:00,Even,Cambridge St,Farrington Ave,0.105871212121212,,False,False,True,False,True,False,False,True,False,False,False,False,False,False,False,False,2/14/2012 8:36:32 AM,HIGHG1,0,559
1361,Highgate St,4,Allston/Brighton,08:00,12:00,Odd,Cambridge St,Farrington Ave,0.105871212121212,,False,True,False,True,False,False,False,True,False,False,False,False,False,False,False,False,2/14/2012 8:36:32 AM,HIGHG1,0,559
1362,Highland St,10R,Roxbury,08:00,12:00,Even,Cedar St,Centre St,0.527272727272727,,False,False,True,False,True,False,False,False,True,False,False,False,False,False,False,False,2/14/2012 8:36:32 AM,HIGHL4,1211,3995
1363,Highland St,10R,Roxbury,08:00,12:00,Odd,Cedar St,Centre St,0.527272727272727,,False,True,False,True,False,False,False,False,True,False,False,False,False,False,False,False,2/14/2012 8:36:32 AM,HIGHL4,1211,3995
1364,Highland Ave,10R,Roxbury,08:00,12:00,Even,Linwood St,Centre St,0.133143939393939,,False,True,False,True,False,False,False,False,True,False,False,False,False,False,False,False,6/14/2016 12:01:13 PM,HIGHL1,0,703
1365,Hillside St,10M,Mission Hill,12:00,16:00,Even,Parker St,Parker Hill Ave,0.584280303030303,,False,False,True,False,True,False,False,False,False,True,False,False,False,False,False,False,9/25/2017 9:38:17 AM,HILLS3,0,3085
1366,Highland Ave,10R,Roxbury,08:00,12:00,Odd,Linwood St,Centre St,0.133143939393939,,False,False,True,False,True,False,False,False,True,False,False,False,False,False,False,False,6/14/2016 12:00:49 PM,HIGHL1,0,703
1367,Hosmer St,7,South Dorchester,12:00,16:00,Even,Blue Hill Ave,Norfolk St,0.216477272727273,,False,False,True,False,True,False,False,False,False,False,True,False,False,False,False,False,2/14/2012 8:36:32 AM,HOSME1,0,1143
1368,Hildreth St,7,South Dorchester,08:00,12:00,Odd,Wildwood St,Dead End,7.53787878787879E-02,,False,True,False,True,False,False,False,False,False,True,False,False,False,False,False,False,2/14/2012 8:36:32 AM,HILDR1,0,398
1369,Forest St,10R,Roxbury,08:00,12:00,Even,Mt Pleasant Ave,Mt Pleasant Ave,0.269318181818182,,False,False,True,False,True,False,False,False,True,False,False,False,False,False,False,False,2/14/2012 8:36:32 AM,FORES2,0,1422
1370,Farragut Rd,5,South Boston,13:00,17:00,Odd,East First St,East Broadway,0.174431818181818,,False,True,False,True,False,False,False,False,False,False,False,True,False,False,False,False,3/31/2017 3:13:15 PM,FARRA1,0,921
1371,Farragut Rd,5,South Boston,13:00,17:00,Even,East First St,East Broadway,0.174431818181818,,False,False,True,False,True,False,False,False,False,False,False,True,False,False,False,False,3/31/2017 3:13:06 PM,FARRA1,0,921
1372,Duxbury Rd,7,South Dorchester,12:00,16:00,Odd,River St,Dead End,0.0875,,False,True,False,True,False,False,False,False,False,False,True,False,False,False,False,False,2/14/2012 8:36:32 AM,DUXBU1,0,462
1373,Dwight St,1S,South End,08:00,12:00,Even,Shawmut Ave,Tremont St,0.146780303030303,,False,False,True,False,True,False,False,False,False,False,True,False,False,False,False,True,2/14/2012 8:36:32 AM,DWIGH1,0,775
1374,Fisher Ave,10M,Mission Hill,12:00,16:00,Odd,Parker St,Parker Hill Ave,0.593181818181818,,False,True,False,True,False,False,False,False,False,True,False,False,False,False,False,False,10/20/2014 10:43:53 AM,FISHE1,0,3132
1375,Hoyt St,3,North Dorchester,08:00,12:00,Even,Dorchester Ave,Dead End,6.09848484848485E-02,,False,False,True,False,True,False,False,False,False,False,True,False,False,False,False,False,2/14/2012 8:36:32 AM,HOYT 1,0,322
1376,Hoyt St,3,North Dorchester,08:00,12:00,Odd,Dorchester Ave,Dead End,6.09848484848485E-02,,False,True,False,True,False,False,False,False,False,False,True,False,False,False,False,False,2/14/2012 8:36:32 AM,HOYT 1,0,322
1377,Lindall St,2,Jamaica Plain,08:00,12:00,Even,Cummins Hwy,Murray Hill Rd,0.107575757575758,,False,False,True,False,True,False,False,False,False,False,True,False,False,False,False,False,2/14/2012 8:36:32 AM,LINDA2,0,568
1378,Hubbardston Rd,3,North Dorchester,12:00,16:00,Even,Savin Hill Ave,Dead End,7.67045454545455E-02,,False,False,True,False,True,False,False,True,False,False,False,False,False,False,False,False,6/12/2013 3:04:34 PM,HUBBA2,0,405
1379,Hosmer St,7,South Dorchester,12:00,16:00,Odd,Blue Hill Ave,Norfolk St,0.216477272727273,,False,True,False,True,False,False,False,False,False,False,True,False,False,False,False,False,2/14/2012 8:36:32 AM,HOSME1,0,1143
1380,Hubbardston Rd,3,North Dorchester,12:00,16:00,Odd,Savin Hill Ave,Dead End,7.67045454545455E-02,,False,True,False,True,False,False,False,True,False,False,False,False,False,False,False,False,6/12/2013 3:04:26 PM,HUBBA2,0,405
1381,Ledgebrook Rd,7,South Dorchester,12:00,16:00,Even,River St,Meadowbank Ave,0.108333333333333,,False,False,True,False,True,False,False,False,False,False,True,False,False,False,False,False,2/14/2012 8:36:32 AM,LEDGE2,0,572
1382,Laurel St,10R,Roxbury,12:00,16:00,Odd,Catawba St,Humboldt Ave,0.065530303030303,,False,True,False,True,False,False,False,False,True,False,False,False,False,False,False,False,2/29/2012 10:06:53 AM,LAURE2,237,583
1383,Lindsey St,3,North Dorchester,12:00,16:00,Even,Waldeck St,Greenbrier St,0.234469696969697,,False,False,True,False,True,False,False,False,True,False,False,False,False,False,False,False,2/14/2012 8:36:32 AM,LINDS1,0,1238
1384,Sherman St,10R,Roxbury,12:00,16:00,Even,Rockland St,Dale St,8.73106060606061E-02,,False,False,True,False,True,False,False,False,True,False,False,False,False,False,False,False,2/29/2012 10:06:53 AM,SHERM1,0,461
1385,Linvale Ter,7,South Dorchester,12:00,16:00,Even,Viking Ter,Gladeside Ave,6.40151515151515E-02,,False,False,True,False,True,False,False,False,False,False,True,False,False,False,False,False,2/14/2012 8:36:32 AM,LINVA1,144,482
1386,Lindsey St,3,North Dorchester,12:00,16:00,Odd,Waldeck St,Greenbrier St,0.234469696969697,,False,True,False,True,False,False,False,False,True,False,False,False,False,False,False,False,2/14/2012 8:36:32 AM,LINDS1,0,1238
1387,Lee Hill Rd,2,Jamaica Plain,08:00,12:00,Even,Washington St,Dead End,5.64393939393939E-02,,False,False,True,False,True,False,False,False,False,False,True,False,False,False,False,False,2/14/2012 8:36:32 AM,LEE H1,0,298
1388,Hudson St,1T,Chinatown,00:00,07:00,,Beach St,Kneeland St,0.358143939393939,,False,True,True,True,True,True,True,True,True,True,True,True,True,True,True,False,2/29/2012 10:06:53 AM,HUDSO1,0,1891
1389,Hull St,1N,North End,12:00,16:00,Odd,Snow Hill St,Commercial St,6.64772727272727E-02,,False,True,False,True,False,False,False,False,True,False,False,False,False,False,False,True,2/14/2012 8:36:32 AM,HULL 1,535,886
1390,Hull St,1N,North End,12:00,16:00,Even,Salem St,Snow Hill St,0.101325757575758,,False,False,True,False,True,False,False,False,True,False,False,False,False,False,False,True,2/14/2012 8:36:32 AM,HULL 1,0,535
1391,Lee Hill Rd,2,Jamaica Plain,08:00,12:00,Odd,Washington St,Dead End,5.64393939393939E-02,,False,True,False,True,False,False,False,False,False,False,True,False,False,False,False,False,2/14/2012 8:36:32 AM,LEE H1,0,298
1392,Hull St,1N,North End,12:00,16:00,Odd,Salem St,Snow Hill St,0.101325757575758,,False,True,False,True,False,False,False,False,True,False,False,False,False,False,False,True,2/14/2012 8:36:32 AM,HULL 1,0,535
1393,Hull St,1N,North End,12:00,16:00,Even,Snow Hill St,Commercial St,6.64772727272727E-02,,False,False,True,False,True,False,False,False,True,False,False,False,False,False,False,True,2/14/2012 8:36:32 AM,HULL 1,535,886
1394,Lime St,1H,Beacon Hill,08:00,12:00,Odd,River St,Brimmer St,7.02651515151515E-02,,False,True,False,True,False,True,False,False,False,False,True,False,False,False,False,True,4/2/2014 1:28:59 PM,LIME 1,0,371
1395,Humboldt Ave,10R,Roxbury,08:00,12:00,Odd,Walnut Ave,Seaver St,0.822159090909091,,False,True,True,True,True,True,False,False,False,False,False,True,False,False,False,False,10/12/2021 3:40:58 PM,HUMBO1,0,4341
1396,Hunter St,1C,Charlestown,08:00,12:00,Even,Bunker Hill St,Vine St,0.040719696969697,,False,False,True,False,True,False,False,False,False,False,False,True,False,False,False,False,4/1/2014 9:50:59 AM,HUNTE1,0,215
1397,Linwood Sq,10R,Roxbury,08:00,12:00,Odd,Linwood St,Highland Ave,0.109848484848485,,False,True,False,True,False,False,False,False,True,False,False,False,False,False,False,False,2/14/2012 8:36:32 AM,LINWO1,0,580
1398,Linden St,3,North Dorchester,08:00,12:00,Even,Freeport St,Dorchester Ave,6.06060606060606E-02,,False,False,True,False,True,False,False,False,False,False,True,False,False,False,False,False,2/14/2012 8:36:32 AM,LINDE2,0,320
1399,Linden St,4,Allston/Brighton,08:00,12:00,Odd,Cambridge St,Brighton Av,0.240909090909091,,False,True,False,True,False,False,False,True,False,False,False,False,False,False,False,False,2/14/2012 8:36:32 AM,LINDE1,0,1272
1400,Howe St,3,North Dorchester,08:00,12:00,Even,Hancock St,Howe Ter,0.125568181818182,,False,False,True,False,True,False,False,False,False,False,True,False,False,False,False,False,2/14/2012 8:36:32 AM,HOWE 1,0,663
1401,Hunter St,1C,Charlestown,08:00,12:00,Odd,Bunker Hill St,Vine St,0.040719696969697,,False,True,False,True,False,False,False,False,False,False,False,True,False,False,False,False,4/1/2014 9:50:52 AM,HUNTE1,0,215
1402,Huntington Ave,10M,Mission Hill,00:01,07:00,Ramp,Dartmouth St,Huntington Ave Underpass,0.753219696969697,,True,True,True,True,True,True,True,True,True,True,True,True,True,True,True,False,2/14/2012 8:36:32 AM,HUNTI1,0,3977
1403,Huntington Ave,M,Multiple,00:01,07:00,Even,Massachusetts Ave,South Huntington Ave,1.60397727272727,,True,True,True,True,True,True,False,False,False,False,True,False,False,False,True,False,2/14/2012 8:36:32 AM,HUNTI1,3224,11693
1404,Huntington Ave,M,Multiple,00:01,07:00,Odd,Massachusetts Ave,South Huntington Ave,1.60397727272727,,True,True,True,True,True,True,False,True,False,False,False,False,False,False,True,False,2/14/2012 8:36:32 AM,HUNTI1,3224,11693
1405,Hutchings St,10R,Roxbury,08:00,12:00,Even,Elm Hill Ave,Harold St,0.350568181818182,,False,False,True,False,True,False,False,False,False,False,False,True,False,False,False,False,2/14/2012 8:36:32 AM,HUTCH1,0,1851
1406,Leamington Rd,4,Allston/Brighton,08:00,12:00,Odd,Commonwealth Ave,Wallingford Rd,0.166287878787879,,False,True,False,True,False,False,False,False,False,True,False,False,False,False,False,False,2/14/2012 8:36:32 AM,LEAMI1,0,878
1407,Hutchings St,10R,Roxbury,08:00,12:00,Odd,Elm Hill Ave,Harold St,0.350568181818182,,False,True,False,True,False,False,False,False,False,False,False,True,False,False,False,False,2/14/2012 8:36:32 AM,HUTCH1,0,1851
1409,Lincoln St,7,South Dorchester,08:00,12:00,Odd,Dorchester Ave,Adams St,7.97348484848485E-02,,False,True,False,True,False,False,False,False,False,False,True,False,False,False,False,False,2/14/2012 8:36:32 AM,LINCO1,0,421
1414,Lindall St,2,Jamaica Plain,08:00,12:00,Odd,Cummins Hwy,Murray Hill Rd,0.107575757575758,,False,True,False,True,False,False,False,False,False,False,True,False,False,False,False,False,2/14/2012 8:36:32 AM,LINDA2,0,568
1415,Linwood St,10R,Roxbury,08:00,12:00,Odd,Highland St,Centre St,0.147159090909091,,False,False,True,False,True,False,False,False,True,False,False,False,False,False,False,False,2/14/2012 8:36:32 AM,LINWO3,0,777
1416,Lithgow St,7,South Dorchester,08:00,12:00,Odd,Washington St,Wainwright St,0.232386363636364,,False,True,False,True,False,False,False,False,False,True,False,False,False,False,False,False,2/14/2012 8:36:32 AM,LITHG1,0,1227
1417,Laurel St,1C,Charlestown,12:00,16:00,Odd,Cedar St,Monument Sq,2.67045454545455E-02,,False,True,False,True,False,False,False,False,False,True,False,False,False,False,False,False,2/14/2012 8:36:32 AM,LAURE1,0,141
1418,I St,5,South Boston,09:00,13:00,Even,East Broadway,Columbia Rd,0.364772727272727,,False,False,True,False,True,False,False,False,False,False,True,False,False,False,False,False,2/14/2012 8:36:32 AM,I ST 1,915,2841
1419,I St,5,South Boston,09:00,13:00,Odd,East Broadway,Columbia Rd,0.364772727272727,,False,True,False,True,False,False,False,False,False,False,True,False,False,False,False,False,2/14/2012 8:36:32 AM,I ST 1,915,2841
1420,Linden St,4,Allston/Brighton,12:00,16:00,Odd,Brighton Av,Reedsdale St,0.130871212121212,,False,True,False,True,False,False,False,False,False,False,True,False,False,False,False,False,2/14/2012 8:36:32 AM,LINDE1,1272,1963
1422,Hinckley St,3,North Dorchester,12:00,16:00,Odd,Pleasant St,Bakersfield St,8.25757575757576E-02,,False,True,False,True,False,False,False,False,False,False,False,True,False,False,False,False,2/14/2012 8:36:32 AM,HINCK1,0,436
1423,I St,5,South Boston,09:00,13:00,Even,East First St,East Broadway,0.173295454545455,,False,False,True,False,True,False,False,False,False,False,False,True,False,False,False,False,2/14/2012 8:36:32 AM,I ST 1,0,915
1424,I St,5,South Boston,09:00,13:00,Odd,East First St,East Broadway,0.173295454545455,,False,True,False,True,False,False,False,False,False,False,False,True,False,False,False,False,2/14/2012 8:36:32 AM,I ST 1,0,915
1425,Leicester St,4,Allston/Brighton,12:00,16:00,Even,Washington St,Arlington St,0.21780303030303,,False,False,True,False,True,False,False,False,True,False,False,False,False,False,False,False,2/14/2012 8:36:32 AM,LEICE1,0,1150
1426,Leicester St,4,Allston/Brighton,12:00,16:00,Odd,Washington St,Arlington St,0.21780303030303,,False,True,False,True,False,False,False,False,True,False,False,False,False,False,False,False,2/14/2012 8:36:32 AM,LEICE1,0,1150
1427,Leonard St,3,North Dorchester,12:00,16:00,Odd,Adams St,Clayton St,0.185606060606061,,False,True,False,True,False,False,False,False,False,False,False,True,False,False,False,False,2/14/2012 8:36:32 AM,LEONA1,0,980
1428,Idaho St,7,South Dorchester,12:00,16:00,Even,River St,Manchester St,0.170075757575758,,False,False,True,False,True,False,False,False,False,False,True,False,False,False,False,False,2/14/2012 8:36:32 AM,IDAHO1,0,898
1429,Idaho St,7,South Dorchester,12:00,16:00,Odd,River St,Manchester St,0.170075757575758,,False,True,False,True,False,False,False,False,False,False,True,False,False,False,False,False,2/14/2012 8:36:32 AM,IDAHO1,0,898
1430,Leonard St,3,North Dorchester,12:00,16:00,Even,Adams St,Clayton St,0.185606060606061,,False,False,True,False,True,False,False,False,False,False,False,True,False,False,False,False,2/14/2012 8:36:32 AM,LEONA1,0,980
1431,Leroy St,3,North Dorchester,08:00,12:00,Even,Geneva Ave,Ditson St,0.145833333333333,,False,False,True,False,True,False,False,False,False,True,False,False,False,False,False,False,6/13/2013 3:29:17 PM,LEROY1,0,770
1432,Iffley Rd,2,Jamaica Plain,12:00,16:00,Even,Washington St,Walnut Ave,0.195833333333333,,False,False,True,False,True,False,False,True,False,False,False,False,False,False,False,False,4/13/2016 12:25:38 PM,IFFLE1,0,1034
1433,Iffley Rd,2,Jamaica Plain,12:00,16:00,Odd,Washington St,Walnut Ave,0.195833333333333,,False,True,False,True,False,False,False,True,False,False,False,False,False,False,False,False,4/13/2016 12:24:33 PM,IFFLE1,0,1034
1434,Holyoke St,1S,South End,12:00,16:00,Odd,Columbus Ave,Carleton St,9.12878787878788E-02,,False,True,False,True,False,True,False,False,False,True,False,False,False,False,False,True,2/14/2012 8:36:32 AM,HOLYO1,0,482
1435,Imrie Rd,4,Allston/Brighton,08:00,12:00,Even,Cambridge St,High Rock Way,0.113636363636364,,False,False,True,False,True,False,False,False,False,False,True,False,False,False,False,False,2/14/2012 8:36:32 AM,IMRIE1,0,600
1436,Leroy St,3,North Dorchester,08:00,12:00,Odd,Geneva Ave,Ditson St,0.145833333333333,,False,True,False,True,False,False,False,False,False,True,False,False,False,False,False,False,6/13/2013 3:29:06 PM,LEROY1,0,770
1437,Imrie Rd,4,Allston/Brighton,08:00,12:00,Odd,Cambridge St,High Rock Way,0.113636363636364,,False,True,False,True,False,False,False,False,False,False,True,False,False,False,False,False,2/14/2012 8:36:32 AM,IMRIE1,0,600
1438,India St,1F,Downtown,00:01,07:00,,State St,Atlantic Ave,0.186742424242424,,True,True,True,True,True,True,True,True,True,True,True,True,True,True,True,False,2/29/2012 10:06:53 AM,INDIA1,0,986
1440,Intervale St,10R,Roxbury,08:00,12:00,Even,Warren St,Blue Hill Ave,0.121969696969697,,False,False,True,False,True,False,False,False,False,False,False,True,False,False,False,False,2/14/2012 8:36:32 AM,INTER1,0,644
1441,Intervale St,10R,Roxbury,08:00,12:00,Odd,Warren St,Blue Hill Ave,0.121969696969697,,False,True,False,True,False,False,False,False,False,False,False,True,False,False,False,False,2/14/2012 8:36:32 AM,INTER1,0,644
1442,Lauriat St,7,South Dorchester,08:00,12:00,Odd,Woodrow Ave,Callender St,0.065530303030303,,False,True,False,True,False,False,False,False,False,False,False,True,False,False,False,False,2/14/2012 8:36:32 AM,LAURI1,0,346
1443,Intervale St,3,North Dorchester,12:00,16:00,Odd,Blue Hill Ave,Columbia Rd,0.393939393939394,,False,True,False,True,False,False,False,False,False,True,False,False,False,False,False,False,2/29/2012 10:06:53 AM,INTER1,644,2724
1444,Inwood St,3,North Dorchester,12:00,16:00,Even,Olney St,Norton St,8.73106060606061E-02,,False,False,True,False,True,False,False,False,False,True,False,False,False,False,False,False,6/13/2013 3:40:50 PM,INWOO1,0,461
1445,Inwood St,3,North Dorchester,12:00,16:00,Odd,Olney St,Norton St,8.73106060606061E-02,,False,True,False,True,False,False,False,False,False,True,False,False,False,False,False,False,6/13/2013 3:40:43 PM,INWOO1,0,461
1446,Lawn St,10M,Mission Hill,12:00,16:00,Even,Estey St,Bucknam St,0.282386363636364,,False,False,True,False,True,False,False,False,False,True,False,False,False,False,False,False,2/29/2012 10:06:53 AM,LAWN 1,0,1491
1448,Irma St,7,South Dorchester,08:00,12:00,Even,Callender St,Woodrow Ave,0.118181818181818,,False,False,True,False,True,False,False,False,False,False,False,True,False,False,False,False,2/14/2012 8:36:32 AM,IRMA 1,0,624
1449,Irma St,7,South Dorchester,08:00,12:00,Odd,Callender St,Woodrow Ave,0.118181818181818,,False,True,False,True,False,False,False,False,False,False,False,True,False,False,False,False,2/14/2012 8:36:32 AM,IRMA 1,0,624
1450,Iroquois St,10M,Mission Hill,12:00,16:00,Even,Calumet St,Sachem St,0.246022727272727,,False,False,True,False,True,False,False,False,False,True,False,False,False,False,False,False,5/2/2022 10:17:38 AM,IROQU1,0,1299
1451,Iroquois St,10M,Mission Hill,12:00,16:00,Odd,Calumet St,Sachem St,0.246022727272727,,False,True,False,True,False,False,False,False,False,True,False,False,False,False,False,False,6/24/2022 3:19:20 PM,IROQU1,0,1299
1452,Howe St,3,North Dorchester,08:00,12:00,Odd,Hancock St,Howe Ter,0.125568181818182,,False,True,False,True,False,False,False,False,False,False,True,False,False,False,False,False,2/14/2012 8:36:32 AM,HOWE 1,0,663
1453,Howe Ter,3,North Dorchester,08:00,12:00,Even,Howe St,Dead End,3.67424242424242E-02,,False,False,True,False,True,False,False,False,False,False,True,False,False,False,False,False,2/14/2012 8:36:32 AM,HOWE 2,0,194
1454,London St,9,East Boston,12:00,16:00,Odd,George R. Visconti Rd,Bennington St,0.164962121212121,,False,True,False,True,False,False,False,False,False,True,False,False,False,False,False,False,7/6/2023 9:47:55 AM,LONDO1,1911,2782
1455,Lawrence St,1C,Charlestown,08:00,12:00,Odd,Union St,Austin St,6.43939393939394E-02,,False,False,True,False,True,False,False,False,False,True,False,False,False,False,False,False,2/14/2012 8:36:32 AM,LAWRE9,0,340
1456,Irving St,1H,Beacon Hill,08:00,12:00,Odd,Cambridge St,Myrtle St,0.124431818181818,,False,True,False,True,False,True,False,True,False,False,False,False,False,False,False,True,4/2/2014 1:25:47 PM,IRVIN1,0,657
1457,Livingstone St,7,South Dorchester,08:00,12:00,Even,Blue Hill Ave,Lucerne St,9.65909090909091E-02,,False,False,True,False,True,False,False,False,False,True,False,False,False,False,False,False,2/14/2012 8:36:32 AM,LIVIN1,0,510
1458,Logan St,10R,Roxbury,08:00,12:00,Even,Lambert Ave,Thornton St,9.18560606060606E-02,,False,True,False,True,False,False,False,False,True,False,False,False,False,False,False,False,4/5/2017 9:15:58 AM,LOGAN1,0,485
1459,Lomasney Way,1W,West End,00:01,07:00,,Cotting St,Causeway St,8.88257575757576E-02,,False,True,True,True,True,True,True,True,True,True,True,True,True,True,True,False,2/29/2012 10:06:53 AM,LOMAS1,1129,1598
1460,Linwood Sq,10R,Roxbury,08:00,12:00,Even,Linwood St,Highland Ave,0.109848484848485,,False,False,True,False,True,False,False,False,True,False,False,False,False,False,False,False,2/14/2012 8:36:32 AM,LINWO1,0,580
1461,Linden St,3,North Dorchester,08:00,12:00,Even,Adams St,Juliette St,4.31818181818182E-02,,False,False,True,False,True,False,False,False,False,False,True,False,False,False,False,False,2/14/2012 8:36:32 AM,LINDE2,1094,1322
1462,Hinckley St,3,North Dorchester,12:00,16:00,Even,Pleasant St,Bakersfield St,8.25757575757576E-02,,False,False,True,False,True,False,False,False,False,False,False,True,False,False,False,False,2/14/2012 8:36:32 AM,HINCK1,0,436
1463,Irving St,1H,Beacon Hill,08:00,12:00,Even,Cambridge St,Myrtle St,0.124431818181818,,False,False,True,False,True,False,False,True,False,False,False,False,False,False,False,True,2/14/2012 8:36:32 AM,IRVIN1,0,657
1464,Islington St,4,Allston/Brighton,08:00,12:00,Even,Brighton Av,Armington St,8.50378787878788E-02,,False,False,True,False,True,False,False,False,False,False,True,False,False,False,False,False,2/14/2012 8:36:32 AM,ISLIN1,0,449
1465,Islington St,4,Allston/Brighton,08:00,12:00,Odd,Brighton Av,Armington St,8.50378787878788E-02,,False,True,False,True,False,False,False,False,False,False,True,False,False,False,False,False,2/14/2012 8:36:32 AM,ISLIN1,0,449
1466,Itasca St,7,South Dorchester,08:00,12:00,Even,Mattapan St,Messinger St,0.37405303030303,,False,False,True,False,True,False,False,False,True,False,False,False,False,False,False,False,2/14/2012 8:36:32 AM,ITASC1,0,1975
1467,Lesher St,2,Jamaica Plain,12:00,16:00,Even,Washington St,South St,7.40530303030303E-02,,False,False,True,False,True,False,False,False,False,False,True,False,False,False,False,False,2/14/2012 8:36:32 AM,LESHE1,0,391
1468,Itasca St,7,South Dorchester,08:00,12:00,Odd,Mattapan St,Messinger St,0.37405303030303,,False,True,False,True,False,False,False,False,True,False,False,False,False,False,False,False,2/14/2012 8:36:32 AM,ITASC1,0,1975
1469,Jacob St,7,South Dorchester,08:00,12:00,Even,Jones Ave,Ballou Ave,0.163068181818182,,False,False,True,False,True,False,False,False,False,True,False,False,False,False,False,False,2/14/2012 8:36:32 AM,JACOB1,0,861
1470,Linden St,3,North Dorchester,08:00,12:00,Even,Dorchester Ave,Adams St,0.146590909090909,,False,False,True,False,True,False,False,False,False,False,True,False,False,False,False,False,2/14/2012 8:36:32 AM,LINDE2,320,1094
1471,Jacob St,7,South Dorchester,08:00,12:00,Odd,Jones Ave,Ballou Ave,0.163068181818182,,False,True,False,True,False,False,False,False,False,True,False,False,False,False,False,False,2/14/2012 8:36:32 AM,JACOB1,0,861
1472,Jamaicaway,99,DCR,12:00,15:00,,Huntington Ave,Arborway,1.57253787878788,,False,False,True,False,False,False,False,False,False,False,True,False,False,False,False,False,2/29/2012 10:06:53 AM,JAMAI2,0,8303
1473,Jamestown Ter,7,South Dorchester,12:00,16:00,Even,Dania St,Dead End,2.74621212121212E-02,,False,False,True,False,True,False,False,False,False,False,True,False,False,False,False,False,2/14/2012 8:36:32 AM,JAMES1,0,145
1474,Jamestown Ter,7,South Dorchester,12:00,16:00,Odd,Dania St,Dead End,2.74621212121212E-02,,False,True,False,True,False,False,False,False,False,False,True,False,False,False,False,False,2/14/2012 8:36:32 AM,JAMES1,0,145
1475,Jeffries St,9,East Boston,08:00,12:00,Odd,Maverick St,Marginal St,0.143560606060606,,False,True,False,True,False,False,False,False,False,False,True,False,False,False,False,False,2/14/2012 8:36:32 AM,JEFFR1,0,758
1476,Jeffries St,9,East Boston,08:00,12:00,Even,Maverick St,Marginal St,0.143560606060606,,False,False,True,False,True,False,False,False,False,False,True,False,False,False,False,False,2/14/2012 8:36:32 AM,JEFFR1,0,758
1477,Lincoln St,7,South Dorchester,08:00,12:00,Even,Dorchester Ave,Adams St,7.97348484848485E-02,,False,False,True,False,True,False,False,False,False,False,True,False,False,False,False,False,2/14/2012 8:36:32 AM,LINCO1,0,421
1478,Jersey St,10F,Fenway/Kenmore,12:00,16:00,Even,Boylston St,Park Dr,0.2,,False,False,True,False,True,False,False,False,False,True,False,False,False,False,False,False,2/14/2012 8:36:32 AM,JERSE1,0,1056
1479,Jersey St,10F,Fenway/Kenmore,12:00,16:00,Odd,Boylston St,Park Dr,0.2,,False,True,False,True,False,False,False,False,False,True,False,False,False,False,False,False,2/14/2012 8:36:32 AM,JERSE1,0,1056
1480,Jess St,2,Jamaica Plain,08:00,12:00,Odd,Porter St,Dead End,4.41287878787879E-02,,False,True,False,True,False,False,False,True,False,False,False,False,False,False,False,False,2/14/2012 8:36:32 AM,JESS 1,0,233
1481,Lawn St,10M,Mission Hill,12:00,16:00,Odd,Estey St,Bucknam St,0.282386363636364,,False,True,False,True,False,False,False,False,False,True,False,False,False,False,False,False,2/29/2012 10:06:53 AM,LAWN 1,0,1491
1482,Jess St,2,Jamaica Plain,08:00,12:00,Even,Porter St,Dead End,4.41287878787879E-02,,False,False,True,False,True,False,False,True,False,False,False,False,False,False,False,False,2/14/2012 8:36:32 AM,JESS 1,0,233
1483,Joe L Smith Way,3,North Dorchester,12:00,16:00,Odd,Washington St,Geneva Ave,0.109280303030303,,False,True,False,True,False,False,False,False,False,True,False,False,False,False,False,False,6/13/2013 4:03:25 PM,JOE L1,0,577
1484,Joe L Smith Way,3,North Dorchester,12:00,16:00,Even,Washington St,Geneva Ave,0.109280303030303,,False,False,True,False,True,False,False,False,False,True,False,False,False,False,False,False,6/13/2013 4:01:18 PM,JOE L1,0,577
1485,Johnston Rd,7,South Dorchester,12:00,16:00,Even,Blue Hill Ave,Harvard St,0.159469696969697,,False,False,True,False,True,False,False,False,True,False,False,False,False,False,False,False,2/14/2012 8:36:32 AM,JOHNS3,0,842
1486,Howe Ter,3,North Dorchester,08:00,12:00,Odd,Howe St,Dead End,3.67424242424242E-02,,False,True,False,True,False,False,False,False,False,False,True,False,False,False,False,False,2/14/2012 8:36:32 AM,HOWE 2,0,194
1487,Johnston Rd,7,South Dorchester,12:00,16:00,Odd,Blue Hill Ave,Harvard St,0.159469696969697,,False,True,False,True,False,False,False,False,True,False,False,False,False,False,False,False,2/14/2012 8:36:32 AM,JOHNS3,0,842
1488,Jones Ave,7,South Dorchester,08:00,12:00,Even,Ballou Ave,Mascot St,0.189015151515152,,False,False,True,False,True,False,False,False,False,True,False,False,False,False,False,False,2/14/2012 8:36:32 AM,JONES1,0,998
1489,Holworthy St,10R,Roxbury,12:00,16:00,Odd,Hollander St,Walnut Ave,0.181439393939394,,False,True,False,True,False,False,False,False,False,False,False,True,False,False,False,False,2/14/2012 8:36:32 AM,HOLWO1,0,958
1490,Lawnwood Pl,1C,Charlestown,08:00,12:00,Even,Main St,Dead End,4.90530303030303E-02,,False,False,True,False,True,False,False,False,False,False,False,True,False,False,False,False,2/14/2012 8:36:32 AM,LAWNW1,0,259
1491,Jones Ave,7,South Dorchester,08:00,12:00,Odd,Ballou Ave,Mascot St,0.189015151515152,,False,True,False,True,False,False,False,False,False,True,False,False,False,False,False,False,2/14/2012 8:36:32 AM,JONES1,0,998
1492,Josephine St,3,North Dorchester,08:00,12:00,Even,Geneva Ave,Ditson St,0.124621212121212,,False,False,True,False,True,False,False,False,False,True,False,False,False,False,False,False,6/13/2013 3:27:18 PM,JOSEP2,0,658
1493,Josephine St,3,North Dorchester,08:00,12:00,Odd,Geneva Ave,Ditson St,0.124621212121212,,False,True,False,True,False,False,False,False,False,True,False,False,False,False,False,False,6/13/2013 3:27:11 PM,JOSEP2,0,658
1494,Joy St,1H,Beacon Hill,08:00,12:00,Odd,Mt Vernon Pl,Cambridge St,0.214772727272727,,False,True,False,True,False,True,False,True,False,False,False,False,False,False,False,True,4/2/2014 1:26:13 PM,JOY S1,307,1441
1495,Juliette St,3,North Dorchester,08:00,12:00,Even,Fox St,Linden St,9.92424242424242E-02,,False,False,True,False,True,False,False,False,False,False,True,False,False,False,False,False,2/14/2012 8:36:32 AM,JULIE1,0,524
1496,Holbrook St,2,Jamaica Plain,12:00,16:00,Even,Centre St,Dane St,0.176136363636364,,False,False,True,False,True,False,False,False,True,False,False,False,False,False,False,False,2/14/2012 8:36:32 AM,HOLBR1,0,930
1497,Liverpool St,9,East Boston,08:00,12:00,Even,Maverick St,Central Sq,0.234848484848485,,False,False,True,False,True,False,False,False,False,True,False,False,False,False,False,False,2/14/2012 8:36:32 AM,LIVER3,509,1749
1498,Hollander St,10R,Roxbury,12:00,16:00,Even,Holworthy St,Crawford St,0.172537878787879,,False,False,True,False,True,False,False,False,False,False,False,True,False,False,False,False,2/14/2012 8:36:32 AM,HOLLA1,0,911
1499,Juliette St,3,North Dorchester,08:00,12:00,Odd,Fox St,Linden St,9.92424242424242E-02,,False,True,False,True,False,False,False,False,False,False,True,False,False,False,False,False,2/14/2012 8:36:32 AM,JULIE1,0,524
1500,Linvale Ter,7,South Dorchester,12:00,16:00,Odd,Viking Ter,Gladeside Ave,6.40151515151515E-02,,False,True,False,True,False,False,False,False,False,False,True,False,False,False,False,False,2/14/2012 8:36:32 AM,LINVA1,144,482
1501,Liverpool St,9,East Boston,08:00,12:00,Odd,Maverick St,Central Sq,0.234848484848485,,False,True,False,True,False,False,False,False,False,True,False,False,False,False,False,False,2/14/2012 8:36:32 AM,LIVER3,509,1749
1502,Lexington St,1C,Charlestown,12:00,16:00,Even,Monument Sq,Bunker Hill St,8.33333333333333E-02,,False,False,True,False,True,False,False,False,False,True,False,False,False,False,False,False,2/14/2012 8:36:32 AM,LEXIN3,0,440
1503,London St,9,East Boston,08:00,12:00,Even,Maverick St,Porter St,0.257954545454545,,False,False,True,False,True,False,False,False,False,True,False,False,False,False,False,False,7/6/2023 9:47:17 AM,LONDO1,509,1871
1504,K St,5,South Boston,09:00,13:00,Even,East Broadway,Columbia Rd,0.406060606060606,,False,False,True,False,True,False,False,False,False,True,False,False,False,False,False,False,2/14/2012 8:36:32 AM,K ST 1,1541,3685
1505,K St,5,South Boston,09:00,13:00,Odd,East Broadway,Columbia Rd,0.406060606060606,,False,True,False,True,False,False,False,False,False,True,False,False,False,False,False,False,2/14/2012 8:36:32 AM,K ST 1,1541,3685
1506,Leahaven Rd,7,South Dorchester,12:00,16:00,Odd,River St,Meadowbank Ave,8.90151515151515E-02,,False,True,False,True,False,False,False,False,False,False,True,False,False,False,False,False,2/14/2012 8:36:32 AM,LEAHA1,0,470
1507,K St,5,South Boston,09:00,13:00,Even,East First St,East Broadway,0.173295454545455,,False,False,True,False,True,False,False,False,False,False,False,True,False,False,False,False,2/14/2012 8:36:32 AM,K ST 1,626,1541
1508,K St,5,South Boston,09:00,13:00,Odd,East First St,East Broadway,0.173295454545455,,False,True,False,True,False,False,False,False,False,False,False,True,False,False,False,False,2/14/2012 8:36:32 AM,K ST 1,626,1541
1509,Kane St,3,North Dorchester,12:00,16:00,Even,Bellevue St,Stanley St,5.05681818181818E-02,,False,False,True,False,True,False,False,False,False,True,False,False,False,False,False,False,6/13/2013 3:36:42 PM,KANE 1,0,267
1510,Kane St,3,North Dorchester,12:00,16:00,Odd,Bellevue St,Stanley St,5.05681818181818E-02,,False,True,False,True,False,False,False,False,False,True,False,False,False,False,False,False,6/13/2013 3:36:35 PM,KANE 1,0,267
1511,Kelton St,4,Allston/Brighton,08:00,12:00,Odd,Commonwealth Ave,Corey Rd,0.286742424242424,,False,True,False,True,False,False,False,False,False,False,True,False,False,False,False,False,2/14/2012 8:36:32 AM,KELTO1,0,1514
1512,Kelton St,4,Allston/Brighton,08:00,12:00,Even,Commonwealth Ave,Corey Rd,0.286742424242424,,False,False,True,False,True,False,False,False,False,False,True,False,False,False,False,False,2/14/2012 8:36:32 AM,KELTO1,0,1514
1513,Kendall St,10R,Roxbury,08:00,12:00,Even,Shawmut Ave,Lenox St,0.211742424242424,,False,False,True,False,True,False,False,False,False,True,False,False,False,False,False,False,2/29/2012 10:06:53 AM,KENDA1,0,1118
1514,Kenilworth St,10R,Roxbury,08:00,12:00,Odd,Dudley St,Dudley St,0.123863636363636,,False,False,True,False,True,False,False,False,True,False,False,False,False,False,False,False,3/27/2019 9:39:26 AM,KENIL1,0,654
1515,Kenilworth St,10R,Roxbury,08:00,12:00,Even,Dudley St,Dudley St,0.123863636363636,,False,True,False,True,False,False,False,False,True,False,False,False,False,False,False,False,3/27/2019 9:39:17 AM,KENIL1,0,654
1516,Lexington St,1C,Charlestown,12:00,16:00,Odd,Monument Sq,Bunker Hill St,8.33333333333333E-02,,False,True,False,True,False,False,False,False,False,True,False,False,False,False,False,False,2/14/2012 8:36:32 AM,LEXIN3,0,440
1517,Kenmore St,10F,Fenway/Kenmore,00:01,07:00,,Newbury St,Commonwealth Ave,5.26515151515152E-02,,True,True,True,True,True,True,True,True,True,True,True,True,True,True,True,False,2/29/2012 10:06:53 AM,KENMO1,0,278
1518,Kenney St,2,Jamaica Plain,12:00,16:00,Even,Day St,Dead End,9.58333333333333E-02,,False,False,True,False,True,False,False,False,True,False,False,False,False,False,False,False,4/3/2017 1:38:50 PM,KENNE3,0,506
1519,Kenney St,2,Jamaica Plain,12:00,16:00,Odd,Day St,Dead End,9.58333333333333E-02,,False,True,False,True,False,False,False,False,True,False,False,False,False,False,False,False,4/3/2017 1:38:45 PM,KENNE3,0,506
1520,Kenwood St,7,South Dorchester,12:00,16:00,Even,Washington St,Allston St,0.251325757575758,,False,False,True,False,True,False,False,False,False,True,False,False,False,False,False,False,2/14/2012 8:36:32 AM,KENWO1,0,1327
1521,Kenwood St,7,South Dorchester,12:00,16:00,Odd,Washington St,Allston St,0.251325757575758,,False,True,False,True,False,False,False,False,False,True,False,False,False,False,False,False,2/14/2012 8:36:32 AM,KENWO1,0,1327
1522,Kerr Pl,10R,Roxbury,08:00,12:00,Even,Dewitt Dr,Sojourner Truth Ct,5.28409090909091E-02,,False,False,True,False,True,False,False,False,False,True,False,False,False,False,False,False,2/29/2012 10:06:53 AM,KERR 1,0,279
1523,Kerr Pl,10R,Roxbury,08:00,12:00,Odd,Dewitt Dr,Sojourner Truth Ct,5.28409090909091E-02,,False,True,False,True,False,False,False,False,False,True,False,False,False,False,False,False,2/29/2012 10:06:53 AM,KERR 1,0,279
1524,Keswick St,10F,Fenway/Kenmore,12:00,16:00,Even,Medfield St,Beacon St,6.83712121212121E-02,,False,True,False,True,False,False,False,False,False,True,False,False,False,False,False,False,3/25/2020 11:47:55 AM,KESWI1,0,361
1525,Keswick St,10F,Fenway/Kenmore,12:00,16:00,Odd,Medfield St,Beacon St,6.83712121212121E-02,,False,False,True,False,True,False,False,False,False,True,False,False,False,False,False,False,3/25/2020 11:47:44 AM,KESWI1,0,361
1526,Kilby St,1F,Downtown,00:01,07:00,,State St,Milk St,0.125568181818182,,True,True,True,True,True,True,True,True,True,True,True,True,True,True,True,False,2/29/2012 10:06:53 AM,KILBY1,0,663
1527,Kilmarnock St,10F,Fenway/Kenmore,12:00,16:00,Odd,Van Ness St,Park Dr,0.297916666666667,,False,True,False,True,False,False,False,False,False,True,False,False,False,False,False,False,2/14/2012 8:36:32 AM,KILMA1,0,1573
1528,Kilmarnock St,10F,Fenway/Kenmore,12:00,16:00,Even,Van Ness St,Park Dr,0.297916666666667,,False,False,True,False,True,False,False,False,False,True,False,False,False,False,False,False,2/14/2012 8:36:32 AM,KILMA1,0,1573
1529,Kilsyth Rd,4,Allston/Brighton,08:00,12:00,Even,Brookline Town Line,Lanark Rd,0.271780303030303,,False,False,True,False,True,False,False,False,False,True,False,False,False,False,False,False,2/14/2012 8:36:32 AM,KILSY1,0,1435
1530,Kilsyth Rd,4,Allston/Brighton,08:00,12:00,Odd,Brookline Town Line,Lanark Rd,0.271780303030303,,False,True,False,True,False,False,False,False,False,True,False,False,False,False,False,False,2/14/2012 8:36:32 AM,KILSY1,0,1435
1531,Kilsyth Ter,4,Allston/Brighton,08:00,12:00,Even,Kilsyth Rd,Dead End,5.26515151515152E-02,,False,False,True,False,True,False,False,False,False,True,False,False,False,False,False,False,2/14/2012 8:36:32 AM,KILSY2,0,278
1532,Kilsyth Ter,4,Allston/Brighton,08:00,12:00,Odd,Kilsyth Rd,Dead End,5.26515151515152E-02,,False,True,False,True,False,False,False,False,False,True,False,False,False,False,False,False,2/14/2012 8:36:32 AM,KILSY2,0,278
1533,Kimball St,3,North Dorchester,12:00,16:00,Even,Dorchester Ave,Freeport St,0.132386363636364,,False,False,True,False,True,False,False,False,False,False,False,True,False,False,False,False,2/14/2012 8:36:32 AM,KIMBA1,0,699
1534,Lauriat St,7,South Dorchester,08:00,12:00,Even,Woodrow Ave,Callender St,0.065530303030303,,False,False,True,False,True,False,False,False,False,False,False,True,False,False,False,False,2/14/2012 8:36:32 AM,LAURI1,0,346
1535,Howes St,3,North Dorchester,12:00,16:00,Even,Dorchester Ave,Pleasant St,0.118371212121212,,False,False,True,False,True,False,False,False,False,False,False,True,False,False,False,False,2/14/2012 8:36:32 AM,HOWES1,0,625
1536,Kimball St,3,North Dorchester,12:00,16:00,Odd,Dorchester Ave,Freeport St,0.132386363636364,,False,True,False,True,False,False,False,False,False,False,False,True,False,False,False,False,2/14/2012 8:36:32 AM,KIMBA1,0,699
1537,Homes Ave,3,North Dorchester,08:00,12:00,Even,Topliff St,Mount Ida Rd,0.232765151515152,,False,False,True,False,True,False,False,False,False,False,True,False,False,False,False,False,2/14/2012 8:36:32 AM,HOMES1,956,2185
1538,Long Ave,4,Allston/Brighton,08:00,12:00,Odd,Commonwealth Ave,Price Rd,0.109280303030303,,False,True,False,True,False,False,False,False,False,False,True,False,False,False,False,False,2/14/2012 8:36:32 AM,LONG 1,0,577
1539,Long Ave,4,Allston/Brighton,08:00,12:00,Even,Commonwealth Ave,Price Rd,0.109280303030303,,False,False,True,False,True,False,False,False,False,False,True,False,False,False,False,False,2/14/2012 8:36:32 AM,LONG 1,0,577
1540,King St,10R,Roxbury,08:00,12:00,Even,Roxbury St,Malcolm X Blvd,0.08125,,False,False,True,False,True,False,False,False,False,True,False,False,False,False,False,False,2/29/2012 10:06:53 AM,KING 2,0,429
1541,Lexington St,9,East Boston,08:00,12:00,Even,Border St,East Eagle St,0.685606060606061,,False,True,False,True,False,False,False,False,True,False,False,False,False,False,False,False,5/29/2013 9:22:24 AM,LEXIN2,0,3620
1542,Lesher St,2,Jamaica Plain,12:00,16:00,Odd,Washington St,South St,7.40530303030303E-02,,False,True,False,True,False,False,False,False,False,False,True,False,False,False,False,False,2/14/2012 8:36:32 AM,LESHE1,0,391
1543,Homes Ave,3,North Dorchester,08:00,12:00,Odd,Topliff St,Mount Ida Rd,0.232765151515152,,False,True,False,True,False,False,False,False,False,False,True,False,False,False,False,False,2/14/2012 8:36:32 AM,HOMES1,956,2185
1544,Lithgow St,7,South Dorchester,08:00,12:00,Even,Washington St,Wainwright St,0.232386363636364,,False,False,True,False,True,False,False,False,False,True,False,False,False,False,False,False,2/14/2012 8:36:32 AM,LITHG1,0,1227
1545,Leston St,7,South Dorchester,12:00,16:00,Even,Morton St,Woolson St,0.151704545454545,,False,False,True,False,True,False,False,False,False,False,True,False,False,False,False,False,2/14/2012 8:36:32 AM,LESTO1,0,801
1546,Leston St,7,South Dorchester,12:00,16:00,Odd,Morton St,Woolson St,0.151704545454545,,False,True,False,True,False,False,False,False,False,False,True,False,False,False,False,False,2/14/2012 8:36:32 AM,LESTO1,0,801
1547,Lawrence Ave,3,North Dorchester,12:00,16:00,Odd,Blue Hill Ave,Magnolia St,0.326893939393939,,False,True,False,True,False,False,False,False,False,True,False,False,False,False,False,False,6/13/2013 3:54:04 PM,LAWRE1,0,1726
1548,Linwood St,10R,Roxbury,08:00,12:00,Even,Highland St,Centre St,0.147159090909091,,False,True,False,True,False,False,False,False,True,False,False,False,False,False,False,False,2/14/2012 8:36:32 AM,LINWO3,0,777
1549,King St,10R,Roxbury,08:00,12:00,Odd,Roxbury St,Malcolm X Blvd,0.08125,,False,True,False,True,False,False,False,False,False,True,False,False,False,False,False,False,2/29/2012 10:06:53 AM,KING 2,0,429
1550,Kingsboro Park,2,Jamaica Plain,08:00,12:00,Odd,Centre St,Dead End,0.101893939393939,,False,False,True,False,True,False,False,False,False,True,False,False,False,False,False,False,2/14/2012 8:36:32 AM,KINGS1,0,538
1551,Kingsboro Park,2,Jamaica Plain,08:00,12:00,Even,Centre St,Dead End,0.101893939393939,,False,True,False,True,False,False,False,False,False,True,False,False,False,False,False,False,2/14/2012 8:36:32 AM,KINGS1,0,538
1552,Kingsdale St,3,North Dorchester,12:00,16:00,Odd,Standish St,Wales St,0.239015151515152,,False,True,False,True,False,False,False,False,True,False,False,False,False,False,False,False,6/13/2013 4:10:10 PM,KINGS2,0,1262
1554,Kingsdale St,3,North Dorchester,12:00,16:00,Even,Standish St,Wales St,0.239015151515152,,False,False,True,False,True,False,False,False,True,False,False,False,False,False,False,False,6/13/2013 4:10:05 PM,KINGS2,0,1262
1555,Kingston St,1T,Chinatown,00:01,07:00,,Summer St,Edinboro St,0.203219696969697,,True,True,True,True,True,True,True,True,True,True,True,True,True,True,True,False,2/29/2012 10:06:53 AM,KINGS5,0,1073
1556,Hoffman St,2,Jamaica Plain,12:00,16:00,Even,Lamartine St,Chestnut Ave,4.41287878787879E-02,,False,False,True,False,True,False,False,False,True,False,False,False,False,False,False,False,10/15/2018 11:59:47 AM,HOFFM1,0,233
1557,Hoffman St,2,Jamaica Plain,12:00,16:00,Odd,Lamartine St,Chestnut Ave,4.41287878787879E-02,,False,True,False,True,False,False,False,False,True,False,False,False,False,False,False,False,10/15/2018 11:59:42 AM,HOFFM1,0,233
1558,Kinross Rd,4,Allston/Brighton,12:00,16:00,Even,Commonwealth Ave,Sutherland Rd,0.121022727272727,,False,False,True,False,True,False,False,False,False,True,False,False,False,False,False,False,2/14/2012 8:36:32 AM,KINRO1,0,639
1559,Kinross Rd,4,Allston/Brighton,12:00,16:00,Odd,Commonwealth Ave,Sutherland Rd,0.121022727272727,,False,True,False,True,False,False,False,False,False,True,False,False,False,False,False,False,2/14/2012 8:36:32 AM,KINRO1,0,639
1560,Howes St,3,North Dorchester,12:00,16:00,Odd,Dorchester Ave,Pleasant St,0.118371212121212,,False,True,False,True,False,False,False,False,False,False,False,True,False,False,False,False,2/14/2012 8:36:32 AM,HOWES1,0,625
1561,Kirkwood Rd,4,Allston/Brighton,08:00,12:00,Odd,Foster St,Chestnut Hill Ave,0.240151515151515,,False,True,False,True,False,False,False,False,False,False,False,True,False,False,False,False,2/14/2012 8:36:32 AM,KIRKW1,0,1268
1562,Holyoke St,1S,South End,12:00,16:00,Even,Columbus Ave,Carleton St,9.12878787878788E-02,,False,False,True,False,True,False,False,False,False,True,False,False,False,False,False,True,2/14/2012 8:36:32 AM,HOLYO1,0,482
1563,Kirkwood Rd,4,Allston/Brighton,08:00,12:00,Even,Foster St,Chestnut Hill Ave,0.240151515151515,,False,False,True,False,True,False,False,False,False,False,False,True,False,False,False,False,2/14/2012 8:36:32 AM,KIRKW1,0,1268
1564,Knapp St,1T,Chinatown,00:01,07:00,,Knapp St,Kneeland St,1.53409090909091E-02,,False,True,True,True,True,True,True,True,True,True,True,True,True,True,True,False,2/29/2012 10:06:53 AM,KNAPP1,0,81
1565,Leahaven Rd,7,South Dorchester,12:00,16:00,Even,River St,Meadowbank Ave,8.90151515151515E-02,,False,False,True,False,True,False,False,False,False,False,True,False,False,False,False,False,2/14/2012 8:36:32 AM,LEAHA1,0,470
1566,Holborn St,10R,Roxbury,08:00,12:00,Even,Warren St,Blue Hill Ave,0.233901515151515,,False,False,True,False,True,False,False,False,False,False,False,True,False,False,False,False,2/14/2012 8:36:32 AM,HOLBO1,0,1235
1567,Kneeland St,1T,Chinatown,00:01,07:00,,Washington St,Atlantic Ave,0.319507575757576,,False,True,True,True,True,True,True,True,True,True,True,True,True,True,True,False,2/29/2012 10:06:53 AM,KNEEL1,0,1687
1568,Lexington St,9,East Boston,08:00,12:00,Odd,Border St,East Eagle St,0.685606060606061,,False,False,True,False,True,False,False,False,True,False,False,False,False,False,False,False,2/14/2012 8:36:32 AM,LEXIN2,0,3620
1569,Lincoln St,1T,Chinatown,00:01,07:00,,Summer St,Kneeland St,0.252462121212121,,True,True,True,True,True,True,True,True,True,True,True,True,True,True,True,False,2/29/2012 10:06:53 AM,LINCO4,0,1333
1570,London St,9,East Boston,12:00,16:00,Even,George R. Visconti Rd,Bennington St,0.164962121212121,,False,False,True,False,True,False,False,False,False,True,False,False,False,False,False,False,2/14/2012 8:36:32 AM,LONDO1,1911,2782
1571,Howland St,10R,Roxbury,08:00,12:00,Even,Warren St,Elm Hill Ave,0.133901515151515,,False,False,True,False,True,False,False,False,False,False,False,True,False,False,False,False,2/14/2012 8:36:32 AM,HOWLA1,0,707
1572,Kneeland St,1T,Chinatown,13:00,17:00,Odd,Washington St,Atlantic Ave,0.319507575757576,,False,False,True,False,True,False,False,False,False,False,True,False,False,False,False,False,2/14/2012 8:36:32 AM,KNEEL1,0,1687
1573,L St,5,South Boston,13:00,17:00,Odd,East Broadway,Columbia Rd,0.421780303030303,,False,True,False,True,False,False,False,False,False,True,False,False,False,False,False,False,4/7/2017 9:01:45 AM,L ST 1,615,2842
1574,L St,5,South Boston,13:00,17:00,Even,East Broadway,Columbia Rd,0.421780303030303,,False,False,True,False,True,False,False,False,False,True,False,False,False,False,False,False,4/7/2017 9:01:55 AM,L ST 1,615,2842
1575,La Grange St,1T,Chinatown,00:01,07:00,,Washington St,Tremont St,9.86742424242424E-02,,True,True,True,True,True,True,True,True,True,True,True,True,True,True,True,False,2/29/2012 10:06:53 AM,LA GR2,0,521
1576,Lake Shore Rd,4,Allston/Brighton,08:00,12:00,Odd,Lake St,Kenrick St,0.572727272727273,,False,True,False,True,False,False,False,False,False,False,False,True,False,False,False,False,2/14/2012 8:36:32 AM,LAKE 2,0,3024
1577,Linden St,5,South Boston,13:00,17:00,Odd,East Fourth St,Thomas Park,6.95075757575758E-02,,False,True,False,True,False,False,False,False,False,False,True,False,False,False,False,False,2/14/2012 8:36:32 AM,LINDE4,0,367
1578,Howland St,10R,Roxbury,08:00,12:00,Odd,Warren St,Elm Hill Ave,0.133901515151515,,False,True,False,True,False,False,False,False,False,False,False,True,False,False,False,False,2/14/2012 8:36:32 AM,HOWLA1,0,707
1579,Lake Shore Rd,4,Allston/Brighton,08:00,12:00,Even,Lake St,Kenrick St,0.572727272727273,,False,False,True,False,True,False,False,False,False,False,False,True,False,False,False,False,2/14/2012 8:36:32 AM,LAKE 2,0,3024
1580,Lamartine St,2,Jamaica Plain,08:00,12:00,Odd,Mozart St,Boylston St,0.270265152,,False,True,True,True,True,True,False,False,True,False,False,False,False,False,False,False,9/24/2018 12:46:55 PM,LAMAR2,1427,2426
1581,Lamartine St,10M,Mission Hill,12:00,16:00,Odd,Centre St,Mozart St,0.270265151515152,,False,True,False,True,False,False,False,False,True,False,False,False,False,False,False,False,8/11/2020 10:10:36 AM,LAMAR2,0,1427
1582,Lambert Ave,10R,Roxbury,08:00,12:00,Even,Dudley St,Cedar St,0.291477272727273,,False,False,True,False,True,False,False,False,True,False,False,False,False,False,False,False,2/14/2012 8:36:32 AM,LAMBE1,0,1539
1583,Lambert Ave,10R,Roxbury,08:00,12:00,Odd,Dudley St,Cedar St,0.291477272727273,,False,True,False,True,False,False,False,False,True,False,False,False,False,False,False,False,2/14/2012 8:36:32 AM,LAMBE1,0,1539
1584,Lambert St,10R,Roxbury,08:00,12:00,Even,Highland St,Lambert Ave,0.129166666666667,,False,False,True,False,True,False,False,False,True,False,False,False,False,False,False,False,2/14/2012 8:36:32 AM,LAMBE2,0,682
1585,Lambert St,10R,Roxbury,08:00,12:00,Odd,Highland St,Lambert Ave,0.129166666666667,,False,True,False,True,False,False,False,False,True,False,False,False,False,False,False,False,2/14/2012 8:36:32 AM,LAMBE2,0,682
1586,Lamson St,9,East Boston,08:00,12:00,Even,Webster St,Maverick St,0.153977272727273,,False,False,True,False,True,False,False,False,False,False,True,False,False,False,False,False,2/14/2012 8:36:32 AM,LAMSO1,0,813
1587,Lamson St,9,East Boston,08:00,12:00,Odd,Webster St,Maverick St,0.153977272727273,,False,True,False,True,False,False,False,False,False,False,True,False,False,False,False,False,2/14/2012 8:36:32 AM,LAMSO1,0,813
1588,Linden St,4,Allston/Brighton,12:00,16:00,Even,Brighton Av,Reedsdale St,0.130871212121212,,False,False,True,False,True,False,False,False,False,False,True,False,False,False,False,False,2/14/2012 8:36:32 AM,LINDE1,1272,1963
1589,Lomasney Way,1W,West End,00:01,07:00,Even Side Median,Cotting St,Causeway St,8.88257575757576E-02,,False,True,True,True,True,True,True,True,True,True,True,True,True,True,True,False,2/14/2012 8:36:32 AM,LOMAS1,1129,1598
1590,Lanark Rd,4,Allston/Brighton,08:00,12:00,Even,Colliston Rd,Sutherland Rd,0.131628787878788,,False,False,True,False,True,False,False,False,False,True,False,False,False,False,False,False,2/14/2012 8:36:32 AM,LANAR1,308,1003
1591,Linden St,3,North Dorchester,08:00,12:00,Odd,Adams St,Juliette St,4.31818181818182E-02,,False,True,False,True,False,False,False,False,False,False,True,False,False,False,False,False,2/14/2012 8:36:32 AM,LINDE2,1094,1322
1592,Lanark Rd,4,Allston/Brighton,08:00,12:00,Odd,Colliston Rd,Sutherland Rd,0.131628787878788,,False,True,False,True,False,False,False,False,False,True,False,False,False,False,False,False,2/14/2012 8:36:32 AM,LANAR1,308,1003
1593,Leamington Rd,4,Allston/Brighton,08:00,12:00,Even,Commonwealth Ave,Wallingford Rd,0.166287878787879,,False,False,True,False,True,False,False,False,False,True,False,False,False,False,False,False,2/14/2012 8:36:32 AM,LEAMI1,0,878
1594,Lanark Rd,4,Allston/Brighton,12:00,16:00,Even,Sutherland Rd,Kinross Rd,8.76893939393939E-02,,False,False,True,False,True,False,False,False,False,True,False,False,False,False,False,False,2/14/2012 8:36:32 AM,LANAR1,1003,1466
1595,Linden St,4,Allston/Brighton,08:00,12:00,Even,Cambridge St,Brighton Av,0.240909090909091,,False,False,True,False,True,False,False,True,False,False,False,False,False,False,False,False,2/14/2012 8:36:32 AM,LINDE1,0,1272
1596,Lanark Rd,4,Allston/Brighton,12:00,16:00,Odd,Sutherland Rd,Kinross Rd,8.76893939393939E-02,,False,True,False,True,False,False,False,False,False,True,False,False,False,False,False,False,2/14/2012 8:36:32 AM,LANAR1,1003,1466
1597,Lancaster St,1W,West End,00:01,07:00,,Merrimac St,Causeway St,0.071969696969697,,True,True,True,True,True,True,True,True,True,True,True,True,True,True,True,False,2/29/2012 10:06:53 AM,LANCA1,0,380
1598,Landor Rd,7,South Dorchester,12:00,16:00,Even,Blue Hill Ave,Leston St,7.25378787878788E-02,,False,False,True,False,True,False,False,False,False,False,True,False,False,False,False,False,2/14/2012 8:36:32 AM,LANDO1,0,383
1599,Ledgebrook Rd,7,South Dorchester,12:00,16:00,Odd,River St,Meadowbank Ave,0.108333333333333,,False,True,False,True,False,False,False,False,False,False,True,False,False,False,False,False,2/14/2012 8:36:32 AM,LEDGE2,0,572
1600,Landor Rd,7,South Dorchester,12:00,16:00,Odd,Blue Hill Ave,Leston St,7.25378787878788E-02,,False,True,False,True,False,False,False,False,False,False,True,False,False,False,False,False,2/14/2012 8:36:32 AM,LANDO1,0,383
1601,Langford Park,10R,Roxbury,08:00,12:00,Even,Copeland St,Dead End,4.26136363636364E-02,,False,False,True,False,True,False,False,False,True,False,False,False,False,False,False,False,2/14/2012 8:36:32 AM,LANGF1,0,225
1602,Langford Park,10R,Roxbury,08:00,12:00,Odd,Copeland St,Dead End,4.26136363636364E-02,,False,True,False,True,False,False,False,False,True,False,False,False,False,False,False,False,2/14/2012 8:36:32 AM,LANGF1,0,225
1603,Lansdowne St,10F,Fenway/Kenmore,00:01,07:00,,Ipswich St,Brookline Ave,0.215719696969697,,True,True,True,True,True,True,True,True,True,True,True,True,True,True,True,False,2/29/2012 10:06:53 AM,LANSD1,0,1139
1604,Linden St,3,North Dorchester,08:00,12:00,Odd,Dorchester Ave,Adams St,0.146590909090909,,False,True,False,True,False,False,False,False,False,False,True,False,False,False,False,False,2/14/2012 8:36:32 AM,LINDE2,320,1094
1605,Larchmont St,3,North Dorchester,12:00,16:00,Odd,Waldeck St,Greenbrier St,0.20719696969697,,False,True,False,True,False,False,False,False,True,False,False,False,False,False,False,False,2/14/2012 8:36:32 AM,LARCH3,0,1094
1606,Larchmont St,3,North Dorchester,12:00,16:00,Even,Waldeck St,Greenbrier St,0.20719696969697,,False,False,True,False,True,False,False,False,True,False,False,False,False,False,False,False,2/14/2012 8:36:32 AM,LARCH3,0,1094
1607,Lark St,5,South Boston,13:00,17:00,Even,West Eighth St,West Ninth St,3.59848484848485E-02,,False,False,True,False,True,False,False,False,False,False,False,True,False,False,False,False,2/14/2012 8:36:32 AM,LARK 1,0,190
1608,Lark St,5,South Boston,13:00,17:00,Odd,West Eighth St,West Ninth St,3.59848484848485E-02,,False,True,False,True,False,False,False,False,False,False,False,True,False,False,False,False,2/14/2012 8:36:32 AM,LARK 1,0,190
1609,Laurel St,1C,Charlestown,12:00,16:00,Even,Cedar St,Monument Sq,2.67045454545455E-02,,False,False,True,False,True,False,False,False,False,True,False,False,False,False,False,False,2/14/2012 8:36:32 AM,LAURE1,0,141
1610,Garden St,1H,Beacon Hill,08:00,12:00,Odd,Cambridge St,Myrtle St,0.125,,False,True,False,True,False,True,False,True,False,False,False,False,False,False,False,True,3/31/2014 8:07:16 PM,GARDE2,0,660
1611,Gardner St,4,Allston/Brighton,08:00,12:00,Even,Harvard Ave,Babcock St,0.575568181818182,,False,False,True,False,True,False,False,True,False,False,False,False,False,False,False,False,2/14/2012 8:36:32 AM,GARDN1,0,3039
1612,Gardner St,4,Allston/Brighton,08:00,12:00,Odd,Harvard Ave,Babcock St,0.575568181818182,,False,True,False,True,False,False,False,True,False,False,False,False,False,False,False,False,2/14/2012 8:36:32 AM,GARDN1,0,3039
1613,Gardner St,10R,Roxbury,08:00,12:00,Even,Centre St,Roxbury St,6.79924242424242E-02,,False,False,True,False,True,False,False,False,True,False,False,False,False,False,False,False,2/14/2012 8:36:32 AM,GARDN3,0,359
1614,Gardner St,10R,Roxbury,08:00,12:00,Odd,Centre St,Roxbury St,6.79924242424242E-02,,False,True,False,True,False,False,False,False,True,False,False,False,False,False,False,False,2/14/2012 8:36:32 AM,GARDN3,0,359
1615,Garrison St,1B,Back Bay,08:00,12:00,Even,Huntington Ave,Dead End,8.03030303030303E-02,,False,False,True,False,True,False,False,False,False,False,False,True,False,False,False,False,2/14/2012 8:36:32 AM,GARRI1,0,424
1616,Garrison St,1B,Back Bay,08:00,12:00,Odd,Huntington Ave,Dead End,8.03030303030303E-02,,False,True,False,True,False,False,False,False,False,False,False,True,False,False,False,False,2/14/2012 8:36:32 AM,GARRI1,0,424
1617,Gaston St,10R,Roxbury,08:00,12:00,Even,Warren St,Blue Hill Ave,0.208522727272727,,False,False,True,False,True,False,False,False,False,False,False,True,False,False,False,False,2/14/2012 8:36:32 AM,GASTO1,0,1101
1618,Linden St,5,South Boston,13:00,17:00,Even,East Fourth St,Thomas Park,6.95075757575758E-02,,False,False,True,False,True,False,False,False,False,False,True,False,False,False,False,False,2/14/2012 8:36:32 AM,LINDE4,0,367
1619,Howland St,10R,Roxbury,12:00,16:00,Even,Elm Hill Ave,Harold St,0.350757575757576,,False,False,True,False,True,False,False,False,False,False,False,True,False,False,False,False,2/14/2012 8:36:32 AM,HOWLA1,707,2559
1620,Gaston St,10R,Roxbury,08:00,12:00,Odd,Warren St,Blue Hill Ave,0.208522727272727,,False,True,False,True,False,False,False,False,False,False,False,True,False,False,False,False,2/14/2012 8:36:32 AM,GASTO1,0,1101
1621,Howland St,10R,Roxbury,12:00,16:00,Odd,Elm Hill Ave,Harold St,0.350757575757576,,False,True,False,True,False,False,False,False,False,False,False,True,False,False,False,False,2/14/2012 8:36:32 AM,HOWLA1,707,2559
1622,Gates St,5,South Boston,13:00,17:00,Odd,Dorchester St,Telegraph St,8.63636363636364E-02,,False,True,False,True,False,False,False,False,False,False,True,False,False,False,False,False,3/31/2017 8:30:48 AM,GATES1,0,456
1623,Gates St,5,South Boston,13:00,17:00,Even,Dorchester St,Telegraph St,8.63636363636364E-02,,False,False,True,False,True,False,False,False,False,False,True,False,False,False,False,False,3/31/2017 8:30:42 AM,GATES1,0,456
1624,Gates St,5,South Boston,13:00,17:00,Odd,Telegraph St,East Eighth St,0.11875,,False,True,False,True,False,False,False,False,False,False,True,False,False,False,False,False,3/31/2017 8:30:34 AM,GATES1,456,1083
1625,Gates St,5,South Boston,13:00,17:00,Even,Telegraph St,East Eighth St,0.11875,,False,False,True,False,True,False,False,False,False,False,True,False,False,False,False,False,3/31/2017 8:30:27 AM,GATES1,456,1083
1626,Lawrence Ave,3,North Dorchester,12:00,16:00,Even,Blue Hill Ave,Magnolia St,0.326893939393939,,False,False,True,False,True,False,False,False,False,True,False,False,False,False,False,False,6/13/2013 3:53:57 PM,LAWRE1,0,1726
1627,Gay Head St,2,Jamaica Plain,12:00,16:00,Odd,Centre St,Minden St,0.174242424242424,,False,True,False,True,False,False,False,False,True,False,False,False,False,False,False,False,4/7/2015 3:40:47 PM,GAY H1,0,920
1628,Hollander St,10R,Roxbury,12:00,16:00,Odd,Holworthy St,Crawford St,0.172537878787879,,False,True,False,True,False,False,False,False,False,False,False,True,False,False,False,False,2/14/2012 8:36:32 AM,HOLLA1,0,911
1629,Gay Head St,2,Jamaica Plain,12:00,16:00,Even,Centre St,Minden St,0.174242424242424,,False,False,True,False,True,False,False,False,True,False,False,False,False,False,False,False,4/7/2015 3:40:57 PM,GAY H1,0,920
1630,Germania St,2,Jamaica Plain,08:00,12:00,Odd,Haverford St,Brookside Ave,7.10227272727273E-02,,False,True,False,True,False,False,False,True,False,False,False,False,False,False,False,False,2/14/2012 8:36:32 AM,GERMA1,0,375
1631,Lyon St,3,North Dorchester,08:00,12:00,Even,Dorchester Ave,Adams St,0.169128787878788,,False,False,True,False,True,False,False,False,False,False,True,False,False,False,False,False,2/14/2012 8:36:32 AM,LYON 1,0,893
1632,Lyon St,3,North Dorchester,08:00,12:00,Odd,Dorchester Ave,Adams St,0.169128787878788,,False,True,False,True,False,False,False,False,False,False,True,False,False,False,False,False,2/14/2012 8:36:32 AM,LYON 1,0,893
1633,M St,5,South Boston,09:00,13:00,Even,East Broadway,Columbia Rd,0.388636363636364,,False,False,True,False,True,False,False,False,False,True,False,False,False,False,False,False,2/14/2012 8:36:32 AM,M ST 1,917,2969
1634,M St,5,South Boston,09:00,13:00,Odd,East Broadway,Columbia Rd,0.388636363636364,,False,True,False,True,False,False,False,False,False,True,False,False,False,False,False,False,2/14/2012 8:36:32 AM,M ST 1,917,2969
1635,M St,5,South Boston,13:00,17:00,Odd,East First St,East Broadway,0.173674242424242,,False,False,True,False,True,False,False,False,False,False,False,True,False,False,False,False,2/14/2012 8:36:32 AM,M ST 1,0,917
1636,M St,5,South Boston,13:00,17:00,Even,East First St,East Broadway,0.173674242424242,,False,True,False,True,False,False,False,False,False,False,False,True,False,False,False,False,2/14/2012 8:36:32 AM,M ST 1,0,917
1637,M St,5,South Boston,09:00,13:00,Even,East First St,East Broadway,0.173674242424242,,False,False,True,False,True,False,False,False,False,False,False,True,False,False,False,False,3/31/2017 8:32:42 AM,M ST 1,0,917
1638,M St,5,South Boston,09:00,13:00,Odd,East First St,East Broadway,0.173674242424242,,False,True,False,True,False,False,False,False,False,False,False,True,False,False,False,False,3/31/2017 8:32:32 AM,M ST 1,0,917
1639,Madeline St,4,Allston/Brighton,12:00,16:00,Even,Harriet St,Faneuil St,0.135227272727273,,False,False,True,False,True,False,False,False,True,False,False,False,False,False,False,False,2/14/2012 8:36:32 AM,MADEL1,0,714
1640,Madeline St,4,Allston/Brighton,12:00,16:00,Odd,Harriet St,Faneuil St,0.135227272727273,,False,True,False,True,False,False,False,False,True,False,False,False,False,False,False,False,2/14/2012 8:36:32 AM,MADEL1,0,714
1641,Madison Park Ct,10R,Roxbury,08:00,12:00,Even,Shawmut Ave,Dewitt Dr,0.116666666666667,,False,False,True,False,True,False,False,False,False,True,False,False,False,False,False,False,2/29/2012 10:06:53 AM,MADIS1,0,616
1642,Madison Park Ct,10R,Roxbury,08:00,12:00,Odd,Shawmut Ave,Dewitt Dr,0.116666666666667,,False,True,False,True,False,False,False,False,False,True,False,False,False,False,False,False,2/29/2012 10:06:53 AM,MADIS1,0,616
1643,Magnolia St,3,North Dorchester,12:00,16:00,Even,Quincy St,Intervale St,0.20530303030303,,False,False,True,False,True,False,False,False,False,True,False,False,False,False,False,False,6/13/2013 3:51:11 PM,MAGNO2,2633,3717
1644,Magnolia St,3,North Dorchester,12:00,16:00,Odd,Quincy St,Intervale St,0.20530303030303,,False,True,False,True,False,False,False,False,False,True,False,False,False,False,False,False,6/13/2013 3:51:04 PM,MAGNO2,2633,3717
1645,Mahler Rd,2,Jamaica Plain,12:00,16:00,Even,Washington St,Dead End,8.84469696969697E-02,,False,False,True,False,True,False,False,False,False,False,True,False,False,False,False,False,2/14/2012 8:36:32 AM,MAHLE1,0,467
1646,Mahler Rd,2,Jamaica Plain,12:00,16:00,Odd,Washington St,Dead End,8.84469696969697E-02,,False,True,False,True,False,False,False,False,False,False,True,False,False,False,False,False,2/14/2012 8:36:32 AM,MAHLE1,0,467
1647,Main St,1C,Charlestown,00:01,07:00,,Warren St,Sullivan Square,0.76875,,False,True,True,True,True,True,True,True,True,True,True,True,True,True,True,False,2/29/2012 10:06:53 AM,MAIN 2,1440,5499
1648,Main St,1C,Charlestown,08:00,12:00,Even,Austin St,Medford St,0.677272727272727,,False,True,True,True,True,True,False,False,False,False,True,False,False,False,False,False,2/14/2012 8:36:32 AM,MAIN 2,1474,5050
1649,Main St,1C,Charlestown,08:00,12:00,Odd,Austin St,Medford St,0.677272727272727,,False,True,True,True,True,True,False,False,False,False,False,True,False,False,False,False,2/14/2012 8:36:32 AM,MAIN 2,1474,5050
1650,Malbert Rd,4,Allston/Brighton,08:00,12:00,Even,Washington St,Dead End,0.106818181818182,,False,False,True,False,True,False,False,False,True,False,False,False,False,False,False,False,2/14/2012 8:36:32 AM,MALBE1,0,564
1651,Malbert Rd,4,Allston/Brighton,08:00,12:00,Odd,Washington St,Dead End,0.106818181818182,,False,True,False,True,False,False,False,False,True,False,False,False,False,False,False,False,2/14/2012 8:36:32 AM,MALBE1,0,564
1652,Malcolm X Blvd,10R,Roxbury,08:00,12:00,Even,Tremont St,Roxbury St,0.326136363636364,,False,False,True,False,True,False,False,False,False,True,False,False,False,False,False,False,2/29/2012 10:06:53 AM,MALCO2,0,1722
1653,Malcolm X Blvd,10R,Roxbury,08:00,12:00,Odd,Tremont St,Roxbury St,0.326136363636364,,False,True,False,True,False,False,False,False,False,True,False,False,False,False,False,False,2/29/2012 10:06:53 AM,MALCO2,0,1722
1654,Malden St,1S,South End,12:00,16:00,Odd,Harrison Ave,Albany St,0.172348484848485,,False,True,False,True,False,True,False,False,False,False,True,False,False,False,False,True,3/10/2023 10:33:29 AM,MALDE1,0,910
1655,Malden St,1S,South End,12:00,16:00,Even,Harrison Ave,Albany St,0.172348484848485,,False,False,True,False,True,False,False,False,False,False,True,False,False,False,False,True,3/10/2023 10:33:23 AM,MALDE1,0,910
1656,Mallard Ave,7,South Dorchester,08:00,12:00,Even,Millet St,New England Ave,0.101893939393939,,False,False,True,False,True,False,False,False,False,False,False,True,False,False,False,False,2/14/2012 8:36:32 AM,MALLA1,0,538
1657,Mallard Ave,7,South Dorchester,08:00,12:00,Odd,Millet St,New England Ave,0.101893939393939,,False,True,False,True,False,False,False,False,False,False,False,True,False,False,False,False,2/14/2012 8:36:32 AM,MALLA1,0,538
1658,Mallet St,7,South Dorchester,08:00,12:00,Odd,Adams St,Florida St,0.144886363636364,,False,True,False,True,False,False,False,True,False,False,False,False,False,False,False,False,2/14/2012 8:36:32 AM,MALLE1,0,765
1659,Mallet St,7,South Dorchester,08:00,12:00,Even,Adams St,Florida St,0.144886363636364,,False,False,True,False,True,False,False,True,False,False,False,False,False,False,False,False,2/14/2012 8:36:32 AM,MALLE1,0,765
1660,Mallon Rd,3,North Dorchester,12:00,16:00,Odd,Rosseter St,Bowdoin Ave,0.135606060606061,,False,True,False,True,False,False,False,False,False,True,False,False,False,False,False,False,4/4/2014 12:43:20 PM,MALLO1,0,716
1661,Mallon Rd,3,North Dorchester,12:00,16:00,Even,Rosseter St,Bowdoin Ave,0.135606060606061,,False,False,True,False,True,False,False,False,False,True,False,False,False,False,False,False,4/4/2014 12:43:15 PM,MALLO1,0,716
1662,Malvern St,4,Allston/Brighton,08:00,12:00,Even,Ashford St,Brighton Av,0.143939393939394,,False,False,True,False,True,False,False,True,False,False,False,False,False,False,False,False,2/14/2012 8:36:32 AM,MALVE1,0,760
1663,Parsons St,4,Allston/Brighton,12:00,16:00,Odd,Washington St,Faneuil St,0.480871212121212,,False,True,False,True,False,False,False,False,True,False,False,False,False,False,False,False,2/14/2012 8:36:32 AM,PARSO1,0,2539
1664,Malvern St,4,Allston/Brighton,08:00,12:00,Odd,Ashford St,Brighton Av,0.143939393939394,,False,True,False,True,False,False,False,True,False,False,False,False,False,False,False,False,2/14/2012 8:36:32 AM,MALVE1,0,760
1665,Mamelon Cir,7,South Dorchester,12:00,16:00,Even,River St,River St,0.175568181818182,,False,False,True,False,True,False,False,False,False,False,True,False,False,False,False,False,2/14/2012 8:36:32 AM,MAMEL1,0,927
1666,Mamelon Cir,7,South Dorchester,12:00,16:00,Odd,River St,River St,0.175568181818182,,False,True,False,True,False,False,False,False,False,False,True,False,False,False,False,False,2/14/2012 8:36:32 AM,MAMEL1,0,927
1667,Manchester St,7,South Dorchester,12:00,16:00,Even,Temple St,Dead End,0.198674242424242,,False,False,True,False,True,False,False,False,False,False,True,False,False,False,False,False,2/14/2012 8:36:32 AM,MANCH1,0,1049
1668,Manchester St,7,South Dorchester,12:00,16:00,Odd,Temple St,Dead End,0.198674242424242,,False,True,False,True,False,False,False,False,False,False,True,False,False,False,False,False,2/14/2012 8:36:32 AM,MANCH1,0,1049
1669,Manton Ter,4,Allston/Brighton,12:00,16:00,Even,Brainerd Rd,Brookline Town Line,2.23484848484849E-02,,False,False,True,False,True,False,False,False,False,False,True,False,False,False,False,False,2/14/2012 8:36:32 AM,MANTO1,0,118
1670,Manton Ter,4,Allston/Brighton,12:00,16:00,Odd,Brainerd Rd,Brookline Town Line,2.23484848484849E-02,,False,True,False,True,False,False,False,False,False,False,True,False,False,False,False,False,2/14/2012 8:36:32 AM,MANTO1,0,118
1671,Maple St,1T,Chinatown,00:01,07:00,,Pine St,Oak St,0.102651515151515,,False,True,True,True,True,True,True,True,True,True,True,True,True,True,True,False,2/29/2012 10:06:53 AM,MAPLE1,872,1414
1672,Marbury Ter,2,Jamaica Plain,12:00,16:00,Odd,Amory St,Dead End,7.10227272727273E-02,,False,False,True,False,True,False,False,True,False,False,False,False,False,False,False,False,9/8/2023 3:51:48 PM,MARBU1,0,375
1673,Marbury Ter,2,Jamaica Plain,12:00,16:00,Even,Amory St,Dead End,7.10227272727273E-02,,False,True,False,True,False,False,False,True,False,False,False,False,False,False,False,False,9/8/2023 3:51:41 PM,MARBU1,0,375
1674,Playstead Rd,3,North Dorchester,12:00,16:00,Even,Savin Hill Ave,Springdale St,6.74242424242424E-02,,False,False,True,False,True,False,False,True,False,False,False,False,False,False,False,False,5/12/2014 8:20:14 AM,PLAYS1,0,356
1675,Prescott St,9,East Boston,12:00,16:00,Odd,Princeton St,Chelsea St,0.117424,,False,False,True,False,True,False,False,False,False,True,False,False,False,False,False,False,4/7/2015 3:32:27 PM,PRESC3,682,1302
1676,Pontiac St,10M,Mission Hill,12:00,16:00,Odd,Tremont St,Hillside St,0.184659090909091,,False,True,False,True,False,False,False,False,False,True,False,False,False,False,False,False,7/6/2016 2:34:21 PM,PONTI1,0,975
1677,Marden Ave,7,South Dorchester,08:00,12:00,Even,Willowwood St,Dead End,5.35984848484848E-02,,False,False,True,False,True,False,False,False,False,True,False,False,False,False,False,False,2/14/2012 8:36:32 AM,MARDE1,0,283
1678,Marden Ave,7,South Dorchester,08:00,12:00,Odd,Willowwood St,Dead End,5.35984848484848E-02,,False,True,False,True,False,False,False,False,False,True,False,False,False,False,False,False,2/14/2012 8:36:32 AM,MARDE1,0,283
1679,Marginal St,9,East Boston,08:00,12:00,Odd,Orleans St,Jeffries St,0.498863636363636,,False,True,False,True,False,False,False,False,False,False,True,False,False,False,False,False,2/14/2012 8:36:32 AM,MARGI2,0,2634
1680,Marginal St,9,East Boston,08:00,12:00,Even,Orleans St,Jeffries St,0.498863636363636,,False,False,True,False,True,False,False,False,False,False,True,False,False,False,False,False,2/14/2012 8:36:32 AM,MARGI2,0,2634
1681,Marginal St,9,East Boston,08:00,12:00,Even,Orleans St,Dead End,0.593560606060606,,False,False,True,False,True,False,False,False,False,False,True,False,False,False,False,False,2/14/2012 8:36:32 AM,MARGI2,0,3134
1682,Marginal St,9,East Boston,12:00,16:00,Odd,Orleans St,Dead End,0.593560606060606,,False,True,False,True,False,False,False,False,False,False,True,False,False,False,False,False,2/14/2012 8:36:32 AM,MARGI2,0,3134
1683,Marginal Rd,1T,Chinatown,00:01,07:00,,Harrison Ave,Arlington St,0.327462121212121,,True,True,True,True,True,True,True,True,True,True,True,True,True,True,True,False,2/29/2012 10:06:53 AM,MARGI4,0,1729
1684,Marginal St,9,East Boston,08:00,12:00,Even,Lewis St,South Bremen St,5.18939393939394E-02,,False,False,True,False,True,False,False,False,False,False,True,False,False,False,False,False,2/14/2012 8:36:32 AM,MARGI5,0,274
1685,Marginal St,9,East Boston,12:00,16:00,Odd,Lewis St,South Bremen St,5.18939393939394E-02,,False,True,False,True,False,False,False,False,False,False,True,False,False,False,False,False,2/14/2012 8:36:32 AM,MARGI5,0,274
1686,Marie St,3,North Dorchester,08:00,12:00,Odd,Mount Ida Rd,Percival St,6.36363636363636E-02,,False,True,False,True,False,False,False,False,False,False,True,False,False,False,False,False,2/14/2012 8:36:32 AM,MARIE1,0,336
1687,Marie St,3,North Dorchester,08:00,12:00,Even,Mount Ida Rd,Percival St,6.36363636363636E-02,,False,False,True,False,True,False,False,False,False,False,True,False,False,False,False,False,2/14/2012 8:36:32 AM,MARIE1,0,336
1688,Marine Rd,5,South Boston,09:00,13:00,Even,L St,Columbia Rd,0.191477272727273,,False,False,True,False,True,False,False,False,False,True,False,False,False,False,False,False,2/14/2012 8:36:32 AM,MARIN1,1238,2249
1689,New England Ave,7,South Dorchester,08:00,12:00,Even,Talbot Ave,Norfolk St,0.273674242424242,,False,False,True,False,True,False,False,False,False,False,False,True,False,False,False,False,2/14/2012 8:36:32 AM,NEW E1,0,1445
1690,Marine Rd,5,South Boston,09:00,13:00,Even,Columbia Rd,K St,0.129924242424242,,False,False,True,False,True,False,False,False,False,False,True,False,False,False,False,False,2/14/2012 8:36:32 AM,MARIN1,0,686
1691,Marine Rd,5,South Boston,09:00,13:00,Odd,L St,Columbia Rd,0.191477272727273,,False,True,False,True,False,False,False,False,False,True,False,False,False,False,False,False,2/14/2012 8:36:32 AM,MARIN1,1238,2249
1692,Marine Rd,5,South Boston,09:00,13:00,Odd,Columbia Rd,K St,0.129924242424242,,False,True,False,True,False,False,False,False,False,False,True,False,False,False,False,False,2/14/2012 8:36:32 AM,MARIN1,0,686
1693,Marion St,9,East Boston,12:00,16:00,Odd,Princeton St,Chelsea St,0.25719696969,,False,False,True,False,True,False,False,False,False,True,False,False,False,False,False,False,4/7/2015 3:24:20 PM,MARIO2,1516,2874
1694,Marion St,9,East Boston,12:00,16:00,Even,Princeton St,Chelsea St,0.25719696969,,False,True,False,True,False,False,False,False,False,True,False,False,False,False,False,False,4/7/2015 3:24:02 PM,MARIO2,1516,2874
1695,Marion St,9,East Boston,12:00,16:00,Odd,Meridian St,Princeton St,0.287121212121212,,False,False,True,False,True,False,False,False,True,False,False,False,False,False,False,False,2/14/2012 8:36:32 AM,MARIO2,0,1516
1696,Marion St,9,East Boston,12:00,16:00,Even,Meridian St,Princeton St,0.287121212121212,,False,True,False,True,False,False,False,False,True,False,False,False,False,False,False,False,2/14/2012 8:36:32 AM,MARIO2,0,1516
1697,Market St,4,Allston/Brighton,08:00,12:00,Even,North Beacon St,Washington St,0.538825757575758,,False,False,True,False,True,False,False,False,False,False,True,False,False,False,False,False,2/14/2012 8:36:32 AM,MARKE1,1081,3926
1698,Market St,4,Allston/Brighton,08:00,12:00,Even,North Beacon St,Henshaw St,0.46,,False,False,True,False,True,False,False,False,False,True,False,False,False,False,False,False,2/14/2012 8:36:32 AM,MARKE1,1081,3546
1699,Market St,4,Allston/Brighton,08:00,12:00,Odd,North Beacon St,Henshaw St,0.382007575757576,,False,True,False,True,False,False,False,False,False,False,True,False,False,False,False,False,2/14/2012 8:36:32 AM,MARKE1,1081,3546
1700,Market St,4,Allston/Brighton,08:00,12:00,Odd,North Beacon St,Washington St,0.538825757575758,,False,True,False,True,False,False,False,False,True,False,False,False,False,False,False,False,2/14/2012 8:36:32 AM,MARKE1,1081,3926
1701,Marlborough St,1B,Back Bay,08:00,12:00,Even,Arlington St,Massachusetts Ave,0.928409090909091,,False,False,True,False,True,False,False,True,False,False,False,False,False,False,False,False,2/14/2012 8:36:32 AM,MARLB1,0,4902
1702,Marlborough St,1B,Back Bay,08:00,12:00,Odd,Arlington St,Massachusetts Ave,0.928409090909091,,False,True,False,True,False,False,False,True,False,False,False,False,False,False,False,False,2/14/2012 8:36:32 AM,MARLB1,0,4902
1703,Marmion St,2,Jamaica Plain,08:00,12:00,Even,Cornwall St,Germania St,0.166666666666667,,False,False,True,False,True,False,False,True,False,False,False,False,False,False,False,False,2/14/2012 8:36:32 AM,MARMI1,0,880
1704,Marmion St,2,Jamaica Plain,08:00,12:00,Odd,Cornwall St,Germania St,0.166666666666667,,False,True,False,True,False,False,False,True,False,False,False,False,False,False,False,False,2/14/2012 8:36:32 AM,MARMI1,0,880
1705,Martha Rd,1W,West End,00:01,07:00,,Charles St,Lomasney Way,0.170833333333333,,False,True,True,True,True,True,True,True,True,True,True,True,True,True,True,False,2/29/2012 10:06:53 AM,MARTH1,0,902
1706,Martin Luther King Blvd,10R,Roxbury,05:00,07:00,Odd,Washington St,Warren St,0.570075757575758,,False,True,True,True,True,True,False,False,False,True,False,False,False,False,False,False,2/14/2012 8:36:32 AM,MARTI1,0,3010
1707,Marvin St,10R,Roxbury,12:00,16:00,Odd,Washington St,Shawmut Ave,5.81439393939394E-02,,False,True,False,True,False,False,False,False,False,True,False,False,False,False,False,False,2/29/2012 10:06:53 AM,MARVI1,0,307
1708,Pontiac St,10M,Mission Hill,12:00,16:00,Even,Tremont St,Hillside St,0.184659090909091,,False,False,True,False,True,False,False,False,False,True,False,False,False,False,False,False,7/6/2016 2:34:29 PM,PONTI1,0,975
1709,Marvin St,10R,Roxbury,12:00,16:00,Even,Washington St,Shawmut Ave,5.81439393939394E-02,,False,False,True,False,True,False,False,False,False,True,False,False,False,False,False,False,2/29/2012 10:06:53 AM,MARVI1,0,307
1710,Maryknoll St,7,South Dorchester,12:00,16:00,Odd,Morton St,Manchester St,0.259090909090909,,False,False,True,False,True,False,False,False,False,False,True,False,False,False,False,False,2/14/2012 8:36:32 AM,MARYK1,0,1368
1711,Maryknoll St,7,South Dorchester,12:00,16:00,Even,Morton St,Manchester St,0.259090909090909,,False,True,False,True,False,False,False,False,False,False,True,False,False,False,False,False,2/14/2012 8:36:32 AM,MARYK1,0,1368
1712,Maryknoll Ter,7,South Dorchester,12:00,16:00,Even,Maryknoll St,Dead End,0.046969696969697,,False,False,True,False,True,False,False,False,False,False,True,False,False,False,False,False,2/14/2012 8:36:32 AM,MARYK2,0,248
1713,Maryknoll Ter,7,South Dorchester,12:00,16:00,Odd,Maryknoll St,Dead End,0.046969696969697,,False,True,False,True,False,False,False,False,False,False,True,False,False,False,False,False,2/14/2012 8:36:32 AM,MARYK2,0,248
1714,Maryland St,3,North Dorchester,08:00,12:00,Even,Savin Hill Ave,Bay St,9.96212121212121E-02,,False,False,True,False,True,False,False,True,False,False,False,False,False,False,False,False,6/13/2013 4:23:08 PM,MARYL1,0,526
1715,Maryland St,3,North Dorchester,08:00,12:00,Odd,Savin Hill Ave,Bay St,9.96212121212121E-02,,False,True,False,True,False,False,False,True,False,False,False,False,False,False,False,False,6/13/2013 4:23:02 PM,MARYL1,0,526
1716,Mascoma St,3,North Dorchester,12:00,16:00,Odd,Quincy St,Lawrence Ave,0.118939393939394,,False,True,False,True,False,False,False,False,False,True,False,False,False,False,False,False,6/13/2013 3:52:16 PM,MASCO1,0,628
1717,Mascoma St,3,North Dorchester,12:00,16:00,Even,Quincy St,Lawrence Ave,0.118939393939394,,False,False,True,False,True,False,False,False,False,True,False,False,False,False,False,False,6/13/2013 3:52:09 PM,MASCO1,0,628
1718,Mascot St,7,South Dorchester,08:00,12:00,Even,Mountain Ave,Ballou Ave,0.224242424242424,,False,False,True,False,True,False,False,False,True,False,False,False,False,False,False,False,9/9/2020 9:32:49 AM,MASCO2,0,1184
1719,Mascot St,7,South Dorchester,08:00,12:00,Odd,Mountain Ave,Ballou Ave,0.224242424242424,,False,True,False,True,False,False,False,False,True,False,False,False,False,False,False,False,9/9/2020 9:32:44 AM,MASCO2,0,1184
1720,Neponset Ave,7,South Dorchester,00:01,07:00,,Parkman St,Freeport St,0.653787878787879,,True,True,True,True,True,True,False,False,False,True,False,False,False,False,True,False,2/29/2012 10:06:53 AM,NEPON1,248,3700
1721,Neponset Ave,7,South Dorchester,00:01,07:00,,Parkman St,Freeport St,0.653787878787879,,True,True,True,True,True,True,False,False,True,False,False,False,False,False,True,False,2/29/2012 10:06:53 AM,NEPON1,248,3700
1722,Mason St,1T,Chinatown,00:01,07:00,,West St,Avery St,0.121401515151515,,True,True,True,True,True,True,True,True,True,True,True,True,True,True,True,False,2/29/2012 10:06:53 AM,MASON2,0,641
1723,Massachusetts Ave,M,Multiple,00:01,07:00,Even,St Botolph St,Allstate Rd,1.55416666666667,,True,True,True,True,True,True,True,True,True,True,True,True,True,True,True,False,2/29/2012 10:06:53 AM,MASSA3,3737,11943
1724,Massachusetts Ave,M,Multiple,00:01,07:00,Odd,Back St,Columbia Rd,2.61003787878788,,True,True,True,True,True,True,False,False,False,False,False,True,False,False,True,False,2/29/2012 10:06:53 AM,MASSA3,0,13781
1725,Massachusetts Ave,M,Multiple,00:01,07:00,Even Side Median,Melnea Cass Blvd,Allstate Rd,0.658143939393939,,True,True,True,True,True,True,True,True,True,True,True,True,True,True,True,False,2/29/2012 10:06:53 AM,MASSA3,8468,11943
1726,Massachusetts Ave,M,Multiple,00:01,07:00,Odd Side Median,Proctor St,Columbia Rd,0.577840909090909,,True,True,True,True,True,True,True,True,True,True,True,True,True,True,True,False,2/29/2012 10:06:53 AM,MASSA3,10730,13781
1727,Mather St,7,South Dorchester,12:00,16:00,Even,Dorchester Ave,Lyndhurst St,0.298863636363636,,False,False,True,False,True,False,False,False,False,True,False,False,False,False,False,False,2/14/2012 8:36:32 AM,MATHE1,0,1578
1728,Mather St,7,South Dorchester,12:00,16:00,Odd,Dorchester Ave,Lyndhurst St,0.298863636363636,,False,True,False,True,False,False,False,False,False,True,False,False,False,False,False,False,2/14/2012 8:36:32 AM,MATHE1,0,1578
1729,Mattapan St,7,South Dorchester,08:00,12:00,Even,Blue Hill Ave,Almont St,0.354545454545455,,False,False,True,False,True,False,False,False,True,False,False,False,False,False,False,False,2/14/2012 8:36:32 AM,MATTA2,0,1872
1730,Mattapan St,7,South Dorchester,08:00,12:00,Odd,Blue Hill Ave,Almont St,0.354545454545455,,False,True,False,True,False,False,False,False,True,False,False,False,False,False,False,False,2/14/2012 8:36:32 AM,MATTA2,0,1872
1731,Matthews St,1F,Downtown,00:01,07:00,,Federal St,Congress St,7.85984848484848E-02,,False,True,True,True,True,True,True,True,True,True,True,True,True,True,True,False,2/29/2012 10:06:53 AM,MATTH1,0,415
1733,Maverick St,9,East Boston,08:00,12:00,Even,Chelsea St,Jeffries St,0.580113636363636,,False,True,True,True,True,True,False,False,False,False,True,False,False,False,False,False,2/14/2012 8:36:32 AM,MAVER1,1350,4413
1734,Maverick St,9,East Boston,08:00,12:00,Odd,New St,Jeffries St,0.835795455,,False,True,True,True,True,True,False,False,False,False,False,True,False,False,False,False,4/1/2016 12:43:27 PM,MAVER1,0,4413
1735,Maverick St,9,East Boston,08:00,12:00,Even,New St,Meridian St,0.236363636363636,,False,True,True,True,True,True,False,False,False,True,False,False,False,False,False,False,2/14/2012 8:36:32 AM,MAVER1,0,1248
1736,Maybury St,10R,Roxbury,08:00,12:00,Even,Quincy St,Holborn St,6.74242424242424E-02,,False,True,False,True,False,False,False,False,False,False,False,True,False,False,False,False,9/14/2020 12:03:32 PM,MAYBU1,0,356
1737,Maybury St,10R,Roxbury,08:00,12:00,Odd,Quincy St,Holborn St,6.74242424242424E-02,,False,False,True,False,True,False,False,False,False,False,False,True,False,False,False,False,9/14/2020 12:03:42 PM,MAYBU1,0,356
1738,Prescott St,9,East Boston,12:00,16:00,Even,Princeton St,Chelsea St,0.117424,,False,True,False,True,False,False,False,False,False,True,False,False,False,False,False,False,4/7/2015 3:31:53 PM,PRESC3,682,1320
1739,Porter St,2,Jamaica Plain,08:00,12:00,Even,Amory St,Bismarck St,8.50378787878788E-02,,False,False,True,False,True,False,False,True,False,False,False,False,False,False,False,False,2/14/2012 8:36:32 AM,PORTE1,0,449
1740,Porter St,2,Jamaica Plain,08:00,12:00,Odd,Amory St,Bismarck St,8.50378787878788E-02,,False,True,False,True,False,False,False,True,False,False,False,False,False,False,False,False,2/14/2012 8:36:32 AM,PORTE1,0,449
1741,Mayfield St,3,North Dorchester,12:00,16:00,Even,Dorchester Ave,Bakersfield St,0.22405303030303,,False,False,True,False,True,False,False,False,False,False,False,True,False,False,False,False,2/14/2012 8:36:32 AM,MAYFI1,0,1183
1742,Mayfield St,3,North Dorchester,12:00,16:00,Odd,Dorchester Ave,Bakersfield St,0.22405303030303,,False,True,False,True,False,False,False,False,False,False,False,True,False,False,False,False,2/14/2012 8:36:32 AM,MAYFI1,0,1183
1743,McKinley Sq,1F,Downtown,00:01,07:00,,State St,Central St,3.69318181818182E-02,,False,True,True,True,True,True,True,True,True,True,True,True,True,True,True,False,2/29/2012 10:06:53 AM,MCKIN1,0,195
1744,Mead St,1C,Charlestown,08:00,12:00,Even,Mead St,Bunker Hill St,0.046969696969697,,False,True,False,True,False,False,False,False,False,False,True,False,False,False,False,False,2/14/2012 8:36:32 AM,MEAD 1,0,248
1745,Mead St,1C,Charlestown,08:00,12:00,Odd,Mead St,Bunker Hill St,0.046969696969697,,False,True,False,True,False,False,False,False,False,False,True,False,False,False,False,False,2/14/2012 8:36:32 AM,MEAD 1,0,248
1746,Mead St,1C,Charlestown,12:00,16:00,Even,Main St,Russell St,9.73484848484849E-02,,False,False,True,False,True,False,False,False,False,False,False,True,False,False,False,False,2/14/2012 8:36:32 AM,MEAD 2,0,514
1747,Mead St,1C,Charlestown,12:00,16:00,Odd,Main St,Russell St,9.73484848484849E-02,,False,True,False,True,False,False,False,False,False,False,False,True,False,False,False,False,2/14/2012 8:36:32 AM,MEAD 2,0,514
1748,Meadowbank Ave,7,South Dorchester,12:00,16:00,Odd,River St,Dead End,0.196590909090909,,False,True,False,True,False,False,False,False,False,False,True,False,False,False,False,False,2/14/2012 8:36:32 AM,MEADO1,0,1038
1749,Meadowbank Ave,7,South Dorchester,12:00,16:00,Even,River St,Dead End,0.196590909090909,,False,False,True,False,True,False,False,False,False,False,True,False,False,False,False,False,2/14/2012 8:36:32 AM,MEADO1,0,1038
1750,Medfield St,10F,Fenway/Kenmore,12:00,16:00,Even,Park Dr,Brookline Town Line,0.133333333333333,,False,False,True,False,True,False,False,False,False,True,False,False,False,False,False,False,2/14/2012 8:36:32 AM,MEDFI1,0,704
1751,Medfield St,10F,Fenway/Kenmore,12:00,16:00,Odd,Park Dr,Brookline Town Line,0.133333333333333,,False,True,False,True,False,False,False,False,False,True,False,False,False,False,False,False,2/14/2012 8:36:32 AM,MEDFI1,0,704
1752,Medford St,1C,Charlestown,08:00,12:00,Even,Chelsea St,Main St,1.0592803030303,,False,True,False,True,False,False,False,False,False,False,True,False,False,False,False,False,8/11/2016 12:12:37 PM,MEDFO1,0,5593
1753,Medford St,1C,Charlestown,08:00,12:00,Odd,Chelsea St,Main St,1.0592803030303,,False,False,True,False,True,False,False,False,False,False,True,False,False,False,False,False,8/11/2016 12:12:28 PM,MEDFO1,0,5593
1754,Medford St,1W,West End,00:01,07:00,,North Washington St,Causeway St,8.93939393939394E-02,,False,True,True,True,True,True,True,True,True,True,True,True,True,True,True,False,2/29/2012 10:06:53 AM,MEDFO2,0,472
1755,Melton Rd,4,Allston/Brighton,08:00,12:00,Odd,Wallingford Rd,Nottinghill Rd,0.104545454545455,,False,True,False,True,False,False,False,False,False,True,False,False,False,False,False,False,2/14/2012 8:36:32 AM,MELTO1,0,552
1756,Melton Rd,4,Allston/Brighton,08:00,12:00,Even,Wallingford Rd,Nottinghill Rd,0.104545454545455,,False,False,True,False,True,False,False,False,False,True,False,False,False,False,False,False,2/14/2012 8:36:32 AM,MELTO1,0,552
1757,Melville Ave,7,South Dorchester,08:00,12:00,Odd,Washington St,Dorchester Ave,0.572348484848485,,False,True,False,True,False,False,False,False,False,True,False,False,False,False,False,False,2/14/2012 8:36:32 AM,MELVI1,0,3022
1758,Melville Ave,7,South Dorchester,12:00,16:00,Even,Washington St,Dorchester Ave,0.572348484848485,,False,False,True,False,True,False,False,False,False,True,False,False,False,False,False,False,2/14/2012 8:36:32 AM,MELVI1,0,3022
1759,Melvinside Ter,3,North Dorchester,08:00,12:00,Even,Dorchester Ave,Deer St,4.33712121212121E-02,,False,False,True,False,True,False,False,False,False,False,False,True,False,False,False,False,2/14/2012 8:36:32 AM,MELVI3,0,229
1760,Melvinside Ter,3,North Dorchester,12:00,16:00,Odd,Dorchester Ave,Deer St,4.33712121212121E-02,,False,True,False,True,False,False,False,False,False,False,False,True,False,False,False,False,2/14/2012 8:36:32 AM,MELVI3,0,229
1761,Mendell Way,2,Jamaica Plain,12:00,16:00,Odd,School St,Dalrymple St,0.053030303030303,,False,False,True,False,True,False,False,False,False,False,False,True,False,False,False,False,2/14/2012 8:36:32 AM,MENDE1,0,280
1762,Mendell Way,2,Jamaica Plain,12:00,16:00,Even,School St,Dalrymple St,0.053030303030303,,False,True,False,True,False,False,False,False,False,False,False,True,False,False,False,False,2/14/2012 8:36:32 AM,MENDE1,0,280
1763,Menton St,7,South Dorchester,12:00,16:00,Odd,Groveland St,Standard St,7.06439393939394E-02,,False,True,False,True,False,False,False,False,False,False,True,False,False,False,False,False,2/14/2012 8:36:32 AM,MENTO1,0,373
1764,Menton St,7,South Dorchester,12:00,16:00,Even,Groveland St,Standard St,7.06439393939394E-02,,False,False,True,False,True,False,False,False,False,False,True,False,False,False,False,False,2/14/2012 8:36:32 AM,MENTO1,0,373
1765,Mercer St,5,South Boston,13:00,17:00,Even,East Eighth St,Columbia Rd,0.134280303030303,,False,False,True,False,True,False,False,False,False,False,True,False,False,False,False,False,2/14/2012 8:36:32 AM,MERCE1,845,1554
1766,Mercer St,5,South Boston,13:00,17:00,Odd,East Eighth St,Columbia Rd,0.134280303030303,,False,True,False,True,False,False,False,False,False,False,True,False,False,False,False,False,2/14/2012 8:36:32 AM,MERCE1,845,1554
1767,Mercer St,5,South Boston,13:00,17:00,Even,Dorchester St,East Eighth St,0.160037878787879,,False,False,True,False,True,False,False,False,False,False,True,False,False,False,False,False,3/31/2017 8:31:30 AM,MERCE1,0,845
1768,Mercer St,5,South Boston,13:00,17:00,Odd,Dorchester St,East Eighth St,0.160037878787879,,False,True,False,True,False,False,False,False,False,False,True,False,False,False,False,False,3/31/2017 8:31:24 AM,MERCE1,0,845
1769,Merchants Row,1F,Downtown,00:01,07:00,,Chatham St,State St,0.034280303030303,,False,True,True,True,True,True,True,True,True,True,True,True,True,True,True,False,2/29/2012 10:06:53 AM,MERCH1,0,181
1770,Meridian St,9,East Boston,08:00,12:00,Odd,Saratoga St,Condor St,0.4875,,False,True,True,True,True,True,False,False,False,True,False,False,False,False,False,False,2/14/2012 8:36:32 AM,MERID1,1963,4537
1771,Meridian St,9,East Boston,08:00,12:00,Even,Saratoga St,Condor St,0.4875,,False,True,True,True,True,True,False,False,True,False,False,False,False,False,False,False,2/14/2012 8:36:32 AM,MERID1,1963,4537
1772,Merriam St,2,Jamaica Plain,08:00,12:00,Odd,Brookside Ave,Minton St,8.76893939393939E-02,,False,True,False,True,False,False,False,True,False,False,False,False,False,False,False,False,2/14/2012 8:36:32 AM,MERRI1,0,463
1773,Merriam St,2,Jamaica Plain,08:00,12:00,Even,Brookside Ave,Minton St,8.76893939393939E-02,,False,False,True,False,True,False,False,True,False,False,False,False,False,False,False,False,2/14/2012 8:36:32 AM,MERRI1,0,463
1774,Merrimac St,1W,West End,00:01,07:00,,New Chardon St,Portland St,5.64393939393939E-02,,False,True,True,True,True,True,True,True,True,True,True,True,True,True,True,False,2/29/2012 10:06:53 AM,MERRI3,0,298
1775,Merrimac St,1W,West End,00:01,07:00,,New Chardon St,Portland St,5.64393939393939E-02,,True,True,True,True,True,True,True,True,True,True,True,True,True,True,True,False,2/29/2012 10:06:53 AM,MERRI3,0,298
1776,Middlesex St,1C,Charlestown,12:00,16:00,Even,Main St,Lyndeboro St,3.10606060606061E-02,,False,False,True,False,True,False,False,False,False,False,True,False,False,False,False,False,2/14/2012 8:36:32 AM,MIDDL2,0,164
1777,Middlesex St,1C,Charlestown,12:00,16:00,Odd,Main St,Lyndeboro St,3.10606060606061E-02,,False,True,False,True,False,False,False,False,False,False,True,False,False,False,False,False,2/14/2012 8:36:32 AM,MIDDL2,0,164
1778,Middleton St,7,South Dorchester,08:00,12:00,Even,Norfolk St,Theodore St,0.163257575757576,,False,False,True,False,True,False,False,False,True,False,False,False,False,False,False,False,7/6/2022 8:06:22 AM,MIDDL3,0,862
1779,Middleton St,7,South Dorchester,08:00,12:00,Odd,Norfolk St,Theodore St,0.163257575757576,,False,True,False,True,False,False,False,False,True,False,False,False,False,False,False,False,7/6/2022 8:06:19 AM,MIDDL3,0,862
1780,Midland St,3,North Dorchester,08:00,12:00,Even,Savin Hill Ave,Bay St,8.39015151515152E-02,,False,False,True,False,True,False,False,True,False,False,False,False,False,False,False,False,6/13/2013 4:23:31 PM,MIDLA1,0,443
1781,Midland St,3,North Dorchester,08:00,12:00,Odd,Savin Hill Ave,Bay St,8.39015151515152E-02,,False,True,False,True,False,False,False,True,False,False,False,False,False,False,False,False,6/13/2013 4:23:25 PM,MIDLA1,0,443
1782,Mildred Ave,7,South Dorchester,12:00,16:00,Even,Babson St,Norfolk St,0.204166666666667,,False,False,True,False,True,False,False,False,False,False,True,False,False,False,False,False,2/14/2012 8:36:32 AM,MILDR1,0,1078
1783,Mildred Ave,7,South Dorchester,12:00,16:00,Odd,Babson St,Norfolk St,0.204166666666667,,False,True,False,True,False,False,False,False,False,False,True,False,False,False,False,False,2/14/2012 8:36:32 AM,MILDR1,0,1078
1784,Miles St,10R,Roxbury,08:00,12:00,Odd,Bragdon St,West Walnut Park,5.73863636363636E-02,,False,False,True,False,True,False,False,False,False,False,False,True,False,False,False,False,11/4/2016 9:11:34 AM,MILES1,0,303
1785,Miles St,10R,Roxbury,08:00,12:00,Even,Bragdon St,West Walnut Park,5.73863636363636E-02,,False,True,False,True,False,False,False,False,False,False,False,True,False,False,False,False,11/4/2016 9:11:22 AM,MILES1,0,303
1786,Milford St,1S,South End,08:00,12:00,Even,Shawmut Ave,Tremont St,0.134469696969697,,False,False,True,False,True,False,False,False,False,False,True,False,False,False,False,True,2/14/2012 8:36:32 AM,MILFO1,0,710
1787,Milford St,1S,South End,08:00,12:00,Odd,Shawmut Ave,Tremont St,0.134469696969697,,False,True,False,True,False,True,False,False,False,False,True,False,False,False,False,True,8/20/2020 8:11:44 AM,MILFO1,0,710
1788,Milk St,1F,Downtown,00:01,07:00,,Washington St,Atlantic Ave,0.419507575757576,,True,True,True,True,True,True,True,True,True,True,True,True,True,True,True,False,2/29/2012 10:06:53 AM,MILK 1,0,2215
1789,Paul Gore St,2,Jamaica Plain,08:00,12:00,Even,Centre St,Lamartine St,0.379545454545455,,False,False,True,False,True,False,False,True,False,False,False,False,False,False,False,False,2/14/2012 8:36:32 AM,PAUL 1,0,2004
1790,Price Rd,4,Allston/Brighton,08:00,12:00,Odd,Glenville Ave,Long Ave,5.79545454545455E-02,,False,True,False,True,False,False,False,False,False,False,True,False,False,False,False,False,2/14/2012 8:36:32 AM,PRICE1,0,306
1791,Millet St,7,South Dorchester,12:00,16:00,Even,Park St,Talbot Ave,0.227083333333333,,False,False,True,False,True,False,False,False,False,True,False,False,False,False,False,False,2/14/2012 8:36:32 AM,MILLE1,867,2066
1792,Playstead Rd,3,North Dorchester,12:00,16:00,Odd,Savin Hill Ave,Springdale St,6.74242424242424E-02,,False,True,False,True,False,False,False,True,False,False,False,False,False,False,False,False,5/12/2014 8:20:08 AM,PLAYS1,0,356
1793,Porter St,9,East Boston,08:00,12:00,Even,Bremen St,Cottage St,0.189015,,False,False,True,False,True,False,False,False,False,False,True,False,False,False,False,False,4/6/2015 10:08:20 AM,PORTE2,714,1712
1794,Millet St,7,South Dorchester,12:00,16:00,Odd,Park St,Talbot Ave,0.227083333333333,,False,True,False,True,False,False,False,False,False,True,False,False,False,False,False,False,2/14/2012 8:36:32 AM,MILLE1,867,2066
1795,Millet St,7,South Dorchester,08:00,12:00,Odd,Talbot Ave,Southern Ave,9.79166666666667E-02,,False,True,False,True,False,False,False,False,False,False,False,True,False,False,False,False,2/14/2012 8:36:32 AM,MILLE1,2066,2583
1796,Millet St,7,South Dorchester,08:00,12:00,Even,Talbot Ave,Southern Ave,9.79166666666667E-02,,False,False,True,False,True,False,False,False,False,False,False,True,False,False,False,False,2/14/2012 8:36:32 AM,MILLE1,2066,2583
1797,Millmont St,10R,Roxbury,08:00,12:00,Odd,Highland Ave,Lambert Ave,0.142045454545455,,False,True,False,True,False,False,False,False,True,False,False,False,False,False,False,False,2/14/2012 8:36:32 AM,MILLM1,0,750
1798,Millmont St,10R,Roxbury,08:00,12:00,Even,Highland Ave,Lambert Ave,0.142045454545455,,False,False,True,False,True,False,False,False,True,False,False,False,False,False,False,False,2/14/2012 8:36:32 AM,MILLM1,0,750
1799,Mills St,10R,Roxbury,12:00,16:00,Odd,Rockland St,Dale St,8.61742424242424E-02,,False,True,False,True,False,False,False,False,True,False,False,False,False,False,False,False,2/29/2012 10:06:53 AM,MILLS1,0,455
1800,Milton Ave,7,South Dorchester,08:00,12:00,Odd,Woodrow Ave,Norfolk St,7.08333333333333E-02,,False,True,False,True,False,False,False,False,False,True,False,False,False,False,False,False,2/14/2012 8:36:32 AM,MILTO2,0,374
1801,Milton Ave,7,South Dorchester,08:00,12:00,Even,Woodrow Ave,Norfolk St,7.08333333333333E-02,,False,False,True,False,True,False,False,False,False,True,False,False,False,False,False,False,2/14/2012 8:36:32 AM,MILTO2,0,374
1802,Minton St,2,Jamaica Plain,08:00,12:00,Even,Amory St,Brookside Ave,8.84469696969697E-02,,False,False,True,False,True,False,False,True,False,False,False,False,False,False,False,False,2/14/2012 8:36:32 AM,MINTO1,0,467
1803,Minton St,2,Jamaica Plain,08:00,12:00,Odd,Amory St,Brookside Ave,8.84469696969697E-02,,False,True,False,True,False,False,False,True,False,False,False,False,False,False,False,False,2/14/2012 8:36:32 AM,MINTO1,0,467
1804,Mission St,10M,Mission Hill,12:00,16:00,Even,Stockwell St,Huntington Ave,7.97348484848485E-02,,False,False,True,False,True,False,False,False,False,True,False,False,False,False,False,False,4/22/2026 8:55:34 AM,MISSI1,0,421
1805,Mission St,10M,Mission Hill,12:00,16:00,Odd,Stockwell St,Huntington Ave,7.97348484848485E-02,,False,True,False,True,False,False,False,False,False,True,False,False,False,False,False,False,4/22/2026 8:55:29 AM,MISSI1,0,421
1806,Mitchell St,5,South Boston,13:00,17:00,Odd,West Ninth St,Old Colony Ave,8.63636363636364E-02,,False,True,False,True,False,False,False,False,False,False,False,True,False,False,False,False,2/14/2012 8:36:32 AM,MITCH1,0,456
1807,Monks St,5,South Boston,09:00,13:00,Odd,East Sixth St,East Seventh St,5.68181818181818E-02,,False,True,False,True,False,False,False,False,False,True,False,False,False,False,False,False,2/14/2012 8:36:32 AM,MONKS1,0,300
1808,Monmouth St,9,East Boston,12:00,16:00,Odd,Meridian St,Brooks St,0.177272727272727,,False,False,True,False,True,False,False,False,True,False,False,False,False,False,False,False,2/14/2012 8:36:32 AM,MONMO1,0,936
1809,Monmouth St,9,East Boston,12:00,16:00,Even,Meridian St,Brooks St,0.177272727272727,,False,True,False,True,False,False,False,False,True,False,False,False,False,False,False,False,2/14/2012 8:36:32 AM,MONMO1,0,936
1810,Priesing St,2,Jamaica Plain,12:00,16:00,Even,Mozart St,Chestnut Ave,0.134469696969697,,False,False,True,False,True,False,False,False,True,False,False,False,False,False,False,False,4/23/2019 11:22:51 AM,PRIES1,0,710
1811,Monsignor Albert A Jacobbe Rd,9,East Boston,12:00,16:00,Even,Clipper Ship Ln,Dead End,3.27651515151515E-02,,False,False,True,False,True,False,False,False,False,False,True,False,False,False,False,False,2/14/2012 8:36:32 AM,MONSI6,0,173
1812,Monsignor Albert A Jacobbe Rd,9,East Boston,12:00,16:00,Odd,Clipper Ship Ln,Dead End,3.27651515151515E-02,,False,True,False,True,False,False,False,False,False,False,True,False,False,False,False,False,2/14/2012 8:36:32 AM,MONSI6,0,173
1813,Monson St,7,South Dorchester,12:00,16:00,Even,Temple St,Sturbridge St,0.105681818181818,,False,False,True,False,True,False,False,False,False,False,True,False,False,False,False,False,2/14/2012 8:36:32 AM,MONSO1,0,558
1814,Monson St,7,South Dorchester,12:00,16:00,Odd,Temple St,Sturbridge St,0.105681818181818,,False,True,False,True,False,False,False,False,False,False,True,False,False,False,False,False,2/14/2012 8:36:32 AM,MONSO1,0,558
1815,Montebello Rd,2,Jamaica Plain,08:00,12:00,Odd,Brookside Ave,Walnut Ave,0.325,,False,True,False,True,False,False,False,True,False,False,False,False,False,False,False,False,2/14/2012 8:36:32 AM,MONTE1,0,1716
1816,Montebello Rd,2,Jamaica Plain,08:00,12:00,Even,Brookside Ave,Walnut Ave,0.325,,False,False,True,False,True,False,False,True,False,False,False,False,False,False,False,False,2/14/2012 8:36:32 AM,MONTE1,0,1716
1817,Montello St,3,North Dorchester,08:00,12:00,Even,Arcadia St,Robinson St,7.46212121212121E-02,,False,False,True,False,True,False,False,False,False,True,False,False,False,False,False,False,6/13/2013 3:26:12 PM,MONTE2,0,394
1818,Montello St,3,North Dorchester,08:00,12:00,Odd,Arcadia St,Robinson St,7.46212121212121E-02,,False,True,False,True,False,False,False,False,False,True,False,False,False,False,False,False,6/13/2013 3:26:04 PM,MONTE2,0,394
1819,Montfern Ave,4,Allston/Brighton,08:00,12:00,Even,Washington St,Faneuil St,0.159469696969697,,False,False,True,False,True,False,False,False,True,False,False,False,False,False,False,False,2/14/2012 8:36:32 AM,MONTF1,0,842
1820,Montfern Ave,4,Allston/Brighton,08:00,12:00,Odd,Washington St,Faneuil St,0.159469696969697,,False,True,False,True,False,False,False,False,True,False,False,False,False,False,False,False,2/14/2012 8:36:32 AM,MONTF1,0,842
1821,Montgomery St,1S,South End,12:00,16:00,Even,Clarendon St,West Canton St,0.184848484848485,,False,False,True,False,True,False,False,False,False,True,False,False,False,False,False,True,2/14/2012 8:36:32 AM,MONTG1,0,976
1822,Montgomery St,1S,South End,12:00,16:00,Odd,Clarendon St,West Canton St,0.184848484848485,,False,True,False,True,False,True,False,False,False,True,False,False,False,False,False,True,2/14/2012 8:36:32 AM,MONTG1,0,976
1823,Montrose St,10R,Roxbury,08:00,12:00,Even,Warren St,Moreland St,0.157954545454545,,False,True,False,True,False,False,False,False,True,False,False,False,False,False,False,False,1/7/2025 8:59:25 AM,MONTR1,0,834
1824,Montrose St,10R,Roxbury,08:00,12:00,Odd,Warren St,Moreland St,0.157954545454545,,False,False,True,False,True,False,False,False,True,False,False,False,False,False,False,False,1/7/2025 8:58:14 AM,MONTR1,0,834
1825,Monument Ave,1C,Charlestown,12:00,16:00,Even,Main St,Monument Sq,0.161174242424242,,False,False,True,False,True,False,False,False,False,True,False,False,False,False,False,False,11/17/2023 4:09:45 PM,MONUM1,0,851
1826,Monument Ave,1C,Charlestown,12:00,16:00,Odd,Main St,Monument Sq,0.161174242424242,,False,True,False,True,False,False,False,False,False,True,False,False,False,False,False,False,11/17/2023 4:09:39 PM,MONUM1,0,851
1827,Monument Ct,1C,Charlestown,12:00,16:00,Even,Winthrop St,Dead End,0.05,,False,False,True,False,True,False,False,False,False,True,False,False,False,False,False,False,11/17/2023 4:09:32 PM,MONUM2,0,264
1828,Monument Ct,1C,Charlestown,12:00,16:00,Odd,Winthrop St,Dead End,0.05,,False,True,False,True,False,False,False,False,False,True,False,False,False,False,False,False,11/17/2023 4:09:25 PM,MONUM2,0,264
1829,Monument Sq,1C,Charlestown,12:00,16:00,Odd,Monument St,High St,0.132575757575758,,False,True,False,True,False,False,False,False,False,True,False,False,False,False,False,False,11/17/2023 4:09:13 PM,MONUM3,450,1150
1830,Potosi St,3,North Dorchester,08:00,12:00,Even,Percival St,Mount Ida Rd,7.31060606060606E-02,,False,False,True,False,True,False,False,False,False,False,True,False,False,False,False,False,2/14/2012 8:36:32 AM,POTOS1,0,386
1831,Monument Sq,1C,Charlestown,12:00,16:00,Even,High St,Monument Ave,0.040719696969697,,False,False,True,False,True,False,False,False,False,True,False,False,False,False,False,False,11/17/2023 4:09:06 PM,MONUM3,1150,1365
1832,Monument St,1C,Charlestown,12:00,16:00,Even,Monument Sq,Bunker Hill St,8.37121212121212E-02,,False,False,True,False,True,False,False,False,False,True,False,False,False,False,False,False,11/17/2023 4:08:57 PM,MONUM4,0,442
1833,Parsons St,4,Allston/Brighton,12:00,16:00,Even,Washington St,Faneuil St,0.480871212121212,,False,False,True,False,True,False,False,False,True,False,False,False,False,False,False,False,2/14/2012 8:36:32 AM,PARSO1,0,2539
1834,New St,9,East Boston,08:00,12:00,Odd,Sumner St,Maverick St,9.65909090909091E-02,,False,True,True,True,True,True,False,False,False,True,False,False,False,False,False,False,2/14/2012 8:36:32 AM,NEW S1,0,510
1835,Monument St,1C,Charlestown,12:00,16:00,Odd,Monument Sq,Bunker Hill St,8.37121212121212E-02,,False,True,False,True,False,False,False,False,False,True,False,False,False,False,False,False,11/17/2023 4:08:39 PM,MONUM4,0,442
1836,Monument St,1C,Charlestown,12:00,16:00,Even,Bunker Hill St,Medford St,0.121780303030303,,False,True,False,True,False,False,False,False,False,False,True,False,False,False,False,False,11/17/2023 4:08:31 PM,MONUM4,442,1085
1837,Monument St,1C,Charlestown,12:00,16:00,Odd,Bunker Hill St,Medford St,0.121780303030303,,False,False,True,False,True,False,False,False,False,False,True,False,False,False,False,False,11/17/2023 4:08:22 PM,MONUM4,442,1085
1838,Moore St,9,East Boston,12:00,16:00,Even,Saratoga St,Dead End,0.23125,,False,False,True,False,True,False,False,False,False,False,False,True,False,False,False,False,2/14/2012 8:36:32 AM,MOORE1,766,1987
1839,Moore St,9,East Boston,12:00,16:00,Odd,Saratoga St,Dead End,0.23125,,False,True,False,True,False,False,False,False,False,False,False,True,False,False,False,False,2/14/2012 8:36:32 AM,MOORE1,766,1987
1840,Moraine St,2,Jamaica Plain,12:00,16:00,Odd,Centre St,Jamaicaway,0.280871212121212,,False,True,False,True,False,False,False,False,False,True,False,False,False,False,False,False,2/14/2012 8:36:32 AM,MORAI1,0,1483
1841,Moraine St,2,Jamaica Plain,12:00,16:00,Even,Centre St,Jamaicaway,0.280871212121212,,False,False,True,False,True,False,False,False,False,True,False,False,False,False,False,False,2/14/2012 8:36:32 AM,MORAI1,0,1483
1842,Moreland St,10R,Roxbury,08:00,12:00,Even,Warren St,Blue Hill Ave,0.40625,,False,False,True,False,True,False,False,False,True,False,False,False,False,False,False,False,2/14/2012 8:36:32 AM,MOREL1,0,2145
1843,Moreland St,10R,Roxbury,08:00,12:00,Odd,Warren St,Blue Hill Ave,0.40625,,False,True,False,True,False,False,False,False,True,False,False,False,False,False,False,False,2/14/2012 8:36:32 AM,MOREL1,0,2145
1844,Polk St,1C,Charlestown,08:00,12:00,Odd,Bunker Hill St,Medford St,0.128977272727273,,False,False,True,False,True,False,False,False,False,False,True,False,False,False,False,False,4/26/2019 1:57:50 PM,POLK 1,0,681
1845,Morrill St,3,North Dorchester,12:00,16:00,Even,Pleasant St,Bakersfield St,8.33333333333333E-02,,False,False,True,False,True,False,False,False,False,False,False,True,False,False,False,False,2/14/2012 8:36:32 AM,MORRI1,0,440
1846,Morrill St,3,North Dorchester,12:00,16:00,Odd,Pleasant St,Bakersfield St,8.33333333333333E-02,,False,True,False,True,False,False,False,False,False,False,False,True,False,False,False,False,2/14/2012 8:36:32 AM,MORRI1,0,440
1847,Price Rd,4,Allston/Brighton,08:00,12:00,Even,Glenville Ave,Long Ave,5.79545454545455E-02,,False,False,True,False,True,False,False,False,False,False,True,False,False,False,False,False,2/14/2012 8:36:32 AM,PRICE1,0,306
1848,Porter St,9,East Boston,08:00,12:00,Odd,Havre St,Chelsea St,0.135227272727273,,False,True,False,True,False,False,False,False,False,True,False,False,False,False,False,False,2/14/2012 8:36:32 AM,PORTE2,0,489
1849,Morris St,9,East Boston,12:00,16:00,Even,Marion St,Putnam St,0.226893939393939,,False,False,True,False,True,False,False,False,False,True,False,False,False,False,False,False,2/14/2012 8:36:32 AM,MORRI2,0,1198
1850,Morris St,9,East Boston,12:00,16:00,Odd,Marion St,Putnam St,0.226893939393939,,False,True,False,True,False,False,False,False,False,True,False,False,False,False,False,False,2/14/2012 8:36:32 AM,MORRI2,0,1198
1851,Morse St,3,North Dorchester,12:00,16:00,Even,Washington St,Ronald St,6.96969696969697E-02,,False,False,True,False,True,False,False,False,False,True,False,False,False,False,False,False,6/13/2013 4:04:44 PM,MORSE1,0,368
1852,Morse St,3,North Dorchester,12:00,16:00,Odd,Washington St,Ronald St,6.96969696969697E-02,,False,True,False,True,False,False,False,False,False,True,False,False,False,False,False,False,6/13/2013 4:04:38 PM,MORSE1,0,368
1853,Morton St,99,DCR,08:00,12:00,Even,South St,American Legion Hwy,1.31742424242424,,False,True,False,False,False,False,False,True,False,False,False,False,False,False,False,False,2/14/2012 8:36:32 AM,MORTO1,0,6956
1854,Morton St,99,DCR,08:00,12:00,Odd,Washington St,Blue Hill Ave,1.80189393939394,,False,True,False,False,False,False,False,False,False,True,False,False,False,False,False,False,2/29/2012 10:06:53 AM,MORTO1,625,10139
1855,Moseley St,3,North Dorchester,08:00,12:00,Even,Crescent Ave,Sydney St,0.158143939393939,,False,False,True,False,True,False,False,True,False,False,False,False,False,False,False,False,6/30/2014 8:43:31 AM,MOSEL1,0,835
1856,Moseley St,3,North Dorchester,08:00,12:00,Odd,Crescent Ave,Sydney St,0.158143939393939,,False,True,False,True,False,False,False,True,False,False,False,False,False,False,False,False,6/30/2014 8:43:25 AM,MOSEL1,0,835
1857,Moulton St,1C,Charlestown,08:00,12:00,Even,Bunker Hill St,Vine St,0.03219697,,False,False,True,False,True,False,False,False,False,False,False,True,False,False,False,False,4/1/2014 9:49:46 AM,MOULT1,0,170
1858,Moulton St,1C,Charlestown,08:00,12:00,Odd,Bunker Hill St,Vine St,0.03219697,,False,True,False,True,False,False,False,False,False,False,False,True,False,False,False,False,4/1/2014 9:49:59 AM,MOULT1,0,170
1859,Moultrie St,7,South Dorchester,08:00,12:00,Even,Allston St,Washington St,0.263825757575758,,False,True,False,True,False,False,False,False,False,True,False,False,False,False,False,False,2/14/2012 8:36:32 AM,MOULT2,0,1393
1860,Moultrie St,7,South Dorchester,08:00,12:00,Odd,Allston St,Washington St,0.263825757575758,,False,False,True,False,True,False,False,False,False,True,False,False,False,False,False,False,2/14/2012 8:36:32 AM,MOULT2,0,1393
1861,Mountain Ave,7,South Dorchester,08:00,12:00,Odd,Woodrow Ave,Ballou Ave,0.233143939393939,,False,True,False,True,False,False,False,False,False,True,False,False,False,False,False,False,2/14/2012 8:36:32 AM,MOUNT10,0,1231
1862,Mountain Ave,7,South Dorchester,08:00,12:00,Even,Woodrow Ave,Ballou Ave,0.233143939393939,,False,False,True,False,True,False,False,False,False,True,False,False,False,False,False,False,2/14/2012 8:36:32 AM,MOUNT10,0,1231
1863,Mount Bowdoin Ter,3,North Dorchester,12:00,16:00,Even,Eldon St,Mallon Rd,0.172537878787879,,False,False,True,False,True,False,False,False,False,True,False,False,False,False,False,False,2/14/2012 8:36:32 AM,MOUNT2,0,911
1864,Mount Bowdoin Ter,3,North Dorchester,12:00,16:00,Odd,Eldon St,Mallon Rd,0.172537878787879,,False,True,False,True,False,False,False,False,False,True,False,False,False,False,False,False,2/14/2012 8:36:32 AM,MOUNT2,0,911
1865,Mozart St,2,Jamaica Plain,12:00,16:00,Odd,Centre St,Lamartine St,0.254924242424242,,False,True,False,True,False,False,False,False,True,False,False,False,False,False,False,False,4/11/2016 8:52:44 AM,MOZAR1,0,1346
1866,Mozart St,2,Jamaica Plain,12:00,16:00,Even,Centre St,Lamartine St,0.254924242424242,,False,False,True,False,True,False,False,False,True,False,False,False,False,False,False,False,4/11/2016 8:52:49 AM,MOZAR1,0,1346
1867,Monsignor Patrick J Lydon Way,7,South Dorchester,08:00,12:00,Odd,Dorchester Ave,Adams St,0.40625,,False,True,False,True,False,False,False,True,False,False,False,False,False,False,False,False,2/14/2012 8:36:32 AM,MSGLY1,0,2145
1868,Monsignor Patrick J Lydon Way,7,South Dorchester,08:00,12:00,Even,Dorchester Ave,Adams St,0.40625,,False,False,True,False,True,False,False,True,False,False,False,False,False,False,False,False,2/14/2012 8:36:32 AM,MSGLY1,0,2145
1869,Paxton St,7,South Dorchester,12:00,16:00,Even,Blue Hill Ave,Harvard St,5.54924242424242E-02,,False,False,True,False,True,False,False,False,True,False,False,False,False,False,False,False,2/14/2012 8:36:32 AM,PAXTO1,0,293
1870,New St,9,East Boston,08:00,12:00,Even,Sumner St,Maverick St,9.65909090909091E-02,,False,True,True,True,True,True,False,False,False,True,False,False,False,False,False,False,2/14/2012 8:36:32 AM,NEW S1,0,510
1871,Nightingale St,3,North Dorchester,12:00,16:00,Odd,Bernard St,Talbot Ave,0.289772727272727,,False,True,False,True,False,False,False,False,True,False,False,False,False,False,False,False,2/14/2012 8:36:32 AM,NIGHT1,0,1530
1872,Mt Everett St,3,North Dorchester,12:00,16:00,Odd,Quincy St,Hamilton St,0.149621212121212,,False,True,False,True,False,False,False,False,False,True,False,False,False,False,False,False,6/13/2013 3:35:52 PM,MT EV1,0,790
1873,Mt Everett St,3,North Dorchester,12:00,16:00,Even,Quincy St,Hamilton St,0.149621212121212,,False,False,True,False,True,False,False,False,False,True,False,False,False,False,False,False,6/13/2013 3:35:42 PM,MT EV1,0,790
1874,Mount Ida Rd,3,North Dorchester,08:00,12:00,Odd,Bowdoin St,Robinson St,0.371590909090909,,False,True,False,True,False,False,False,False,False,False,True,False,False,False,False,False,2/14/2012 8:36:32 AM,MT ID1,0,1962
1875,Mount Ida Rd,3,North Dorchester,08:00,12:00,Even,Bowdoin St,Robinson St,0.371590909090909,,False,False,True,False,True,False,False,False,False,False,True,False,False,False,False,False,2/14/2012 8:36:32 AM,MT ID1,0,1962
1876,Mt Hood Rd,4,Allston/Brighton,08:00,12:00,Even,Corey Rd,Commonwealth Ave,0.138825757575758,,False,False,True,False,True,False,False,False,False,True,False,False,False,False,False,False,2/14/2012 8:36:32 AM,MT HO1,0,733
1877,Mt Hood Rd,4,Allston/Brighton,08:00,12:00,Odd,Corey Rd,Commonwealth Ave,0.138825757575758,,False,True,False,True,False,False,False,False,False,True,False,False,False,False,False,False,2/14/2012 8:36:32 AM,MT HO1,0,733
1878,Mt Pleasant Ave,10R,Roxbury,08:00,12:00,Even,Dudley St,Dudley St,0.409280303030303,,False,False,True,False,True,False,False,False,True,False,False,False,False,False,False,False,2/14/2012 8:36:32 AM,MT PL1,0,2161
1879,Mt Pleasant Ave,10R,Roxbury,08:00,12:00,Odd,Dudley St,Dudley St,0.409280303030303,,False,True,False,True,False,False,False,False,True,False,False,False,False,False,False,False,2/14/2012 8:36:32 AM,MT PL1,0,2161
1880,Mt Vernon St,1H,Beacon Hill,08:00,12:00,Odd,Joy St,Charles St,0.270833333333333,,False,True,False,True,False,True,False,False,False,False,False,True,False,False,False,True,4/2/2014 1:30:58 PM,MT VE2,196,1626
1881,Mt Vernon St,1H,Beacon Hill,08:00,12:00,Even,Joy St,Charles St,0.270833333333333,,False,False,True,False,True,False,False,False,False,False,False,True,False,False,False,True,2/14/2012 8:36:32 AM,MT VE2,196,1626
1882,Mt Vernon St,1H,Beacon Hill,08:00,12:00,Odd,River St,Dead End,0.103219696969697,,False,True,False,True,False,True,False,False,True,False,False,False,False,False,False,True,3/31/2014 2:47:33 PM,MT VE2,1746,2291
1883,Mt Vernon St,1H,Beacon Hill,08:00,12:00,Even,River St,Dead End,0.103219696969697,,False,False,True,False,True,False,False,False,True,False,False,False,False,False,False,True,2/14/2012 8:36:32 AM,MT VE2,1746,2291
1884,Nira Ave,2,Jamaica Plain,12:00,16:00,Even,Day St,Grotto Glen Rd,0.123295454545455,,False,False,True,False,True,False,False,False,True,False,False,False,False,False,False,False,12/2/2022 10:13:26 AM,NIRA 1,0,651
1885,Mt Vernon St,1C,Charlestown,12:00,16:00,Even,Dead End,Lowney Way,0.130871212121212,,False,False,True,False,True,False,False,False,False,True,False,False,False,False,False,False,2/14/2012 8:36:32 AM,MT VE6,0,691
1886,Mt Vernon St,1C,Charlestown,12:00,16:00,Odd,Dead End,Lowney Way,0.130871212121212,,False,True,False,True,False,False,False,False,False,True,False,False,False,False,False,False,2/14/2012 8:36:32 AM,MT VE6,0,691
1887,Mulvey St,7,South Dorchester,08:00,12:00,Even,Walk Hill St,Mattapan St,5.17045454545455E-02,,False,False,True,False,True,False,False,False,True,False,False,False,False,False,False,False,2/14/2012 8:36:32 AM,MULVE1,0,273
1888,Mulvey St,7,South Dorchester,08:00,12:00,Odd,Walk Hill St,Mattapan St,5.17045454545455E-02,,False,True,False,True,False,False,False,False,True,False,False,False,False,False,False,False,2/14/2012 8:36:32 AM,MULVE1,0,273
1889,Munroe St,10R,Roxbury,12:00,16:00,Even,Humboldt Ave,Walnut Ave,0.216098484848485,,False,False,True,False,True,False,False,False,False,False,False,True,False,False,False,False,2/14/2012 8:36:32 AM,MUNRO1,0,1141
1890,Munroe St,10R,Roxbury,12:00,16:00,Odd,Humboldt Ave,Walnut Ave,0.216098484848485,,False,True,False,True,False,False,False,False,False,False,False,True,False,False,False,False,2/14/2012 8:36:32 AM,MUNRO1,0,1141
1891,Murray Hill Rd,2,Jamaica Plain,08:00,12:00,Even,Washington St,Florence St,0.155113636363636,,False,False,True,False,True,False,False,False,False,False,True,False,False,False,False,False,2/14/2012 8:36:32 AM,MURRA2,0,819
1892,Murray Hill Rd,2,Jamaica Plain,08:00,12:00,Odd,Washington St,Florence St,0.155113636363636,,False,True,False,True,False,False,False,False,False,False,True,False,False,False,False,False,2/14/2012 8:36:32 AM,MURRA2,0,819
1893,Mystic St,1C,Charlestown,08:00,12:00,Even,Bunker Hill St,Medford St,0.134659090909091,,False,True,False,True,False,False,False,False,False,False,True,False,False,False,False,False,2/14/2012 8:36:32 AM,MYSTI3,0,711
1894,Mystic St,1C,Charlestown,08:00,12:00,Odd,Bunker Hill St,Medford St,0.134659090909091,,False,False,True,False,True,False,False,False,False,False,True,False,False,False,False,False,2/14/2012 8:36:32 AM,MYSTI3,0,711
1895,N St,5,South Boston,09:00,13:00,Even,East Broadway,Columbia Rd,0.334090909090909,,False,False,True,False,True,False,False,False,False,True,False,False,False,False,False,False,2/14/2012 8:36:32 AM,N ST 1,605,2369
1896,N St,5,South Boston,09:00,13:00,Odd,East Broadway,Columbia Rd,0.334090909090909,,False,True,False,True,False,False,False,False,False,True,False,False,False,False,False,False,2/14/2012 8:36:32 AM,N ST 1,605,2369
1897,Sherman St,10R,Roxbury,12:00,16:00,Odd,Rockland St,Dale St,8.73106060606061E-02,,False,True,False,True,False,False,False,False,True,False,False,False,False,False,False,False,2/29/2012 10:06:53 AM,SHERM1,0,461
1898,Laurel St,10R,Roxbury,12:00,16:00,Even,Catawba St,Humboldt Ave,0.065530303030303,,False,False,True,False,True,False,False,False,True,False,False,False,False,False,False,False,2/29/2012 10:06:53 AM,LAURE2,237,583
1899,Nira Ave,2,Jamaica Plain,12:00,16:00,Odd,Day St,Grotto Glen Rd,0.123295454545455,,False,True,False,True,False,False,False,False,True,False,False,False,False,False,False,False,12/2/2022 10:13:20 AM,NIRA 1,0,651
1900,Hillsboro Rd,7,South Dorchester,08:00,12:00,Odd,Wellington Hill St,Ormond St,0.123106060606061,,False,True,False,True,False,False,False,False,True,False,False,False,False,False,False,False,2/14/2012 8:36:32 AM,HILLS1,370,1020
1901,Patterson Way,5,South Boston,13:00,17:00,Odd,Old Colony Ave,East Eighth St,0.188068181818182,,False,True,False,True,False,False,False,False,False,False,True,False,False,False,False,False,2/14/2012 8:36:32 AM,PATTE3,0,993
1902,Patterson Way,5,South Boston,13:00,17:00,Even,Old Colony Ave,East Eighth St,0.188068181818182,,False,False,True,False,True,False,False,False,False,False,True,False,False,False,False,False,2/14/2012 8:36:32 AM,PATTE3,0,993
1904,Peter Parley Rd,2,Jamaica Plain,08:00,12:00,Odd,Washington St,Sigourney St,0.260227272727273,,False,True,False,True,False,False,False,False,False,False,True,False,False,False,False,False,2/14/2012 8:36:32 AM,PETER1,0,1374
1905,Perrin St,10R,Roxbury,08:00,12:00,Odd,Moreland St,Waverly St,0.21155303030303,,False,True,False,True,False,False,False,False,True,False,False,False,False,False,False,False,2/14/2012 8:36:32 AM,PERRI1,0,1117
1906,Pearl St,1C,Charlestown,08:00,12:00,Odd,Bunker Hill St,Medford St,0.132575757575758,,False,True,False,True,False,False,False,False,False,False,True,False,False,False,False,False,2/14/2012 8:36:32 AM,PEARL1,800,1500
1907,Northampton St,1S,South End,08:00,12:00,Odd,Albany St,Dead End,0.700757575757576,,False,True,False,True,False,True,False,False,False,False,True,False,False,False,False,True,2/29/2012 10:06:53 AM,NORTH11,0,3700
1908,Normandy St,3,North Dorchester,12:00,16:00,Even,Lawrence Ave,Geneva Ave,0.342045454545455,,False,False,True,False,True,False,False,False,False,False,False,True,False,False,False,False,2/29/2012 10:06:53 AM,NORMA2,0,1806
1909,Pearl St,3,North Dorchester,12:00,16:00,Even,Dorchester Ave,Pleasant St,0.160416666666667,,False,False,True,False,True,False,False,False,True,False,False,True,False,False,False,False,2/14/2012 8:36:32 AM,PEARL2,0,847
1910,Normandy St,3,North Dorchester,12:00,16:00,Odd,Lawrence Ave,Geneva Ave,0.342045454545455,,False,True,False,True,False,False,False,False,False,False,False,True,False,False,False,False,2/29/2012 10:06:53 AM,NORMA2,0,1806
1911,Paxton St,7,South Dorchester,12:00,16:00,Odd,Blue Hill Ave,Harvard St,5.54924242424242E-02,,False,True,False,True,False,False,False,False,True,False,False,False,False,False,False,False,2/14/2012 8:36:32 AM,PAXTO1,0,293
1912,Northampton St,1S,South End,08:00,12:00,Even,Albany St,Dead End,0.700757575757576,,False,False,True,False,True,False,False,False,False,False,True,False,False,False,False,True,2/29/2012 10:06:53 AM,NORTH11,0,3700
1913,North Washington St,1C,Charlestown,00:01,07:00,Bridge,Causeway St,Constitution Rd,0.299621212121212,,False,True,True,True,True,True,True,True,True,True,True,True,True,True,True,False,2/14/2012 8:36:32 AM,NORTH10,1262,2844
1914,Newbury St,10F,Fenway/Kenmore,00:01,07:00,,Kenmore St,Brookline Ave,0.13125,,False,True,True,True,True,True,True,True,True,True,True,True,True,True,True,False,2/29/2012 10:06:53 AM,NEWBU3,565,1258
1915,Pleasant St,1C,Charlestown,08:00,12:00,Even,Main St,Monument Sq,0.153219696969697,,False,False,True,False,True,False,False,False,False,True,False,False,False,False,False,False,2/14/2012 8:36:32 AM,PLEAS4,0,809
1916,Pinckney St,1H,Beacon Hill,08:00,12:00,Odd,Charles St,David G Mugar Way,8.14393939393939E-02,,False,True,False,True,False,True,False,False,True,False,False,False,False,False,False,True,3/31/2014 2:48:23 PM,PINCK1,1528,1958
1917,Prince St,1N,North End,08:00,12:00,Odd,Hanover St,Commercial St,0.296401515151515,,False,True,False,True,False,False,False,False,True,False,False,False,False,False,False,True,2/14/2012 8:36:32 AM,PRINC2,159,1724
1918,Pratt St,4,Allston/Brighton,08:00,12:00,Even,Linden St,Ashford St,0.213825757575758,,False,False,True,False,True,False,False,True,False,False,False,False,False,False,False,False,2/14/2012 8:36:32 AM,PRATT1,0,1129
1919,Pratt St,4,Allston/Brighton,08:00,12:00,Odd,Linden St,Ashford St,0.213825757575758,,False,True,False,True,False,False,False,True,False,False,False,False,False,False,False,False,2/14/2012 8:36:32 AM,PRATT1,0,1129
1920,Phillips St,1H,Beacon Hill,08:00,12:00,Odd,Irving St,West Cedar St,0.18844696969697,,False,True,False,True,False,True,False,False,False,True,False,False,False,False,False,True,3/31/2014 7:49:57 PM,PHILL2,0,995
1921,Perth St,3,North Dorchester,12:00,16:00,Even,Fayston St,Quincy St,4.86742424242424E-02,,False,False,True,False,True,False,False,False,False,True,False,False,False,False,False,False,6/13/2013 3:53:25 PM,PERTH1,0,257
1922,North Washington St,1N,North End,08:00,12:00,Even Side Median,New Chardon St,Causeway St,0.239015151515152,,False,True,False,True,False,False,False,False,True,False,False,False,False,False,False,False,7/11/2022 8:43:09 AM,NORTH10,0,1262
1923,New England Ave,7,South Dorchester,08:00,12:00,Odd,Talbot Ave,Norfolk St,0.273674242424242,,False,True,False,True,False,False,False,False,False,False,False,True,False,False,False,False,2/14/2012 8:36:32 AM,NEW E1,0,1445
1924,North Washington St,1N,North End,08:00,12:00,,New Chardon St,Causeway St,0.239015151515152,,False,True,False,True,False,False,False,False,True,False,False,False,False,False,False,False,7/11/2022 8:42:43 AM,NORTH10,0,1262
1926,North Bennet St,1N,North End,08:00,12:00,Odd,Hanover St,Salem St,0.11155303030303,,False,True,False,True,False,False,False,False,False,False,False,True,False,False,False,True,7/1/2019 10:38:01 AM,NORTH3,0,589
1927,North Grove St,1W,West End,00:01,07:00,,Cambridge St,Dead End,9.28030303030303E-02,,False,True,True,True,True,True,True,True,True,True,True,True,True,True,True,False,2/29/2012 10:06:53 AM,NORTH4,0,490
1928,Pearl St,3,North Dorchester,12:00,16:00,Odd,Dorchester Ave,Pleasant St,0.160416666666667,,False,True,False,True,False,False,False,False,False,False,False,True,False,False,False,False,2/14/2012 8:36:32 AM,PEARL2,0,847
1929,North Margin St,1N,North End,12:00,16:00,Even,Stillman St,Endicott St,0.158522727272727,,False,False,True,False,True,False,False,False,False,False,False,True,False,False,False,True,7/1/2019 10:39:35 AM,NORTH6,0,837
1930,Pearl St,1C,Charlestown,08:00,12:00,Even,High St,Bunker Hill St,0.151515151515152,,False,False,True,False,True,False,False,False,False,False,False,True,False,False,False,False,2/14/2012 8:36:32 AM,PEARL1,0,800
1931,North Margin St,1N,North End,12:00,16:00,Odd,Stillman St,Endicott St,0.158522727272727,,False,True,False,True,False,False,False,False,False,False,False,True,False,False,False,True,7/1/2019 10:39:29 AM,NORTH6,0,837
1932,Pearl St,1F,Downtown,00:01,07:00,Even,Congress St,Purchase St,0.259659090909091,,True,True,True,True,True,True,True,True,True,True,True,True,True,True,True,False,2/29/2012 10:06:53 AM,PEARL3,0,1371
1933,North St,1F,Downtown,00:01,07:00,,Congress St,Blackstone St,0.111931818181818,,False,True,True,True,True,True,True,True,True,True,True,True,True,True,True,False,2/29/2012 10:06:53 AM,NORTH8,0,591
1934,North St,1N,North End,12:00,16:00,Even,North Sq,Commercial St,0.270454545454545,,False,False,True,False,True,False,False,False,False,False,False,True,False,False,False,True,7/1/2019 10:40:14 AM,NORTH8,1523,2951
1935,Plympton St,1S,South End,12:00,16:00,Even,Harrison Ave,Albany St,0.157575757575758,,False,False,True,False,True,False,False,False,False,False,True,False,False,False,False,True,3/10/2023 8:44:20 AM,PLYMP1,0,832
1936,Plympton St,1S,South End,12:00,16:00,Odd,Harrison Ave,Albany St,0.157575757575758,,False,True,False,True,False,True,False,False,False,False,True,False,False,False,False,True,3/10/2023 8:44:26 AM,PLYMP1,0,832
1937,Princeton St,9,East Boston,12:00,16:00,Odd,Meridian St,Eagle Sq,0.729166666666667,,False,True,False,True,False,False,False,False,False,True,False,False,False,False,False,False,2/14/2012 8:36:32 AM,PRINC3,0,3850
1938,Princeton St,9,East Boston,12:00,16:00,Even,Meridian St,Eagle Sq,0.729166666666667,,False,False,True,False,True,False,False,False,False,True,False,False,False,False,False,False,2/14/2012 8:36:32 AM,PRINC3,0,3850
1939,Peterborough St,10F,Fenway/Kenmore,12:00,16:00,Odd,Park Dr,Park Dr,0.388068181818182,,False,True,False,True,False,False,False,False,False,True,False,False,False,False,False,False,2/14/2012 8:36:32 AM,PETER2,0,2049
1940,Phipps St,1C,Charlestown,12:00,16:00,Even,Main St,Lawrence St,4.16666666666667E-02,,False,False,True,False,True,False,False,False,False,False,True,False,False,False,False,False,2/14/2012 8:36:32 AM,PHIPP1,0,220
1941,North St,1N,North End,12:00,16:00,Odd,North Sq,Commercial St,0.270454545454545,,False,True,False,True,False,False,False,False,False,False,False,True,False,False,False,True,7/1/2019 10:40:07 AM,NORTH8,1523,2951
1942,North St,1N,North End,08:00,12:00,Even,Cross St,Richmond St,7.29166666666667E-02,,False,False,True,False,True,False,False,False,True,False,False,False,False,False,False,True,2/14/2012 8:36:32 AM,NORTH8,1008,1393
1943,North St,1N,North End,08:00,12:00,Odd,Cross St,Richmond St,7.29166666666667E-02,,False,True,False,True,False,False,False,False,True,False,False,False,False,False,False,True,2/14/2012 8:36:32 AM,NORTH8,1008,1393
1944,Norton St,3,North Dorchester,12:00,16:00,Even,Richfield St,Bowdoin St,0.169886363636364,,False,False,True,False,True,False,False,False,False,False,False,True,False,False,False,False,2/14/2012 8:36:32 AM,NORTO2,0,897
1945,Pembroke St,1S,South End,08:00,12:00,Even,Tremont St,Columbus Ave,0.174242424242424,,False,False,True,False,True,False,False,False,False,True,False,False,False,False,False,True,2/14/2012 8:36:32 AM,PEMBR1,0,920
1946,Pembroke St,1S,South End,08:00,12:00,Odd,Tremont St,Columbus Ave,0.174242424242424,,False,True,False,True,False,True,False,False,False,True,False,False,False,False,False,True,2/14/2012 8:36:32 AM,PEMBR1,0,920
1947,Penhallow St,7,South Dorchester,08:00,12:00,Even,Melville Ave,Mather St,6.47727272727273E-02,,False,False,True,False,True,False,False,False,False,True,False,False,False,False,False,False,11/19/2019 10:11:07 AM,PENHA1,0,342
1948,Norton St,3,North Dorchester,12:00,16:00,Odd,Richfield St,Bowdoin St,0.169886363636364,,False,True,False,True,False,False,False,False,False,False,False,True,False,False,False,False,2/14/2012 8:36:32 AM,NORTO2,0,897
1949,Norton St,3,North Dorchester,08:00,12:00,Even,Bowdoin St,Speedwell St,0.105681818181818,,False,False,True,False,True,False,False,False,False,True,False,False,False,False,False,False,6/13/2013 3:33:52 PM,NORTO2,897,1455
1950,Newbury St,10F,Fenway/Kenmore,12:00,16:00,Odd,Charlesgate West,Brookline Ave,0.238257575757576,,False,True,False,True,False,False,False,False,False,True,False,False,False,False,False,False,2/14/2012 8:36:32 AM,NEWBU3,0,1258
1951,Penhallow St,7,South Dorchester,08:00,12:00,Odd,Melville Ave,Mather St,6.47727272727273E-02,,False,True,False,True,False,False,False,False,False,True,False,False,False,False,False,False,11/19/2019 10:10:58 AM,PENHA1,0,342
1952,Penniman Rd,4,Allston/Brighton,08:00,12:00,Even,Braintree St,Hano St,0.125,,False,False,True,False,True,False,False,True,False,False,False,False,False,False,False,False,2/14/2012 8:36:32 AM,PENNI1,0,660
1953,Norton St,3,North Dorchester,12:00,16:00,Odd,Bowdoin St,Speedwell St,0.105681818181818,,False,True,False,True,False,False,False,False,False,True,False,False,False,False,False,False,6/13/2013 3:33:43 PM,NORTO2,897,1455
1954,Norway St,10F,Fenway/Kenmore,12:00,16:00,Even,Edgerly Rd,Hemenway St,9.90530303030303E-02,,False,False,True,False,True,False,False,False,False,True,False,False,False,False,False,False,2/14/2012 8:36:32 AM,NORWA2,0,523
1955,Penniman Rd,4,Allston/Brighton,08:00,12:00,Odd,Braintree St,Hano St,0.125,,False,True,False,True,False,False,False,True,False,False,False,False,False,False,False,False,2/14/2012 8:36:32 AM,PENNI1,0,660
1956,Norway St,10F,Fenway/Kenmore,12:00,16:00,Odd,Edgerly Rd,Hemenway St,9.90530303030303E-02,,False,True,False,True,False,False,False,False,False,True,False,False,False,False,False,False,2/14/2012 8:36:32 AM,NORWA2,0,523
1957,Norwell St,7,South Dorchester,12:00,16:00,Even,Park St,Talbot Ave,0.191477272727273,,False,False,True,False,True,False,False,False,False,True,False,False,False,False,False,False,2/14/2012 8:36:32 AM,NORWE1,2969,3980
1958,Norwell St,7,South Dorchester,12:00,16:00,Odd,Park St,Talbot Ave,0.191477272727273,,False,True,False,True,False,False,False,False,False,True,False,False,False,False,False,False,2/14/2012 8:36:32 AM,NORWE1,2969,3980
1959,Chester Park,1S,South End,12:00,16:00,Even,Tremont St,Shawmut Ave,0.179734848484848,,False,True,True,True,True,True,False,False,False,False,True,False,False,False,False,True,2/29/2012 10:06:53 AM,MASSA3,5196,6145
1960,Niles St,4,Allston/Brighton,12:00,16:00,Even,Parsons St,Dead End,5.37878787878788E-02,,False,False,True,False,True,False,False,False,True,False,False,False,False,False,False,False,2/14/2012 8:36:32 AM,NILES1,0,284
1961,Nottingham St,3,North Dorchester,12:00,16:00,Even,Bowdoin Ave,Bullard St,0.130113636363636,,False,False,True,False,True,False,False,False,False,True,False,False,False,False,False,False,6/13/2013 4:07:08 PM,NOTTI1,0,687
1962,Nottingham St,3,North Dorchester,12:00,16:00,Odd,Bowdoin Ave,Bullard St,0.130113636363636,,False,True,False,True,False,False,False,False,False,True,False,False,False,False,False,False,6/13/2013 4:07:02 PM,NOTTI1,0,687
1963,Nashua St,1W,West End,00:01,07:00,,Charles St,Cotting St,0.362878787878788,,False,True,True,True,True,True,True,True,True,True,True,True,True,True,True,False,2/29/2012 10:06:53 AM,NASHU1,0,1916
1964,O St,5,South Boston,09:00,13:00,Even,East Broadway,Columbia Rd,0.269886363636364,,False,False,True,False,True,False,False,False,False,True,False,False,False,False,False,False,2/14/2012 8:36:32 AM,O ST 1,919,2344
1965,Paul Gore St,2,Jamaica Plain,08:00,12:00,Odd,Centre St,Lamartine St,0.379545454545455,,False,True,False,True,False,False,False,True,False,False,False,False,False,False,False,False,2/14/2012 8:36:32 AM,PAUL 1,0,2004
1966,O St,5,South Boston,09:00,13:00,Odd,East Broadway,Columbia Rd,0.269886363636364,,False,True,False,True,False,False,False,False,False,True,False,False,False,False,False,False,2/14/2012 8:36:32 AM,O ST 1,919,2344
1967,O St,5,South Boston,13:00,17:00,Odd,East First St,East Broadway,0.17405303030303,,False,True,False,True,False,False,False,False,False,False,False,True,False,False,False,False,3/31/2017 8:39:03 AM,O ST 1,0,919
1968,O St,5,South Boston,13:00,17:00,Even,East First St,East Broadway,0.17405303030303,,False,False,True,False,True,False,False,False,False,False,False,True,False,False,False,False,3/31/2017 8:38:57 AM,O ST 1,0,919
1969,Oak Square Ave,4,Allston/Brighton,08:00,12:00,Even,Washington St,Faneuil St,0.189393939393939,,False,False,True,False,True,False,False,False,True,False,False,False,False,False,False,False,2/14/2012 8:36:32 AM,OAK S1,0,1000
1970,Prospect St,1C,Charlestown,12:00,16:00,Odd,Lowney Way,Tremont St,0.122348484848485,,False,True,False,True,False,False,False,False,False,True,False,False,False,False,False,False,2/14/2012 8:36:32 AM,PROSP4,0,646
1971,Paula Rd,7,South Dorchester,12:00,16:00,Odd,Clearwater Dr,Dead End,0.040530303030303,,False,True,False,True,False,False,False,False,False,False,True,False,False,False,False,False,2/14/2012 8:36:32 AM,PAULA1,0,214
1972,Preble St,5,South Boston,09:00,13:00,Odd,Dorchester Ave,Old Colony Ave,0.224810606060606,,False,True,False,True,False,False,False,False,True,False,False,False,False,False,False,False,3/15/2019 9:16:12 AM,PREBL1,0,1187
1973,Pompeii St,10R,Roxbury,12:00,16:00,Odd,Massachusetts Ave,Allerton St,9.92424242424242E-02,,False,True,False,True,False,False,False,False,True,False,False,False,False,False,False,False,2/29/2012 10:06:53 AM,POMPE1,0,524
1974,Oak Square Ave,4,Allston/Brighton,08:00,12:00,Odd,Washington St,Faneuil St,0.189393939393939,,False,True,False,True,False,False,False,False,True,False,False,False,False,False,False,False,2/14/2012 8:36:32 AM,OAK S1,0,1000
1975,Oak St,1T,Chinatown,08:00,12:00,Even,Washington St,Tyler St,0.114583333333333,,False,True,False,True,False,False,False,True,False,False,False,False,False,False,True,False,7/18/2024 10:20:21 AM,OAK S2,0,605
1976,Nixon St,7,South Dorchester,12:00,16:00,Odd,Centre St,Mather St,0.132765151515152,,False,True,False,True,False,False,False,False,False,True,False,False,False,False,False,False,2/14/2012 8:36:32 AM,NIXON1,0,701
1977,Nixon St,7,South Dorchester,12:00,16:00,Even,Centre St,Mather St,0.132765151515152,,False,False,True,False,True,False,False,False,False,True,False,False,False,False,False,False,2/14/2012 8:36:32 AM,NIXON1,0,701
1978,Peter Parley Rd,2,Jamaica Plain,08:00,12:00,Even,Washington St,Sigourney St,0.260227272727273,,False,False,True,False,True,False,False,False,False,False,True,False,False,False,False,False,2/14/2012 8:36:32 AM,PETER1,0,1374
1979,Norfolk St,7,South Dorchester,12:00,16:00,Odd,Talbot Ave,Crowell St,0.725378787878788,,False,True,True,True,True,True,False,False,False,False,True,False,False,False,False,False,2/14/2012 8:36:32 AM,NORFO3,0,3830
1980,Oak St,1T,Chinatown,08:00,12:00,Odd,Washington St,Tyler St,0.114583333333333,,True,False,True,False,True,False,False,True,False,False,False,False,False,False,True,False,7/18/2024 10:18:58 AM,OAK S2,0,605
1981,Oak St,1C,Charlestown,12:00,16:00,Even,Main St,Russell St,8.65530303030303E-02,,False,False,True,False,True,False,False,False,False,False,False,True,False,False,False,False,2/14/2012 8:36:32 AM,OAK S3,0,457
1982,Oak St,1C,Charlestown,12:00,16:00,Odd,Main St,Russell St,8.65530303030303E-02,,False,True,False,True,False,False,False,False,False,False,False,True,False,False,False,False,2/14/2012 8:36:32 AM,OAK S3,0,457
1983,Oakhurst St,7,South Dorchester,08:00,12:00,Even,Boyden St,Lyford St,0.108143939393939,,False,False,True,False,True,False,False,False,False,False,False,True,False,False,False,False,2/14/2012 8:36:32 AM,OAKHU1,0,571
1984,Pequot St,10M,Mission Hill,12:00,16:00,Odd,Calumet St,Wait St,3.93939393939394E-02,,False,True,False,True,False,False,False,True,False,False,False,False,False,False,False,False,2/29/2012 10:06:53 AM,PEQUO1,0,208
1985,Newbury St,10F,Fenway/Kenmore,12:00,16:00,Even,Charlesgate West,Brookline Ave,0.238257575757576,,False,False,True,False,True,False,False,False,False,True,False,False,False,False,False,False,2/14/2012 8:36:32 AM,NEWBU3,0,1258
1986,Oakhurst St,7,South Dorchester,08:00,12:00,Odd,Boyden St,Lyford St,0.108143939393939,,False,True,False,True,False,False,False,False,False,False,False,True,False,False,False,False,2/14/2012 8:36:32 AM,OAKHU1,0,571
1987,National St,5,South Boston,13:00,17:00,Even,East Fourth St,Thomas Park,9.82954545454545E-02,,False,False,True,False,True,False,False,False,False,False,True,False,False,False,False,False,3/31/2017 8:29:45 AM,NATIO1,0,519
1988,Oakland St,4,Allston/Brighton,08:00,12:00,Even,Washington St,Faneuil St,0.326515151515152,,False,False,True,False,True,False,False,False,True,False,False,False,False,False,False,False,2/14/2012 8:36:32 AM,OAKLA1,0,1724
1989,Oakland St,4,Allston/Brighton,08:00,12:00,Odd,Washington St,Faneuil St,0.326515151515152,,False,True,False,True,False,False,False,False,True,False,False,False,False,False,False,False,2/14/2012 8:36:32 AM,OAKLA1,0,1724
1990,Oakland St,4,Allston/Brighton,08:00,12:00,Even,Washington St,South Hobbart St,0.127083333333333,,False,False,True,False,True,False,False,False,True,False,False,False,False,False,False,False,2/14/2012 8:36:32 AM,OAKLA1,0,671
1991,Oakland St,4,Allston/Brighton,08:00,12:00,Odd,Washington St,South Hobbart St,0.127083333333333,,False,True,False,True,False,False,False,False,True,False,False,False,False,False,False,False,2/14/2012 8:36:32 AM,OAKLA1,0,671
1992,Perrin St,10R,Roxbury,08:00,12:00,Even,Moreland St,Waverly St,0.21155303030303,,False,False,True,False,True,False,False,False,True,False,False,False,False,False,False,False,2/14/2012 8:36:32 AM,PERRI1,0,1117
1993,Oakview Ter,2,Jamaica Plain,08:00,12:00,Even,Centre St,Dead End,0.169886363636364,,False,False,True,False,True,False,False,True,False,False,False,False,False,False,False,False,2/14/2012 8:36:32 AM,OAKVI1,0,897
1994,Oakview Ter,2,Jamaica Plain,08:00,12:00,Odd,Centre St,Dead End,0.169886363636364,,False,True,False,True,False,False,False,True,False,False,False,False,False,False,False,False,2/14/2012 8:36:32 AM,OAKVI1,0,897
1995,Oakwood St,7,South Dorchester,08:00,12:00,Odd,Norfolk St,Torrey St,0.12594696969697,,False,True,False,True,False,False,False,False,False,True,False,False,False,False,False,False,2/14/2012 8:36:32 AM,OAKWO1,0,665
1996,Oakwood St,7,South Dorchester,08:00,12:00,Even,Norfolk St,Torrey St,0.12594696969697,,False,False,True,False,True,False,False,False,False,True,False,False,False,False,False,False,2/14/2012 8:36:32 AM,OAKWO1,0,665
1997,Old Colony Ave,99,DCR,12:00,15:00,Odd,Preble Street,Mt Vernon St,0.691477272727273,,False,True,False,False,False,False,False,False,False,False,False,True,False,False,False,False,4/8/2016 12:40:37 PM,OLD C2,0,3651
1999,Old Colony Ave,99,DCR,13:00,17:00,Even,Dorchester Ave,Columbia Rd,0.691477273,,False,True,True,True,True,True,False,True,False,False,False,False,False,False,False,False,4/8/2016 12:30:37 PM,OLD C2,0,3651
2000,Old Colony Ave,99,DCR,13:00,17:00,Odd,Dorchester Ave,Preble St,0.625757576,,False,True,True,True,True,True,False,False,False,False,True,False,False,False,False,False,4/8/2016 12:36:33 PM,OLD C3,0,3304
2001,Old Colony Ter,3,North Dorchester,12:00,16:00,Odd,Savin Hill Ave,Morrissey  William T Blvd,5.51136363636364E-02,,False,True,False,True,False,False,False,True,False,False,False,False,False,False,False,False,6/13/2013 4:17:02 PM,OLD C4,0,291
2002,Old Colony Ter,3,North Dorchester,12:00,16:00,Even,Savin Hill Ave,Morrissey  William T Blvd,5.51136363636364E-02,,False,False,True,False,True,False,False,True,False,False,False,False,False,False,False,False,6/13/2013 4:16:55 PM,OLD C4,0,291
2003,Old Harbor St,5,South Boston,13:00,17:00,Odd,Dorchester St,Columbia Rd,0.309090909090909,,False,True,False,True,False,False,False,False,False,False,True,False,False,False,False,False,3/31/2017 8:30:06 AM,OLD H1,0,1632
2004,Porter St,9,East Boston,08:00,12:00,Even,Havre St,Chelsea St,0.135227272727273,,False,False,True,False,True,False,False,False,False,True,False,False,False,False,False,False,2/14/2012 8:36:32 AM,PORTE2,0,489
2005,Old Harbor St,5,South Boston,13:00,17:00,Even,Dorchester St,Columbia Rd,0.309090909090909,,False,False,True,False,True,False,False,False,False,False,True,False,False,False,False,False,3/31/2017 8:30:00 AM,OLD H1,0,1632
2006,Old Morton St,7,South Dorchester,12:00,16:00,Odd,Morton St,River St,0.216098484848485,,False,True,False,True,False,False,False,False,False,False,True,False,False,False,False,False,2/14/2012 8:36:32 AM,OLD M1,0,1141
2007,Pine St,1T,Chinatown,00:01,07:00,,Washington St,Harrison Ave,8.08712121212121E-02,,True,True,True,True,True,True,True,True,True,True,True,True,True,True,True,False,2/29/2012 10:06:53 AM,PINE 4,0,427
2008,Providence St,1B,Back Bay,00:01,07:00,,Arlington St,Berkeley St,0.129356060606061,,True,True,True,True,True,True,True,True,True,True,True,True,True,True,True,False,2/29/2012 10:06:53 AM,PROVI5,0,683
2009,Prospect St,1C,Charlestown,12:00,16:00,Even,Lowney Way,Tremont St,0.122348484848485,,False,False,True,False,True,False,False,False,False,True,False,False,False,False,False,False,2/14/2012 8:36:32 AM,PROSP4,0,646
2010,Priesing St,2,Jamaica Plain,12:00,16:00,Odd,Mozart St,Chestnut Ave,0.134469696969697,,False,True,False,True,False,False,False,False,True,False,False,False,False,False,False,False,4/23/2019 11:22:47 AM,PRIES1,0,710
2011,Paula Rd,7,South Dorchester,12:00,16:00,Even,Clearwater Dr,Dead End,0.040530303030303,,False,False,True,False,True,False,False,False,False,False,True,False,False,False,False,False,2/14/2012 8:36:32 AM,PAULA1,0,214
2012,Preble St,5,South Boston,09:00,13:00,Even,Dorchester Ave,Old Colony Ave,0.224810606060606,,False,False,True,False,True,False,False,False,True,False,False,False,False,False,False,False,3/15/2019 9:16:07 AM,PREBL1,0,1187
2013,N St,5,South Boston,13:00,17:00,Odd,East Second St,East Broadway,0.114583333333333,,False,False,True,False,True,False,False,False,False,False,False,True,False,False,False,False,2/14/2012 8:36:32 AM,N ST 1,0,605
2014,Old Morton St,7,South Dorchester,12:00,16:00,Even,Morton St,River St,0.216098484848485,,False,False,True,False,True,False,False,False,False,False,True,False,False,False,False,False,2/14/2012 8:36:32 AM,OLD M1,0,1141
2015,Pinckney St,1H,Beacon Hill,08:00,12:00,Odd,Joy St,Charles St,0.289393939393939,,False,True,False,True,False,True,False,False,False,True,False,False,False,False,False,True,3/31/2014 7:50:54 PM,PINCK1,0,1528
2016,Newmarket Sq,1S,South End,00:01,07:00,,Massachusetts Ave,Newmarket Sq,0.146780303030303,,False,True,True,True,True,True,True,True,True,True,True,True,True,True,True,True,2/29/2012 10:06:53 AM,NEWMA2,0,775
2017,Rutherford Ave,1C,Charlestown,08:00,12:00,Even,Union St,New Rutherford Ave,0.159848484848485,,False,False,True,False,True,False,False,False,False,True,False,False,False,False,False,False,2/14/2012 8:36:32 AM,OLD R2,0,844
2018,Newport St,3,North Dorchester,08:00,12:00,Even,Crescent Ave,Harborview St,0.128030303030303,,False,False,True,False,True,False,False,True,False,False,False,False,False,False,False,False,2/14/2012 8:36:32 AM,NEWPO1,0,676
2019,Rutherford Ave,1C,Charlestown,08:00,12:00,Odd,Union St,New Rutherford Ave,0.159848484848485,,False,True,False,True,False,False,False,False,False,True,False,False,False,False,False,False,2/14/2012 8:36:32 AM,OLD R2,0,844
2020,Oldfields Rd,3,North Dorchester,12:00,16:00,Even,Columbia Rd,Wilder St,9.86742424242424E-02,,False,False,True,False,True,False,False,False,False,False,False,True,False,False,False,False,2/29/2012 10:06:53 AM,OLDFI1,0,521
2021,Oldfields Rd,3,North Dorchester,12:00,16:00,Odd,Columbia Rd,Wilder St,9.86742424242424E-02,,False,True,False,True,False,False,False,False,False,False,False,True,False,False,False,False,2/29/2012 10:06:53 AM,OLDFI1,0,521
2022,Oliver St,1F,Downtown,00:01,07:00,,Milk St,Purchase St,0.205492424242424,,True,True,True,True,True,True,True,True,True,True,True,True,True,True,True,False,2/29/2012 10:06:53 AM,OLIVE1,0,1085
2023,Olney St,3,North Dorchester,12:00,16:00,Even,Bowdoin St,Rosseter St,0.405681818181818,,False,False,True,False,True,False,False,False,False,True,False,False,False,False,False,False,6/13/2013 3:46:39 PM,OLNEY1,0,2142
2024,Olney St,3,North Dorchester,12:00,16:00,Odd,Bowdoin St,Rosseter St,0.405681818181818,,False,True,False,True,False,False,False,False,False,True,False,False,False,False,False,False,6/13/2013 3:46:32 PM,OLNEY1,0,2142
2025,Pearl St,1C,Charlestown,08:00,12:00,Odd,High St,Bunker Hill St,0.151515151515152,,False,True,False,True,False,False,False,False,False,False,False,True,False,False,False,False,2/14/2012 8:36:32 AM,PEARL1,0,800
2026,Opera Pl,10F,Fenway/Kenmore,12:00,16:00,Even,Huntington Ave,St Stephen St,4.45075757575758E-02,,False,False,True,False,True,False,False,False,False,True,False,False,False,False,False,False,2/14/2012 8:36:32 AM,OPERA1,0,235
2027,Paulding St,10R,Roxbury,12:00,16:00,Even,Dale St,Dead End,3.57954545454545E-02,,False,False,True,False,True,False,False,False,True,False,False,False,False,False,False,False,2/29/2012 10:06:53 AM,PAULD1,0,189
2028,Opera Pl,10F,Fenway/Kenmore,12:00,16:00,Odd,Huntington Ave,St Stephen St,4.45075757575758E-02,,False,True,False,True,False,False,False,False,False,True,False,False,False,False,False,False,2/14/2012 8:36:32 AM,OPERA1,0,235
2029,Ophir St,2,Jamaica Plain,08:00,12:00,Odd,Washington St,Brookside Ave,0.109848484848485,,False,True,False,True,False,False,False,True,False,False,False,False,False,False,False,False,2/14/2012 8:36:32 AM,OPHIR1,0,580
2030,Pequot St,10M,Mission Hill,12:00,16:00,Even,Calumet St,Wait St,3.93939393939394E-02,,False,False,True,False,True,False,False,True,False,False,False,False,False,False,False,False,2/29/2012 10:06:53 AM,PEQUO1,0,208
2031,Ophir St,2,Jamaica Plain,08:00,12:00,Even,Washington St,Brookside Ave,0.109848484848485,,False,False,True,False,True,False,False,True,False,False,False,False,False,False,False,False,2/14/2012 8:36:32 AM,OPHIR1,0,580
2034,Orchardfield St,3,North Dorchester,12:00,16:00,Even,Dorchester Ave,Freeport St,0.161742424242424,,False,False,True,False,True,False,False,False,False,False,False,True,False,False,False,False,2/14/2012 8:36:32 AM,ORCHA5,0,854
2035,Orchardfield St,3,North Dorchester,12:00,16:00,Odd,Dorchester Ave,Freeport St,0.161742424242424,,False,True,False,True,False,False,False,False,False,False,False,True,False,False,False,False,2/14/2012 8:36:32 AM,ORCHA5,0,854
2036,Orkney Rd,4,Allston/Brighton,08:00,12:00,Even,Strathmore Rd,Sutherland Rd,0.163068181818182,,False,False,True,False,True,False,False,False,False,True,False,False,False,False,False,False,2/14/2012 8:36:32 AM,ORKNE1,0,861
2037,Orkney Rd,4,Allston/Brighton,08:00,12:00,Odd,Strathmore Rd,Sutherland Rd,0.163068181818182,,False,True,False,True,False,False,False,False,False,True,False,False,False,False,False,False,2/14/2012 8:36:32 AM,ORKNE1,0,861
2038,Orleans St,9,East Boston,08:00,12:00,Odd,Marginal St,Maverick St,0.207575757575758,,False,True,False,True,False,False,False,False,False,False,True,False,False,False,False,False,2/14/2012 8:36:32 AM,ORLEA1,0,1096
2039,Orleans St,9,East Boston,08:00,12:00,Even,Marginal St,Maverick St,0.207575757575758,,False,False,True,False,True,False,False,False,False,False,True,False,False,False,False,False,2/14/2012 8:36:32 AM,ORLEA1,0,1096
2040,Orleans St,9,East Boston,08:00,12:00,Even,Maverick St,Porter St,0.240719696969697,,False,False,True,False,True,False,False,False,False,False,True,False,False,False,False,False,2/14/2012 8:36:32 AM,ORLEA1,1096,2367
2041,Orleans St,9,East Boston,08:00,12:00,Odd,Maverick St,Porter St,0.240719696969697,,False,True,False,True,False,False,False,False,False,False,True,False,False,False,False,False,2/14/2012 8:36:32 AM,ORLEA1,1096,2367
2042,Ormond St,7,South Dorchester,08:00,12:00,Even,Wellington Hill St,Wellington Hill St,0.352462121212121,,False,False,True,False,True,False,False,False,True,False,False,False,False,False,False,False,2/14/2012 8:36:32 AM,ORMON1,0,1861
2043,Parmenter St,1N,North End,08:00,12:00,Even,Hanover St,Salem St,0.059280303030303,,False,False,True,False,True,False,False,False,True,False,False,False,False,False,False,True,2/14/2012 8:36:32 AM,PARME1,0,313
2044,Ormond St,7,South Dorchester,08:00,12:00,Odd,Wellington Hill St,Wellington Hill St,0.352462121212121,,False,True,False,True,False,False,False,False,True,False,False,False,False,False,False,False,2/14/2012 8:36:32 AM,ORMON1,0,1861
2045,Oscar St,10M,Mission Hill,08:00,12:00,Odd,Terrace St,Parker St,5.15151515151515E-02,,False,True,False,True,False,False,False,False,False,True,False,False,False,False,False,False,4/5/2018 1:34:55 PM,OSCAR1,0,272
2046,Oscar St,10M,Mission Hill,08:00,12:00,Even,Terrace St,Parker St,5.15151515151515E-02,,False,False,True,False,True,False,False,True,False,False,False,False,False,False,False,False,2/29/2012 10:06:53 AM,OSCAR1,0,272
2047,Puritan Ave,3,North Dorchester,12:00,16:00,Odd,Richfield St,Dead End,0.163068181818182,,False,True,False,True,False,False,False,False,False,True,False,False,False,False,False,False,6/13/2013 3:44:04 PM,PURIT1,0,861
2048,Providence St,1B,Back Bay,00:01,07:00,,Arlington St,Berkeley St,0.129356060606061,,True,True,True,True,True,True,True,True,True,True,True,True,True,True,True,False,2/29/2012 10:06:53 AM,PROVI5,0,683
2049,Province St,1F,Downtown,00:01,07:00,,School St,Bromfield St,7.95454545454545E-02,,False,True,True,True,True,True,True,True,True,True,True,True,True,True,True,False,2/29/2012 10:06:53 AM,PROVI3,0,420
2050,Prescott St,1C,Charlestown,08:00,12:00,Odd,Main St,Washington St,8.90151515151515E-02,,False,True,False,True,False,False,False,False,False,True,False,False,False,False,False,False,2/14/2012 8:36:32 AM,PRESC1,0,470
2051,Pompeii St,10R,Roxbury,12:00,16:00,Even,Massachusetts Ave,Allerton St,9.92424242424242E-02,,False,False,True,False,True,False,False,False,True,False,False,False,False,False,False,False,2/29/2012 10:06:53 AM,POMPE1,0,524
2052,Newbury St,1B,Back Bay,00:00,07:00,Even,Arlington St,Massachusetts Ave,0.928219696969697,,True,True,True,True,True,True,False,True,False,False,False,False,False,False,True,False,4/3/2019 8:13:46 AM,NEWBU4,0,4901
2053,Norfolk St,7,South Dorchester,12:00,16:00,Even,Talbot Ave,Crowell St,0.725378787878788,,False,True,True,True,True,True,False,False,False,False,True,False,False,False,False,False,2/14/2012 8:36:32 AM,NORFO3,0,3830
2054,Percival St,3,North Dorchester,08:00,12:00,Even,Bowdoin St,Dead End,0.229356060606061,,False,False,True,False,True,False,False,False,False,False,True,False,False,False,False,False,2/14/2012 8:36:32 AM,PERCI1,0,1211
2055,Oswald St,10M,Mission Hill,12:00,16:00,Even,Calumet St,Hillside St,6.23106060606061E-02,,False,False,True,False,True,False,False,True,False,False,False,False,False,False,False,False,2/29/2012 10:06:53 AM,OSWAL1,0,329
2056,Perkins St,1C,Charlestown,08:00,12:00,Odd,Brighton St,Somerville Town Line,5.60606060606061E-02,,False,False,True,False,True,False,False,False,False,False,True,False,False,False,False,False,2/29/2012 10:06:53 AM,PERKI2,115,411
2057,Peters St,5,South Boston,09:00,13:00,Odd,East Sixth St,East Seventh St,5.70075757575758E-02,,False,True,False,True,False,False,False,False,False,True,False,False,False,False,False,False,2/14/2012 8:36:32 AM,PETER3,0,301
2058,Perkins St,1C,Charlestown,08:00,12:00,Even,Brighton St,Somerville Town Line,5.60606060606061E-02,,False,True,False,True,False,False,False,False,False,False,True,False,False,False,False,False,2/29/2012 10:06:53 AM,PERKI2,115,411
2059,Perkins St,2,Jamaica Plain,08:00,12:00,Even,Centre St,South Huntington Ave,0.148106060606061,,False,True,True,True,True,True,False,False,False,True,False,False,False,False,False,False,2/14/2012 8:36:32 AM,PERKI3,0,782
2060,Phillips St,1H,Beacon Hill,08:00,12:00,Even,Irving St,West Cedar St,0.18844696969697,,False,False,True,False,True,False,False,False,False,True,False,False,False,False,False,True,2/14/2012 8:36:32 AM,PHILL2,0,995
2061,Oswald St,10M,Mission Hill,12:00,16:00,Odd,Calumet St,Hillside St,6.23106060606061E-02,,False,True,False,True,False,False,False,True,False,False,False,False,False,False,False,False,2/29/2012 10:06:53 AM,OSWAL1,0,329
2062,Otis St,1F,Downtown,00:01,07:00,,Devonshire St,Summer St,0.090719696969697,,True,True,True,True,True,True,True,True,True,True,True,True,True,True,True,False,2/29/2012 10:06:53 AM,OTIS 2,0,479
2063,Niles St,4,Allston/Brighton,12:00,16:00,Odd,Parsons St,Dead End,5.37878787878788E-02,,False,True,False,True,False,False,False,False,True,False,False,False,False,False,False,False,2/14/2012 8:36:32 AM,NILES1,0,284
2064,Otisfield St,10R,Roxbury,08:00,12:00,Even,Gaston St,Blue Hill Ave,9.54545454545455E-02,,False,False,True,False,True,False,False,False,False,False,False,True,False,False,False,False,2/14/2012 8:36:32 AM,OTISF1,0,504
2065,Otisfield St,10R,Roxbury,08:00,12:00,Odd,Gaston St,Blue Hill Ave,9.54545454545455E-02,,False,True,False,True,False,False,False,False,False,False,False,True,False,False,False,False,2/14/2012 8:36:32 AM,OTISF1,0,504
2066,Outlook Rd,7,South Dorchester,08:00,12:00,Odd,Ormond St,Hillsboro Rd,0.146590909090909,,False,True,False,True,False,False,False,False,True,False,False,False,False,False,False,False,2/14/2012 8:36:32 AM,OUTLO1,0,774
2067,Outlook Rd,7,South Dorchester,08:00,12:00,Even,Ormond St,Hillsboro Rd,0.146590909090909,,False,False,True,False,True,False,False,False,True,False,False,False,False,False,False,False,2/14/2012 8:36:32 AM,OUTLO1,0,774
2068,Overland St,10F,Fenway/Kenmore,12:00,16:00,Even,Brookline Ave,Dead End,8.04924242424242E-02,,False,False,True,False,True,False,False,False,False,True,False,False,False,False,False,False,2/14/2012 8:36:32 AM,OVERL1,0,425
2069,Newcroft Cr,7,South Dorchester,12:00,16:00,Even,River St,River St,0.140530303030303,,False,False,True,False,True,False,False,False,False,False,True,False,False,False,False,False,2/14/2012 8:36:32 AM,NEWCR1,0,742
2070,Overland St,10F,Fenway/Kenmore,12:00,16:00,Odd,Brookline Ave,Dead End,8.04924242424242E-02,,False,True,False,True,False,False,False,False,False,True,False,False,False,False,False,False,2/14/2012 8:36:32 AM,OVERL1,0,425
2071,Owen St,7,South Dorchester,12:00,16:00,Even,Morton St,Tiverton Rd,0.0625,,False,False,True,False,True,False,False,False,False,False,True,False,False,False,False,False,2/14/2012 8:36:32 AM,OWEN 1,0,330
2072,Nightingale St,3,North Dorchester,12:00,16:00,Even,Bernard St,Talbot Ave,0.289772727272727,,False,False,True,False,True,False,False,False,True,False,False,False,False,False,False,False,2/14/2012 8:36:32 AM,NIGHT1,0,1530
2073,Newcroft Cr,7,South Dorchester,12:00,16:00,Odd,River St,River St,0.140530303030303,,False,True,False,True,False,False,False,False,False,False,True,False,False,False,False,False,2/14/2012 8:36:32 AM,NEWCR1,0,742
2074,Owen St,7,South Dorchester,12:00,16:00,Odd,Morton St,Tiverton Rd,0.0625,,False,True,False,True,False,False,False,False,False,False,True,False,False,False,False,False,2/14/2012 8:36:32 AM,OWEN 1,0,330
2075,P St,5,South Boston,09:00,13:00,Even,East Broadway,Columbia Rd,0.219507575757576,,False,False,True,False,True,False,False,False,False,True,False,False,False,False,False,False,2/14/2012 8:36:32 AM,P ST 1,914,2073
2076,Norfolk St,10R,Roxbury,08:00,12:00,Even,Highland St,Lambert Ave,0.11969696969697,,False,False,True,False,True,False,False,False,True,False,False,False,False,False,False,False,2/14/2012 8:36:32 AM,NORFO4,0,632
2077,Perkins St,99,DCR,12:00,15:00,Odd,Centre St,Brookline Town Line,0.988636363636364,,False,False,True,False,False,False,False,False,False,False,True,False,False,False,False,False,2/29/2012 10:06:53 AM,PERKI3,0,5220
2078,Pleasant St,3,North Dorchester,12:00,16:00,Odd,East Cottage St,Hancock St,0.627651515151515,,False,True,False,True,False,False,False,False,False,False,False,True,False,False,False,False,2/14/2012 8:36:32 AM,PLEAS3,0,3314
2079,P St,5,South Boston,09:00,13:00,Odd,East Broadway,Columbia Rd,0.219507575757576,,False,True,False,True,False,False,False,False,False,True,False,False,False,False,False,False,2/14/2012 8:36:32 AM,P ST 1,914,2073
2080,P St,5,South Boston,13:00,17:00,Odd,East First St,East Broadway,0.173106060606061,,False,True,False,True,False,False,False,False,False,False,False,True,False,False,False,False,3/31/2017 8:39:28 AM,P ST 1,0,914
2081,Pearl St,1C,Charlestown,08:00,12:00,Even,Bunker Hill St,Medford St,0.132575757575758,,False,False,True,False,True,False,False,False,False,False,True,False,False,False,False,False,2/14/2012 8:36:32 AM,PEARL1,800,1500
2082,New Chardon St,1W,West End,00:01,07:00,,Cambridge St,North Washington St,0.313825757575758,,True,True,True,True,True,True,True,True,True,True,True,True,True,True,True,False,2/29/2012 10:06:53 AM,NEW C1,0,1657
2083,Pleasant St,3,North Dorchester,12:00,16:00,Even,East Cottage St,Hancock St,0.627651515151515,,False,False,True,False,True,False,False,False,False,False,False,True,False,False,False,False,2/14/2012 8:36:32 AM,PLEAS3,0,3314
2084,P St,5,South Boston,13:00,17:00,Even,East First St,East Broadway,0.173106060606061,,False,False,True,False,True,False,False,False,False,False,False,True,False,False,False,False,3/31/2017 8:39:20 AM,P ST 1,0,914
2085,Pacific St,5,South Boston,13:00,17:00,Odd,East Fourth St,Thomas Park,6.23106060606061E-02,,False,True,False,True,False,False,False,False,False,False,True,False,False,False,False,False,3/31/2017 8:29:25 AM,PACIF1,0,329
2086,Pacific St,5,South Boston,13:00,17:00,Even,East Fourth St,Thomas Park,6.23106060606061E-02,,False,False,True,False,True,False,False,False,False,False,True,False,False,False,False,False,3/31/2017 8:29:19 AM,PACIF1,0,329
2087,Pleasant St,1C,Charlestown,08:00,12:00,Odd,Main St,Monument Sq,0.153219696969697,,False,True,False,True,False,False,False,False,False,True,False,False,False,False,False,False,2/14/2012 8:36:32 AM,PLEAS4,0,809
2088,Prince St,1N,North End,08:00,12:00,Odd,North Sq,Hanover St,3.01136363636364E-02,,False,True,False,True,False,False,False,False,True,False,False,False,False,False,False,True,2/14/2012 8:36:32 AM,PRINC2,0,159
2089,Palmer St,10R,Roxbury,12:00,16:00,Odd,Washington St,Harrison Ave,7.12121212121212E-02,,False,True,False,True,False,False,False,False,False,False,True,False,False,False,False,True,3/24/2020 12:33:47 PM,PALME1,0,376
2090,Paris St,9,East Boston,12:00,16:00,Even,George R. Visconti Rd,Bennington St,0.360416666666667,,False,False,True,False,True,False,False,False,False,True,False,False,False,False,False,False,2/14/2012 8:36:32 AM,PARIS1,0,1903
2091,Paris St,9,East Boston,12:00,16:00,Odd,George R. Visconti Rd,Bennington St,0.360416666666667,,False,True,False,True,False,False,False,False,False,True,False,False,False,False,False,False,2/14/2012 8:36:32 AM,PARIS1,0,1903
2092,Paris St,9,East Boston,08:00,12:00,Even,Sumner St,Meridian St,0.356439393939394,,False,False,True,False,True,False,False,False,False,True,False,False,False,False,False,False,2/14/2012 8:36:32 AM,PARIS2,0,832
2093,Paris St,9,East Boston,08:00,12:00,Odd,Sumner St,Meridian St,0.356439393939394,,False,True,False,True,False,False,False,False,False,True,False,False,False,False,False,False,2/14/2012 8:36:32 AM,PARIS2,0,832
2094,Perth St,3,North Dorchester,12:00,16:00,Odd,Fayston St,Quincy St,4.86742424242424E-02,,False,True,False,True,False,False,False,False,False,True,False,False,False,False,False,False,6/13/2013 3:53:19 PM,PERTH1,0,257
2095,Potosi St,3,North Dorchester,08:00,12:00,Odd,Percival St,Mount Ida Rd,7.31060606060606E-02,,False,True,False,True,False,False,False,False,False,False,True,False,False,False,False,False,2/14/2012 8:36:32 AM,POTOS1,0,386
2096,Parish St,3,North Dorchester,08:00,12:00,Even,Winter St,Dead End,4.45075757575758E-02,,False,False,True,False,True,False,False,False,False,False,True,False,False,False,False,False,2/14/2012 8:36:32 AM,PARIS3,0,235
2097,Puritan Ave,3,North Dorchester,12:00,16:00,Even,Richfield St,Dead End,0.163068181818182,,False,False,True,False,True,False,False,False,False,True,False,False,False,False,False,False,6/13/2013 3:43:57 PM,PURIT1,0,861
2098,Paulding St,10R,Roxbury,12:00,16:00,Odd,Dale St,Dead End,3.57954545454545E-02,,False,True,False,True,False,False,False,False,True,False,False,False,False,False,False,False,2/29/2012 10:06:53 AM,PAULD1,0,189
2099,Purchase St,1F,Downtown,00:01,07:00,,Summer St,High St,0.409090909090909,,True,True,True,True,True,True,True,True,True,True,True,True,True,True,True,False,2/29/2012 10:06:53 AM,PURCH1,0,2160
2100,Prescott St,9,East Boston,12:00,16:00,Even,East Eagle St,Princeton St,0.129166666666667,,False,True,False,True,False,False,False,False,True,False,False,False,False,False,False,False,2/14/2012 8:36:32 AM,PRESC3,0,682
2101,Prescott St,1C,Charlestown,08:00,12:00,Even,Main St,Washington St,8.90151515151515E-02,,False,False,True,False,True,False,False,False,False,True,False,False,False,False,False,False,2/14/2012 8:36:32 AM,PRESC1,0,470
2102,Percival St,3,North Dorchester,08:00,12:00,Odd,Bowdoin St,Dead End,0.229356060606061,,False,True,False,True,False,False,False,False,False,False,True,False,False,False,False,False,2/14/2012 8:36:32 AM,PERCI1,0,1211
2103,Parish St,3,North Dorchester,08:00,12:00,Odd,Winter St,Dead End,4.45075757575758E-02,,False,True,False,True,False,False,False,False,False,False,True,False,False,False,False,False,2/14/2012 8:36:32 AM,PARIS3,0,235
2104,Park Dr,99,DCR,12:00,15:00,Odd,191 Park Dr,Brookline Ave,0.485227272727273,,False,False,False,True,False,False,False,False,True,False,False,False,False,False,False,False,3/28/2013 11:55:41 AM,PARK 1,2743,5305
2105,Park Dr,99,DCR,08:00,12:00,Both,191 Park Dr,Peterborough St,0.485227272727273,,False,False,False,True,False,False,False,False,True,False,False,False,False,False,False,False,3/28/2013 11:56:49 AM,PARK 1,2743,5305
2106,Parmenter St,1N,North End,08:00,12:00,Odd,Hanover St,Salem St,0.059280303030303,,False,True,False,True,False,False,False,False,True,False,False,False,False,False,False,True,2/14/2012 8:36:32 AM,PARME1,0,313
2107,Navillus Ter,3,North Dorchester,08:00,12:00,Even,Winter St,Dead End,4.75378787878788E-02,,False,False,True,False,True,False,False,False,False,False,True,False,False,False,False,False,2/14/2012 8:36:32 AM,NAVIL1,0,251
2108,Park St,1C,Charlestown,08:00,12:00,Even,Warren St,Common St,7.12121212121212E-02,,False,False,True,False,True,False,False,False,False,True,False,False,False,False,False,False,2/14/2012 8:36:32 AM,PARK 10,391,767
2109,Park St,1C,Charlestown,08:00,12:00,Odd,Warren St,Common St,7.12121212121212E-02,,False,True,False,True,False,False,False,False,False,True,False,False,False,False,False,False,2/14/2012 8:36:32 AM,PARK 10,391,767
2110,Park Vale Ave,4,Allston/Brighton,12:00,16:00,Even,Glenville Ave,Brighton Av,0.174431818181818,,False,False,True,False,True,False,False,False,False,False,True,False,False,False,False,False,2/14/2012 8:36:32 AM,PARK 11,0,921
2111,Park Vale Ave,4,Allston/Brighton,12:00,16:00,Odd,Glenville Ave,Brighton Av,0.174431818181818,,False,True,False,True,False,False,False,False,False,False,True,False,False,False,False,False,2/14/2012 8:36:32 AM,PARK 11,0,921
2112,Park St,7,South Dorchester,08:00,12:00,Even,Dorchester Ave,Washington St,0.626136363636364,,False,True,False,True,False,False,False,False,False,True,False,False,False,False,False,False,7/29/2021 2:01:58 PM,PARK 5,2769,6075
2113,Park St,7,South Dorchester,08:00,12:00,Even,Freeport St,Adams St,0.387121212121212,,False,False,True,False,True,False,False,True,False,False,False,False,False,False,False,False,10/30/2018 2:53:26 PM,PARK 5,0,2044
2114,Navillus Ter,3,North Dorchester,08:00,12:00,Odd,Winter St,Dead End,4.75378787878788E-02,,False,True,False,True,False,False,False,False,False,False,True,False,False,False,False,False,2/14/2012 8:36:32 AM,NAVIL1,0,251
2115,Park St,7,South Dorchester,08:00,12:00,Odd,Freeport St,Adams St,0.387121212121212,,False,True,False,True,False,False,False,True,False,False,False,False,False,False,False,False,10/30/2018 2:53:19 PM,PARK 5,0,2044
2116,Park St,7,South Dorchester,12:00,16:00,Odd,Washington St,Norwell St,0.315530303030303,,False,False,True,False,True,False,False,False,False,True,False,False,False,False,False,False,9/24/2018 11:57:57 AM,PARK 5,6075,7741
2117,Park St,7,South Dorchester,08:00,12:00,Odd,Dorchester Ave,Washington St,0.626136363636364,,False,False,True,False,True,False,False,False,False,True,False,False,False,False,False,False,7/29/2021 2:02:13 PM,PARK 5,2769,6075
2118,Park St,7,South Dorchester,12:00,16:00,Even,Washington St,Norwell St,0.315530303030303,,False,True,False,True,False,False,False,False,False,True,False,False,False,False,False,False,9/24/2018 11:57:48 AM,PARK 5,6075,7741
2119,Portland St,1W,West End,00:01,07:00,,Merrimac St,Causeway St,0.140151515151515,,True,True,True,True,True,True,True,True,True,True,True,True,True,True,True,False,2/29/2012 10:06:53 AM,PORTL1,0,740
2120,Park St,1H,Beacon Hill,00:01,07:00,,Tremont St,Beacon St,0.101136363636364,,False,True,True,True,True,True,True,True,True,True,True,True,True,True,True,True,2/29/2012 10:06:53 AM,PARK 9,0,534
2121,Parker Hill Ave,10M,Mission Hill,12:00,16:00,Even,Huntington Ave,Parker St,0.721401515151515,,False,False,True,False,True,False,False,False,False,True,False,False,False,False,False,False,11/7/2016 8:58:35 AM,PARKE1,0,3809
2122,Parker Hill Ave,10M,Mission Hill,12:00,16:00,Odd,Huntington Ave,Parker St,0.721401515151515,,False,True,False,True,False,False,False,False,False,True,False,False,False,False,False,False,11/7/2016 8:58:23 AM,PARKE1,0,3809
2123,Parker St,10M,Mission Hill,12:00,16:00,Even,Tremont St,Heath St,0.439583333333333,,False,False,True,False,True,False,False,False,False,True,False,False,False,False,False,False,4/13/2017 11:49:54 AM,PARKE3,2979,5300
2124,Parker St,10M,Mission Hill,12:00,16:00,Odd,Tremont St,Heath St,0.439583333333333,,False,True,False,True,False,False,False,False,False,True,False,False,False,False,False,False,4/13/2017 11:49:48 AM,PARKE3,2979,5300
2125,Parker St,10M,Mission Hill,08:00,12:00,Odd,Ward St,Tremont St,0.235795454545455,,False,True,False,True,False,False,False,True,False,False,False,False,False,False,False,False,2/29/2012 10:06:53 AM,PARKE3,1734,2979
2126,Parker St,10M,Mission Hill,08:00,12:00,Even,Ward St,Tremont St,0.235795454545455,,False,False,True,False,True,False,False,True,False,False,False,False,False,False,False,False,2/29/2012 10:06:53 AM,PARKE3,1734,2979
2127,Parker St,1C,Charlestown,08:00,12:00,Even,Perkins St,Cambridge St,0.145643939393939,,False,False,True,False,True,False,False,False,False,False,True,False,False,False,False,False,2/14/2012 8:36:32 AM,PARKE7,0,769
2128,Lorna Rd,7,South Dorchester,12:00,16:00,Odd,Morton St,Dead End,0.359280303030303,,False,True,False,True,False,False,False,False,False,False,True,False,False,False,False,False,2/14/2012 8:36:32 AM,LORNA1,0,1897
2129,Lubec St,9,East Boston,08:00,12:00,Even,Gove St,Porter St,0.11155303030303,,False,False,True,False,True,False,False,False,False,False,True,False,False,False,False,False,2/14/2012 8:36:32 AM,LUBEC1,0,589
2130,Lubec St,9,East Boston,08:00,12:00,Odd,Gove St,Porter St,0.11155303030303,,False,True,False,True,False,False,False,False,False,False,True,False,False,False,False,False,2/14/2012 8:36:32 AM,LUBEC1,0,589
2131,Lucerne St,7,South Dorchester,08:00,12:00,Even,Woodrow Ave,Morton St,0.160227272727273,,False,False,True,False,True,False,False,False,False,True,False,False,False,False,False,False,2/14/2012 8:36:32 AM,LUCER1,1323,2169
2132,Lucerne St,7,South Dorchester,08:00,12:00,Odd,Woodrow Ave,Morton St,0.160227272727273,,False,True,False,True,False,False,False,False,False,True,False,False,False,False,False,False,2/14/2012 8:36:32 AM,LUCER1,1323,2169
2133,Lucerne St,7,South Dorchester,08:00,12:00,Even,Stratton St,Woodrow Ave,0.250568181818182,,False,False,True,False,True,False,False,False,False,False,False,True,False,False,False,False,2/14/2012 8:36:32 AM,LUCER1,0,1323
2134,Lucerne St,7,South Dorchester,08:00,12:00,Odd,Stratton St,Woodrow Ave,0.250568181818182,,False,True,False,True,False,False,False,False,False,False,False,True,False,False,False,False,2/14/2012 8:36:32 AM,LUCER1,0,1323
2135,Lyford St,7,South Dorchester,08:00,12:00,Odd,Woodrow Ave,Stratton St,0.102462121212121,,False,True,False,True,False,False,False,False,False,False,False,True,False,False,False,False,2/14/2012 8:36:32 AM,LYFOR1,0,541
2136,Lyford St,7,South Dorchester,08:00,12:00,Even,Woodrow Ave,Stratton St,0.102462121212121,,False,False,True,False,True,False,False,False,False,False,False,True,False,False,False,False,2/14/2012 8:36:32 AM,LYFOR1,0,541
2137,Lyndeboro St,1C,Charlestown,12:00,16:00,Odd,Essex St,Middlesex St,6.60984848484849E-02,,False,True,False,True,False,False,False,False,False,False,True,False,False,False,False,False,2/14/2012 8:36:32 AM,LYNDE3,0,349
2138,Newmarket Sq,1S,South End,00:01,07:00,,Theodore A. Glynn Way,Newmarket Sq,0.180681818181818,,False,True,True,True,True,True,True,True,True,True,True,True,True,True,True,True,2/29/2012 10:06:53 AM,NEWMA1,0,954
2139,Peterborough St,10F,Fenway/Kenmore,12:00,16:00,Even,Park Dr,Park Dr,0.388068181818182,,False,False,True,False,True,False,False,False,False,True,False,False,False,False,False,False,2/14/2012 8:36:32 AM,PETER2,0,2049
2140,Putnam St,9,East Boston,12:00,16:00,Odd,Princeton St,Chelsea St,0.163868,,False,False,True,False,True,False,False,False,False,True,False,False,False,False,False,False,4/7/2015 3:37:25 PM,PUTNA1,1424,2285
2141,Norfolk St,10R,Roxbury,08:00,12:00,Odd,Highland St,Lambert Ave,0.11969696969697,,False,True,False,True,False,False,False,False,True,False,False,False,False,False,False,False,2/14/2012 8:36:32 AM,NORFO4,0,632
2142,Prescott St,9,East Boston,12:00,16:00,Odd,East Eagle St,Princeton St,0.129166666666667,,False,False,True,False,True,False,False,False,True,False,False,False,False,False,False,False,2/14/2012 8:36:32 AM,PRESC3,0,682
2143,Pond St,3,North Dorchester,12:00,16:00,Odd,Columbia Rd,East Cottage St,0.100189393939394,,False,True,False,True,False,False,False,False,False,False,False,True,False,False,False,False,2/14/2012 8:36:32 AM,POND 6,0,529
2144,Pond St,3,North Dorchester,12:00,16:00,Even,Columbia Rd,East Cottage St,0.100189393939394,,False,False,True,False,True,False,False,False,False,False,False,True,False,False,False,False,2/14/2012 8:36:32 AM,POND 6,0,529
2145,Lyndeboro St,1C,Charlestown,12:00,16:00,Even,Essex St,Middlesex St,6.60984848484849E-02,,False,False,True,False,True,False,False,False,False,False,True,False,False,False,False,False,2/14/2012 8:36:32 AM,LYNDE3,0,349
2146,Newmarket Sq,7,South Dorchester,00:01,07:00,,Southampton St,Newmarket Sq,0.192234848484848,,False,True,True,True,True,True,True,True,True,True,True,True,True,True,True,False,2/29/2012 10:06:53 AM,NEWMA3,0,1015
2147,Lyndhurst St,7,South Dorchester,08:00,12:00,Even,Washington St,Mather St,0.244318181818182,,False,False,True,False,True,False,False,False,False,True,False,False,False,False,False,False,2/14/2012 8:36:32 AM,LYNDH1,0,1290
2148,Newport St,3,North Dorchester,08:00,12:00,Odd,Crescent Ave,Harborview St,0.128030303030303,,False,True,False,True,False,False,False,True,False,False,False,False,False,False,False,False,2/14/2012 8:36:32 AM,NEWPO1,0,676
2149,Lyndhurst St,7,South Dorchester,08:00,12:00,Odd,Washington St,Mather St,0.244318181818182,,False,True,False,True,False,False,False,False,False,True,False,False,False,False,False,False,2/14/2012 8:36:32 AM,LYNDH1,0,1290
2150,Regina Rd,7,South Dorchester,12:00,16:00,Odd,Washington St,Dead End,0.102272727272727,,False,True,False,True,False,False,False,False,False,True,False,False,False,False,False,False,2/14/2012 8:36:32 AM,REGIN1,0,540
2151,Regina Rd,7,South Dorchester,12:00,16:00,Even,Washington St,Dead End,0.102272727272727,,False,False,True,False,True,False,False,False,False,True,False,False,False,False,False,False,2/14/2012 8:36:32 AM,REGIN1,0,540
2152,Remington St,7,South Dorchester,12:00,16:00,Even,Nixon St,Centre St,3.99621212121212E-02,,False,False,True,False,True,False,False,False,False,True,False,False,False,False,False,False,2/14/2012 8:36:32 AM,REMIN1,0,211
2153,Remington St,7,South Dorchester,12:00,16:00,Odd,Nixon St,Centre St,3.99621212121212E-02,,False,True,False,True,False,False,False,False,False,True,False,False,False,False,False,False,2/14/2012 8:36:32 AM,REMIN1,0,211
2154,REV R A BURKE ST,5,South Boston,13:00,17:00,Even,Dorchester St,Mercer St,0.153219696969697,,False,False,True,False,True,False,False,False,False,False,True,False,False,False,False,False,2/14/2012 8:36:32 AM,REV R1,0,809
2155,REV R A BURKE ST,5,South Boston,13:00,17:00,Odd,Dorchester St,Mercer St,0.153219696969697,,False,True,False,True,False,False,False,False,False,False,True,False,False,False,False,False,2/14/2012 8:36:32 AM,REV R1,0,809
2156,Revere St,1H,Beacon Hill,08:00,12:00,Odd,Charles St,David G Mugar Way,6.93181818181818E-02,,False,True,False,True,False,True,False,False,True,False,False,False,False,False,False,True,3/31/2014 2:48:02 PM,REVER2,1191,1557
2157,Revere St,1H,Beacon Hill,08:00,12:00,Odd,Irving St,Charles St,0.225568181818182,,False,True,False,True,False,True,False,False,False,True,False,False,False,False,False,True,3/31/2014 7:50:30 PM,REVER2,0,1191
2158,Rhoades St,7,South Dorchester,12:00,16:00,Even,Blue Hill Ave,Morton St,8.97727272727273E-02,,False,False,True,False,True,False,False,False,True,False,False,False,False,False,False,False,2/14/2012 8:36:32 AM,RHOAD1,0,474
2159,Rhoades St,7,South Dorchester,12:00,16:00,Odd,Blue Hill Ave,Morton St,8.97727272727273E-02,,False,True,False,True,False,False,False,False,True,False,False,False,False,False,False,False,2/14/2012 8:36:32 AM,RHOAD1,0,474
2160,Rich St,7,South Dorchester,12:00,16:00,Even,West Selden St,Delhi St,0.106818181818182,,False,False,True,False,True,False,False,False,False,False,True,False,False,False,False,False,2/14/2012 8:36:32 AM,RICH 1,0,564
2161,Rich St,7,South Dorchester,12:00,16:00,Odd,West Selden St,Delhi St,0.106818181818182,,False,True,False,True,False,False,False,False,False,False,True,False,False,False,False,False,2/14/2012 8:36:32 AM,RICH 1,0,564
2162,Richfield Park,3,North Dorchester,12:00,16:00,Even,Richfield St,Dead End,3.78787878787879E-02,,False,False,True,False,True,False,False,False,False,True,False,False,False,False,False,False,6/13/2013 3:46:04 PM,RICHF1,0,200
2163,Richfield Park,3,North Dorchester,12:00,16:00,Odd,Richfield St,Dead End,3.78787878787879E-02,,False,True,False,True,False,False,False,False,False,True,False,False,False,False,False,False,6/13/2013 3:45:53 PM,RICHF1,0,200
2164,Richfield St,3,North Dorchester,12:00,16:00,Even,Columbia Rd,Olney St,0.358143939393939,,False,False,True,False,True,False,False,False,False,True,False,False,False,False,False,False,6/13/2013 3:43:32 PM,RICHF2,0,1891
2165,Richfield St,3,North Dorchester,12:00,16:00,Odd,Columbia Rd,Olney St,0.358143939393939,,False,True,False,True,False,False,False,False,False,True,False,False,False,False,False,False,6/13/2013 3:43:25 PM,RICHF2,0,1891
2166,Richmond St,1N,North End,08:00,12:00,Even,Dead End,North St,0.147727272727273,,False,False,True,False,True,False,False,False,True,False,False,False,False,False,False,True,2/14/2012 8:36:32 AM,RICHM3,0,780
2167,Richmond St,1N,North End,08:00,12:00,Odd,Dead End,North St,0.147727272727273,,False,True,False,True,False,False,False,False,True,False,False,False,False,False,False,True,2/14/2012 8:36:32 AM,RICHM3,0,780
2168,Richmond St,1N,North End,08:00,12:00,Even,North St,Hanover St,4.73484848484848E-02,,False,False,True,False,True,False,False,False,True,False,False,False,False,False,False,True,2/14/2012 8:36:32 AM,RICHM3,780,1030
2169,Richmond St,1N,North End,08:00,12:00,Odd,North St,Hanover St,4.73484848484848E-02,,False,True,False,True,False,False,False,False,True,False,False,False,False,False,False,True,2/14/2012 8:36:32 AM,RICHM3,780,1030
2170,Verrill St,7,South Dorchester,12:00,16:00,Odd,Morton St,Woolson St,9.92424242424242E-02,,False,True,False,True,False,False,False,False,False,False,True,False,False,False,False,False,2/14/2012 8:36:32 AM,VERRI1,0,524
2171,Verrill St,7,South Dorchester,12:00,16:00,Even,Morton St,Woolson St,9.92424242424242E-02,,False,False,True,False,True,False,False,False,False,False,True,False,False,False,False,False,2/14/2012 8:36:32 AM,VERRI1,0,524
2172,Waltham St,1S,South End,12:00,16:00,Even,Union Park St,Washington St,0.11742424242,,False,False,True,False,True,False,False,False,False,False,True,False,False,False,False,True,3/28/2023 9:48:39 AM,WALTH1,0,620
2173,Wadsworth St,4,Allston/Brighton,08:00,12:00,Odd,Pratt St,Dead End,0.105681818181818,,False,True,False,True,False,False,False,True,False,False,False,False,False,False,False,False,2/14/2012 8:36:32 AM,WADSW1,0,558
2174,Stanwood St,3,North Dorchester,12:00,16:00,Even,Blue Hill Ave,Columbia Rd,0.350757575757576,,False,False,True,False,True,False,False,False,False,True,False,False,False,False,False,False,6/13/2013 4:00:20 PM,STANW1,0,1852
2175,Union St,1F,Downtown,00:01,07:00,,North St,Hanover St,9.62121212121212E-02,,False,True,True,True,True,True,True,True,True,True,True,True,True,True,True,False,2/29/2012 10:06:53 AM,UNION7,0,508
2176,Ridgemont St,4,Allston/Brighton,08:00,12:00,Even,Gordon St,Dead End,0.171401515151515,,False,False,True,False,True,False,False,False,False,False,True,False,False,False,False,False,2/14/2012 8:36:32 AM,RIDGE2,0,905
2177,Ridgemont St,4,Allston/Brighton,08:00,12:00,Odd,Gordon St,Dead End,0.171401515151515,,False,True,False,True,False,False,False,False,False,False,True,False,False,False,False,False,2/14/2012 8:36:32 AM,RIDGE2,0,905
2178,Ridgeview Ave,7,South Dorchester,12:00,16:00,Even,River St,Dead End,0.254734848484849,,False,False,True,False,True,False,False,False,False,False,True,False,False,False,False,False,2/14/2012 8:36:32 AM,RIDGE3,0,1345
2179,Ridgeview Ave,7,South Dorchester,12:00,16:00,Odd,River St,Dead End,0.254734848484849,,False,True,False,True,False,False,False,False,False,False,True,False,False,False,False,False,2/14/2012 8:36:32 AM,RIDGE3,0,1345
2180,Ridgewood St,3,North Dorchester,08:00,12:00,Even,Topliff St,Draper St,0.207954545454545,,False,False,True,False,True,False,False,False,False,True,False,False,False,False,False,False,6/13/2013 3:30:50 PM,RIDGE5,0,1098
2181,Ridgewood St,3,North Dorchester,08:00,12:00,Odd,Topliff St,Draper St,0.207954545454545,,False,True,False,True,False,False,False,False,False,True,False,False,False,False,False,False,6/13/2013 3:30:43 PM,RIDGE5,0,1098
2182,St Martin St,1C,Charlestown,08:00,12:00,Odd,Wellington Pl,Medford St,3.37121212121212E-02,,False,True,False,True,False,False,False,False,False,False,True,False,False,False,False,False,2/14/2012 8:36:32 AM,ST MA4,397,575
2183,Ringgold St,1S,South End,08:00,12:00,Even,Hanson St,Waltham St,4.29924242424242E-02,,False,False,True,False,True,False,False,False,False,False,True,False,False,False,False,True,3/23/2020 1:03:16 PM,RING-1,0,227
2184,Ringgold St,1S,South End,08:00,12:00,Odd,Hanson St,Waltham St,4.29924242424242E-02,,False,True,False,True,False,True,False,False,False,False,True,False,False,False,False,True,8/20/2020 8:12:37 AM,RING-1,0,227
2185,River St,8,Hyde Park,00:01,07:00,Odd,Gordon Ave,Turtle Pond Pkwy,0.935795454545455,,True,True,True,True,True,True,False,True,False,False,False,False,False,False,True,False,2/29/2012 10:06:53 AM,RIVER1,17322,22263
2186,River St,7,South Dorchester,00:01,07:00,Even,Washington St,Blue Hill Ave,1.34393939393939,,True,True,True,True,True,True,False,False,False,False,True,False,False,False,True,False,2/14/2012 8:36:32 AM,RIVER1,0,7096
2187,River St,1H,Beacon Hill,08:00,12:00,Odd,Beacon St,Mt Vernon St,0.120075757575758,,False,True,False,True,False,True,False,False,False,False,True,False,False,False,False,True,4/2/2014 1:28:45 PM,RIVER2,0,634
2188,River St,1H,Beacon Hill,08:00,12:00,Even,Beacon St,Mt Vernon St,0.120075757575758,,False,False,True,False,True,False,False,False,True,False,False,False,False,False,False,True,2/14/2012 8:36:32 AM,RIVER2,0,634
2189,Riverway,99,DCR,12:00,16:00,,Fenway,Huntington Ave,1.0407196969697,,False,False,True,False,False,False,False,False,False,False,True,False,False,False,False,False,7/14/2016 3:49:49 PM,RIVER7,0,5495
2190,Roach St,3,North Dorchester,12:00,16:00,Even,Dorchester Ave,Pleasant St,8.97727272727273E-02,,False,False,True,False,True,False,False,False,False,False,False,True,False,False,False,False,2/14/2012 8:36:32 AM,ROACH1,0,474
2191,Roach St,3,North Dorchester,12:00,16:00,Odd,Dorchester Ave,Pleasant St,8.97727272727273E-02,,False,True,False,True,False,False,False,False,False,False,False,True,False,False,False,False,2/14/2012 8:36:32 AM,ROACH1,0,474
2192,Robinson St,3,North Dorchester,08:00,12:00,Even,Adams St,Draper St,0.168939393939394,,False,False,True,False,True,False,False,False,False,True,False,False,False,False,False,False,6/13/2013 3:25:27 PM,ROBIN3,0,892
2193,Robinson St,3,North Dorchester,08:00,12:00,Odd,Adams St,Draper St,0.168939393939394,,False,True,False,True,False,False,False,False,False,True,False,False,False,False,False,False,6/13/2013 3:25:05 PM,ROBIN3,0,892
2194,Rockland Ave,10R,Roxbury,12:00,16:00,Even,Rockland St,Dale St,8.93939393939394E-02,,False,False,True,False,True,False,False,False,True,False,False,False,False,False,False,False,2/29/2012 10:06:53 AM,ROCKL1,0,472
2195,Rockland Ave,10R,Roxbury,12:00,16:00,Odd,Rockland St,Dale St,8.93939393939394E-02,,False,True,False,True,False,False,False,False,True,False,False,False,False,False,False,False,2/29/2012 10:06:53 AM,ROCKL1,0,472
2196,Rockland St,10R,Roxbury,12:00,16:00,Even,Sherman St,Dale St,0.28844696969697,,False,False,True,False,True,False,False,False,True,False,False,False,False,False,False,False,2/29/2012 10:06:53 AM,ROCKL2,63,1586
2197,Rockland St,10R,Roxbury,12:00,16:00,Odd,Sherman St,Dale St,0.28844696969697,,False,True,False,True,False,False,False,False,True,False,False,False,False,False,False,False,2/29/2012 10:06:53 AM,ROCKL2,63,1586
2198,Rockledge St,10R,Roxbury,08:00,12:00,Even,Lambert Ave,Thornton St,8.37121212121212E-02,,False,False,True,False,True,False,False,False,True,False,False,False,False,False,False,False,2/14/2012 8:36:32 AM,ROCKL4,0,442
2199,Rockledge St,10R,Roxbury,08:00,12:00,Odd,Lambert Ave,Thornton St,8.37121212121212E-02,,False,True,False,True,False,False,False,False,True,False,False,False,False,False,False,False,2/14/2012 8:36:32 AM,ROCKL4,0,442
2200,Rockmere St,3,North Dorchester,12:00,16:00,Odd,Grampian Way,Caspian Way,6.95075757575758E-02,,False,True,False,True,False,False,False,True,False,False,False,False,False,False,False,False,6/13/2013 4:20:48 PM,ROCKM1,0,367
2201,Rockmere St,3,North Dorchester,12:00,16:00,Even,Grampian Way,Caspian Way,6.95075757575758E-02,,False,False,True,False,True,False,False,True,False,False,False,False,False,False,False,False,6/13/2013 4:20:41 PM,ROCKM1,0,367
2202,Rockville Park,10R,Roxbury,08:00,12:00,Even,Warren St,Dead End,5.39772727272727E-02,,False,False,True,False,True,False,False,False,True,False,False,False,False,False,False,False,2/14/2012 8:36:32 AM,ROCKV3,0,285
2203,Rockville Park,10R,Roxbury,08:00,12:00,Odd,Warren St,Dead End,5.39772727272727E-02,,False,True,False,True,False,False,False,False,True,False,False,False,False,False,False,False,2/14/2012 8:36:32 AM,ROCKV3,0,285
2204,Romsey St,3,North Dorchester,08:00,12:00,Even,Dorchester Ave,Sydney St,0.217992424242424,,False,False,True,False,True,False,False,True,False,False,False,False,False,False,False,False,2/14/2012 8:36:32 AM,ROMSE1,0,1151
2205,Romsey St,3,North Dorchester,08:00,12:00,Odd,Dorchester Ave,Sydney St,0.217992424242424,,False,True,False,True,False,False,False,True,False,False,False,False,False,False,False,False,2/14/2012 8:36:32 AM,ROMSE1,0,1151
2206,St Peter St,2,Jamaica Plain,08:00,12:00,Odd,Paul Gore St,Boylston St,9.92424242424242E-02,,False,True,False,True,False,False,False,True,False,False,False,False,False,False,False,False,2/14/2012 8:36:32 AM,ST PE1,0,524
2207,St Martin St,1C,Charlestown,08:00,12:00,Even,Wellington Pl,Medford St,3.37121212121212E-02,,False,False,True,False,True,False,False,False,False,False,True,False,False,False,False,False,2/14/2012 8:36:32 AM,ST MA4,397,575
2208,St James Ave,1B,Back Bay,00:01,07:00,,Arlington St,Huntington Ave,0.361363636363636,,True,True,True,True,True,True,True,True,True,True,True,True,True,True,True,False,2/29/2012 10:06:53 AM,ST JA1,0,1908
2209,Ronald St,3,North Dorchester,12:00,16:00,Even,Brinsley St,Morse St,3.48484848484849E-02,,False,False,True,False,True,False,False,False,False,False,False,True,False,False,False,False,2/14/2012 8:36:32 AM,RONAL1,0,184
2210,Victoria St,3,North Dorchester,12:00,16:00,Odd,Dorchester Ave,Pleasant St,0.155113636363636,,False,True,False,True,False,False,False,False,False,False,False,True,False,False,False,False,2/14/2012 8:36:32 AM,VICTO2,0,819
2211,Wales St,3,North Dorchester,12:00,16:00,Even,Blue Hill Ave,Talbot Ave,0.416098484848485,,False,False,True,False,True,False,False,False,True,False,False,False,False,False,False,False,2/14/2012 8:36:32 AM,WALES1,0,2197
2212,Upton St,1S,South End,08:00,12:00,Even,Shawmut Ave,Tremont St,0.135227272727273,,False,False,True,False,True,False,False,False,False,False,True,False,False,False,False,True,2/14/2012 8:36:32 AM,UPTON1,0,714
2213,Van Ness St,10F,Fenway/Kenmore,12:00,16:00,Odd,Ipswich St,Kilmarnock St,0.258522727272727,,False,True,False,True,False,False,False,False,False,True,False,False,False,False,False,False,2/14/2012 8:36:32 AM,VAN N1,0,1365
2214,Ronald St,3,North Dorchester,12:00,16:00,Odd,Brinsley St,Morse St,3.48484848484849E-02,,False,True,False,True,False,False,False,False,False,False,False,True,False,False,False,False,2/14/2012 8:36:32 AM,RONAL1,0,184
2215,Ronan St,3,North Dorchester,12:00,16:00,Odd,Bellevue St,Dead End,7.02651515151515E-02,,False,True,False,True,False,False,False,False,False,False,True,False,False,False,False,False,2/14/2012 8:36:32 AM,RONAN1,0,371
2216,Ronan St,3,North Dorchester,12:00,16:00,Even,Bellevue St,Dead End,7.02651515151515E-02,,False,False,True,False,True,False,False,False,False,False,True,False,False,False,False,False,2/14/2012 8:36:32 AM,RONAN1,0,371
2217,Rosedale St,7,South Dorchester,12:00,16:00,Even,Washington St,Whitfield St,0.153787878787879,,False,False,True,False,True,False,False,False,False,True,False,False,False,False,False,False,2/14/2012 8:36:32 AM,ROSED1,0,812
2218,Rosedale St,7,South Dorchester,12:00,16:00,Odd,Washington St,Whitfield St,0.153787878787879,,False,True,False,True,False,False,False,False,False,True,False,False,False,False,False,False,2/14/2012 8:36:32 AM,ROSED1,0,812
2219,Rosemary St,2,Jamaica Plain,08:00,12:00,Odd,South St,Spalding St,9.56439393939394E-02,,False,True,False,True,False,False,False,False,True,False,False,False,False,False,False,False,4/4/2016 1:31:36 PM,ROSEM1,0,505
2220,Rosemary St,2,Jamaica Plain,08:00,12:00,Even,South St,Spalding St,9.56439393939394E-02,,False,False,True,False,True,False,False,False,True,False,False,False,False,False,False,False,5/19/2014 8:04:25 AM,ROSEM1,0,505
2221,Rosseter St,3,North Dorchester,12:00,16:00,Even,Eldon St,Bowdoin Ave,0.418181818181818,,False,False,True,False,True,False,False,False,False,True,False,False,False,False,False,False,6/13/2013 4:05:31 PM,ROSSE2,0,2208
2222,Rosseter St,3,North Dorchester,12:00,16:00,Odd,Eldon St,Bowdoin Ave,0.418181818181818,,False,True,False,True,False,False,False,False,False,True,False,False,False,False,False,False,6/13/2013 4:05:25 PM,ROSSE2,0,2208
2223,Rossmore Rd,2,Jamaica Plain,08:00,12:00,Odd,Washington St,Forest Hills St,0.283901515151515,,False,True,False,True,False,False,False,False,False,False,True,False,False,False,False,False,2/14/2012 8:36:32 AM,ROSSM1,0,1499
2224,Rossmore Rd,2,Jamaica Plain,08:00,12:00,Even,Washington St,Forest Hills St,0.283901515151515,,False,False,True,False,True,False,False,False,False,False,True,False,False,False,False,False,2/14/2012 8:36:32 AM,ROSSM1,0,1499
2225,Round Hill St,2,Jamaica Plain,12:00,16:00,Even,Walden St,Day St,0.291098484848485,,False,False,True,False,True,False,False,False,True,False,False,False,False,False,False,False,6/24/2013 2:14:12 PM,ROUND1,0,1537
2226,Round Hill St,2,Jamaica Plain,12:00,16:00,Odd,Walden St,Day St,0.291098484848485,,False,True,False,True,False,False,False,False,True,False,False,False,False,False,False,False,6/24/2013 2:14:01 PM,ROUND1,0,1537
2227,Roxbury St,10R,Roxbury,08:00,12:00,Odd,Centre St,Elmwood St,0.161174242424242,,False,True,False,True,False,False,False,False,True,False,False,False,False,False,False,False,2/14/2012 8:36:32 AM,ROXBU1,1987,2838
2228,Roxbury St,10R,Roxbury,08:00,12:00,Even,Centre St,Elmwood St,0.161174242424242,,False,False,True,False,True,False,False,False,True,False,False,False,False,False,False,False,2/14/2012 8:36:32 AM,ROXBU1,1987,2838
2229,Royce Rd,4,Allston/Brighton,12:00,16:00,Even,Commonwealth Ave,Brainerd Rd,7.93560606060606E-02,,False,False,True,False,True,False,False,False,False,False,True,False,False,False,False,False,2/14/2012 8:36:32 AM,ROYCE1,0,419
2230,Royce Rd,4,Allston/Brighton,12:00,16:00,Odd,Commonwealth Ave,Brainerd Rd,7.93560606060606E-02,,False,True,False,True,False,False,False,False,False,False,True,False,False,False,False,False,2/14/2012 8:36:32 AM,ROYCE1,0,419
2231,Roys St,2,Jamaica Plain,12:00,16:00,Even,Lamartine St,Chestnut Ave,4.60227272727273E-02,,False,False,True,False,True,False,False,True,False,False,False,False,False,False,False,False,2/14/2012 8:36:32 AM,ROYS 1,0,243
2232,Roys St,2,Jamaica Plain,12:00,16:00,Odd,Lamartine St,Chestnut Ave,4.60227272727273E-02,,False,True,False,True,False,False,False,True,False,False,False,False,False,False,False,False,2/14/2012 8:36:32 AM,ROYS 1,0,243
2233,Rugg Rd,4,Allston/Brighton,08:00,12:00,Even,Cambridge St,Braintree St,0.13219696969697,,False,False,True,False,True,False,False,True,False,False,False,False,False,False,False,False,2/14/2012 8:36:32 AM,RUGG 1,0,698
2234,Rugg Rd,4,Allston/Brighton,08:00,12:00,Odd,Cambridge St,Braintree St,0.13219696969697,,False,True,False,True,False,False,False,True,False,False,False,False,False,False,False,False,2/14/2012 8:36:32 AM,RUGG 1,0,698
2235,Ruggles St,10R,Roxbury,08:00,12:00,Odd,Washington St,Tremont St,0.310227272727273,,False,True,False,True,False,False,False,False,False,True,False,False,False,False,False,False,2/29/2012 10:06:53 AM,RUGGL2,0,2137
2236,Ruggles St,10R,Roxbury,08:00,12:00,Even,Washington St,Tremont St,0.310227272727273,,False,False,True,False,True,False,False,False,False,True,False,False,False,False,False,False,2/29/2012 10:06:53 AM,RUGGL2,0,2137
2237,Russell St,1C,Charlestown,12:00,16:00,Even,Sullivan St,Brookline Town Line,0.254545454545455,,False,False,True,False,True,False,False,False,False,False,False,True,False,False,False,False,2/14/2012 8:36:32 AM,RUSSE1,256,1600
2238,Russell St,1C,Charlestown,12:00,16:00,Odd,Sullivan St,Brookline Town Line,0.254545454545455,,False,True,False,True,False,False,False,False,False,False,False,True,False,False,False,False,2/14/2012 8:36:32 AM,RUSSE1,256,1600
2239,Russell St,1C,Charlestown,08:00,12:00,Even,Pearl St,Sullivan St,4.84848484848485E-02,,False,False,True,False,True,False,False,False,False,False,False,True,False,False,False,False,2/14/2012 8:36:32 AM,RUSSE1,0,256
2240,Russell St,1C,Charlestown,08:00,12:00,Odd,Pearl St,Sullivan St,4.84848484848485E-02,,False,True,False,True,False,False,False,False,False,False,False,True,False,False,False,False,2/14/2012 8:36:32 AM,RUSSE1,0,256
2241,Townsend St,10R,Roxbury,12:00,16:00,Even,Walnut Ave,Quincy St,0.43844696969697,,False,True,False,True,False,False,False,False,False,False,False,True,False,False,False,False,3/25/2020 11:43:52 AM,TOWNS1,1125,3440
2242,Tremont St,1S,South End,05:00,07:00,Odd,Berkeley St,Massachusetts Ave,0.685606060606061,,False,True,True,True,True,True,False,True,False,False,False,False,False,False,True,True,2/29/2012 10:06:53 AM,TREMO1,6230,9850
2243,Ruthven St,10R,Roxbury,08:00,12:00,Even,Walnut Ave,Elm Hill Ave,0.454545454545455,,False,False,True,False,True,False,False,False,False,False,False,True,False,False,False,False,2/14/2012 8:36:32 AM,RUTHV1,0,2400
2244,Victoria St,3,North Dorchester,12:00,16:00,Even,Dorchester Ave,Pleasant St,0.155113636363636,,False,False,True,False,True,False,False,False,False,False,False,True,False,False,False,False,2/14/2012 8:36:32 AM,VICTO2,0,819
2245,Ruthven St,10R,Roxbury,08:00,12:00,Odd,Walnut Ave,Elm Hill Ave,0.454545454545455,,False,True,False,True,False,False,False,False,False,False,False,True,False,False,False,False,2/14/2012 8:36:32 AM,RUTHV1,0,2400
2246,Rutland Sq,1S,South End,08:00,12:00,Odd,Tremont St,Columbus Ave,0.154924242424242,,False,True,False,True,False,True,False,False,False,True,False,False,False,False,False,True,2/14/2012 8:36:32 AM,RUTLA1,0,818
2247,Rutland Sq,1S,South End,08:00,12:00,Even,Tremont St,Columbus Ave,0.154924242424242,,False,False,True,False,True,False,False,False,False,True,False,False,False,False,False,True,2/14/2012 8:36:32 AM,RUTLA1,0,818
2248,Rutland St,1S,South End,08:00,12:00,Even,Washington St,Newland St,0.101515151515152,,False,False,True,False,True,False,False,False,False,False,True,False,False,False,False,True,3/2/2016 9:14:23 AM,RUTLA3,0,536
2249,Rutland St,1S,South End,08:00,12:00,Even,Shawmut Ave,Tremont St,0.160416666666667,,False,False,True,False,True,False,False,False,False,False,True,False,False,False,False,True,2/14/2012 8:36:32 AM,RUTLA3,389,1236
2250,Rutland St,1S,South End,08:00,12:00,Odd,Shawmut Ave,Tremont St,0.160416666666667,,False,True,False,True,False,True,False,False,False,False,True,False,False,False,False,True,8/20/2020 8:16:53 AM,RUTLA3,389,1236
2251,Rutland St,1S,South End,08:00,12:00,Even,Washington St,Shawmut Ave,7.36742424242424E-02,,False,False,True,False,True,False,False,False,False,False,True,False,False,False,False,True,2/14/2012 8:36:32 AM,RUTLA3,0,389
2252,Rutland St,1S,South End,08:00,12:00,Odd,Washington St,Shawmut Ave,7.36742424242424E-02,,False,True,False,True,False,True,False,False,False,False,True,False,False,False,False,True,8/20/2020 8:17:00 AM,RUTLA3,0,389
2253,South Hobart St,4,Allston/Brighton,08:00,12:00,Odd,Faneuil St,Oakland St,0.222348484848485,,False,True,False,True,False,False,False,False,True,False,False,False,False,False,False,False,6/18/2014 8:42:38 AM,S HOB1,0,1174
2254,South Hobart St,4,Allston/Brighton,08:00,12:00,Even,Faneuil St,Oakland St,0.222348484848485,,False,False,True,False,True,False,False,False,True,False,False,False,False,False,False,False,6/18/2014 8:42:32 AM,S HOB1,0,1174
2255,Sachem St,10M,Mission Hill,12:00,16:00,Even,Calumet St,Parker Hill Ave,0.254356060606061,,False,False,True,False,True,False,False,False,False,True,False,False,False,False,False,False,6/3/2016 9:44:58 AM,SACHE1,0,1343
2256,Sachem St,10M,Mission Hill,12:00,16:00,Odd,Calumet St,Parker Hill Ave,0.254356060606061,,False,True,False,True,False,False,False,False,False,True,False,False,False,False,False,False,6/3/2016 9:44:53 AM,SACHE1,0,1343
2257,Sackville St,1C,Charlestown,08:00,12:00,Even,Bunker Hill St,Medford St,0.124242424242424,,False,True,False,True,False,False,False,False,False,False,True,False,False,False,False,False,2/14/2012 8:36:32 AM,SACKV1,0,656
2258,Sackville St,1C,Charlestown,08:00,12:00,Odd,Bunker Hill St,Medford St,0.124242424242424,,False,False,True,False,True,False,False,False,False,False,True,False,False,False,False,False,2/14/2012 8:36:32 AM,SACKV1,0,656
2259,Sagamore St,3,North Dorchester,08:00,12:00,Even,Savin Hill Ave,Sudan St,0.277462121212121,,False,False,True,False,True,False,False,True,False,False,False,False,False,False,False,False,2/14/2012 8:36:32 AM,SAGAM1,0,1465
2260,Sagamore St,3,North Dorchester,08:00,12:00,Odd,Savin Hill Ave,Sudan St,0.277462121212121,,False,True,False,True,False,False,False,True,False,False,False,False,False,False,False,False,2/14/2012 8:36:32 AM,SAGAM1,0,1465
2261,Salem St,1N,North End,08:00,12:00,Even,Prince St,Charter St,0.140151515151515,,False,False,True,False,True,False,False,False,False,False,False,True,False,False,False,True,7/1/2019 10:41:36 AM,SALEM2,857,1597
2262,Salem St,1N,North End,08:00,12:00,Odd,Cross St,Prince St,0.162310606060606,,False,False,True,False,True,False,False,False,True,False,False,False,False,False,False,True,2/14/2012 8:36:32 AM,SALEM2,0,857
2263,Salem St,1N,North End,08:00,12:00,Even,Cross St,Prince St,0.162310606060606,,False,True,False,True,False,False,False,False,True,False,False,False,False,False,False,True,2/14/2012 8:36:32 AM,SALEM2,0,857
2264,Salem Street Ave,1C,Charlestown,08:00,12:00,Odd,Salem St,High St,5.90909090909091E-02,,False,True,False,True,False,False,False,False,False,False,False,True,False,False,False,False,2/14/2012 8:36:32 AM,SALEM3,0,312
2265,Salem Street Ave,1C,Charlestown,08:00,12:00,Even,Salem St,High St,5.90909090909091E-02,,False,False,True,False,True,False,False,False,False,False,False,True,False,False,False,False,2/14/2012 8:36:32 AM,SALEM3,0,312
2266,San Juan St,1S,South End,08:00,12:00,Even,Shawmut Ave,Shawmut Ave,0.203219696969697,,False,False,True,False,True,False,False,False,False,False,True,False,False,False,False,True,2/14/2012 8:36:32 AM,SAN J1,0,1073
2267,San Juan St,1S,South End,08:00,12:00,Odd,Shawmut Ave,Shawmut Ave,0.203219696969697,,False,True,False,True,False,True,False,False,False,False,True,False,False,False,False,True,8/20/2020 8:16:23 AM,SAN J1,0,1073
2268,Sanderson Pl,4,Allston/Brighton,12:00,16:00,Even,Faneuil St,Dead End,7.15909090909091E-02,,False,False,True,False,True,False,False,False,True,False,False,False,False,False,False,False,2/14/2012 8:36:32 AM,SANDE1,0,378
2269,Sanderson Pl,4,Allston/Brighton,12:00,16:00,Odd,Faneuil St,Dead End,7.15909090909091E-02,,False,True,False,True,False,False,False,False,True,False,False,False,False,False,False,False,2/14/2012 8:36:32 AM,SANDE1,0,378
2270,Sanger St,5,South Boston,09:00,13:00,Even,East Seventh St,East Eighth St,5.68181818181818E-02,,False,False,True,False,True,False,False,False,False,False,True,False,False,False,False,False,2/14/2012 8:36:32 AM,SANGE1,0,300
2271,Sanger St,5,South Boston,09:00,13:00,Odd,East Seventh St,East Eighth St,5.68181818181818E-02,,False,True,False,True,False,False,False,False,False,False,True,False,False,False,False,False,2/14/2012 8:36:32 AM,SANGE1,0,300
2272,Saratoga St,9,East Boston,12:00,16:00,Even,Neptune Rd,Boardman St,1.03541666666667,,False,False,True,False,True,False,False,False,False,False,False,True,False,False,False,False,2/14/2012 8:36:32 AM,SARAT1,3943,9410
2273,Saratoga St,9,East Boston,12:00,16:00,Even,Bennington St,Shelby St,0.67594696969697,,False,False,True,False,True,False,False,False,False,True,False,False,False,False,False,False,2/14/2012 8:36:32 AM,SARAT1,0,3569
2274,Saratoga St,9,East Boston,12:00,16:00,Odd,Bennington St,Shelby St,0.67594696969697,,False,True,False,True,False,False,False,False,False,True,False,False,False,False,False,False,2/14/2012 8:36:32 AM,SARAT1,0,3569
2275,Saratoga St,9,East Boston,12:00,16:00,Odd,Neptune Rd,Boardman St,1.03541666666667,,False,True,False,True,False,False,False,False,False,False,False,True,False,False,False,False,2/14/2012 8:36:32 AM,SARAT1,3943,9410
2276,Savin Hill Ave,3,North Dorchester,08:00,12:00,Even,Pleasant St,Dorchester Ave,0.127272727272727,,False,False,True,False,True,False,False,False,False,False,False,True,False,False,False,False,6/6/2014 2:51:26 PM,SAVIN1,0,672
2277,Savin Hill Ave,3,North Dorchester,08:00,12:00,Odd,Pleasant St,Dorchester Ave,0.127272727272727,,False,True,False,True,False,False,False,False,False,False,False,True,False,False,False,False,10/7/2019 10:21:39 AM,SAVIN1,0,672
2278,Savin Hill Ave,3,North Dorchester,12:00,16:00,Even,Savin Hill Ave,Hubbardston Rd,7.61363636363636E-02,,False,False,True,False,True,False,False,True,False,False,False,False,False,False,False,False,6/13/2013 4:15:19 PM,SAVIN1,2149,2551
2279,Savin Hill Ave,3,North Dorchester,12:00,16:00,Odd,Savin Hill Ave,Hubbardston Rd,7.61363636363636E-02,,False,True,False,True,False,False,False,True,False,False,False,False,False,False,False,False,6/13/2013 4:15:07 PM,SAVIN1,2149,2551
2280,Savin Hill Ct,3,North Dorchester,12:00,16:00,Even,Savin Hill Ave,Dead End,5.05681818181818E-02,,False,False,True,False,True,False,False,True,False,False,False,False,False,False,False,False,6/13/2013 4:15:46 PM,SAVIN3,0,267
2281,Savin Hill Ct,3,North Dorchester,12:00,16:00,Odd,Savin Hill Ave,Dead End,5.05681818181818E-02,,False,True,False,True,False,False,False,True,False,False,False,False,False,False,False,False,6/13/2013 4:15:40 PM,SAVIN3,0,267
2282,West Eighth St,5,South Boston,13:00,17:00,Even,Dead End,East Eighth St,0.312310606060606,,False,False,True,False,True,False,False,False,False,False,False,True,False,False,False,False,3/24/2017 1:26:49 PM,W EIG1,0,1649
2283,Savin St,10R,Roxbury,08:00,12:00,Even,Warren St,Blue Hill Ave,0.249431818181818,,False,False,True,False,True,False,False,False,False,False,False,True,False,False,False,False,2/14/2012 8:36:32 AM,SAVIN4,0,1317
2284,Savin St,10R,Roxbury,08:00,12:00,Odd,Warren St,Blue Hill Ave,0.249431818181818,,False,True,False,True,False,False,False,False,False,False,False,True,False,False,False,False,2/14/2012 8:36:32 AM,SAVIN4,0,1317
2285,Saxton St,3,North Dorchester,08:00,12:00,Even,Savin Hill Ave,Romsey St,0.249810606060606,,False,False,True,False,True,False,False,True,False,False,False,False,False,False,False,False,2/14/2012 8:36:32 AM,SAXTO1,0,1319
2286,Saxton St,3,North Dorchester,08:00,12:00,Odd,Savin Hill Ave,Romsey St,0.249810606060606,,False,True,False,True,False,False,False,True,False,False,False,False,False,False,False,False,2/14/2012 8:36:32 AM,SAXTO1,0,1319
2287,Schiller St,2,Jamaica Plain,12:00,16:00,Even,Heath St,Minden St,6.49621212121212E-02,,False,False,True,False,True,False,False,False,True,False,False,False,False,False,False,False,8/6/2014 9:47:21 AM,SCHIL2,0,343
2288,Schiller St,2,Jamaica Plain,12:00,16:00,Odd,Heath St,Minden St,6.49621212121212E-02,,False,True,False,True,False,False,False,False,True,False,False,False,False,False,False,False,8/6/2014 9:47:15 AM,SCHIL2,0,343
2289,School St,2,Jamaica Plain,12:00,16:00,Odd,Walnut Ave,Washington St,0.220643939393939,,False,False,True,False,True,False,False,False,False,False,False,True,False,False,False,False,2/14/2012 8:36:32 AM,SCHOO1,0,1165
2290,School St,2,Jamaica Plain,12:00,16:00,Even,Walnut Ave,Washington St,0.220643939393939,,False,True,False,True,False,False,False,False,False,False,False,True,False,False,False,False,2/14/2012 8:36:32 AM,SCHOO1,0,1165
2291,School St,2,Jamaica Plain,12:00,16:00,Odd,Washington St,Amory St,0.248484848484848,,False,True,False,True,False,False,False,False,False,False,False,True,False,False,False,False,2/14/2012 8:36:32 AM,SCHOO1,1165,2477
2292,School St,2,Jamaica Plain,12:00,16:00,Even,Washington St,Amory St,0.248484848484848,,False,False,True,False,True,False,False,True,False,False,False,False,False,False,False,False,4/13/2016 1:19:36 PM,SCHOO1,1165,2477
2293,School St,1C,Charlestown,08:00,12:00,Even,Main St,Bunker Hill St,0.229545454545455,,False,False,True,False,True,False,False,False,False,False,False,True,False,False,False,False,3/8/2016 11:12:50 AM,SCHOO3,0,1212
2294,School St,1C,Charlestown,08:00,12:00,Odd,Main St,Bunker Hill St,0.229545454545455,,False,True,False,True,False,False,False,False,False,False,False,True,False,False,False,False,3/8/2016 11:12:34 AM,SCHOO3,0,1212
2295,School St,1F,Downtown,00:01,07:00,,Washington St,Tremont St,0.115530303030303,,True,True,True,True,True,True,True,True,True,True,True,True,True,True,True,False,2/29/2012 10:06:53 AM,SCHOO4,0,610
2296,Scotia St,1B,Back Bay,12:00,16:00,,Dalton St,St Cecelia St,7.78409090909091E-02,,False,True,True,True,True,True,False,True,False,False,False,False,False,False,True,False,3/8/2016 10:39:48 AM,SCOTI1,0,411
2297,Scottfield Rd,4,Allston/Brighton,08:00,12:00,Odd,Commonwealth Ave,Kelton St,7.14015151515151E-02,,False,False,True,False,True,False,False,False,False,False,True,False,False,False,False,False,5/11/2017 11:49:43 AM,SCOTT1,0,377
2298,Scottfield Rd,4,Allston/Brighton,08:00,12:00,Even,Commonwealth Ave,Kelton St,7.14015151515151E-02,,False,True,False,True,False,False,False,False,False,False,True,False,False,False,False,False,5/11/2017 11:49:23 AM,SCOTT1,0,377
2299,Vine St,1C,Charlestown,08:00,12:00,Even,Chelsea St,Moulton St,8.08712121212121E-02,,False,False,True,False,True,False,False,False,False,False,False,True,False,False,False,False,2/14/2012 8:36:32 AM,VINE 1,0,427
2300,Vine St,1C,Charlestown,08:00,12:00,Odd,Chelsea St,Moulton St,8.08712121212121E-02,,False,True,False,True,False,False,False,False,False,False,True,False,False,False,False,False,10/7/2022 11:03:25 AM,VINE 1,0,427
2301,Walford Way,1C,Charlestown,08:00,12:00,Odd,Decatur St,Polk St,0.368560606060606,,False,False,True,False,True,False,False,False,False,False,True,False,False,False,False,False,2/29/2012 10:06:53 AM,WALFO1,0,1946
2302,Walford Way,1C,Charlestown,08:00,12:00,Even,Decatur St,Polk St,0.368560606060606,,False,True,False,True,False,False,False,False,False,False,True,False,False,False,False,False,2/29/2012 10:06:53 AM,WALFO1,0,1946
2303,Wainwright St,7,South Dorchester,08:00,12:00,Odd,Centre St,Welles Ave,0.16344696969697,,False,True,False,True,False,False,False,False,False,True,False,False,False,False,False,False,2/14/2012 8:36:32 AM,WAINW1,0,863
2304,Wainwright St,7,South Dorchester,08:00,12:00,Even,Centre St,Welles Ave,0.16344696969697,,False,False,True,False,True,False,False,False,False,True,False,False,False,False,False,False,2/14/2012 8:36:32 AM,WAINW1,0,863
2305,Seaborn St,7,South Dorchester,08:00,12:00,Odd,Kenwood St,Centre St,8.80681818181818E-02,,False,True,False,True,False,False,False,False,False,True,False,False,False,False,False,False,2/14/2012 8:36:32 AM,SEABO1,0,465
2306,Seaborn St,7,South Dorchester,08:00,12:00,Even,Kenwood St,Centre St,8.80681818181818E-02,,False,False,True,False,True,False,False,False,False,True,False,False,False,False,False,False,2/14/2012 8:36:32 AM,SEABO1,0,465
2307,Seaport Blvd,5,South Boston,00:01,07:00,,Atlantic Ave,Northern Ave,0.465340909090909,,False,True,True,True,True,True,True,True,True,True,True,True,True,True,True,False,2/29/2012 10:06:53 AM,SEAPO1,0,2457
2308,Seaport Blvd,5,South Boston,00:01,07:00,Even Side Median,Atlantic Ave,Northern Ave,0.465340909090909,,False,True,True,True,True,True,True,True,True,True,True,True,True,True,True,False,2/14/2012 8:36:32 AM,SEAPO1,0,2457
2309,Seaver St,10R,Roxbury,12:00,16:00,Odd,Columbus Ave,Blue Hill Ave,0.518181818181818,,False,True,True,True,True,True,False,False,False,False,False,True,False,False,False,False,2/29/2012 10:06:53 AM,SEAVE3,0,4205
2310,Seaver St,9,East Boston,08:00,12:00,Odd,Webster St,Sumner St,5.77651515151515E-02,,False,False,True,False,True,False,False,False,False,False,True,False,False,False,False,False,2/14/2012 8:36:32 AM,SEAVE4,0,305
2311,Seaver St,9,East Boston,08:00,12:00,Even,Webster St,Sumner St,5.77651515151515E-02,,False,True,False,True,False,False,False,False,False,False,True,False,False,False,False,False,2/14/2012 8:36:32 AM,SEAVE4,0,305
2312,Seaverns Ave,2,Jamaica Plain,08:00,12:00,Even,Centre St,Elm St,0.299621212121212,,False,False,True,False,True,False,False,False,False,True,False,False,False,False,False,False,4/8/2015 9:08:04 AM,SEAVE5,0,1582
2313,Seaverns Ave,2,Jamaica Plain,08:00,12:00,Odd,Centre St,Elm St,0.299621212121212,,False,True,False,True,False,False,False,False,False,True,False,False,False,False,False,False,4/8/2015 9:07:59 AM,SEAVE5,0,1582
2314,St Peter St,2,Jamaica Plain,08:00,12:00,Even,Paul Gore St,Boylston St,9.92424242424242E-02,,False,False,True,False,True,False,False,True,False,False,False,False,False,False,False,False,2/14/2012 8:36:32 AM,ST PE1,0,524
2315,St James St,10R,Roxbury,12:00,16:00,Even,Warren St,Washington St,0.215909090909091,,False,False,True,False,True,False,False,False,True,False,False,False,False,False,False,False,2/29/2012 10:06:53 AM,ST JA2,0,1140
2316,Selkirk Rd,4,Allston/Brighton,12:00,16:00,Even,Kilsyth Rd,Chiswick Rd,0.152272727272727,,False,False,True,False,True,False,False,False,False,True,False,False,False,False,False,False,7/15/2021 3:01:44 PM,SELKI1,0,804
2317,Seminary St,1C,Charlestown,08:00,12:00,Even,Austin St,Lawrence St,0.059469696969697,,False,False,True,False,True,False,False,False,False,True,False,False,False,False,False,False,2/14/2012 8:36:32 AM,SEMIN1,0,314
2318,Seminary St,1C,Charlestown,08:00,12:00,Odd,Austin St,Lawrence St,0.059469696969697,,False,True,False,True,False,False,False,False,False,True,False,False,False,False,False,False,2/14/2012 8:36:32 AM,SEMIN1,0,314
2319,Semont Rd,7,South Dorchester,08:00,12:00,Odd,Dorchester Ave,St Mark's Rd,0.150757575757576,,False,True,False,True,False,False,False,True,False,False,False,False,False,False,False,False,2/14/2012 8:36:32 AM,SEMON1,0,796
2320,Semont Rd,7,South Dorchester,08:00,12:00,Even,Dorchester Ave,St Mark's Rd,0.150757575757576,,False,False,True,False,True,False,False,True,False,False,False,False,False,False,False,False,2/14/2012 8:36:32 AM,SEMON1,0,796
2321,Sewall St,10M,Mission Hill,08:00,12:00,Even,Tremont St,Delle Ave,7.00757575757576E-02,,False,False,True,False,True,False,False,True,False,False,False,False,False,False,False,False,2/29/2012 10:06:53 AM,SEWAL1,0,370
2322,Sharp St,7,South Dorchester,12:00,16:00,Even,Allston St,Dead End,6.43939393939394E-02,,False,False,True,False,True,False,False,False,False,True,False,False,False,False,False,False,2/14/2012 8:36:32 AM,SHARP1,0,340
2323,Sharp St,7,South Dorchester,12:00,16:00,Odd,Allston St,Dead End,6.43939393939394E-02,,False,True,False,True,False,False,False,False,False,True,False,False,False,False,False,False,2/14/2012 8:36:32 AM,SHARP1,0,340
2324,Shawmut Ave,1T,Chinatown,00:01,07:00,,Tremont St,Herald St,0.120075757575758,,True,True,True,True,True,True,True,True,True,True,True,True,True,True,True,False,2/29/2012 10:06:53 AM,SHAWM2,0,634
2325,Shawmut Ave,1S,South End,08:00,12:00,Odd,Herald St,East Berkeley St,0.188257575757576,,False,True,True,True,True,True,False,False,False,False,False,True,False,False,False,True,2/14/2012 8:36:32 AM,SHAWM2,634,1628
2326,Shawmut Ave,1S,South End,12:00,16:00,Even,Herald St,East Berkeley St,0.188257575757576,,False,True,True,True,True,True,False,False,False,False,True,False,False,False,False,True,2/14/2012 8:36:32 AM,SHAWM2,634,1628
2327,Shawmut Ave,1S,South End,12:00,16:00,Even,East Berkeley St,West Dedham St,0.330681818181818,,False,True,True,True,True,True,False,False,False,False,True,False,False,False,False,True,2/14/2012 8:36:32 AM,SHAWM2,1628,3374
2328,Shawmut Ave,1S,South End,08:00,12:00,Odd,East Berkeley St,West Dedham St,0.330681818181818,,False,True,True,True,True,True,False,False,False,False,False,True,False,False,False,True,2/14/2012 8:36:32 AM,SHAWM2,1628,3374
2329,Shawmut Ave,1S,South End,08:00,12:00,Even,Massachusetts Ave,Lenox St,0.140340909090909,,False,False,True,False,True,False,False,False,False,False,True,False,False,False,False,True,2/14/2012 8:36:32 AM,SHAWM2,5558,6299
2330,Shawmut Ave,1S,South End,08:00,12:00,Odd,West Dedham St,Massachusetts Ave,0.413636363636364,,False,True,True,True,True,True,False,False,False,False,False,True,False,False,False,True,2/14/2012 8:36:32 AM,SHAWM2,3374,5558
2331,Shawmut Ave,1S,South End,12:00,16:00,Even,West Dedham St,Massachusetts Ave,0.413636363636364,,False,True,True,True,True,True,False,False,False,False,True,False,False,False,False,True,2/14/2012 8:36:32 AM,SHAWM2,3374,5558
2332,Shawmut Ave,1S,South End,08:00,12:00,Odd,Massachusetts Ave,Lenox St,0.140340909090909,,False,True,False,True,False,True,False,False,False,False,True,False,False,False,False,True,2/14/2012 8:36:32 AM,SHAWM2,5558,6299
2333,Shawmut Ave,10R,Roxbury,08:00,12:00,Even,Melnea Cass Blvd,Roxbury St,0.340151515151515,,False,True,False,True,False,False,False,False,False,True,False,False,False,False,False,False,4/6/2022 10:42:21 AM,SHAWM2,7336,9132
2334,Shawmut Ave,10R,Roxbury,08:00,12:00,Odd,Melnea Cass Blvd,Roxbury St,0.340151515151515,,False,False,True,False,True,False,False,False,False,True,False,False,False,False,False,False,4/6/2022 10:42:07 AM,SHAWM2,7336,9132
2335,Sheafe St,1N,North End,12:00,16:00,Odd,Salem St,Snow Hill St,8.99621212121212E-02,,False,True,False,True,False,False,False,False,True,False,False,False,False,False,False,True,2/14/2012 8:36:32 AM,SHEAF1,0,475
2336,Sheafe St,1N,North End,12:00,16:00,Even,Salem St,Snow Hill St,8.99621212121212E-02,,False,False,True,False,True,False,False,False,True,False,False,False,False,False,False,True,2/14/2012 8:36:32 AM,SHEAF1,0,475
2337,Shelby St,9,East Boston,08:00,12:00,Odd,Lexington St,Princeton St,4.77272727272727E-02,,False,False,True,False,True,False,False,False,True,False,False,False,False,False,False,False,2/14/2012 8:36:32 AM,SHELB1,0,252
2338,Shelby St,9,East Boston,08:00,12:00,Even,Lexington St,Princeton St,4.77272727272727E-02,,False,True,False,True,False,False,False,False,True,False,False,False,False,False,False,False,2/14/2012 8:36:32 AM,SHELB1,0,252
2339,Shelby St,9,East Boston,08:00,12:00,Odd,Princeton St,Saratoga St,4.86742424242424E-02,,False,False,True,False,True,False,False,False,True,False,False,False,False,False,False,False,2/14/2012 8:36:32 AM,SHELB1,252,509
2340,Shelby St,9,East Boston,08:00,12:00,Even,Princeton St,Saratoga St,4.86742424242424E-02,,False,True,False,True,False,False,False,False,True,False,False,False,False,False,False,False,2/14/2012 8:36:32 AM,SHELB1,252,509
2341,Shepton St,7,South Dorchester,08:00,12:00,Odd,Dorchester Ave,Florida St,0.207386363636364,,False,True,False,True,False,False,False,True,False,False,False,False,False,False,False,False,2/14/2012 8:36:32 AM,SHEPT1,0,1095
2342,Shepton St,7,South Dorchester,08:00,12:00,Even,Dorchester Ave,Florida St,0.207386363636364,,False,False,True,False,True,False,False,True,False,False,False,False,False,False,False,False,2/14/2012 8:36:32 AM,SHEPT1,0,1095
2343,Sheridan St,2,Jamaica Plain,08:00,12:00,Even,Centre St,Chestnut Ave,0.304356060606061,,False,False,True,False,True,False,False,True,False,False,False,False,False,False,False,False,2/14/2012 8:36:32 AM,SHERI1,0,1607
2344,Sheridan St,2,Jamaica Plain,08:00,12:00,Odd,Centre St,Chestnut Ave,0.304356060606061,,False,True,False,True,False,False,False,True,False,False,False,False,False,False,False,False,2/14/2012 8:36:32 AM,SHERI1,0,1607
2345,Sigourney St,2,Jamaica Plain,12:00,16:00,Even,Glen Rd,Walnut Ave,0.214583333333333,,False,True,False,True,False,False,False,False,False,False,False,True,False,False,False,False,2/14/2012 8:36:32 AM,SIGOU1,0,1133
2346,Sigourney St,2,Jamaica Plain,12:00,16:00,Odd,Glen Rd,Walnut Ave,0.214583333333333,,False,False,True,False,True,False,False,False,False,False,False,True,False,False,False,False,2/14/2012 8:36:32 AM,SIGOU1,0,1133
2347,Silloway St,7,South Dorchester,12:00,16:00,Even,Melville Ave,Mather St,7.72727272727273E-02,,False,False,True,False,True,False,False,False,False,True,False,False,False,False,False,False,2/14/2012 8:36:32 AM,SILLO1,0,408
2348,Silloway St,7,South Dorchester,12:00,16:00,Odd,Melville Ave,Mather St,7.72727272727273E-02,,False,True,False,True,False,False,False,False,False,True,False,False,False,False,False,False,2/14/2012 8:36:32 AM,SILLO1,0,408
2349,Silver St,5,South Boston,09:00,13:00,Odd,D St,Dorchester St,0.340340909090909,,False,False,True,False,True,False,False,True,False,False,False,False,False,False,False,False,2/14/2012 8:36:32 AM,SILVE2,0,1797
2350,Silver St,5,South Boston,13:00,17:00,Odd,Dorchester St,G St,0.109659090909091,,False,True,False,True,False,False,False,False,False,False,True,False,False,False,False,False,2/14/2012 8:36:32 AM,SILVE2,1797,2376
2352,Smith St,10M,Mission Hill,08:00,12:00,Even,Parker St,St Alphonsus St,0.232954545454545,,False,False,True,False,True,False,False,False,False,True,False,False,False,False,False,False,4/11/2016 8:53:32 AM,SMITH4,0,1230
2353,Smith St,10M,Mission Hill,08:00,12:00,Odd,Parker St,St Alphonsus St,0.232954545454545,,False,True,False,True,False,False,False,False,False,True,False,False,False,False,False,False,4/11/2016 8:53:37 AM,SMITH4,0,1230
2354,Snow Hill St,1N,North End,12:00,16:00,Odd,Prince St,Charter St,0.155681818181818,,False,True,False,True,False,False,False,False,True,False,False,False,False,False,False,True,2/14/2012 8:36:32 AM,SNOW 3,0,822
2355,Snow Hill St,1N,North End,12:00,16:00,Even,Prince St,Charter St,0.155681818181818,,False,False,True,False,True,False,False,False,True,False,False,False,False,False,False,True,2/14/2012 8:36:32 AM,SNOW 3,0,822
2357,Violet St,7,South Dorchester,12:00,16:00,Even,Crossman St,Delhi St,0.171590909090909,,False,False,True,False,True,False,False,False,False,False,True,False,False,False,False,False,2/14/2012 8:36:32 AM,VIOLE1,0,906
2358,Standish St,3,North Dorchester,12:00,16:00,Even,Harvard St,West Park St,0.161742424242424,,False,False,True,False,True,False,False,False,True,False,False,False,False,False,False,False,6/13/2013 4:09:49 PM,STAND2,0,854
2359,Vine St,10R,Roxbury,08:00,12:00,Odd,Dudley St,Mt Pleasant Ave,0.116287878787879,,False,True,False,True,False,False,False,False,True,False,False,False,False,False,False,False,2/14/2012 8:36:32 AM,VINE 2,0,614
2360,Van Ness St,10F,Fenway/Kenmore,12:00,16:00,Even,Ipswich St,Kilmarnock St,0.258522727272727,,False,False,True,False,True,False,False,False,False,True,False,False,False,False,False,False,2/14/2012 8:36:32 AM,VAN N1,0,1365
2361,Walk Hill St,7,South Dorchester,08:00,12:00,Even,Harvard St,Blue Hill Ave,0.471780303030303,,False,False,True,False,True,False,False,False,True,False,False,False,False,False,False,False,2/14/2012 8:36:32 AM,WALK 1,6794,9285
2362,Wait St,10M,Mission Hill,12:00,16:00,Even,Huntington Ave,Hillside St,0.150189393939394,,False,False,True,False,True,False,False,False,False,True,False,False,False,False,False,False,2/29/2012 10:06:53 AM,WAIT 1,0,793
2363,Sojourner Truth Ct,10R,Roxbury,08:00,12:00,Odd,Brook Marshall Rd,Kerr Pl,0.046780303030303,,False,True,False,True,False,False,False,False,False,True,False,False,False,False,False,False,2/29/2012 10:06:53 AM,SOJOU1,0,247
2364,Sojourner Truth Ct,10R,Roxbury,08:00,12:00,Even,Brook Marshall Rd,Kerr Pl,0.046780303030303,,False,False,True,False,True,False,False,False,False,True,False,False,False,False,False,False,2/29/2012 10:06:53 AM,SOJOU1,0,247
2365,Soley St,1C,Charlestown,08:00,12:00,Even,Warren St,Monument Sq,0.132575757575758,,False,False,True,False,True,False,False,False,False,True,False,False,False,False,False,False,2/14/2012 8:36:32 AM,SOLEY1,0,700
2366,Soley St,1C,Charlestown,08:00,12:00,Odd,Warren St,Monument Sq,0.132575757575758,,False,True,False,True,False,False,False,False,False,True,False,False,False,False,False,False,2/14/2012 8:36:32 AM,SOLEY1,0,700
2367,Somerset St,1H,Beacon Hill,00:01,07:00,,Beacon St,Ashburton Pl,6.36363636363636E-02,,True,True,True,True,True,True,True,True,True,True,True,True,True,True,True,True,2/29/2012 10:06:53 AM,SOMER1,0,336
2368,Somerset St,1H,Beacon Hill,00:01,07:00,,Ashburton Pl,Cambridge St,0.116477272727273,,True,True,True,True,True,True,True,True,True,True,True,True,True,True,True,True,2/29/2012 10:06:53 AM,SOMER1,336,951
2369,South Bay Ave,3,North Dorchester,00:01,07:00,,Atkinson St,Dead End,0.096969696969697,,False,True,True,True,True,True,True,True,True,True,True,True,True,True,True,False,2/29/2012 10:06:53 AM,SOUTH1,0,512
2370,South Sydney St,3,North Dorchester,08:00,12:00,Even,Savin Hill Ave,Bay St,7.02651515151515E-02,,False,False,True,False,True,False,False,True,False,False,False,False,False,False,False,False,6/13/2013 4:23:58 PM,SOUTH10,0,371
2371,South Sydney St,3,North Dorchester,08:00,12:00,Odd,Savin Hill Ave,Bay St,7.02651515151515E-02,,False,True,False,True,False,False,False,True,False,False,False,False,False,False,False,False,6/13/2013 4:23:52 PM,SOUTH10,0,371
2372,Southampton St,3,North Dorchester,00:01,07:00,,Massachusetts Ave,Dorchester Ave,0.813825757575758,,False,True,True,True,True,True,True,True,True,True,True,True,True,True,True,False,2/29/2012 10:06:53 AM,SOUTH12,0,4297
2373,Southern Ave,7,South Dorchester,08:00,12:00,Odd,Washington St,New England Ave,0.355871212121212,,False,True,False,True,False,False,False,False,False,False,False,True,False,False,False,False,2/14/2012 8:36:32 AM,SOUTH15,0,1879
2374,Southern Ave,7,South Dorchester,08:00,12:00,Even,Washington St,New England Ave,0.355871212121212,,False,False,True,False,True,False,False,False,False,False,False,True,False,False,False,False,2/14/2012 8:36:32 AM,SOUTH15,0,1879
2375,Southmere Rd,7,South Dorchester,12:00,16:00,Odd,River St,Ledgebrook Rd,0.111174242424242,,False,True,False,True,False,False,False,False,False,False,True,False,False,False,False,False,2/14/2012 8:36:32 AM,SOUTH16,0,587
2376,Southmere Rd,7,South Dorchester,12:00,16:00,Even,River St,Ledgebrook Rd,0.111174242424242,,False,False,True,False,True,False,False,False,False,False,True,False,False,False,False,False,2/14/2012 8:36:32 AM,SOUTH16,0,587
2377,Southwood St,10R,Roxbury,08:00,12:00,Odd,Blue Hill Ave,Edgewood St,0.111174242424242,,False,True,False,True,False,False,False,False,False,False,False,True,False,False,False,False,2/14/2012 8:36:32 AM,SOUTH19,0,587
2378,Southwood St,10R,Roxbury,08:00,12:00,Even,Blue Hill Ave,Edgewood St,0.111174242424242,,False,False,True,False,True,False,False,False,False,False,False,True,False,False,False,False,2/14/2012 8:36:32 AM,SOUTH19,0,587
2379,South Huntington Ave,2,Jamaica Plain,08:00,12:00,Odd,Bynner St,Centre St,0.309848484848485,,False,True,True,True,True,True,False,True,False,False,False,False,False,False,False,False,7/10/2015 3:09:13 PM,SOUTH2,3053,4689
2381,South Bremen St,9,East Boston,12:00,16:00,Even,Marginal St,Bremen St,0.111363636363636,,False,False,True,False,True,False,False,False,False,False,True,False,False,False,False,False,2/14/2012 8:36:32 AM,SOUTH22,0,588
2382,South Bremen St,9,East Boston,12:00,16:00,Odd,Marginal St,Bremen St,0.111363636363636,,False,True,False,True,False,False,False,False,False,False,True,False,False,False,False,False,2/14/2012 8:36:32 AM,SOUTH22,0,588
2383,South Russell St,1H,Beacon Hill,08:00,12:00,Odd,Cambridge St,Myrtle St,0.12405303030303,,False,True,False,True,False,True,False,True,False,False,False,False,False,False,False,True,4/2/2014 1:26:02 PM,SOUTH4,0,655
2384,South St,2,Jamaica Plain,08:00,12:00,Odd,Centre St,Arborway,0.564015151515151,,False,True,False,True,False,False,False,False,True,False,False,False,False,False,False,False,2/14/2012 8:36:32 AM,SOUTH5,0,2978
2385,South St,2,Jamaica Plain,08:00,12:00,Even,Centre St,Arborway,0.564015151515151,,False,False,True,False,True,False,False,False,True,False,False,False,False,False,False,False,2/14/2012 8:36:32 AM,SOUTH5,0,2978
2386,South St,4,Allston/Brighton,08:00,12:00,Odd,Chestnut Hill Ave,Commonwealth Ave,0.139393939393939,,False,True,False,True,False,False,False,False,False,False,False,True,False,False,False,False,2/14/2012 8:36:32 AM,SOUTH6,0,736
2387,South St,4,Allston/Brighton,08:00,12:00,Even,Chestnut Hill Ave,Commonwealth Ave,0.139393939393939,,False,False,True,False,True,False,False,False,False,False,False,True,False,False,False,False,2/14/2012 8:36:32 AM,SOUTH6,0,736
2388,South St,1T,Chinatown,00:01,07:00,,Essex St,Kneeland St,0.168560606060606,,True,True,True,True,True,True,True,True,True,True,True,True,True,True,True,False,2/29/2012 10:06:53 AM,SOUTH9,426,1316
2389,Spalding St,2,Jamaica Plain,08:00,00:00,Odd,South St,Rosemary St,0.128030303030303,,False,True,False,True,False,False,False,False,True,False,False,False,False,False,False,False,7/12/2016 1:37:51 PM,SPALD1,0,676
2390,Spalding St,2,Jamaica Plain,08:00,12:00,Even,South St,Rosemary St,0.128030303030303,,False,False,True,False,True,False,False,False,True,False,False,False,False,False,False,False,7/12/2016 1:37:43 PM,SPALD1,0,676
2391,Speedwell St,3,North Dorchester,08:00,12:00,Odd,Topliff St,Hamilton St,0.144318181818182,,False,True,False,True,False,False,False,False,False,True,False,False,False,False,False,False,6/13/2013 3:32:19 PM,SPEED1,0,762
2392,Speedwell St,3,North Dorchester,08:00,12:00,Even,Topliff St,Hamilton St,0.144318181818182,,False,False,True,False,True,False,False,False,False,True,False,False,False,False,False,False,6/13/2013 3:32:25 PM,SPEED1,0,762
2393,Spencer St,7,South Dorchester,12:00,16:00,Even,Park St,Talbot Ave,0.257575757575758,,False,False,True,False,True,False,False,False,False,True,False,False,False,False,False,False,2/14/2012 8:36:32 AM,SPENC1,873,2233
2394,Spencer St,7,South Dorchester,12:00,16:00,Odd,Park St,Talbot Ave,0.257575757575758,,False,True,False,True,False,False,False,False,False,True,False,False,False,False,False,False,2/14/2012 8:36:32 AM,SPENC1,873,2233
2395,Spice St,1C,Charlestown,08:00,12:00,Even,Cambridge St,Hood Park Dr,8.37121212121212E-02,,False,False,True,False,True,False,False,False,False,False,True,False,False,False,False,False,10/15/2021 10:57:37 AM,SPICE1,0,442
2396,St Stephen St,10F,Fenway/Kenmore,12:00,16:00,Even,Massachusetts Ave,Speare Pl,0.249242424242424,,False,False,True,False,True,False,False,False,False,True,False,False,False,False,False,False,2/14/2012 8:36:32 AM,ST ST1,0,1316
2397,Spofford Rd,4,Allston/Brighton,08:00,12:00,Odd,Glenville Ave,Commonwealth Ave,4.79166666666667E-02,,False,True,False,True,False,False,False,False,False,False,True,False,False,False,False,False,2/14/2012 8:36:32 AM,SPOFF1,0,253
2398,Spofford Rd,4,Allston/Brighton,08:00,12:00,Even,Glenville Ave,Commonwealth Ave,4.79166666666667E-02,,False,False,True,False,True,False,False,False,False,False,True,False,False,False,False,False,2/14/2012 8:36:32 AM,SPOFF1,0,253
2399,Spring Garden St,3,North Dorchester,08:00,12:00,Even,Crescent Ave,Harborview St,0.140719696969697,,False,False,True,False,True,False,False,True,False,False,False,False,False,False,False,False,2/14/2012 8:36:32 AM,SPRIN1,0,743
2400,Spring Garden St,3,North Dorchester,08:00,12:00,Odd,Crescent Ave,Harborview St,0.140719696969697,,False,True,False,True,False,False,False,True,False,False,False,False,False,False,False,False,2/14/2012 8:36:32 AM,SPRIN1,0,743
2401,Springer St,5,South Boston,09:00,13:00,Odd,East Eighth St,East Seventh St,5.70075757575758E-02,,False,True,False,True,False,False,False,False,False,False,True,False,False,False,False,False,2/14/2012 8:36:32 AM,SPRIN6,0,301
2402,Springer St,5,South Boston,09:00,13:00,Even,East Eighth St,East Seventh St,5.70075757575758E-02,,False,False,True,False,True,False,False,False,False,False,True,False,False,False,False,False,2/14/2012 8:36:32 AM,SPRIN6,0,301
2403,Spruce St,1H,Beacon Hill,08:00,12:00,Odd,Chestnut St,Beacon St,6.21212121212121E-02,,False,True,False,True,False,True,False,False,False,False,False,True,False,False,False,True,4/2/2014 1:31:31 PM,SPRUC1,0,328
2404,St Albans Rd,10M,Mission Hill,08:00,12:00,Even,Francis St,Huntington Ave,0.132575757575758,,False,False,True,False,True,False,False,False,False,True,False,False,False,False,False,False,4/11/2016 3:35:18 PM,ST AL1,0,700
2405,St Albans Rd,10M,Mission Hill,08:00,12:00,Odd,Francis St,Huntington Ave,0.132575757575758,,False,True,False,True,False,False,False,False,False,True,False,False,False,False,False,False,4/11/2016 3:35:13 PM,ST AL1,0,700
2406,St Alphonsus St,10M,Mission Hill,08:00,12:00,Odd,Tremont St,Calumet St,0.167613636363636,,False,True,False,True,False,False,False,False,False,True,False,False,False,False,False,False,9/28/2016 11:20:20 AM,ST AL2,1240,2125
2407,St Alphonsus St,10M,Mission Hill,12:00,16:00,Even,Tremont St,Calumet St,0.167613636363636,,False,False,True,False,True,False,False,False,False,True,False,False,False,False,False,False,4/13/2017 11:51:35 AM,ST AL2,1240,2125
2408,St Alphonsus St,10M,Mission Hill,08:00,12:00,Odd,Ward St,Tremont St,0.234848484848485,,False,True,False,True,False,False,False,False,False,True,False,False,False,False,False,False,9/28/2016 11:18:43 AM,ST AL2,0,1240
2409,St Alphonsus St,10M,Mission Hill,08:00,12:00,Even,Ward St,Tremont St,0.234848484848485,,False,False,True,False,True,False,False,False,False,True,False,False,False,False,False,False,4/13/2017 11:51:26 AM,ST AL2,0,1240
2410,St Botolph St,1B,Back Bay,08:00,12:00,Even,Harcourt St,Massachusetts Ave,0.398484848484849,,False,False,True,False,True,False,False,False,False,False,False,True,False,False,False,False,2/14/2012 8:36:32 AM,ST BO1,0,2104
2411,St Botolph St,1B,Back Bay,08:00,12:00,Odd,Harcourt St,Massachusetts Ave,0.398484848484849,,False,True,False,True,False,False,False,False,False,False,False,True,False,False,False,False,2/14/2012 8:36:32 AM,ST BO1,0,2104
2412,Porter St,9,East Boston,08:00,12:00,Odd,Bremen St,Cottage St,0.189015,,False,True,False,True,False,False,False,False,False,False,True,False,False,False,False,False,4/6/2015 10:08:00 AM,PORTE2,714,1712
2413,Polk St,1C,Charlestown,08:00,12:00,Even,Bunker Hill St,Medford St,0.128977272727273,,False,True,False,True,False,False,False,False,False,False,True,False,False,False,False,False,4/26/2019 1:57:44 PM,POLK 1,0,681
2414,Parker St,1C,Charlestown,08:00,12:00,Odd,Perkins St,Cambridge St,0.145643939393939,,False,True,False,True,False,False,False,False,False,False,True,False,False,False,False,False,2/14/2012 8:36:32 AM,PARKE7,0,769
2415,N St,5,South Boston,13:00,17:00,Even,East Second St,East Broadway,0.114583333333333,,False,False,True,False,True,False,False,False,False,False,False,True,False,False,False,False,3/31/2017 8:38:25 AM,N ST 1,0,605
2416,Nashua St,1W,West End,00:01,07:00,Even Side Median,Charles St,Cotting St,0.362878787878788,,False,True,True,True,True,True,True,True,True,True,True,True,True,True,True,False,2/14/2012 8:36:32 AM,NASHU1,0,1916
2417,Parkman St,1W,West End,00:01,07:00,,Blossom St,North Grove St,8.48484848484849E-02,,True,True,True,True,True,True,True,True,True,True,True,True,True,True,True,False,2/29/2012 10:06:53 AM,PARKM2,0,448
2418,Walnut Ave,10R,Roxbury,12:00,16:00,Even,Warren St,Humboldt Ave,0.29469696969697,,False,True,True,True,True,True,False,False,True,False,False,False,False,False,False,False,2/29/2012 10:06:53 AM,WALNU1,0,1556
2419,Waldeck St,3,North Dorchester,12:00,16:00,Even,Park St,Geneva Ave,0.218560606060606,,False,True,False,True,False,False,False,False,True,False,False,False,False,False,False,False,3/30/2020 1:19:14 PM,WALDE1,815,1969
2420,Union Park,1S,South End,08:00,12:00,Odd,Tremont St,Montgomery St,2.99242424242424E-02,,False,False,True,False,True,False,False,False,False,True,False,False,False,False,False,True,3/16/2020 12:17:26 PM,UNION4,741,899
2421,Tuttle St,3,North Dorchester,08:00,12:00,Even,Savin Hill Ave,Hartland St,0.227651515151515,,False,False,True,False,True,False,False,True,False,False,False,False,False,False,False,False,2/14/2012 8:36:32 AM,TUTTL1,0,1202
2422,Tupelo St,10R,Roxbury,08:00,12:00,Odd,Savin St,Quincy St,6.34469696969697E-02,,False,True,False,True,False,False,False,False,False,False,False,True,False,False,False,False,2/14/2012 8:36:32 AM,TUPEL1,0,335
2423,West Eighth St,5,South Boston,13:00,17:00,Odd,Dead End,East Eighth St,0.312310606060606,,False,True,False,True,False,False,False,False,False,False,False,True,False,False,False,False,3/24/2017 1:26:42 PM,W EIG1,0,1649
2424,Stoneholm St,10F,Fenway/Kenmore,12:00,16:00,Even,Norway St,Edgerly Rd,6.15530303030303E-02,,False,False,True,False,True,False,False,False,False,True,False,False,False,False,False,False,2/14/2012 8:36:32 AM,STONE3,0,325
2425,Stoneholm St,10F,Fenway/Kenmore,12:00,16:00,Odd,Norway St,Edgerly Rd,6.15530303030303E-02,,False,True,False,True,False,False,False,False,False,True,False,False,False,False,False,False,2/14/2012 8:36:32 AM,STONE3,0,325
2426,Traveler St,1S,South End,00:01,07:00,,Washington St,Albany St,0.179356060606061,,False,True,True,True,True,True,True,True,True,True,True,True,True,True,True,True,2/29/2012 10:06:53 AM,TRAVE1,0,947
2427,Vaughan Ave,3,North Dorchester,12:00,16:00,Even,Geneva Ave,Devon St,0.154545454545455,,False,False,True,False,True,False,False,False,False,True,False,False,False,False,False,False,5/12/2017 1:22:00 PM,VAUGH1,0,816
2428,Treadway Rd,3,North Dorchester,12:00,16:00,Odd,Savin Hill Ave,Dead End,6.68560606060606E-02,,False,True,False,True,False,False,False,False,False,False,False,True,False,False,False,False,2/14/2012 8:36:32 AM,TREAD1,0,353
2429,Stanley St,3,North Dorchester,12:00,16:00,Even,Bellevue St,Quincy St,7.61363636363636E-02,,False,False,True,False,True,False,False,False,False,False,False,True,False,False,False,False,2/14/2012 8:36:32 AM,STANL1,0,402
2430,Stonehurst St,3,North Dorchester,08:00,12:00,Even,Topliff St,Hamilton St,0.151893939393939,,False,False,True,False,True,False,False,False,False,True,False,False,False,False,False,False,6/13/2013 3:34:28 PM,STONE4,0,802
2431,Stonehurst St,3,North Dorchester,08:00,12:00,Odd,Topliff St,Hamilton St,0.151893939393939,,False,True,False,True,False,False,False,False,False,True,False,False,False,False,False,False,6/13/2013 3:34:21 PM,STONE4,0,802
2432,Story St,5,South Boston,09:00,13:00,Even,G St,H St,0.138257575757576,,False,True,False,True,False,False,False,False,False,False,True,False,False,False,False,False,2/14/2012 8:36:32 AM,STORY1,0,730
2433,Story St,5,South Boston,09:00,13:00,Odd,G St,H St,0.138257575757576,,False,False,True,False,True,False,False,False,False,False,True,False,False,False,False,False,2/14/2012 8:36:32 AM,STORY1,0,730
2434,Tremont St,1C,Charlestown,12:00,16:00,Odd,Monument Sq,Lowney Way,0.179356060606061,,False,False,True,False,True,False,False,False,False,True,False,False,False,False,False,False,4/20/2016 1:37:53 PM,TREMO3,0,947
2435,Trent St,3,North Dorchester,08:00,12:00,Odd,Coleman St,Clarkson St,5.05681818181818E-02,,False,True,False,True,False,False,False,False,False,False,True,False,False,False,False,False,2/14/2012 8:36:32 AM,TRENT1,0,267
2436,Stoughton St,3,North Dorchester,08:00,12:00,Even,Columbia Rd,Pleasant St,0.304545454545455,,False,False,True,False,True,False,False,False,False,False,False,True,False,False,False,False,2/14/2012 8:36:32 AM,STOUG1,0,1608
2437,Stoughton St,3,North Dorchester,08:00,12:00,Odd,Columbia Rd,Pleasant St,0.304545454545455,,False,True,False,True,False,False,False,False,False,False,False,True,False,False,False,False,2/14/2012 8:36:32 AM,STOUG1,0,1608
2438,Trent St,3,North Dorchester,08:00,12:00,Even,Coleman St,Clarkson St,5.05681818181818E-02,,False,False,True,False,True,False,False,False,False,False,True,False,False,False,False,False,2/14/2012 8:36:32 AM,TRENT1,0,267
2439,Stow Rd,7,South Dorchester,12:00,16:00,Even,Tiverton Rd,Dead End,0.124810606060606,,False,False,True,False,True,False,False,False,False,False,True,False,False,False,False,False,2/14/2012 8:36:32 AM,STOW 1,0,659
2440,Stow Rd,7,South Dorchester,12:00,16:00,Odd,Tiverton Rd,Dead End,0.124810606060606,,False,True,False,True,False,False,False,False,False,False,True,False,False,False,False,False,2/14/2012 8:36:32 AM,STOW 1,0,659
2441,Strathcona Rd,3,North Dorchester,12:00,16:00,Odd,Washington St,Brinsley St,7.67045454545455E-02,,False,True,False,True,False,False,False,False,False,False,False,True,False,False,False,False,2/14/2012 8:36:32 AM,STRAT2,0,405
2442,Tremont St,1S,South End,05:00,07:00,Odd Side Median,Arlington St,Dartmouth St,0.429734848484849,,False,True,True,True,True,True,False,False,False,True,False,False,False,False,True,True,2/14/2012 8:36:32 AM,TREMO1,5356,7625
2443,Strathcona Rd,3,North Dorchester,12:00,16:00,Even,Washington St,Brinsley St,7.67045454545455E-02,,False,False,True,False,True,False,False,False,False,False,False,True,False,False,False,False,2/14/2012 8:36:32 AM,STRAT2,0,405
2444,St Stephen St,10F,Fenway/Kenmore,12:00,16:00,Odd,Massachusetts Ave,Speare Pl,0.249242424242424,,False,True,False,True,False,False,False,False,False,True,False,False,False,False,False,False,2/14/2012 8:36:32 AM,ST ST1,0,1316
2445,Tremont St,10M,Mission Hill,08:00,12:00,Odd,Columbus Ave,Calumet St,0.564393939393939,,False,True,False,True,False,False,False,False,False,True,False,False,False,False,False,False,11/1/2016 1:03:42 PM,TREMO1,14623,17603
2446,St James St,10R,Roxbury,12:00,16:00,Odd,Warren St,Washington St,0.215909090909091,,False,True,False,True,False,False,False,False,True,False,False,False,False,False,False,False,2/29/2012 10:06:53 AM,ST JA2,0,1140
2447,Topeka St,3,North Dorchester,00:01,07:00,,Southampton St,Atkinson St,0.171212121212121,,False,True,True,True,True,True,True,True,True,True,True,True,True,True,True,False,2/29/2012 10:06:53 AM,TOPEK1,0,904
2448,Strathmore Rd,4,Allston/Brighton,08:00,12:00,Even,Brookline Town Line,Sutherland Rd,0.153409090909091,,False,False,True,False,True,False,False,False,False,True,False,False,False,False,False,False,2/14/2012 8:36:32 AM,STRAT3,0,810
2449,Strathmore Rd,4,Allston/Brighton,08:00,12:00,Odd,Brookline Town Line,Sutherland Rd,0.153409090909091,,False,True,False,True,False,False,False,False,False,True,False,False,False,False,False,False,2/14/2012 8:36:32 AM,STRAT3,0,810
2450,Strathmore Rd,4,Allston/Brighton,08:00,12:00,Odd,Brookline Town Line,Chestnut Hill Ave,0.519128787878788,,False,True,False,True,False,False,False,False,False,True,False,False,False,False,False,False,2/14/2012 8:36:32 AM,STRAT3,0,2741
2451,Wade St,4,Allston/Brighton,08:00,12:00,Even,Commonwealth Ave,Dead End,0.128219696969697,,False,False,True,False,True,False,False,False,False,False,False,True,False,False,False,False,2/14/2012 8:36:32 AM,WADE 1,0,677
2452,Wade St,4,Allston/Brighton,08:00,12:00,Odd,Commonwealth Ave,Dead End,0.128219696969697,,False,True,False,True,False,False,False,False,False,False,False,True,False,False,False,False,2/14/2012 8:36:32 AM,WADE 1,0,677
2453,Walnut Ave,2,Jamaica Plain,12:00,16:00,Even,Columbus Ave,Sigourney St,0.265719696969697,,False,True,False,True,False,False,False,False,False,False,False,True,False,False,False,False,2/14/2012 8:36:32 AM,WALNU1,5519,6922
2454,Union Park,1S,South End,08:00,12:00,Odd,Shawmut Ave,Tremont St,0.140340909090909,,False,True,False,True,False,True,False,False,False,False,True,False,False,False,False,True,3/30/2021 2:00:50 PM,UNION4,0,741
2455,Strathmore Rd,4,Allston/Brighton,08:00,12:00,Even,Brookline Town Line,Chestnut Hill Ave,0.519128787878788,,False,False,True,False,True,False,False,False,False,True,False,False,False,False,False,False,2/14/2012 8:36:32 AM,STRAT3,0,2741
2456,Strathmore Rd,4,Allston/Brighton,12:00,16:00,Even,Sutherland Rd,Commonwealth Ave,0.186363636363636,,False,False,True,False,True,False,False,False,False,True,False,False,False,False,False,False,2/14/2012 8:36:32 AM,STRAT3,810,1794
2457,Trinity Pl,1B,Back Bay,00:01,07:00,,St James Ave,Stanhope St,0.103030303030303,,False,True,True,True,True,True,True,True,True,True,True,True,True,True,True,False,2/29/2012 10:06:53 AM,TRINI1,0,544
2458,Strathmore Rd,4,Allston/Brighton,12:00,16:00,Odd,Sutherland Rd,Commonwealth Ave,0.186363636363636,,False,True,False,True,False,False,False,False,False,True,False,False,False,False,False,False,2/14/2012 8:36:32 AM,STRAT3,810,1794
2459,Stratton St,7,South Dorchester,08:00,12:00,Odd,Westview St,Ames St,0.432007575757576,,False,True,False,True,False,False,False,False,False,False,False,True,False,False,False,False,2/14/2012 8:36:32 AM,STRAT4,0,2281
2460,Stratton St,7,South Dorchester,08:00,12:00,Even,Westview St,Ames St,0.432007575757576,,False,False,True,False,True,False,False,False,False,False,False,True,False,False,False,False,2/14/2012 8:36:32 AM,STRAT4,0,2281
2461,Trenton St,9,East Boston,08:00,12:00,Odd,Meridian St,East Eagle St,0.531060606060606,,False,False,True,False,True,False,False,False,True,False,False,False,False,False,False,False,2/14/2012 8:36:32 AM,TRENT2,0,2804
2462,Stuart St,1B,Back Bay,00:01,07:00,,Washington St,Columbus Ave,0.366856060606061,,True,True,True,True,True,True,True,True,True,True,True,True,True,True,True,False,2/29/2012 10:06:53 AM,STUAR1,0,1937
2463,Stuart St,1B,Back Bay,00:01,07:00,,Charles Street South,Columbus Ave,0.165340909090909,,True,True,True,True,True,True,True,True,True,True,True,True,True,True,True,False,2/29/2012 10:06:53 AM,STUAR1,1064,1937
2464,Stuart St,1T,Chinatown,00:01,07:00,,Washington St,Charles Street South,0.201515151515152,,False,True,True,True,True,True,True,True,True,True,True,True,True,True,True,False,2/29/2012 10:06:53 AM,STUAR1,0,1064
2465,Sturbridge St,7,South Dorchester,12:00,16:00,Odd,River St,Sanford St,0.158522727272727,,False,True,False,True,False,False,False,False,False,False,True,False,False,False,False,False,2/14/2012 8:36:32 AM,STURB1,0,837
2466,Sturbridge St,7,South Dorchester,12:00,16:00,Even,River St,Sanford St,0.158522727272727,,False,False,True,False,True,False,False,False,False,False,True,False,False,False,False,False,2/14/2012 8:36:32 AM,STURB1,0,837
2467,Standard St,7,South Dorchester,12:00,16:00,Even,Woodgate St,Woodbole Ave,0.148295454545455,,False,False,True,False,True,False,False,False,False,False,True,False,False,False,False,False,2/14/2012 8:36:32 AM,STAND1,1577,2360
2468,St William St,3,North Dorchester,08:00,12:00,Odd,Dorchester Ave,Auckland St,6.93181818181818E-02,,False,True,False,True,False,False,False,True,False,False,False,False,False,False,False,False,2/14/2012 8:36:32 AM,ST WI1,0,366
2469,Aguadilla St,1S,South End,08:00,12:00,Odd,Tremont St,Tremont St,0.176704545454545,,False,True,False,True,False,True,False,False,False,False,True,False,False,False,False,True,8/20/2020 8:13:50 AM,AGUAD1,0,933
2470,Wall St,1C,Charlestown,12:00,16:00,Odd,Sullivan St,Walker St,7.84090909090909E-02,,False,True,False,True,False,False,False,False,False,False,False,True,False,False,False,False,2/14/2012 8:36:32 AM,WALL 1,0,414
2471,St George St,1S,South End,12:00,16:00,Even,East Brookline St,East Newton St,7.67045454545455E-02,,False,False,True,False,True,False,False,False,False,False,True,False,False,False,False,True,3/10/2023 8:37:32 AM,ST GE1,0,405
2472,Standard St,7,South Dorchester,12:00,16:00,Odd,Woodgate St,Woodbole Ave,0.148295454545455,,False,True,False,True,False,False,False,False,False,False,True,False,False,False,False,False,2/14/2012 8:36:32 AM,STAND1,1577,2360
2473,Tremont St,10M,Mission Hill,05:00,07:00,Even,Columbus Ave,Calumet St,0.564393939393939,,False,False,True,False,True,False,False,False,False,True,False,False,False,False,False,False,11/1/2016 1:04:00 PM,TREMO1,14623,17603
2474,Stanhope St,1B,Back Bay,00:01,07:00,,Berkeley St,Cahners Pl,8.40909090909091E-02,,False,True,True,True,True,True,True,True,True,True,True,True,True,True,True,False,2/29/2012 10:06:53 AM,STANH1,0,444
2475,Sudan St,3,North Dorchester,08:00,12:00,Even,Dorchester Ave,Sydney St,0.216098484848485,,False,False,True,False,True,False,False,True,False,False,False,False,False,False,False,False,2/14/2012 8:36:32 AM,SUDAN1,0,1141
2476,Sudan St,3,North Dorchester,08:00,12:00,Odd,Dorchester Ave,Sydney St,0.216098484848485,,False,True,False,True,False,False,False,True,False,False,False,False,False,False,False,False,2/14/2012 8:36:32 AM,SUDAN1,0,1141
2477,Sudbury St,1F,Downtown,00:01,07:00,,Cambridge St,Blackstone St,0.23219696969697,,False,True,True,True,True,True,True,True,True,True,True,True,True,True,True,False,2/29/2012 10:06:53 AM,SUDBU1,0,1226
2478,Waldeck St,7,South Dorchester,08:00,12:00,Odd,Melville Ave,Park St,0.154356060606061,,False,False,True,False,True,False,False,False,False,True,False,False,False,False,False,False,2/14/2012 8:36:32 AM,WALDE1,0,815
2479,Sullivan St,1C,Charlestown,08:00,12:00,Odd,Main St,Bunker Hill St,0.209469696969697,,False,True,False,True,False,False,False,False,False,False,False,True,False,False,False,False,2/14/2012 8:36:32 AM,SULLI1,0,1106
2480,Sullivan St,1C,Charlestown,08:00,12:00,Even,Main St,Bunker Hill St,0.209469696969697,,False,False,True,False,True,False,False,False,False,False,False,True,False,False,False,False,2/14/2012 8:36:32 AM,SULLI1,0,1106
2481,Summer St,5,South Boston,00:01,07:00,,Purchase St,Dorchester Ave,0.175757575757576,,False,True,True,True,True,True,True,True,True,True,True,True,True,True,True,False,2/29/2012 10:06:53 AM,SUMME1,1656,2584
2482,Summer St,1F,Downtown,00:01,07:00,Even Side Median,High St,Dorchester Ave,0.248863636363636,,False,True,True,True,True,True,True,True,True,True,True,True,True,True,True,False,2/29/2012 10:06:53 AM,SUMME1,1270,2584
2483,Summer St,1F,Downtown,00:01,07:00,,Lincoln St,Dorchester Ave,0.2875,,False,True,True,True,True,True,True,True,True,True,True,True,True,True,True,False,2/29/2012 10:06:53 AM,SUMME1,1066,2584
2484,Summer St,1T,Chinatown,00:01,07:00,Odd,Hawley St,Kingston St,8.39015151515152E-02,,True,True,True,True,True,True,True,True,True,True,True,True,True,True,True,False,2/29/2012 10:06:53 AM,SUMME1,284,727
2485,Summer St,1T,Chinatown,00:01,07:00,,Kingston St,Lincoln St,6.42045454545455E-02,,True,True,True,True,True,True,True,True,True,True,True,True,True,True,True,False,2/29/2012 10:06:53 AM,SUMME1,727,1066
2486,Tufts St,1C,Charlestown,08:00,12:00,Even,Bunker Hill St,Medford St,0.143560606060606,,False,True,False,True,False,False,False,False,False,False,True,False,False,False,False,False,2/29/2012 10:06:53 AM,TUFTS1,0,758
2487,Summer St,5,South Boston,00:01,07:00,Odd,Summer St,L St,0.485795454545455,,False,True,True,True,True,True,True,True,True,True,True,True,True,True,True,False,2/29/2012 10:06:53 AM,SUMME10,0,2565
2488,Waldeck St,7,South Dorchester,08:00,12:00,Even,Melville Ave,Park St,0.154356060606061,,False,True,False,True,False,False,False,False,False,True,False,False,False,False,False,False,2/14/2012 8:36:32 AM,WALDE1,0,815
2489,Stanley St,3,North Dorchester,12:00,16:00,Odd,Bellevue St,Quincy St,7.61363636363636E-02,,False,True,False,True,False,False,False,False,False,False,False,True,False,False,False,False,2/14/2012 8:36:32 AM,STANL1,0,402
2490,Union St,1C,Charlestown,08:00,12:00,Even,Main St,Lynde St,0.1625,,False,False,True,False,True,False,False,False,False,True,False,False,False,False,False,False,2/14/2012 8:36:32 AM,UNION6,0,858
2491,Wallingford Rd,4,Allston/Brighton,08:00,12:00,Even,Commonwealth Ave,Chestnut Hill Ave,0.346969696969697,,False,False,True,False,True,False,False,False,False,True,False,False,False,False,False,False,2/14/2012 8:36:32 AM,WALLI1,0,1832
2492,Union Park,1S,South End,08:00,12:00,Even,Shawmut Ave,Tremont St,0.140340909090909,,False,False,True,False,True,False,False,False,False,False,True,False,False,False,False,True,2/14/2012 8:36:32 AM,UNION4,0,741
2493,Unity St,1N,North End,08:00,12:00,Even,Charter St,Dead End,6.62878787878788E-02,,False,False,True,False,True,False,False,False,False,False,False,True,False,False,False,True,7/1/2019 11:47:06 AM,UNITY1,0,350
2494,Summer St,1C,Charlestown,08:00,12:00,Odd,Elm St,School St,4.12878787878788E-02,,False,True,False,True,False,False,False,False,False,False,False,True,False,False,False,False,2/14/2012 8:36:32 AM,SUMME2,0,218
2495,St William St,3,North Dorchester,08:00,12:00,Even,Dorchester Ave,Auckland St,6.93181818181818E-02,,False,False,True,False,True,False,False,True,False,False,False,False,False,False,False,False,2/14/2012 8:36:32 AM,ST WI1,0,366
2496,St Lukes Rd,4,Allston/Brighton,12:00,16:00,Odd,Brighton Av,Commonwealth Ave,0.105492424242424,,False,True,False,True,False,False,False,False,False,False,True,False,False,False,False,False,2/14/2012 8:36:32 AM,ST LU1,0,557
2497,St George St,1S,South End,12:00,16:00,Odd,East Brookline St,East Newton St,7.67045454545455E-02,,False,True,False,True,False,True,False,False,False,False,True,False,False,False,False,True,3/10/2023 8:37:37 AM,ST GE1,0,405
2498,Summer St,1C,Charlestown,08:00,12:00,Even,Elm St,School St,4.12878787878788E-02,,False,False,True,False,True,False,False,False,False,False,False,True,False,False,False,False,2/14/2012 8:36:32 AM,SUMME2,0,218
2499,Trescott St,3,North Dorchester,12:00,16:00,Odd,Pleasant St,Bakersfield St,8.29545454545455E-02,,False,True,False,True,False,False,False,False,False,False,False,True,False,False,False,False,2/14/2012 8:36:32 AM,TRESC1,0,438
2500,Summer St,5,South Boston,00:01,07:00,Even,Dorchester Ave,Summer St,0.931439393939394,,False,True,True,True,True,True,True,True,True,True,True,True,True,True,True,False,2/29/2012 10:06:53 AM,SUMME4,0,4918
2501,Summer St,M,Multiple,00:01,07:00,Even Side Median,Dorchester Ave,Melcher St,0.116098484848485,,False,True,True,True,True,True,True,True,True,True,True,True,True,True,True,False,2/29/2012 10:06:53 AM,SUMME9,0,613
2502,Summer St,5,South Boston,00:01,07:00,Even,Dorchester Ave,Summer St,0.930871212121212,,False,True,True,True,True,True,True,True,True,True,True,True,True,True,True,False,2/29/2012 10:06:53 AM,SUMME9,0,4915
2503,Tupelo St,10R,Roxbury,08:00,12:00,Even,Savin St,Quincy St,6.34469696969697E-02,,False,False,True,False,True,False,False,False,False,False,False,True,False,False,False,False,2/14/2012 8:36:32 AM,TUPEL1,0,335
2504,Stanwood St,3,North Dorchester,12:00,16:00,Odd,Blue Hill Ave,Columbia Rd,0.350757575757576,,False,True,False,True,False,False,False,False,False,True,False,False,False,False,False,False,6/13/2013 4:00:13 PM,STANW1,0,1852
2505,State St,1F,Downtown,00:01,07:00,,India St,Atlantic Ave,0.118939393939394,,True,True,True,True,True,True,True,True,True,True,True,True,True,True,True,False,2/29/2012 10:06:53 AM,STATE1,1038,1666
2506,Sumner St,9,East Boston,08:00,12:00,Even,New St,Maverick Sq,0.250757575757576,,False,True,True,True,True,True,False,False,False,True,False,False,False,False,False,False,2/14/2012 8:36:32 AM,SUMNE2,0,1324
2507,Sumner St,9,East Boston,08:00,12:00,Odd,New St,Maverick Sq,0.250757575757576,,False,True,True,True,True,True,False,False,False,False,False,True,False,False,False,False,2/14/2012 8:36:32 AM,SUMNE2,0,1324
2508,Sumner St,3,North Dorchester,12:00,16:00,Even,East Cottage St,Stoughton St,0.285984848484849,,False,False,True,False,True,False,False,False,True,False,False,True,False,False,False,False,2/14/2012 8:36:32 AM,SUMNE3,0,1510
2509,Sumner St,3,North Dorchester,12:00,16:00,Odd,East Cottage St,Stoughton St,0.285984848484849,,False,True,False,True,False,False,False,False,False,False,False,True,False,False,False,False,2/14/2012 8:36:32 AM,SUMNE3,0,1510
2511,Sunderland St,10R,Roxbury,08:00,12:00,Even,Crawford St,Blue Hill Ave,6.93181818181818E-02,,False,False,True,False,True,False,False,False,False,False,False,True,False,False,False,False,2/14/2012 8:36:32 AM,SUNDE1,0,366
2512,Staniford St,1W,West End,00:01,07:00,,Cambridge St,Causeway St,0.202272727272727,,False,True,True,True,True,True,True,True,True,True,True,True,True,True,True,False,2/29/2012 10:06:53 AM,STANI1,0,1068
2513,Sunderland St,10R,Roxbury,08:00,12:00,Odd,Crawford St,Blue Hill Ave,6.93181818181818E-02,,False,True,False,True,False,False,False,False,False,False,False,True,False,False,False,False,2/14/2012 8:36:32 AM,SUNDE1,0,366
2514,Trenton St,9,East Boston,08:00,12:00,Even,Meridian St,East Eagle St,0.531060606060606,,False,True,False,True,False,False,False,False,True,False,False,False,False,False,False,False,2/14/2012 8:36:32 AM,TRENT2,0,2804
2515,Sunnyside St,2,Jamaica Plain,12:00,16:00,Even,Centre St,Creighton St,0.173106060606061,,False,False,True,False,True,False,False,False,True,False,False,False,False,False,False,False,9/3/2014 11:26:33 AM,SUNNY3,0,914
2516,Treadway Rd,3,North Dorchester,12:00,16:00,Even,Savin Hill Ave,Dead End,6.68560606060606E-02,,False,False,True,False,True,False,False,False,False,False,False,True,False,False,False,False,2/14/2012 8:36:32 AM,TREAD1,0,353
2517,St Cecelia St,1B,Back Bay,12:00,16:00,,Boylston St,Belvidere St,8.29545454545455E-02,,True,True,True,True,True,True,False,True,False,False,False,False,False,False,True,False,3/8/2016 10:40:34 AM,ST CE1,0,438
2518,Walbridge St,4,Allston/Brighton,08:00,12:00,Even,Commonwealth Ave,Brainerd Rd,0.102840909090909,,False,False,True,False,True,False,False,False,False,False,True,False,False,False,False,False,2/14/2012 8:36:32 AM,WALBR1,0,543
2519,St Mark's Rd,7,South Dorchester,08:00,12:00,Even,Dorchester Ave,Adams St,0.308333333333333,,False,False,True,False,True,False,False,True,False,False,False,False,False,False,False,False,2/14/2012 8:36:32 AM,ST MA3,0,1628
2520,St Lukes Rd,4,Allston/Brighton,12:00,16:00,Even,Brighton Av,Commonwealth Ave,0.105492424242424,,False,False,True,False,True,False,False,False,False,False,True,False,False,False,False,False,2/14/2012 8:36:32 AM,ST LU1,0,557
2521,Vining St,10M,Mission Hill,08:00,12:00,Even,Francis St,Dead End,8.92045454545455E-02,,False,False,True,False,True,False,False,False,False,True,False,False,False,False,False,False,4/11/2016 3:35:34 PM,VININ1,0,471
2522,Vining St,10M,Mission Hill,08:00,12:00,Odd,Francis St,Dead End,8.92045454545455E-02,,False,True,False,True,False,False,False,False,False,True,False,False,False,False,False,False,4/11/2016 3:35:29 PM,VININ1,0,471
2523,Standish St,3,North Dorchester,12:00,16:00,Odd,Harvard St,West Park St,0.161742424242424,,False,True,False,True,False,False,False,False,True,False,False,False,False,False,False,False,6/13/2013 4:09:43 PM,STAND2,0,854
2524,Sunnyside St,2,Jamaica Plain,12:00,16:00,Odd,Centre St,Creighton St,0.173106060606061,,False,True,False,True,False,False,False,False,True,False,False,False,False,False,False,False,9/3/2014 11:26:26 AM,SUNNY3,0,914
2525,Sunset St,10M,Mission Hill,12:00,16:00,Even,Hillside St,Parker Hill Ave,8.25757575757576E-02,,False,False,True,False,True,False,False,False,False,True,False,False,False,False,False,False,6/7/2016 10:17:57 AM,SUNSE3,0,436
2526,Sunset St,10M,Mission Hill,12:00,16:00,Odd,Hillside St,Parker Hill Ave,8.25757575757576E-02,,False,True,False,True,False,False,False,False,False,True,False,False,False,False,False,False,6/7/2016 10:17:50 AM,SUNSE3,0,436
2527,Surrey St,4,Allston/Brighton,12:00,16:00,Even,Market St,Foster St,0.209659090909091,,False,False,True,False,True,False,False,False,True,False,False,False,False,False,False,False,2/14/2012 8:36:32 AM,SURRE1,0,1107
2528,Tyler St,1T,Chinatown,00:01,07:00,,Beach St,Oak St,0.240719696969697,,False,True,True,True,True,True,True,True,True,True,True,True,True,True,True,False,2/29/2012 10:06:53 AM,TYLER2,0,1271
2529,Surrey St,4,Allston/Brighton,12:00,16:00,Odd,Market St,Foster St,0.209659090909091,,False,True,False,True,False,False,False,False,True,False,False,False,False,False,False,False,2/14/2012 8:36:32 AM,SURRE1,0,1107
2530,Sussex St,10R,Roxbury,08:00,12:00,Odd,Hammond St,Warwick St,5.79545454545455E-02,,False,True,False,True,False,False,False,False,False,True,False,False,False,False,False,True,3/24/2020 12:34:46 PM,SUSSE1,0,306
2531,Sussex St,10R,Roxbury,08:00,12:00,Even,Hammond St,Warwick St,5.79545454545455E-02,,False,False,True,False,True,False,False,False,False,True,False,False,False,False,False,True,3/24/2020 12:34:41 PM,SUSSE1,0,306
2532,Sutherland Rd,4,Allston/Brighton,08:00,12:00,Even,Beacon St,Commonwealth Ave,0.434090909090909,,False,False,True,False,True,False,False,False,False,True,False,False,False,False,False,False,2/14/2012 8:36:32 AM,SUTHE1,0,2292
2533,Sutherland Rd,4,Allston/Brighton,08:00,12:00,Odd,Beacon St,Commonwealth Ave,0.434090909090909,,False,True,False,True,False,False,False,False,False,True,False,False,False,False,False,False,2/14/2012 8:36:32 AM,SUTHE1,0,2292
2534,Sutton St,7,South Dorchester,12:00,16:00,Even,Morton St,Woolson St,0.10530303030303,,False,False,True,False,True,False,False,False,False,False,True,False,False,False,False,False,2/14/2012 8:36:32 AM,SUTTO1,0,556
2535,Sutton St,7,South Dorchester,12:00,16:00,Odd,Morton St,Woolson St,0.10530303030303,,False,True,False,True,False,False,False,False,False,False,True,False,False,False,False,False,2/14/2012 8:36:32 AM,SUTTO1,0,556
2536,Wadsworth St,4,Allston/Brighton,08:00,12:00,Even,Pratt St,Dead End,0.105681818181818,,False,False,True,False,True,False,False,True,False,False,False,False,False,False,False,False,2/14/2012 8:36:32 AM,WADSW1,0,558
2537,Vernon St,10R,Roxbury,12:00,16:00,Odd,Washington St,Shawmut Ave,6.17424242424242E-02,,False,True,False,True,False,False,False,False,False,True,False,False,False,False,False,False,2/29/2012 10:06:53 AM,VERNO1,0,326
2538,Vernon St,10R,Roxbury,12:00,16:00,Even,Washington St,Shawmut Ave,6.17424242424242E-02,,False,False,True,False,True,False,False,False,False,True,False,False,False,False,False,False,2/29/2012 10:06:53 AM,VERNO1,0,326
2539,Stanley St,3,North Dorchester,12:00,16:00,Odd,Quincy St,Dead End,0.121969696969697,,False,True,False,True,False,False,False,False,False,True,False,False,False,False,False,False,6/13/2013 3:36:17 PM,STANL1,402,1046
2540,Walnut Park,10R,Roxbury,08:00,12:00,Even,Washington St,Walnut Ave,0.245265151515152,,False,False,True,False,True,False,False,False,False,False,False,True,False,False,False,False,2/14/2012 8:36:32 AM,WALNU2,0,1295
2541,Walnut Park,10R,Roxbury,08:00,12:00,Odd,Washington St,Walnut Ave,0.245265151515152,,False,True,False,True,False,False,False,False,False,False,False,True,False,False,False,False,2/14/2012 8:36:32 AM,WALNU2,0,1295
2542,Walden St,2,Jamaica Plain,12:00,16:00,Odd,Heath St,Centre St,0.228598484848485,,False,True,False,True,False,False,False,False,True,False,False,False,False,False,False,False,6/27/2016 8:16:07 AM,WALDE3,0,1207
2543,Unity St,1N,North End,08:00,12:00,Odd,Charter St,Dead End,6.62878787878788E-02,,False,True,False,True,False,False,False,False,False,False,False,True,False,False,False,True,7/1/2019 10:43:03 AM,UNITY1,0,350
2544,Trenton St,1C,Charlestown,12:00,16:00,Even,Bartlett St,Bunker Hill St,8.80681818181818E-02,,False,False,True,False,True,False,False,False,False,True,False,False,False,False,False,False,2/14/2012 8:36:32 AM,TRENT3,0,465
2545,St Mark's Rd,7,South Dorchester,08:00,12:00,Odd,Dorchester Ave,Adams St,0.308333333333333,,False,True,False,True,False,False,False,True,False,False,False,False,False,False,False,False,2/14/2012 8:36:32 AM,ST MA3,0,1628
2546,Walker St,1C,Charlestown,12:00,16:00,Even,Main St,Wall St,0.154545454545455,,False,True,False,True,False,False,False,False,False,False,False,True,False,False,False,False,3/20/2017 2:46:42 PM,WALKE1,0,816
2547,West Eagle St,9,East Boston,12:00,16:00,Even,Border St,Brooks St,0.214204545454545,,False,False,True,False,True,False,False,False,True,False,False,False,False,False,False,False,2/14/2012 8:36:32 AM,W. EA1,0,1131
2548,Union Park,1S,South End,12:00,16:00,Even,Tremont St,Montgomery St,2.99242424242424E-02,,False,True,False,True,False,True,False,False,False,True,False,False,False,False,False,True,2/14/2012 8:36:32 AM,UNION4,741,899
2549,Upton St,1S,South End,08:00,12:00,Odd,Shawmut Ave,Tremont St,0.135227272727273,,False,True,False,True,False,True,False,False,False,False,True,False,False,False,False,True,8/20/2020 8:09:36 AM,UPTON1,0,714
2550,Trenton St,1C,Charlestown,12:00,16:00,Odd,Bartlett St,Bunker Hill St,8.80681818181818E-02,,False,True,False,True,False,False,False,False,False,True,False,False,False,False,False,False,2/14/2012 8:36:32 AM,TRENT3,0,465
2551,Swallow St,5,South Boston,09:00,13:00,Odd,N St,O St,0.104924242424242,,False,True,False,True,False,False,False,False,False,True,False,False,False,False,False,False,2/14/2012 8:36:32 AM,SWALL1,0,554
2552,State St,1F,Downtown,00:01,07:00,,Washington St,India St,0.196590909090909,,True,True,True,True,True,True,True,True,True,True,True,True,True,True,True,False,2/29/2012 10:06:53 AM,STATE1,0,1038
2554,Trescott St,3,North Dorchester,12:00,16:00,Even,Pleasant St,Bakersfield St,8.29545454545455E-02,,False,False,True,False,True,False,False,False,False,False,False,True,False,False,False,False,2/14/2012 8:36:32 AM,TRESC1,0,438
2555,Tufts St,1C,Charlestown,08:00,12:00,Odd,Bunker Hill St,Medford St,0.143560606060606,,False,False,True,False,True,False,False,False,False,False,True,False,False,False,False,False,2/29/2012 10:06:53 AM,TUFTS1,0,758
2556,Sydney St,3,North Dorchester,08:00,12:00,Even,Savin Hill Ave,Moseley St,0.670454545454545,,False,False,True,False,True,False,False,True,False,False,False,False,False,False,False,False,5/20/2014 11:55:02 AM,SYDNE1,0,3540
2557,Sydney St,3,North Dorchester,08:00,12:00,Odd,Savin Hill Ave,Moseley St,0.670454545454545,,False,True,False,True,False,False,False,True,False,False,False,False,False,False,False,False,5/20/2014 11:55:08 AM,SYDNE1,0,3540
2558,Symphony Rd,10F,Fenway/Kenmore,12:00,16:00,Even,St Stephen St,Hemenway St,0.185037878787879,,False,False,True,False,True,False,False,False,False,True,False,False,False,False,False,False,2/14/2012 8:36:32 AM,SYMPH1,0,977
2559,Symphony Rd,10F,Fenway/Kenmore,12:00,16:00,Odd,St Stephen St,Hemenway St,0.185037878787879,,False,True,False,True,False,False,False,False,False,True,False,False,False,False,False,False,2/14/2012 8:36:32 AM,SYMPH1,0,977
2560,Taft St,3,North Dorchester,12:00,16:00,Even,Dorchester Ave,Pleasant St,0.128598484848485,,False,False,True,False,True,False,False,False,False,False,False,True,False,False,False,False,2/14/2012 8:36:32 AM,TAFT 1,0,679
2561,Taft St,3,North Dorchester,12:00,16:00,Odd,Dorchester Ave,Pleasant St,0.128598484848485,,False,True,False,True,False,False,False,False,False,False,False,True,False,False,False,False,2/14/2012 8:36:32 AM,TAFT 1,0,679
2562,Talbot Ave,7,South Dorchester,12:00,16:00,Even,Blue Hill Ave,Norwell St,0.587310606060606,,False,False,True,False,True,False,False,False,True,False,False,False,False,False,False,False,4/13/2021 1:32:13 PM,TALBO1,0,3101
2563,Talbot Ave,7,South Dorchester,08:00,12:00,Odd,Washington St,Dorchester Ave,0.526325757575758,,False,True,False,True,False,False,False,False,False,True,False,False,False,False,False,False,2/14/2012 8:36:32 AM,TALBO1,4721,7500
2564,Talbot Ave,7,South Dorchester,12:00,16:00,Odd,Blue Hill Ave,Norwell St,0.587310606060606,,False,True,False,True,False,False,False,False,True,False,False,False,False,False,False,False,4/13/2021 1:32:04 PM,TALBO1,0,3101
2565,Talbot Ave,7,South Dorchester,12:00,16:00,Even,Norwell St,Southern Ave,0.212878787878788,,False,False,True,False,True,False,False,False,False,True,False,False,False,False,False,False,2/14/2012 8:36:32 AM,TALBO1,3101,4225
2566,Talbot Ave,7,South Dorchester,12:00,16:00,Odd,Norwell St,Southern Ave,0.212878787878788,,False,True,False,True,False,False,False,False,False,True,False,False,False,False,False,False,2/14/2012 8:36:32 AM,TALBO1,3101,4225
2567,Talbot Ave,7,South Dorchester,12:00,16:00,Even,Southern Ave,Washington St,9.39393939393939E-02,,False,True,True,True,True,True,False,False,False,True,False,False,False,False,False,False,2/14/2012 8:36:32 AM,TALBO1,4225,4721
2568,Talbot Ave,7,South Dorchester,08:00,12:00,Even,Washington St,Dorchester Ave,0.526325757575758,,False,False,True,False,True,False,False,False,False,True,False,False,False,False,False,False,2/14/2012 8:36:32 AM,TALBO1,4721,7500
2569,Talbot Ave,7,South Dorchester,05:00,07:00,Odd,Southern Ave,Washington St,9.39393939393939E-02,,False,True,True,True,True,True,False,False,False,True,False,False,False,False,False,False,2/14/2012 8:36:32 AM,TALBO1,4225,4721
2570,Tamworth St,1T,Chinatown,00:01,07:00,,Boylston St,La Grange St,0.046969696969697,,False,True,True,True,True,True,True,True,True,True,True,True,True,True,True,False,2/29/2012 10:06:53 AM,TAMWO1,0,248
2571,Taylor St,1S,South End,08:00,12:00,Even,Dwight St,Milford St,4.26136363636364E-02,,False,False,True,False,True,False,False,False,False,False,True,False,False,False,False,True,2/29/2012 10:06:53 AM,TAYLO3,0,225
2572,Turner St,4,Allston/Brighton,08:00,12:00,Odd,Washington St,Faneuil St,0.247159090909091,,False,True,False,True,False,False,False,False,True,False,False,False,False,False,False,False,2/14/2012 8:36:32 AM,TURNE1,0,1305
2573,Tremont St,1T,Chinatown,00:01,07:00,,Shawmut Ave,Arlington St,0.191856060606061,,False,True,True,True,True,True,True,True,True,True,True,True,True,True,True,False,2/29/2012 10:06:53 AM,TREMO1,4343,5356
2574,Tuttle St,3,North Dorchester,08:00,12:00,Odd,Savin Hill Ave,Hartland St,0.227651515151515,,False,True,False,True,False,False,False,True,False,False,False,False,False,False,False,False,2/14/2012 8:36:32 AM,TUTTL1,0,1202
2575,Tovar St,3,North Dorchester,08:00,12:00,Odd,Bowdoin St,Cameron St,4.33712121212121E-02,,False,True,False,True,False,False,False,False,False,False,True,False,False,False,False,False,2/14/2012 8:36:32 AM,TOVAR1,0,229
2576,St Martin St,1C,Charlestown,08:00,12:00,Odd,Bunker Hill St,Medford St,0.108901515151515,,False,True,False,True,False,False,False,False,False,False,True,False,False,False,False,False,2/14/2012 8:36:32 AM,ST MA4,0,575
2577,Tufts St,1T,Chinatown,00:01,07:00,,Lincoln St,South St,5.03787878787879E-02,,False,True,True,True,True,True,True,True,True,True,True,True,True,True,True,False,2/29/2012 10:06:53 AM,TUFTS2,0,266
2578,Walker St,1C,Charlestown,12:00,16:00,Odd,Main St,Wall St,0.154545454545455,,False,False,True,False,True,False,False,False,False,False,False,True,False,False,False,False,3/20/2017 2:46:34 PM,WALKE1,0,816
2579,Telegraph St,5,South Boston,13:00,17:00,Even,Dorchester St,Thomas Park,0.183901515151515,,False,False,True,False,True,False,False,False,False,False,True,False,False,False,False,False,2/14/2012 8:36:32 AM,TELEG1,0,971
2580,Telegraph St,5,South Boston,13:00,17:00,Odd,Dorchester St,Thomas Park,0.183901515151515,,False,True,False,True,False,False,False,False,False,False,True,False,False,False,False,False,2/14/2012 8:36:32 AM,TELEG1,0,971
2581,Union Park St,1S,South End,12:00,16:00,Odd,Washington St,Albany St,0.27272727272,,False,True,False,True,False,True,False,False,False,False,True,False,False,False,False,True,3/28/2023 9:28:54 AM,UNION2,399,1839
2582,State St,1F,Downtown,00:01,07:00,,Congress St,Atlantic Ave,0.264393939393939,,False,True,True,True,True,True,True,True,True,True,True,True,True,True,True,False,2/29/2012 10:06:53 AM,STATE1,270,1666
2583,Temple Pl,1F,Downtown,00:01,07:00,,Tremont St,Washington St,0.103219696969697,,False,True,True,True,True,True,True,True,True,True,True,True,True,True,True,False,2/29/2012 10:06:53 AM,TEMPL1,0,545
2584,Verona St,2,Jamaica Plain,12:00,16:00,Even,Carolina Ave,Child St,6.78030303030303E-02,,False,False,True,False,True,False,False,False,True,False,False,False,False,False,False,False,2/14/2012 8:36:32 AM,VERON1,0,358
2585,Waltham St,1S,South End,12:00,16:00,Odd,Union Park St,Washington St,0.11742424242,,False,True,False,True,False,True,False,False,False,False,True,False,False,False,False,True,3/28/2023 9:48:20 AM,WALTH1,0,620
2586,Walden St,2,Jamaica Plain,12:00,16:00,Even,Heath St,Centre St,0.228598484848485,,False,False,True,False,True,False,False,False,True,False,False,False,False,False,False,False,6/27/2016 8:16:02 AM,WALDE3,0,1207
2589,Tucker St,7,South Dorchester,08:00,12:00,Odd,Woodrow Ave,Callender St,7.67045454545455E-02,,False,True,False,True,False,False,False,False,False,False,False,True,False,False,False,False,2/14/2012 8:36:32 AM,TUCKE1,0,405
2590,Stanley St,3,North Dorchester,12:00,16:00,Even,Quincy St,Dead End,0.121969696969697,,False,False,True,False,True,False,False,False,False,True,False,False,False,False,False,False,6/13/2013 3:36:10 PM,STANL1,402,1046
2591,Temple St,7,South Dorchester,12:00,16:00,Odd,River St,Manchester St,0.35719696969697,,False,True,False,True,False,False,False,False,False,False,True,False,False,False,False,False,2/14/2012 8:36:32 AM,TEMPL3,0,1886
2592,Temple St,7,South Dorchester,12:00,16:00,Even,River St,Manchester St,0.35719696969697,,False,False,True,False,True,False,False,False,False,False,True,False,False,False,False,False,2/14/2012 8:36:32 AM,TEMPL3,0,1886
2593,Tennis Rd,7,South Dorchester,08:00,12:00,Even,Blue Hill Ave,Almont St,0.255681818181818,,False,False,True,False,True,False,False,False,True,False,False,False,False,False,False,False,2/14/2012 8:36:32 AM,TENNI1,0,1350
2594,Tennis Rd,7,South Dorchester,08:00,12:00,Odd,Blue Hill Ave,Almont St,0.255681818181818,,False,True,False,True,False,False,False,False,True,False,False,False,False,False,False,False,2/14/2012 8:36:32 AM,TENNI1,0,1350
2595,Wallingford Rd,4,Allston/Brighton,08:00,12:00,Odd,Commonwealth Ave,Chestnut Hill Ave,0.346969696969697,,False,True,False,True,False,False,False,False,False,True,False,False,False,False,False,False,2/14/2012 8:36:32 AM,WALLI1,0,1832
2596,Terrace St,10M,Mission Hill,12:00,16:00,Even,Tremont St,New Heath St,0.396022727272727,,False,False,True,False,True,False,False,False,False,True,False,False,False,False,False,False,9/24/2018 12:36:45 PM,TERRA1,0,2091
2598,Theodore A Glynn Way,3,North Dorchester,00:01,07:00,,Massachusetts Ave,Southampton St,0.141287878787879,,True,True,True,True,True,True,True,True,True,True,True,True,True,True,True,False,2/29/2012 10:06:53 AM,THEOD1,0,746
2599,Theodore St,7,South Dorchester,08:00,12:00,Even,Middleton St,Morton St,0.121022727272727,,False,False,True,False,True,False,False,False,True,False,False,False,False,False,False,False,10/7/2020 7:59:18 AM,THEOD3,0,639
2600,Stellman Rd,2,Jamaica Plain,12:00,16:00,Even,Washington St,Fawndale Rd,0.177462121212121,,False,False,True,False,True,False,False,False,False,False,True,False,False,False,False,False,2/14/2012 8:36:32 AM,STELL1,0,937
2601,Theodore St,7,South Dorchester,08:00,12:00,Odd,Middleton St,Morton St,0.121022727272727,,False,True,False,True,False,False,False,False,True,False,False,False,False,False,False,False,10/7/2020 7:59:13 AM,THEOD3,0,639
2602,Walbridge St,4,Allston/Brighton,08:00,12:00,Odd,Commonwealth Ave,Brainerd Rd,0.102840909090909,,False,True,False,True,False,False,False,False,False,False,True,False,False,False,False,False,2/14/2012 8:36:32 AM,WALBR1,0,543
2603,Wall St,1C,Charlestown,12:00,16:00,Even,Sullivan St,Walker St,7.84090909090909E-02,,False,False,True,False,True,False,False,False,False,False,False,True,False,False,False,False,2/14/2012 8:36:32 AM,WALL 1,0,414
2604,Townsend St,10R,Roxbury,12:00,16:00,Odd,Walnut Ave,Quincy St,0.43844696969697,,False,False,True,False,True,False,False,False,False,False,False,True,False,False,False,False,3/25/2020 11:42:15 AM,TOWNS1,1125,3440
2605,Torrey St,7,South Dorchester,08:00,12:00,Odd,Washington St,Wentworth St,0.206060606060606,,False,True,False,True,False,False,False,False,False,True,False,False,False,False,False,False,2/14/2012 8:36:32 AM,TORRE1,0,1088
2606,Wakullah St,10R,Roxbury,12:00,16:00,Odd,Rockland St,Dale St,7.89772727272727E-02,,False,True,False,True,False,False,False,False,True,False,False,False,False,False,False,False,2/29/2012 10:06:53 AM,WAKUL1,0,417
2607,Wakullah St,10R,Roxbury,12:00,16:00,Even,Rockland St,Dale St,7.89772727272727E-02,,False,False,True,False,True,False,False,False,True,False,False,False,False,False,False,False,2/29/2012 10:06:53 AM,WAKUL1,0,417
2608,Tremlett St,7,South Dorchester,08:00,12:00,Odd,Washington St,Waldeck St,0.264204545454545,,False,True,False,True,False,False,False,False,False,True,False,False,False,False,False,False,2/14/2012 8:36:32 AM,TREML3,0,1395
2609,Thomas Park,5,South Boston,13:00,17:00,Residential,G St,G St,0.39469696969697,,False,False,True,False,True,False,False,False,False,False,True,False,False,False,False,False,4/8/2015 12:18:45 PM,THOMA1,0,2084
2610,Thomas Park,5,South Boston,13:00,17:00,Park/School,G St,G St,0.39469696969697,,False,True,False,True,False,False,False,False,False,False,True,False,False,False,False,False,4/8/2015 12:18:29 PM,THOMA1,0,2084
2611,Tremont St,1C,Charlestown,12:00,16:00,Even,Monument Sq,Lowney Way,0.179356060606061,,False,True,False,True,False,False,False,False,False,True,False,False,False,False,False,False,4/20/2016 1:37:45 PM,TREMO3,0,947
2612,West Eagle St,9,East Boston,12:00,16:00,Odd,Border St,Brooks St,0.214204545454545,,False,True,True,True,False,False,False,False,True,False,False,False,False,False,False,False,2/14/2012 8:36:32 AM,W. EA1,0,1131
2615,Stellman Rd,2,Jamaica Plain,12:00,16:00,Odd,Washington St,Fawndale Rd,0.177462121212121,,False,True,False,True,False,False,False,False,False,False,True,False,False,False,False,False,2/14/2012 8:36:32 AM,STELL1,0,937
2616,Thornley St,3,North Dorchester,12:00,16:00,Even,Dorchester Ave,Pleasant St,0.157954545454545,,False,False,True,False,True,False,False,False,False,False,False,True,False,False,False,False,2/14/2012 8:36:32 AM,THORN3,0,834
2617,Thornley St,3,North Dorchester,12:00,16:00,Odd,Dorchester Ave,Pleasant St,0.157954545454545,,False,True,False,True,False,False,False,False,False,False,False,True,False,False,False,False,2/14/2012 8:36:32 AM,THORN3,0,834
2618,Thornton St,10R,Roxbury,08:00,12:00,Even,Guild St,Marcella St,0.466477272727273,,False,False,True,False,True,False,False,False,True,False,False,False,False,False,False,False,2/14/2012 8:36:32 AM,THORN4,0,2463
2619,Thornton St,10R,Roxbury,08:00,12:00,Odd,Guild St,Marcella St,0.466477272727273,,False,True,False,True,False,False,False,False,True,False,False,False,False,False,False,False,2/14/2012 8:36:32 AM,THORN4,0,2463
2620,Stockwell St,10M,Mission Hill,12:00,16:00,Even,Wait St,Frawley St,8.04924242424242E-02,,False,False,True,False,True,False,False,False,False,True,False,False,False,False,False,False,4/3/2017 1:38:16 PM,STOCK3,0,425
2621,Thonrdike St,4,Allston/Brighton,12:00,16:00,Odd,Commonwealth Ave,Brookline Town Line,4.29924242424242E-02,,False,True,False,True,False,False,False,False,False,False,True,False,False,False,False,False,2/14/2012 8:36:32 AM,THORN5,0,227
2622,Thonrdike St,4,Allston/Brighton,12:00,16:00,Even,Commonwealth Ave,Brookline Town Line,4.29924242424242E-02,,False,False,True,False,True,False,False,False,False,False,True,False,False,False,False,False,2/14/2012 8:36:32 AM,THORN5,0,227
2623,Tibbetts Town Way,1C,Charlestown,12:00,16:00,Odd,Essex St,Main St,0.181818181818182,,False,False,True,False,True,False,False,False,False,False,True,False,False,False,False,False,2/29/2012 10:06:53 AM,TIBBE1,0,960
2624,Tibbetts Town Way,1C,Charlestown,12:00,16:00,Even,Essex St,Main St,0.181818181818182,,False,True,False,True,False,False,False,False,False,False,True,False,False,False,False,False,2/29/2012 10:06:53 AM,TIBBE1,0,960
2625,Ticknor St,5,South Boston,09:00,13:00,Odd,Columbia Rd,Marine Rd,7.74621212121212E-02,,False,True,False,True,False,False,False,False,False,True,False,False,False,False,False,False,3/31/2017 8:32:04 AM,TICKN1,0,409
2626,Ticknor St,5,South Boston,09:00,13:00,Even,Columbia Rd,Marine Rd,7.74621212121212E-02,,False,False,True,False,True,False,False,False,False,True,False,False,False,False,False,False,3/31/2017 8:31:59 AM,TICKN1,0,409
2627,Tileston St,1N,North End,08:00,12:00,Even,Hanover St,Salem St,0.114583333333333,,False,False,True,False,True,False,False,False,False,False,False,True,False,False,False,True,7/1/2019 11:46:21 AM,TILES3,0,605
2628,Tileston St,1N,North End,08:00,12:00,Odd,Hanover St,Salem St,0.114583333333333,,False,True,False,True,False,False,False,False,False,False,False,True,False,False,False,True,7/1/2019 10:42:18 AM,TILES3,0,605
2629,Tiverton Rd,7,South Dorchester,12:00,16:00,Even,Lorna Rd,Dead End,9.64015151515152E-02,,False,False,True,False,True,False,False,False,False,False,True,False,False,False,False,False,2/14/2012 8:36:32 AM,TIVER1,0,509
2630,Staniford St,1W,West End,00:01,07:00,Even Side Median,Cambridge St,Causeway St,0.202272727272727,,False,True,True,True,True,True,True,True,True,True,True,True,True,True,True,False,2/14/2012 8:36:32 AM,STANI1,0,1068
2631,Verona St,2,Jamaica Plain,12:00,16:00,Odd,Carolina Ave,Child St,6.78030303030303E-02,,False,True,False,True,False,False,False,False,True,False,False,False,False,False,False,False,2/14/2012 8:36:32 AM,VERON1,0,358
2632,Walnut St,1H,Beacon Hill,08:00,12:00,Even,Mt Vernon St,Chestnut St,0.03371212121,,False,True,False,True,False,True,False,False,False,False,False,True,False,False,False,True,3/2/2021 9:59:31 AM,WALNU9,319,497
2633,Wales St,3,North Dorchester,12:00,16:00,Odd,Blue Hill Ave,Talbot Ave,0.416098484848485,,False,True,False,True,False,False,False,False,True,False,False,False,False,False,False,False,2/14/2012 8:36:32 AM,WALES1,0,2197
2634,Union St,1C,Charlestown,08:00,12:00,Odd,Main St,Lynde St,0.1625,,False,True,False,True,False,False,False,False,False,True,False,False,False,False,False,False,2/14/2012 8:36:32 AM,UNION6,0,858
2637,Violet St,7,South Dorchester,12:00,16:00,Odd,Crossman St,Delhi St,0.171590909090909,,False,True,False,True,False,False,False,False,False,False,True,False,False,False,False,False,2/14/2012 8:36:32 AM,VIOLE1,0,906
2638,Turner St,4,Allston/Brighton,08:00,12:00,Even,Washington St,Faneuil St,0.247159090909091,,False,False,True,False,True,False,False,False,True,False,False,False,False,False,False,False,2/14/2012 8:36:32 AM,TURNE1,0,1305
2639,Tremont St,M,Multiple,00:01,07:00,,Cambridge St,Shawmut Ave,0.822537878787879,,True,True,True,True,True,True,True,True,True,True,True,True,True,True,True,False,2/29/2012 10:06:53 AM,TREMO1,0,4343
2640,St Martin St,1C,Charlestown,08:00,12:00,Even,Bunker Hill St,Medford St,0.108901515151515,,False,False,True,False,True,False,False,False,False,False,True,False,False,False,False,False,2/14/2012 8:36:32 AM,ST MA4,0,575
2641,Tremlett St,7,South Dorchester,08:00,12:00,Even,Washington St,Waldeck St,0.264204545454545,,False,False,True,False,True,False,False,False,False,True,False,False,False,False,False,False,2/14/2012 8:36:32 AM,TREML3,0,1395
2642,Tucker St,7,South Dorchester,08:00,12:00,Even,Woodrow Ave,Callender St,7.67045454545455E-02,,False,False,True,False,True,False,False,False,False,False,False,True,False,False,False,False,2/14/2012 8:36:32 AM,TUCKE1,0,405
2643,Tiverton Rd,7,South Dorchester,12:00,16:00,Odd,Lorna Rd,Dead End,9.64015151515152E-02,,False,True,False,True,False,False,False,False,False,False,True,False,False,False,False,False,2/14/2012 8:36:32 AM,TIVER1,0,509
2644,Putnam St,9,East Boston,12:00,16:00,Even,Princeton St,Chelsea St,0.163068,,False,True,False,True,False,False,False,False,False,True,False,False,False,False,False,False,4/7/2015 3:37:06 PM,PUTNA1,1424,2285
2645,Putnam St,9,East Boston,12:00,16:00,Odd,White St,Princeton St,0.26969696969697,,False,False,True,False,True,False,False,False,True,False,False,False,False,False,False,False,9/15/2016 10:33:10 AM,PUTNA1,754,1424
2646,Stockwell St,10M,Mission Hill,12:00,16:00,Odd,Wait St,Frawley St,8.04924242424242E-02,,False,True,False,True,False,False,False,False,False,True,False,False,False,False,False,False,4/3/2017 1:38:11 PM,STOCK3,0,425
2647,Putnam St,9,East Boston,12:00,16:00,Even,White St,Princeton St,0.26969696969697,,False,True,False,True,False,False,False,False,True,False,False,False,False,False,False,False,9/15/2016 10:33:33 AM,PUTNA1,754,1424
2648,Putnam St,10R,Roxbury,08:00,12:00,Even,Dudley St,Roxbury St,6.40151515151515E-02,,False,False,True,False,True,False,False,False,False,True,False,False,False,False,False,False,2/29/2012 10:06:53 AM,PUTNA3,0,338
2649,Putnam St,10R,Roxbury,08:00,12:00,Odd,Dudley St,Roxbury St,6.40151515151515E-02,,False,True,False,True,False,False,False,False,False,True,False,False,False,False,False,False,2/29/2012 10:06:53 AM,PUTNA3,0,338
2650,Queensberry St,10F,Fenway/Kenmore,12:00,16:00,Even,Park Dr,Park Dr,0.351704545454545,,False,False,True,False,True,False,False,False,False,True,False,False,False,False,False,False,2/14/2012 8:36:32 AM,QUEEN2,0,1857
2651,Queensberry St,10F,Fenway/Kenmore,12:00,16:00,Odd,Park Dr,Park Dr,0.351704545454545,,False,True,False,True,False,False,False,False,False,True,False,False,False,False,False,False,2/14/2012 8:36:32 AM,QUEEN2,0,1857
2652,Quincy St,10R,Roxbury,08:00,12:00,Odd,Warren St,Blue Hill Ave,0.24375,,False,True,False,True,False,False,False,False,False,False,False,True,False,False,False,False,2/14/2012 8:36:32 AM,QUINC2,0,1287
2653,Quincy St,10R,Roxbury,08:00,12:00,Even,Warren St,Blue Hill Ave,0.24375,,False,False,True,False,True,False,False,False,False,False,False,True,False,False,False,False,2/14/2012 8:36:32 AM,QUINC2,0,1287
2654,Quint Ave,4,Allston/Brighton,08:00,12:00,Even,Brighton Av,Glenville Ave,0.20719696969697,,False,True,False,True,False,False,False,False,False,False,True,False,False,False,False,False,4/14/2016 10:51:55 AM,QUINT1,0,1094
2655,Quint Ave,4,Allston/Brighton,08:00,12:00,Odd,Brighton Av,Glenville Ave,0.20719696969697,,False,False,True,False,True,False,False,False,False,False,True,False,False,False,False,False,4/14/2016 11:31:58 AM,QUINT1,0,1094
2656,Radnor Rd,4,Allston/Brighton,08:00,12:00,Odd,Foster St,Kirkwood Rd,0.166666666666667,,False,True,False,True,False,False,False,False,False,False,False,True,False,False,False,False,2/14/2012 8:36:32 AM,RADNO1,0,880
2657,Radnor Rd,4,Allston/Brighton,08:00,12:00,Even,Foster St,Kirkwood Rd,0.166666666666667,,False,False,True,False,True,False,False,False,False,False,False,True,False,False,False,False,2/14/2012 8:36:32 AM,RADNO1,0,880
2658,Randolph St,1S,South End,12:00,16:00,Odd,Albany St,Harrison Ave,0.159469696969697,,False,True,False,True,False,True,False,False,False,False,True,False,False,False,False,True,3/10/2023 10:35:34 AM,RANDO1,0,842
2659,Randolph St,1S,South End,12:00,16:00,Even,Albany St,Harrison Ave,0.159469696969697,,False,False,True,False,True,False,False,False,False,False,True,False,False,False,False,True,3/10/2023 10:35:29 AM,RANDO1,0,842
2660,Raven St,3,North Dorchester,08:00,12:00,Even,Crescent Ave,Dead End,8.46590909090909E-02,,False,False,True,False,True,False,False,True,False,False,False,False,False,False,False,False,2/14/2012 8:36:32 AM,RAVEN1,0,447
2661,Raven St,3,North Dorchester,08:00,12:00,Odd,Crescent Ave,Dead End,8.46590909090909E-02,,False,True,False,True,False,False,False,True,False,False,False,False,False,False,False,False,2/14/2012 8:36:32 AM,RAVEN1,0,447
2662,Raynor Cir,10R,Roxbury,08:00,12:00,Even,Brook Marshall Rd,Ruggles St,9.16666666666667E-02,,False,False,True,False,True,False,False,False,False,True,False,False,False,False,False,False,2/29/2012 10:06:53 AM,RAYNO1,0,484
2663,Raynor Cir,10R,Roxbury,08:00,12:00,Odd,Brook Marshall Rd,Ruggles St,9.16666666666667E-02,,False,True,False,True,False,False,False,False,False,True,False,False,False,False,False,False,2/29/2012 10:06:53 AM,RAYNO1,0,484
2664,Wabon St,10R,Roxbury,12:00,16:00,Even,Warren St,Wabeno St,0.168560606060606,,False,False,True,False,True,False,False,False,False,False,False,True,False,False,False,False,2/14/2012 8:36:32 AM,WABON1,0,890
2665,Reading St,10R,Roxbury,12:00,16:00,Odd,Gerard St,Kemble St,0.206060606060606,,False,True,False,True,False,False,False,False,True,False,False,False,False,False,False,False,2/29/2012 10:06:53 AM,READI1,0,1088
2666,Vaughan Ave,3,North Dorchester,12:00,16:00,Odd,Geneva Ave,Devon St,0.154545454545455,,False,True,False,True,False,False,False,False,False,True,False,False,False,False,False,False,5/12/2017 1:21:56 PM,VAUGH1,0,816
2667,Reading St,10R,Roxbury,12:00,16:00,Even,Gerard St,Kemble St,0.206060606060606,,False,False,True,False,True,False,False,False,True,False,False,False,False,False,False,False,2/29/2012 10:06:53 AM,READI1,0,1088
2668,Reedsdale St,4,Allston/Brighton,12:00,16:00,Even,Brighton Av,Commonwealth Ave,0.129356060606061,,False,False,True,False,True,False,False,False,False,False,True,False,False,False,False,False,2/14/2012 8:36:32 AM,REEDS1,0,683
2669,Reedsdale St,4,Allston/Brighton,12:00,16:00,Odd,Brighton Av,Commonwealth Ave,0.129356060606061,,False,True,False,True,False,False,False,False,False,False,True,False,False,False,False,False,2/14/2012 8:36:32 AM,REEDS1,0,683
2670,Regent St,10R,Roxbury,12:00,16:00,Even,St James St,Dale St,0.350189393939394,,False,False,True,False,True,False,False,False,True,False,False,False,False,False,False,False,2/29/2012 10:06:53 AM,REGEN1,0,1849
2671,Regent St,10R,Roxbury,12:00,16:00,Odd,St James St,Dale St,0.350189393939394,,False,True,False,True,False,False,False,False,True,False,False,False,False,False,False,False,2/29/2012 10:06:53 AM,REGEN1,0,1849
2672,Wabon St,10R,Roxbury,12:00,16:00,Odd,Warren St,Wabeno St,0.168560606060606,,False,True,False,True,False,False,False,False,False,False,False,True,False,False,False,False,2/14/2012 8:36:32 AM,WABON1,0,890
2673,Warren Ave,1S,South End,12:00,16:00,Even,Berkeley St,Clarendon St,0.115719696969697,,False,False,True,False,True,False,False,False,False,True,False,False,False,False,False,True,2/14/2012 8:36:32 AM,WARRE2,0,611
2674,Warren Ave,1S,South End,12:00,16:00,Odd,Berkeley St,Clarendon St,0.115719696969697,,False,True,False,True,False,True,False,False,False,True,False,False,False,False,False,True,2/14/2012 8:36:32 AM,WARRE2,0,611
2675,Warren Ave,1S,South End,12:00,16:00,Even,Clarendon St,Pembroke St,0.281818181818182,,False,False,True,False,True,False,False,False,False,True,False,False,False,False,False,True,2/14/2012 8:36:32 AM,WARRE2,611,2099
2676,Warren Ave,1S,South End,12:00,16:00,Odd,Clarendon St,Pembroke St,0.281818181818182,,False,True,False,True,False,True,False,False,False,True,False,False,False,False,False,True,2/14/2012 8:36:32 AM,WARRE2,611,2099
2677,Warren Pl,10R,Roxbury,08:00,12:00,Even,Harrison Ave,Pevear Pl,7.84090909090909E-02,,False,False,True,False,True,False,False,False,True,False,False,False,False,False,False,False,3/23/2018 1:45:11 PM,WARRE3,0,414
2678,Warren Pl,10R,Roxbury,08:00,12:00,Odd,Harrison Ave,Pevear Pl,7.84090909090909E-02,,False,True,False,True,False,False,False,False,True,False,False,False,False,False,False,False,3/23/2018 1:45:05 PM,WARRE3,0,414
2679,Warren St,1C,Charlestown,08:00,12:00,Even,Chelsea St,Main St,0.304545454545455,,False,False,True,False,True,False,False,False,False,True,False,False,False,False,False,False,2/14/2012 8:36:32 AM,WARRE5,0,1608
2680,Warren St,1C,Charlestown,08:00,12:00,Odd,Park St,Main St,0.247537878787879,,False,True,False,True,False,False,False,False,False,True,False,False,False,False,False,False,2/14/2012 8:36:32 AM,WARRE5,301,1608
2681,Warren St,10R,Roxbury,05:00,07:00,Odd,Quincy St,Wellington Ct,0.2,,False,True,True,True,True,True,False,False,False,True,False,False,False,False,False,False,2/14/2012 8:36:32 AM,WARRE8,0,1056
2682,Warwick St,10R,Roxbury,08:00,12:00,Odd,Hammond St,Windsor St,0.11344696969697,,False,True,False,True,False,False,False,False,False,True,False,False,False,False,False,False,2/29/2012 10:06:53 AM,WARWI1,0,599
2683,Warwick St,10R,Roxbury,08:00,12:00,Even,Hammond St,Windsor St,0.11344696969697,,False,False,True,False,True,False,False,False,False,True,False,False,False,False,False,False,2/29/2012 10:06:53 AM,WARWI1,0,599
2684,Washington St,4,Allston/Brighton,12:00,16:00,Even,Corey Rd,Commonwealth Ave,0.162121212121212,,False,True,True,True,True,True,False,False,False,True,False,False,False,False,False,False,2/14/2012 8:36:32 AM,WASHI3,138,994
2685,Washington St,4,Allston/Brighton,12:00,16:00,Odd,Corey Rd,Commonwealth Ave,0.162121212121212,,False,True,True,True,True,True,False,False,False,True,False,False,False,False,False,False,2/14/2012 8:36:32 AM,WASHI3,138,994
2686,Washington St,1S,South End,00:00,07:00,Even,East Berkeley St,Massachusetts Ave,0.777272727272727,,False,True,True,True,True,True,False,False,True,False,False,False,False,False,True,True,3/20/2017 8:53:49 AM,WASHI1,6000,10104
2687,Washington St,1S,South End,00:01,07:00,,Marginal Rd,East Berkeley St,0.24905303030303,,True,True,True,True,True,True,True,True,True,True,True,True,True,True,True,True,2/29/2012 10:06:53 AM,WASHI1,4685,6000
2688,Washington St,1T,Chinatown,00:01,07:00,Even Side Median,Stuart St,Marginal Rd,0.253977272727273,,False,True,True,True,True,True,True,True,True,True,True,True,True,True,True,False,2/14/2012 8:36:32 AM,WASHI1,3344,4685
2689,Washington St,1F,Downtown,00:01,07:00,,State St,Franklin St,0.197537878787879,,True,True,True,True,True,True,True,True,True,True,True,True,True,True,True,False,2/29/2012 10:06:53 AM,WASHI1,0,1043
2690,Washington St,1B,Back Bay,00:01,07:00,,Stuart St,Marginal Rd,0.253977272727273,,False,True,True,True,True,True,True,True,True,True,True,True,True,True,True,False,2/29/2012 10:06:53 AM,WASHI1,3344,4685
2691,Washington St,1T,Chinatown,00:01,07:00,,Temple Pl,Stuart St,0.29375,,True,True,True,True,True,True,True,True,True,True,True,True,True,True,True,False,2/29/2012 10:06:53 AM,WASHI1,1793,3344
2692,Washington St,6,West Roxbury,00:01,07:00,Even Side Median,Willet St,Dedham Town Line,1.00132575757576,,True,True,True,True,True,True,False,False,True,False,False,False,False,False,True,False,2/29/2012 10:06:53 AM,WASHI1,42055,47342
2693,Washington St,6,West Roxbury,00:01,07:00,Odd,Willet St,Dedham Town Line,1.00132575757576,,True,True,True,True,True,True,False,False,False,True,False,False,False,False,True,False,2/29/2012 10:06:53 AM,WASHI1,42055,47342
2694,Washington St,M,Multiple,00:01,07:00,Even,Columbus Ave,Brookley Rd,0.947916666666667,,True,True,True,True,True,True,False,False,True,False,False,False,False,False,True,False,2/29/2012 10:06:53 AM,WASHI1,19673,24678
2695,Washington St,6,West Roxbury,00:01,07:00,Odd Side Median,Willet St,Dedham Town Line,1.00132575757576,,True,True,True,True,True,True,False,False,False,True,False,False,False,False,True,False,2/29/2012 10:06:53 AM,WASHI1,42055,47342
2696,Washington St,4,Allston/Brighton,08:00,12:00,Even,Foster St,Bigelow St,0.564015151515151,,False,True,True,True,True,True,False,False,False,False,False,True,False,False,False,False,2/14/2012 8:36:32 AM,WASHI3,5586,8564
2697,Washington St,4,Allston/Brighton,08:00,12:00,Odd,Foster St,Bigelow St,0.564015151515151,,False,True,True,True,True,True,False,False,True,False,False,False,False,False,False,False,2/14/2012 8:36:32 AM,WASHI3,5586,8564
2698,Washington St,4,Allston/Brighton,08:00,12:00,Even,Winship St,Foster St,0.329924242424242,,False,True,True,True,True,True,False,False,False,False,True,False,False,False,False,False,2/14/2012 8:36:32 AM,WASHI3,3844,5586
2699,Washington St,1C,Charlestown,08:00,12:00,Even,Harvard St,Dead End,0.236174242424242,,False,False,True,False,True,False,False,False,False,True,False,False,False,False,False,False,2/14/2012 8:36:32 AM,WASHI4,0,1247
2700,Washington St,1C,Charlestown,08:00,12:00,Odd,Harvard St,Dead End,0.236174242424242,,False,True,False,True,False,False,False,False,False,True,False,False,False,False,False,False,2/14/2012 8:36:32 AM,WASHI4,0,1247
2701,Washington St,M,Multiple,08:00,12:00,Odd,Columbia Rd,Harvard St,0.602083333333333,,True,True,False,True,False,False,False,False,False,True,False,False,False,False,True,False,3/24/2020 2:17:51 PM,WASHI5,1285,4464
2702,Washington St,M,Multiple,00:01,07:00,Even,Park St,Rockwell St,0.851893939393939,,True,True,True,True,True,True,False,False,True,False,False,False,False,False,True,False,2/29/2012 10:06:53 AM,WASHI5,5962,10460
2703,Water St,1F,Downtown,00:01,07:00,,Batterymarch St,Broad St,0.053030303030303,,True,True,True,True,True,True,True,True,True,True,True,True,True,True,True,False,2/29/2012 10:06:53 AM,WATER3,851,1131
2704,Water St,1F,Downtown,00:01,07:00,,Washington St,Batterymarch St,0.161174242424242,,True,True,True,True,True,True,True,True,True,True,True,True,True,True,True,False,2/29/2012 10:06:53 AM,WATER3,0,851
2705,Waumbeck St,10R,Roxbury,12:00,16:00,Even,Warren St,Crawford St,0.454545454545455,,False,False,True,False,True,False,False,False,False,False,False,True,False,False,False,False,2/14/2012 8:36:32 AM,WAUMB1,0,2400
2706,Waumbeck St,10R,Roxbury,12:00,16:00,Odd,Warren St,Crawford St,0.454545454545455,,False,True,False,True,False,False,False,False,False,False,False,True,False,False,False,False,2/14/2012 8:36:32 AM,WAUMB1,0,2400
2707,Wave Ave,3,North Dorchester,12:00,16:00,Even,Savin Hill Ave,Dead End,3.06818181818182E-02,,False,False,True,False,True,False,False,True,False,False,False,False,False,False,False,False,6/13/2013 4:16:09 PM,WAVE 1,0,162
2708,Wave Ave,3,North Dorchester,12:00,16:00,Odd,Savin Hill Ave,Dead End,3.06818181818182E-02,,False,True,False,True,False,False,False,True,False,False,False,False,False,False,False,False,6/13/2013 4:16:03 PM,WAVE 1,0,162
2709,Waverly St,10R,Roxbury,08:00,12:00,Even,Warren St,Blue Hill Ave,0.247159090909091,,False,False,True,False,True,False,False,False,True,False,False,False,False,False,False,False,2/14/2012 8:36:32 AM,WAVER2,0,1305
2710,Waverly St,10R,Roxbury,08:00,12:00,Odd,Warren St,Blue Hill Ave,0.247159090909091,,False,True,False,True,False,False,False,False,True,False,False,False,False,False,False,False,2/14/2012 8:36:32 AM,WAVER2,0,1305
2711,Webley St,4,Allston/Brighton,08:00,12:00,Even,Islington St,Dead End,4.86742424242424E-02,,False,False,True,False,True,False,False,False,False,False,True,False,False,False,False,False,2/14/2012 8:36:32 AM,WEBLE1,0,257
2712,Webley St,4,Allston/Brighton,08:00,12:00,Odd,Islington St,Dead End,4.86742424242424E-02,,False,True,False,True,False,False,False,False,False,False,True,False,False,False,False,False,2/14/2012 8:36:32 AM,WEBLE1,0,257
2713,Webster St,9,East Boston,08:00,12:00,Even,Orleans St,Sumner St,0.480871212121212,,False,False,True,False,True,False,False,False,False,False,True,False,False,False,False,False,2/14/2012 8:36:32 AM,WEBST2,105,2644
2714,Webster St,9,East Boston,08:00,12:00,Odd,Orleans St,Sumner St,0.480871212121212,,False,True,False,True,False,False,False,False,False,False,True,False,False,False,False,False,2/14/2012 8:36:32 AM,WEBST2,105,2644
2715,Weld Ave,2,Jamaica Plain,12:00,16:00,Odd,Columbus Ave,School St,8.93939393939394E-02,,False,True,False,True,False,False,False,True,False,False,False,False,False,False,False,False,4/12/2023 9:34:54 AM,WELD 1,0,472
2716,Weld Ave,2,Jamaica Plain,12:00,16:00,Even,Columbus Ave,School St,8.93939393939394E-02,,False,False,True,False,True,False,False,True,False,False,False,False,False,False,False,False,4/12/2023 9:34:48 AM,WELD 1,0,472
2719,Weldon St,10R,Roxbury,08:00,12:00,Even,Holborn St,Quincy St,7.04545454545455E-02,,False,False,True,False,True,False,False,False,False,False,False,True,False,False,False,False,2/14/2012 8:36:32 AM,WELDO1,0,372
2720,Weldon St,10R,Roxbury,08:00,12:00,Odd,Holborn St,Quincy St,7.04545454545455E-02,,False,True,False,True,False,False,False,False,False,False,False,True,False,False,False,False,2/14/2012 8:36:32 AM,WELDO1,0,372
2721,Well St,1F,Downtown,00:01,07:00,,Wharf St,Custom House St,5.43560606060606E-02,,False,True,True,True,True,True,True,True,True,True,True,True,True,True,True,False,2/29/2012 10:06:53 AM,WELL 1,0,287
2722,Welles Ave,7,South Dorchester,08:00,12:00,Odd,Washington St,Dorchester Ave,0.433522727272727,,False,True,False,True,False,False,False,False,False,True,False,False,False,False,False,False,2/14/2012 8:36:32 AM,WELLE1,0,2289
2723,Welles Ave,7,South Dorchester,08:00,12:00,Even,Washington St,Dorchester Ave,0.433522727272727,,False,False,True,False,True,False,False,False,False,True,False,False,False,False,False,False,2/14/2012 8:36:32 AM,WELLE1,0,2289
2724,Wellington Hill St,7,South Dorchester,08:00,12:00,Even,Blue Hill Ave,Morton St,0.499242424242424,,False,False,True,False,True,False,False,False,True,False,False,False,False,False,False,False,2/14/2012 8:36:32 AM,WELLI1,0,2636
2725,Wellington Hill St,7,South Dorchester,08:00,12:00,Odd,Blue Hill Ave,Morton St,0.499242424242424,,False,True,False,True,False,False,False,False,True,False,False,False,False,False,False,False,2/14/2012 8:36:32 AM,WELLI1,0,2636
2726,Wellington St,1S,South End,08:00,12:00,Even,Columbus Ave,Claremont St,8.57954545454546E-02,,False,False,True,False,True,False,False,False,False,True,False,False,False,False,False,True,2/14/2012 8:36:32 AM,WELLI2,0,453
2727,Wellington St,1S,South End,08:00,12:00,Odd,Columbus Ave,Claremont St,8.57954545454546E-02,,False,True,False,True,False,True,False,False,False,True,False,False,False,False,False,True,2/14/2012 8:36:32 AM,WELLI2,0,453
2728,Wendell St,1F,Downtown,00:01,07:00,,Batterymarch St,Broad St,0.059469696969697,,False,True,True,True,True,True,True,True,True,True,True,True,True,True,True,False,2/29/2012 10:06:53 AM,WENDE1,0,314
2729,Wenoah St,10R,Roxbury,12:00,16:00,Even,Elm Hill Ave,Waumbeck St,0.113068181818182,,False,False,True,False,True,False,False,False,False,False,False,True,False,False,False,False,2/14/2012 8:36:32 AM,WENOA1,0,597
2730,Wenoah St,10R,Roxbury,12:00,16:00,Odd,Elm Hill Ave,Waumbeck St,0.113068181818182,,False,True,False,True,False,False,False,False,False,False,False,True,False,False,False,False,2/14/2012 8:36:32 AM,WENOA1,0,597
2731,Wensley St,10M,Mission Hill,12:00,16:00,Odd,New Heath St,Bucknam St,0.222348484848485,,False,True,False,True,False,False,False,False,False,True,False,False,False,False,False,False,6/29/2020 3:36:59 PM,WENSL1,0,1174
2732,Wensley St,10M,Mission Hill,12:00,16:00,Even,New Heath St,Bucknam St,0.222348484848485,,False,False,True,False,True,False,False,False,False,True,False,False,False,False,False,False,6/29/2020 3:36:53 PM,WENSL1,0,1174
2733,Wentworth Ter,7,South Dorchester,08:00,12:00,Odd,Wentworth St,Dunbar Ave,8.61742424242424E-02,,False,True,False,True,False,False,False,False,False,True,False,False,False,False,False,False,2/14/2012 8:36:32 AM,WENTW2,0,455
2734,Wentworth Ter,7,South Dorchester,08:00,12:00,Even,Wentworth St,Dunbar Ave,8.61742424242424E-02,,False,False,True,False,True,False,False,False,False,True,False,False,False,False,False,False,2/14/2012 8:36:32 AM,WENTW2,0,455
2735,West Broadway,5,South Boston,05:00,07:00,Even,Dorchester Ave,Dorchester St,0.785416666666667,,False,True,True,True,True,True,False,False,True,False,False,False,False,False,False,False,2/29/2012 10:06:53 AM,WEST 1,0,4147
2736,West Broadway,5,South Boston,05:00,07:00,Odd,Dorchester Ave,Dorchester St,0.785416666666667,,False,True,True,True,True,True,False,True,False,False,False,False,False,False,False,False,2/29/2012 10:06:53 AM,WEST 1,0,4147
2738,West First St,5,South Boston,13:00,17:00,Even,B St,Dorchester St,0,,False,True,True,True,True,True,False,False,False,False,False,True,False,False,False,False,2/14/2012 8:36:32 AM,WEST 11,0,3007
2739,West First St,5,South Boston,09:00,13:00,Odd,B St,Dorchester St,0,,False,True,True,True,True,True,False,True,False,False,False,False,False,False,False,False,2/14/2012 8:36:32 AM,WEST 11,0,3007
2740,West Fourth St,5,South Boston,09:00,13:00,Odd,D St,East Fourth St,0.33030303030303,,False,True,False,True,False,False,False,True,False,False,False,False,False,False,False,False,3/24/2017 1:24:09 PM,WEST 12,0,1744
2741,West Fourth St,5,South Boston,09:00,13:00,Even,D St,East Fourth St,0.33030303030303,,False,False,True,False,True,False,False,True,False,False,False,False,False,False,False,False,3/24/2017 1:24:02 PM,WEST 12,0,1744
2742,West Newton St,1S,South End,08:00,12:00,Even,SW Corridor Path,Columbus Ave,0.127651515151515,,False,True,True,True,True,True,False,False,False,True,False,False,False,False,False,True,3/9/2022 9:31:11 AM,WEST 18,2600,3274
2743,West Newton St,1S,South End,08:00,12:00,Odd,Tremont St,Columbus Ave,0.163636363636364,,False,True,False,True,False,True,False,False,False,True,False,False,False,False,False,True,2/14/2012 8:36:32 AM,WEST 18,1203,2067
2744,West Newton St,1S,South End,08:00,12:00,Odd,SW Corridor Path,Columbus Ave,0.127651515151515,,False,True,True,True,True,True,False,False,False,False,False,True,False,False,False,True,3/9/2022 9:31:05 AM,WEST 18,2600,3274
2745,West Newton St,1S,South End,08:00,12:00,Even,Shawmut Ave,Tremont St,0.154545454545455,,False,False,True,False,True,False,False,False,False,False,True,False,False,False,False,True,2/14/2012 8:36:32 AM,WEST 18,387,1203
2746,West Newton St,1S,South End,08:00,12:00,Even,Washington St,Shawmut Ave,7.32954545454545E-02,,False,False,True,False,True,False,False,False,False,False,True,False,False,False,False,True,2/14/2012 8:36:32 AM,WEST 18,0,387
2747,West Newton St,1S,South End,08:00,12:00,Even,Tremont St,Columbus Ave,0.163636363636364,,False,False,True,False,True,False,False,False,False,True,False,False,False,False,False,True,2/14/2012 8:36:32 AM,WEST 18,1203,2067
2748,West Newton St,1S,South End,08:00,12:00,Odd,Shawmut Ave,Tremont St,0.154545454545455,,False,True,False,True,False,True,False,False,False,False,True,False,False,False,False,True,8/20/2020 8:16:01 AM,WEST 18,387,1203
2749,West Brookline St,1S,South End,08:00,12:00,Even,Aguadilla St,Tremont St,4.75378787878788E-02,,False,False,True,False,True,False,False,False,False,False,True,False,False,False,False,True,9/24/2018 12:42:10 PM,WEST 2,0,251
2750,West Brookline St,1S,South End,12:00,16:00,Even,Tremont St,Warren Av,0.139583333333333,,False,False,True,False,True,False,False,False,False,True,False,False,False,False,False,True,2/14/2012 8:36:32 AM,WEST 2,251,988
2751,West Brookline St,1S,South End,12:00,16:00,Odd,Tremont St,Warren Av,0.139583333333333,,False,True,False,True,False,True,False,False,False,True,False,False,False,False,False,True,2/14/2012 8:36:32 AM,WEST 2,251,988
2752,West Ninth St,5,South Boston,13:00,17:00,Odd,D St,Dorchester St,0.26155303030303,,False,True,False,True,False,False,False,False,False,False,False,True,False,False,False,False,3/24/2017 1:27:15 PM,WEST 20,0,1381
2753,West Ninth St,5,South Boston,13:00,17:00,Even,D St,Dorchester St,0.26155303030303,,False,False,True,False,True,False,False,False,False,False,False,True,False,False,False,False,3/24/2017 1:27:09 PM,WEST 20,0,1381
2754,West School St,1C,Charlestown,12:00,16:00,Even,New Rutherford Ave,Main St,0.162121212121212,,False,True,False,True,False,False,False,False,False,False,True,False,False,False,False,False,2/29/2012 10:06:53 AM,WEST 23,0,856
2755,West School St,1C,Charlestown,12:00,16:00,Odd,New Rutherford Ave,Main St,0.162121212121212,,False,False,True,False,True,False,False,False,False,False,True,False,False,False,False,False,2/29/2012 10:06:53 AM,WEST 23,0,856
2756,West Second St,5,South Boston,09:00,13:00,Odd,B St,Dorchester St,0.56875,,False,True,False,True,False,False,False,False,False,False,False,True,False,False,False,False,4/21/2017 10:46:05 AM,WEST 24,1435,4438
2757,West Second St,5,South Boston,09:00,13:00,Even,B St,Dorchester St,0.56875,,False,False,True,False,True,False,False,False,False,False,False,True,False,False,False,False,4/21/2017 10:45:51 AM,WEST 24,1435,4438
2758,West Selden St,7,South Dorchester,12:00,16:00,Odd,Morton St,Faunce Rd,0.635606060606061,,False,True,False,True,False,False,False,False,False,False,True,False,False,False,False,False,2/14/2012 8:36:32 AM,WEST 25,0,3356
2759,West Selden St,7,South Dorchester,12:00,16:00,Even,Morton St,Faunce Rd,0.635606060606061,,False,False,True,False,True,False,False,False,False,False,True,False,False,False,False,False,2/14/2012 8:36:32 AM,WEST 25,0,3356
2760,West Seventh St,5,South Boston,13:00,17:00,Even,D St,Dorchester St,0.284280303030303,,False,False,True,False,True,False,False,True,False,False,False,False,False,False,False,False,3/24/2017 1:25:41 PM,WEST 26,1169,2670
2761,West Seventh St,5,South Boston,13:00,17:00,Odd,D St,Dorchester St,0.284280303030303,,False,True,False,True,False,False,False,True,False,False,False,False,False,False,False,False,3/24/2017 1:25:32 PM,WEST 26,1169,2670
2762,West Sixth St,5,South Boston,09:00,13:00,Even,D St,Dorchester St,0.299621212121212,,False,False,True,False,True,False,False,True,False,False,False,False,False,False,False,False,3/24/2017 1:25:12 PM,WEST 27,0,1582
2763,West Sixth St,5,South Boston,09:00,13:00,Odd,D St,Dorchester St,0.299621212121212,,False,True,False,True,False,False,False,True,False,False,False,False,False,False,False,False,3/24/2017 1:25:06 PM,WEST 27,0,1582
2764,West Springfield St,1S,South End,08:00,12:00,Even,Tremont St,Columbus Ave,0.12405303030303,,False,False,True,False,True,False,False,False,False,True,False,False,False,False,False,True,2/14/2012 8:36:32 AM,WEST 29,1329,1984
2765,West Springfield St,1S,South End,08:00,12:00,Odd,Tremont St,Columbus Ave,0.12405303030303,,False,True,False,True,False,True,False,False,False,True,False,False,False,False,False,True,2/14/2012 8:36:32 AM,WEST 29,1329,1984
2766,West Springfield St,1S,South End,08:00,12:00,Even,Washington St,Tremont St,0.251704545454545,,False,False,True,False,True,False,False,False,False,False,True,False,False,False,False,True,2/14/2012 8:36:32 AM,WEST 29,0,1329
2767,West Springfield St,1S,South End,08:00,12:00,Odd,Washington St,Tremont St,0.251704545454545,,False,True,False,True,False,True,False,False,False,False,True,False,False,False,False,True,8/20/2020 8:19:23 AM,WEST 29,0,1329
2768,West Brookline St,1S,South End,08:00,12:00,Even,Washington St,San Juan St,0.133333333333333,,False,False,True,False,True,False,False,False,False,False,True,False,False,False,False,True,2/14/2012 8:36:32 AM,WEST 3,0,704
2769,West Brookline St,1S,South End,08:00,12:00,Odd,Washington St,San Juan St,0.133333333333333,,False,True,False,True,False,True,False,False,False,False,True,False,False,False,False,True,8/20/2020 8:14:22 AM,WEST 3,0,704
2770,West St,1T,Chinatown,00:01,07:00,,Washington St,Tremont St,0.101325757575758,,True,True,True,True,True,True,True,True,True,True,True,True,True,True,True,False,2/29/2012 10:06:53 AM,WEST 32,0,535
2771,West Third St,5,South Boston,09:00,13:00,Even,B St,Dorchester St,0.569318181818182,,False,False,True,False,True,False,False,False,False,False,False,True,False,False,False,False,3/24/2017 1:23:14 PM,WEST 33,856,3862
2772,West Third St,5,South Boston,09:00,13:00,Odd,B St,Dorchester St,0.569318181818182,,False,True,False,True,False,False,False,False,False,False,False,True,False,False,False,False,3/24/2017 1:23:02 PM,WEST 33,856,3862
2773,West Tremlett St,7,South Dorchester,12:00,16:00,Even,Washington St,Whitfield St,0.176325757575758,,False,False,True,False,True,False,False,False,False,True,False,False,False,False,False,False,2/14/2012 8:36:32 AM,WEST 34,0,931
2774,West Tremlett St,7,South Dorchester,12:00,16:00,Odd,Washington St,Whitfield St,0.176325757575758,,False,True,False,True,False,False,False,False,False,True,False,False,False,False,False,False,2/14/2012 8:36:32 AM,WEST 34,0,931
2775,West Walnut Park,10R,Roxbury,08:00,12:00,Even,Washington St,Amory St,0.23844696969697,,False,False,True,False,True,False,False,False,False,False,False,True,False,False,False,False,2/14/2012 8:36:32 AM,WEST 35,0,1259
2776,West Walnut Park,10R,Roxbury,08:00,12:00,Odd,Washington St,Amory St,0.23844696969697,,False,True,False,True,False,False,False,False,False,False,False,True,False,False,False,False,2/14/2012 8:36:32 AM,WEST 35,0,1259
2777,West Canton St,1S,South End,12:00,16:00,Odd,Warren Av,Columbus Ave,7.10227272727273E-02,,False,True,False,True,False,True,False,False,False,True,False,False,False,False,False,True,6/9/2022 1:08:40 PM,WEST 4,668,1043
2778,West Canton St,1S,South End,12:00,16:00,Even,Warren Av,Columbus Ave,7.10227272727273E-02,,False,False,True,False,True,False,False,False,False,True,False,False,False,False,False,True,6/9/2022 1:08:54 PM,WEST 4,668,1043
2779,West Canton St,1S,South End,12:00,16:00,Even,Tremont St,Warren Av,0.126515151515152,,False,False,True,False,True,False,False,False,False,True,False,False,False,False,False,True,2/14/2012 8:36:32 AM,WEST 4,0,668
2780,West Canton St,1S,South End,12:00,16:00,Odd,Tremont St,Warren Av,0.126515151515152,,False,True,False,True,False,True,False,False,False,True,False,False,False,False,False,True,2/14/2012 8:36:32 AM,WEST 4,0,668
2781,Carlisle St,10R,Roxbury,08:00,12:00,Even,Warren St,Dead End,7.97348484848485E-02,,False,False,True,False,True,False,False,False,False,False,False,True,False,False,False,False,2/14/2012 8:36:32 AM,CARLI1,0,421
2782,Carlisle St,10R,Roxbury,08:00,12:00,Odd,Warren St,Dead End,7.97348484848485E-02,,False,True,False,True,False,False,False,False,False,False,False,True,False,False,False,False,2/14/2012 8:36:32 AM,CARLI1,0,421
2783,West Cedar St,1H,Beacon Hill,08:00,12:00,Odd,Phillips St,Cambridge St,5.45454545454545E-02,,False,True,False,True,False,False,False,False,False,True,False,False,False,False,False,True,2/14/2012 8:36:32 AM,WEST 5,1169,1457
2784,West Cedar St,1H,Beacon Hill,08:00,12:00,Odd,Mt Vernon,Phillips St,0.221401515151515,,False,True,False,True,False,False,False,False,False,True,False,False,False,False,False,True,2/14/2012 8:36:32 AM,WEST 5,0,1169
2785,West Concord St,1S,South End,08:00,12:00,Even,Shawmut Ave,Tremont St,0.165340909090909,,False,False,True,False,True,False,False,False,False,False,True,False,False,False,False,True,2/14/2012 8:36:32 AM,WEST 6,396,1269
2786,West Concord St,1S,South End,08:00,12:00,Odd,Shawmut Ave,Tremont St,0.165340909090909,,False,True,False,True,False,True,False,False,False,False,True,False,False,False,False,True,8/20/2020 8:18:50 AM,WEST 6,396,1269
2788,West Concord St,1S,South End,08:00,12:00,Even,Washington St,Shawmut Ave,0.075,,False,False,True,False,True,False,False,False,False,False,True,False,False,False,False,True,2/14/2012 8:36:32 AM,WEST 6,0,396
2789,West Concord St,1S,South End,08:00,12:00,Odd,Washington St,Shawmut Ave,0.075,,False,True,False,True,False,True,False,False,False,False,True,False,False,False,False,True,8/20/2020 8:18:41 AM,WEST 6,0,396
2790,West Dedham St,1S,South End,08:00,12:00,Odd,Washington St,Tremont St,0.215909090909091,,False,True,False,True,False,True,False,False,False,False,True,False,False,False,False,True,8/20/2020 8:13:31 AM,WEST 8,0,1140
2791,West Dedham St,1S,South End,08:00,12:00,Even,Washington St,Tremont St,0.215909090909091,,False,False,True,False,True,False,False,False,False,False,True,False,False,False,False,True,2/14/2012 8:36:32 AM,WEST 8,0,1140
2792,West Fifth St,5,South Boston,09:00,13:00,Odd,D St,Dorchester St,0.313257575757576,,False,True,False,True,False,False,False,True,False,False,False,False,False,False,False,False,3/24/2017 1:24:41 PM,WEST 9,0,1654
2793,West Fifth St,5,South Boston,09:00,13:00,Even,D St,Dorchester St,0.313257575757576,,False,False,True,False,True,False,False,True,False,False,False,False,False,False,False,False,3/24/2017 1:24:33 PM,WEST 9,0,1654
2794,Westerly St,2,Jamaica Plain,12:00,16:00,Even,Centre St,Sunnyside St,0.078030303030303,,False,False,True,False,True,False,False,False,True,False,False,False,False,False,False,False,6/13/2016 10:15:46 AM,WESTE1,0,412
2795,Westerly St,2,Jamaica Plain,12:00,16:00,Odd,Centre St,Sunnyside St,0.078030303030303,,False,True,False,True,False,False,False,False,True,False,False,False,False,False,False,False,6/13/2016 10:15:41 AM,WESTE1,0,412
2796,Westland Ave,10F,Fenway/Kenmore,12:00,16:00,Odd,Massachusetts Ave,Hemenway St,0.216856060606061,,False,True,False,True,False,False,False,False,False,True,False,False,False,False,False,False,2/14/2012 8:36:32 AM,WESTL1,0,1145
2797,Westland Ave,10F,Fenway/Kenmore,12:00,16:00,Even,Massachusetts Ave,Hemenway St,0.216856060606061,,False,False,True,False,True,False,False,False,False,True,False,False,False,False,False,False,2/14/2012 8:36:32 AM,WESTL1,0,1145
2798,Westminster St,10R,Roxbury,08:00,12:00,Odd,Hammond St,Greenwich St,2.72727272727273E-02,,False,True,False,True,False,False,False,False,False,True,False,False,False,False,False,False,2/29/2012 10:06:53 AM,WESTM4,0,144
2799,Westminster St,10R,Roxbury,08:00,12:00,Even,Hammond St,Greenwich St,2.72727272727273E-02,,False,False,True,False,True,False,False,False,False,True,False,False,False,False,False,False,2/29/2012 10:06:53 AM,WESTM4,0,144
2800,Westmore Rd,7,South Dorchester,08:00,12:00,Even,Deering Rd,Hazleton St,0.251325757575758,,False,False,True,False,True,False,False,False,True,False,False,False,False,False,False,False,2/14/2012 8:36:32 AM,WESTM5,0,1327
2801,Westmore Rd,7,South Dorchester,08:00,12:00,Odd,Deering Rd,Hazleton St,0.251325757575758,,False,True,False,True,False,False,False,False,True,False,False,False,False,False,False,False,2/14/2012 8:36:32 AM,WESTM5,0,1327
2802,Westview St,7,South Dorchester,08:00,12:00,Odd,Stratton St,Blue Hill Ave,0.324621212121212,,False,True,False,True,False,False,False,False,False,False,False,True,False,False,False,False,2/14/2012 8:36:32 AM,WESTV1,0,1714
2803,Westview St,7,South Dorchester,08:00,12:00,Even,Stratton St,Blue Hill Ave,0.324621212121212,,False,False,True,False,True,False,False,False,False,False,False,True,False,False,False,False,2/14/2012 8:36:32 AM,WESTV1,0,1714
2804,Westville St,3,North Dorchester,08:00,12:00,Odd,Geneva Ave,Draper St,0.211363636363636,,False,True,False,True,False,False,False,False,False,False,True,False,False,False,False,False,2/14/2012 8:36:32 AM,WESTV2,1379,2495
2805,Westville St,3,North Dorchester,08:00,12:00,Even,Geneva Ave,Draper St,0.211363636363636,,False,False,True,False,True,False,False,False,False,False,True,False,False,False,False,False,2/14/2012 8:36:32 AM,WESTV2,1379,2495
2806,Wheatland Ave,7,South Dorchester,12:00,16:00,Even,Washington St,Norwell St,0.29905303030303,,False,False,True,False,True,False,False,False,False,True,False,False,False,False,False,False,2/14/2012 8:36:32 AM,WHEAT1,0,1579
2807,Wheatland Ave,7,South Dorchester,12:00,16:00,Odd,Washington St,Norwell St,0.29905303030303,,False,True,False,True,False,False,False,False,False,True,False,False,False,False,False,False,2/14/2012 8:36:32 AM,WHEAT1,0,1579
2808,White St,9,East Boston,08:00,12:00,Odd,Border St,Brooks St,0.210037878787879,,False,False,True,False,True,False,False,False,True,False,False,False,False,False,False,False,2/14/2012 8:36:32 AM,WHITE1,0,1109
2809,White St,9,East Boston,08:00,12:00,Even,Border St,Brooks St,0.210037878787879,,False,True,False,True,False,False,False,False,True,False,False,False,False,False,False,False,2/14/2012 8:36:32 AM,WHITE1,0,1109
2810,White St,9,East Boston,12:00,16:00,Odd,Brooks St,Trenton St,0.205871212121212,,False,False,True,False,True,False,False,False,True,False,False,False,False,False,False,False,2/14/2012 8:36:32 AM,WHITE1,1109,2196
2811,White St,9,East Boston,12:00,16:00,Even,Brooks St,Trenton St,0.205871212121212,,False,True,False,True,False,False,False,False,True,False,False,False,False,False,False,False,2/14/2012 8:36:32 AM,WHITE1,1109,2196
2812,Whitfield St,7,South Dorchester,08:00,12:00,Even,Norfolk St,Talbot Ave,0.116856060606061,,False,True,False,True,False,False,False,False,False,False,False,True,False,False,False,False,9/24/2018 11:35:18 AM,WHITF2,0,617
2813,Whitfield St,7,South Dorchester,08:00,12:00,Odd,Norfolk St,Talbot Ave,0.116856060606061,,False,False,True,False,True,False,False,False,False,False,False,True,False,False,False,False,9/24/2018 11:35:12 AM,WHITF2,0,617
2814,Whitfield St,7,South Dorchester,12:00,16:00,Even,Talbot Ave,Park St,0.290151515151515,,False,True,False,True,False,False,False,False,False,True,False,False,False,False,False,False,9/24/2018 11:35:01 AM,WHITF2,617,2149
2815,Whitfield St,7,South Dorchester,12:00,16:00,Odd,Talbot Ave,Park St,0.290151515151515,,False,False,True,False,True,False,False,False,False,True,False,False,False,False,False,False,9/24/2018 11:34:53 AM,WHITF2,617,2149
2816,Whiting St,10R,Roxbury,08:00,12:00,Even,Warren St,Winthrop St,0.203409090909091,,False,True,False,True,False,False,False,False,True,False,False,False,False,False,False,False,2/14/2012 8:36:32 AM,WHITI1,0,1074
2817,Whiting St,10R,Roxbury,08:00,12:00,Odd,Warren St,Winthrop St,0.203409090909091,,False,False,True,False,True,False,False,False,True,False,False,False,False,False,False,False,2/14/2012 8:36:32 AM,WHITI1,0,1074
2818,Whitman St,7,South Dorchester,08:00,12:00,Odd,Norfolk St,Dead End,0.154166666666667,,False,True,False,True,False,False,False,False,False,True,False,False,False,False,False,False,2/14/2012 8:36:32 AM,WHITM1,0,814
2819,Whitman St,7,South Dorchester,08:00,12:00,Even,Norfolk St,Dead End,0.154166666666667,,False,False,True,False,True,False,False,False,False,True,False,False,False,False,False,False,2/14/2012 8:36:32 AM,WHITM1,0,814
2820,Whittier St,10R,Roxbury,08:00,12:00,Even,Cabot St,Tremont St,0.130113636363636,,False,False,True,False,True,False,False,False,False,True,False,False,False,False,False,False,2/29/2012 10:06:53 AM,WHITT4,0,687
2821,Whittier St,10R,Roxbury,08:00,12:00,Odd,Cabot St,Tremont St,0.130113636363636,,False,True,False,True,False,False,False,False,False,True,False,False,False,False,False,False,2/29/2012 10:06:53 AM,WHITT4,0,687
2822,Wichita Ter,7,South Dorchester,12:00,16:00,Odd,River St,Dead End,5.11363636363636E-02,,False,True,False,True,False,False,False,False,False,False,True,False,False,False,False,False,2/14/2012 8:36:32 AM,WICHI1,0,270
2823,Wichita Ter,7,South Dorchester,12:00,16:00,Even,River St,Dead End,5.11363636363636E-02,,False,False,True,False,True,False,False,False,False,False,True,False,False,False,False,False,2/14/2012 8:36:32 AM,WICHI1,0,270
2824,Wiggin St,1N,North End,08:00,12:00,Odd,North Bennet St,Tileston St,2.25378787878788E-02,,False,True,False,True,False,False,False,False,False,False,False,True,False,False,False,True,7/1/2019 10:44:58 AM,WIGGI1,0,119
2825,Wiggin St,1N,North End,08:00,12:00,Even,North Bennet St,Tileston St,2.25378787878788E-02,,False,False,True,False,True,False,False,False,False,False,False,True,False,False,False,True,7/1/2019 11:48:15 AM,WIGGI1,0,119
2826,Wigglesworth St,10M,Mission Hill,08:00,12:00,EVEN,Tremont St,Huntington Ave,0.113068181818182,,False,False,True,True,True,False,False,False,False,True,False,False,False,False,False,False,2/29/2012 10:06:53 AM,WIGGL1,0,597
2827,Wigglesworth St,10M,Mission Hill,08:00,12:00,ODD,Tremont St,Huntington Ave,0.113068181818182,,False,True,False,True,False,False,False,False,False,True,False,False,False,False,False,False,2/29/2012 10:06:53 AM,WIGGL1,0,597
2828,Wilcock St,7,South Dorchester,12:00,16:00,Even,Blue Hill Ave,Morton St,0.153977272727273,,False,False,True,False,True,False,False,False,True,False,False,False,False,False,False,False,2/14/2012 8:36:32 AM,WILCO1,0,813
2829,Wilcock St,7,South Dorchester,12:00,16:00,Odd,Blue Hill Ave,Morton St,0.153977272727273,,False,True,False,True,False,False,False,False,True,False,False,False,False,False,False,False,2/14/2012 8:36:32 AM,WILCO1,0,813
2830,Wildwood St,7,South Dorchester,08:00,12:00,Even,Middleton St,Morton St,0.130492424242424,,False,False,True,False,True,False,False,False,False,True,False,False,False,False,False,False,2/14/2012 8:36:32 AM,WILDW1,83,772
2831,Wildwood St,7,South Dorchester,08:00,12:00,Odd,Middleton St,Morton St,0.130492424242424,,False,True,False,True,False,False,False,False,False,True,False,False,False,False,False,False,2/14/2012 8:36:32 AM,WILDW1,83,772
2832,Wildwood St,7,South Dorchester,12:00,16:00,Even,Morton St,Woolson St,0.103219696969697,,False,False,True,False,True,False,False,False,False,False,True,False,False,False,False,False,2/14/2012 8:36:32 AM,WILDW1,772,1317
2833,Wildwood St,7,South Dorchester,12:00,16:00,Odd,Morton St,Woolson St,0.103219696969697,,False,True,False,True,False,False,False,False,False,False,True,False,False,False,False,False,2/14/2012 8:36:32 AM,WILDW1,772,1317
2834,Wilkinson Park,3,North Dorchester,08:00,12:00,Even,East St,Dead End,4.71590909090909E-02,,False,False,True,False,True,False,False,False,False,False,True,False,False,False,False,False,2/14/2012 8:36:32 AM,WILKI1,0,249
2835,Wilkinson Park,3,North Dorchester,08:00,12:00,Odd,East St,Dead End,4.71590909090909E-02,,False,True,False,True,False,False,False,False,False,False,True,False,False,False,False,False,2/14/2012 8:36:32 AM,WILKI1,0,249
2836,Willow St,1H,Beacon Hill,08:00,12:00,Even,Chestnut St,Mt Vernon St,4.62121212121212E-02,,False,True,False,True,False,True,False,False,False,False,False,True,False,False,False,True,10/19/2015 1:18:35 PM,WILLO5,0,244
2837,Willowwood St,7,South Dorchester,08:00,12:00,Odd,Woodrow Ave,Ballou Ave,0.242992424242424,,False,True,False,True,False,False,False,False,False,True,False,False,False,False,False,False,2/14/2012 8:36:32 AM,WILLO7,0,1283
2838,Willowwood St,7,South Dorchester,08:00,12:00,Even,Woodrow Ave,Ballou Ave,0.242992424242424,,False,False,True,False,True,False,False,False,False,True,False,False,False,False,False,False,2/14/2012 8:36:32 AM,WILLO7,0,1283
2839,William E Mullins Way,1S,South End,00:01,07:00,,Harrison Ave,Washington St,0.065719696969697,,False,True,True,True,True,True,True,True,True,True,True,True,True,True,True,True,2/29/2012 10:06:53 AM,WILLI1,0,347
2842,William J Day Blvd,99,DCR,08:00,12:00,To Castle Island,O Street,Shore Rd,1.80890151515152,,False,True,False,False,False,False,False,False,False,False,True,False,False,False,False,False,3/28/2013 11:38:15 AM,WILLI2,0,9551
2843,William J Day Blvd,99,DCR,08:00,12:00,To Columbia Rd,Shore Rd,I Street,1.80890151515152,,False,True,False,False,False,False,False,False,False,False,False,True,False,False,False,False,3/28/2013 11:38:37 AM,WILLI2,0,9551
2844,Williams St,10R,Roxbury,08:00,12:00,Even,Washington St,Shawmut Ave,0.106439393939394,,False,False,True,False,True,False,False,False,False,True,False,False,False,False,False,False,2/29/2012 10:06:53 AM,WILLI5,0,562
2845,Williams St,10R,Roxbury,08:00,12:00,Odd,Washington St,Shawmut Ave,0.106439393939394,,False,True,False,True,False,False,False,False,False,True,False,False,False,False,False,False,2/29/2012 10:06:53 AM,WILLI5,0,562
2846,Willis St,3,North Dorchester,12:00,16:00,Even,Pleasant St,Sumner St,0.141098484848485,,False,False,True,False,True,False,False,False,False,False,False,True,False,False,False,False,2/14/2012 8:36:32 AM,WILLI6,0,745
2847,Willis St,3,North Dorchester,12:00,16:00,Odd,Pleasant St,Sumner St,0.141098484848485,,False,True,False,True,False,False,False,False,False,False,False,True,False,False,False,False,2/14/2012 8:36:32 AM,WILLI6,0,745
2848,Wilmore St,7,South Dorchester,12:00,16:00,Even,Blue Hill Ave,Norfolk St,0.112121212121212,,False,False,True,False,True,False,False,False,False,False,True,False,False,False,False,False,2/14/2012 8:36:32 AM,WILMO1,0,592
2849,Wilmore St,7,South Dorchester,12:00,16:00,Odd,Blue Hill Ave,Norfolk St,0.112121212121212,,False,True,False,True,False,False,False,False,False,False,True,False,False,False,False,False,2/14/2012 8:36:32 AM,WILMO1,0,592
2850,Wilrose St,3,North Dorchester,12:00,16:00,Odd,Westwood St,Puritan Ave,8.73106060606061E-02,,False,True,False,True,False,False,False,False,False,True,False,False,False,False,False,False,6/13/2013 3:44:45 PM,WILRO1,105,566
2851,Wilrose St,3,North Dorchester,12:00,16:00,Even,Westwood St,Puritan Ave,8.73106060606061E-02,,False,False,True,False,True,False,False,False,False,True,False,False,False,False,False,False,6/13/2013 3:44:30 PM,WILRO1,105,566
2852,Wilson Park,4,Allston/Brighton,08:00,12:00,Even,Commonwealth Ave,Dead End,9.75378787878788E-02,,False,False,True,False,True,False,False,False,False,True,False,False,False,False,False,False,2/14/2012 8:36:32 AM,WILSO1,0,515
2853,Wilson Park,4,Allston/Brighton,08:00,12:00,Odd,Commonwealth Ave,Dead End,9.75378787878788E-02,,False,True,False,True,False,False,False,False,False,True,False,False,False,False,False,False,2/14/2012 8:36:32 AM,WILSO1,0,515
2854,Wilton St,4,Allston/Brighton,08:00,12:00,Even,Cambridge St,Braintree St,6.53409090909091E-02,,False,False,True,False,True,False,False,True,False,False,False,False,False,False,False,False,2/14/2012 8:36:32 AM,WILTO2,0,345
2855,Wilton St,4,Allston/Brighton,08:00,12:00,Odd,Cambridge St,Braintree St,6.53409090909091E-02,,False,True,False,True,False,False,False,True,False,False,False,False,False,False,False,False,2/14/2012 8:36:32 AM,WILTO2,0,345
2856,Windsor St,10R,Roxbury,08:00,12:00,Even,Shawmut Ave,Warwick St,0.161931818181818,,False,False,True,False,True,False,False,False,False,True,False,False,False,False,False,False,2/29/2012 10:06:53 AM,WINDS1,0,855
2857,Windsor St,10R,Roxbury,08:00,12:00,Odd,Shawmut Ave,Warwick St,0.161931818181818,,False,True,False,True,False,False,False,False,False,True,False,False,False,False,False,False,2/29/2012 10:06:53 AM,WINDS1,0,855
2858,Winfield St,5,South Boston,09:00,13:00,Even,East Seventh St,East Eighth St,5.68181818181818E-02,,False,False,True,False,True,False,False,False,False,False,True,False,False,False,False,False,2/14/2012 8:36:32 AM,WINFI1,0,300
2859,Winfield St,5,South Boston,09:00,13:00,Odd,East Seventh St,East Eighth St,5.68181818181818E-02,,False,True,False,True,False,False,False,False,False,False,True,False,False,False,False,False,2/14/2012 8:36:32 AM,WINFI1,0,300
2860,Winston Rd,7,South Dorchester,08:00,12:00,Even,Willowwood St,Lucerne St,0.168939393939394,,False,False,True,False,True,False,False,False,False,True,False,False,False,False,False,False,2/14/2012 8:36:32 AM,WINST1,0,892
2861,Winston Rd,7,South Dorchester,08:00,12:00,Odd,Willowwood St,Lucerne St,0.168939393939394,,False,True,False,True,False,False,False,False,False,True,False,False,False,False,False,False,2/14/2012 8:36:32 AM,WINST1,0,892
2862,Winter St,3,North Dorchester,08:00,12:00,Even,Bowdoin St,Church St,0.117992424242424,,False,False,True,False,True,False,False,False,False,False,True,False,False,False,False,False,2/14/2012 8:36:32 AM,WINTE1,0,623
2863,Winter St,3,North Dorchester,08:00,12:00,Odd,Bowdoin St,Church St,0.117992424242424,,False,True,False,True,False,False,False,False,False,False,True,False,False,False,False,False,2/14/2012 8:36:32 AM,WINTE1,0,623
2864,Winter St,1F,Downtown,00:01,07:00,,Washington St,Tremont St,0.104734848484848,,False,True,True,True,True,True,True,True,True,True,True,True,True,True,True,False,2/29/2012 10:06:53 AM,WINTE3,0,553
2865,Winthrop St,1C,Charlestown,08:00,12:00,Odd,Warren St,Monument Sq,0.149431818181818,,False,True,False,True,False,False,False,False,False,True,False,False,False,False,False,False,2/14/2012 8:36:32 AM,WINTH2,200,989
2866,Winthrop St,1C,Charlestown,08:00,12:00,Even,Warren St,Monument Sq,0.149431818181818,,False,False,True,False,True,False,False,False,False,True,False,False,False,False,False,False,2/14/2012 8:36:32 AM,WINTH2,200,989
2867,Winthrop St,10R,Roxbury,08:00,12:00,Even,Warren St,Blue Hill Ave,0.422159090909091,,False,True,False,True,False,False,False,False,True,False,False,False,False,False,False,False,3/30/2020 12:08:37 PM,WINTH4,0,2229
2868,Winthrop St,10R,Roxbury,08:00,12:00,Odd,Warren St,Blue Hill Ave,0.422159090909091,,False,False,True,False,True,False,False,False,True,False,False,False,False,False,False,False,3/30/2020 12:08:13 PM,WINTH4,0,2229
2869,Winthrop St,9,East Boston,08:00,12:00,Odd,Maverick Sq,Paris St,4.10984848484848E-02,,False,True,False,True,False,False,False,False,False,True,False,False,False,False,False,False,2/14/2012 8:36:32 AM,WINTH6,0,217
2870,Winthrop St,9,East Boston,08:00,12:00,Even,Maverick Sq,Paris St,4.10984848484848E-02,,False,False,True,False,True,False,False,False,False,True,False,False,False,False,False,False,2/14/2012 8:36:32 AM,WINTH6,0,217
2871,Wise St,2,Jamaica Plain,12:00,16:00,Even,Centre St,Roys St,8.27651515151515E-02,,False,False,True,False,True,False,False,False,True,False,False,False,False,False,False,False,4/12/2017 12:03:30 PM,WISE 1,0,437
2872,Wise St,2,Jamaica Plain,12:00,16:00,Odd,Centre St,Roys St,8.27651515151515E-02,,False,True,False,True,False,False,False,False,True,False,False,False,False,False,False,False,4/12/2017 12:03:24 PM,WISE 1,0,437
2873,Withington St,7,South Dorchester,08:00,12:00,Odd,Norfolk St,Torrey St,0.130492424242424,,False,True,False,True,False,False,False,False,False,True,False,False,False,False,False,False,2/14/2012 8:36:32 AM,WITHI1,0,689
2874,Withington St,7,South Dorchester,08:00,12:00,Even,Norfolk St,Torrey St,0.130492424242424,,False,False,True,False,True,False,False,False,False,True,False,False,False,False,False,False,2/14/2012 8:36:32 AM,WITHI1,0,689
2875,William Cardinal O'Connell Way,1W,West End,00:01,07:00,,Staniford St,Blossom St,0.218560606060606,,False,True,True,True,True,True,True,True,True,True,True,True,True,True,True,False,2/29/2012 10:06:53 AM,WM CA1,0,1154
2876,Wollaston Ter,7,South Dorchester,08:00,12:00,Even,Woodrow Ave,Jones Ave,6.49621212121212E-02,,False,False,True,False,True,False,False,False,False,True,False,False,False,False,False,False,2/14/2012 8:36:32 AM,WOLLA1,0,343
2877,Wollaston Ter,7,South Dorchester,08:00,12:00,Odd,Woodrow Ave,Jones Ave,6.49621212121212E-02,,False,True,False,True,False,False,False,False,False,True,False,False,False,False,False,False,2/14/2012 8:36:32 AM,WOLLA1,0,343
2878,Wood St,1C,Charlestown,08:00,12:00,Even,Main St,High St,7.84090909090909E-02,,False,False,True,False,True,False,False,False,False,False,False,True,False,False,False,False,2/14/2012 8:36:32 AM,WOOD 2,0,414
2879,Wood St,1C,Charlestown,08:00,12:00,Odd,Main St,High St,7.84090909090909E-02,,False,True,False,True,False,False,False,False,False,False,False,True,False,False,False,False,2/14/2012 8:36:32 AM,WOOD 2,0,414
2880,Woodbine St,10R,Roxbury,08:00,12:00,Even,Warren St,Blue Hill Ave,0.209848484848485,,False,False,True,False,True,False,False,False,False,False,False,True,False,False,False,False,2/14/2012 8:36:32 AM,WOODB1,0,1108
2881,Woodbine St,10R,Roxbury,08:00,12:00,Odd,Warren St,Blue Hill Ave,0.209848484848485,,False,True,False,True,False,False,False,False,False,False,False,True,False,False,False,False,2/14/2012 8:36:32 AM,WOODB1,0,1108
2882,Woodbole Ave,7,South Dorchester,12:00,16:00,Even,Woodgate St,Standard St,0.440719696969697,,False,False,True,False,True,False,False,False,False,False,True,False,False,False,False,False,2/14/2012 8:36:32 AM,WOODB2,0,2327
2883,Woodbole Ave,7,South Dorchester,12:00,16:00,Odd,Woodgate St,Standard St,0.440719696969697,,False,True,False,True,False,False,False,False,False,False,True,False,False,False,False,False,2/14/2012 8:36:32 AM,WOODB2,0,2327
2884,Wooddale Ave,7,South Dorchester,12:00,16:00,Even,West Selden St,Delhi St,0.104356060606061,,False,False,True,False,True,False,False,False,False,False,True,False,False,False,False,False,2/14/2012 8:36:32 AM,WOODD1,0,551
2885,Wooddale Ave,7,South Dorchester,12:00,16:00,Odd,West Selden St,Delhi St,0.104356060606061,,False,True,False,True,False,False,False,False,False,False,True,False,False,False,False,False,2/14/2012 8:36:32 AM,WOODD1,0,551
2886,Woodgate St,7,South Dorchester,12:00,16:00,Even,Morton St,Standard St,0.188825757575758,,False,False,True,False,True,False,False,False,False,False,True,False,False,False,False,False,2/14/2012 8:36:32 AM,WOODG1,0,997
2887,Woodgate St,7,South Dorchester,12:00,16:00,Odd,Morton St,Standard St,0.188825757575758,,False,True,False,True,False,False,False,False,False,False,True,False,False,False,False,False,2/14/2012 8:36:32 AM,WOODG1,0,997
2888,Woodmere St,7,South Dorchester,12:00,16:00,Even,Woodbole Ave,Morton St,5.09469696969697E-02,,False,False,True,False,True,False,False,False,False,False,True,False,False,False,False,False,2/14/2012 8:36:32 AM,WOODM3,0,269
2889,Woodmere St,7,South Dorchester,12:00,16:00,Odd,Woodbole Ave,Morton St,5.09469696969697E-02,,False,True,False,True,False,False,False,False,False,False,True,False,False,False,False,False,2/14/2012 8:36:32 AM,WOODM3,0,269
2890,Woodrow Ave,7,South Dorchester,08:00,12:00,Odd,Milton Av,Blue Hill Ave,0.640909090909091,,False,True,False,True,False,False,False,False,False,True,False,False,False,False,False,False,2/14/2012 8:36:32 AM,WOODR1,264,3648
2891,Woodrow Ave,7,South Dorchester,08:00,12:00,Even,Milton Av,Blue Hill Ave,0.640909090909091,,False,False,True,False,True,False,False,False,False,False,False,True,False,False,False,False,2/14/2012 8:36:32 AM,WOODR1,264,3648
2892,Woodruff Way,7,South Dorchester,12:00,16:00,Even,Woodbole Ave,Woodbole Ave,0.140340909090909,,False,False,True,False,True,False,False,False,False,False,True,False,False,False,False,False,2/14/2012 8:36:32 AM,WOODR2,0,741
2893,Woodruff Way,7,South Dorchester,12:00,16:00,Odd,Woodbole Ave,Woodbole Ave,0.140340909090909,,False,True,False,True,False,False,False,False,False,False,True,False,False,False,False,False,2/14/2012 8:36:32 AM,WOODR2,0,741
2894,Woodville St,3,North Dorchester,12:00,16:00,Odd,West Cottage St,Blue Hill Ave,0.158143939393939,,False,True,False,True,False,False,False,False,False,False,True,False,False,False,False,False,2/29/2012 10:06:53 AM,WOODV1,0,835
2895,Woodville St,3,North Dorchester,12:00,16:00,Even,West Cottage St,Blue Hill Ave,0.158143939393939,,False,False,True,False,True,False,False,False,False,False,True,False,False,False,False,False,2/29/2012 10:06:53 AM,WOODV1,0,835
2896,Woodville Park,3,North Dorchester,12:00,16:00,Odd,Dennis St,Dead End,6.09848484848485E-02,,False,True,False,True,False,False,False,False,False,True,False,False,False,False,False,False,2/29/2012 10:06:53 AM,WOODV2,0,322
2897,Woodville Park,3,North Dorchester,12:00,16:00,Even,Dennis St,Dead End,6.09848484848485E-02,,False,False,True,False,True,False,False,False,False,True,False,False,False,False,False,False,2/29/2012 10:06:53 AM,WOODV2,0,322
2898,Woolson St,7,South Dorchester,12:00,16:00,Even,Blue Hill Ave,Norfolk St,0.2375,,False,False,True,False,True,False,False,False,False,False,True,False,False,False,False,False,2/14/2012 8:36:32 AM,WOOLS1,0,1254
2899,Woolson St,7,South Dorchester,12:00,16:00,Odd,Blue Hill Ave,Norfolk St,0.2375,,False,True,False,True,False,False,False,False,False,False,True,False,False,False,False,False,2/14/2012 8:36:32 AM,WOOLS1,0,1254
2900,Worcester Sq,1S,South End,12:00,16:00,Odd,Washington St,Harrison Ave,0.142424242424242,,False,True,False,True,False,True,False,False,False,False,True,False,False,False,False,True,2/14/2012 8:36:32 AM,WORCE1,0,752
2901,Worcester Sq,1S,South End,12:00,16:00,Even,Washington St,Harrison Ave,0.142424242424242,,False,False,True,False,True,False,False,False,False,False,True,False,False,False,False,True,3/10/2023 8:22:32 AM,WORCE1,0,752
2902,Worcester St,1S,South End,08:00,12:00,Even,Tremont St,Columbus Ave,0.134280303030303,,False,False,True,False,True,False,False,False,False,True,False,False,False,False,False,True,2/14/2012 8:36:32 AM,WORCE3,1299,2008
2903,Worcester St,1S,South End,08:00,12:00,Odd,Tremont St,Columbus Ave,0.134280303030303,,False,True,False,True,False,True,False,False,False,True,False,False,False,False,False,True,2/14/2012 8:36:32 AM,WORCE3,1299,2008
2904,Worcester St,1S,South End,08:00,12:00,Even,Washington St,Tremont St,0.246022727272727,,False,False,True,False,True,False,False,False,False,False,True,False,False,False,False,True,2/14/2012 8:36:32 AM,WORCE3,0,1299
2905,Worcester St,1S,South End,08:00,12:00,Odd,Washington St,Tremont St,0.246022727272727,,False,True,False,True,False,True,False,False,False,False,True,False,False,False,False,True,8/19/2020 2:38:48 PM,WORCE3,0,1299
2906,Wordsworth St,9,East Boston,12:00,16:00,Even,William F. McClellan Hwy,Saratoga St,0.242992424242424,,False,False,True,False,True,False,False,False,False,False,False,True,False,False,False,False,2/14/2012 8:36:32 AM,WORDS2,0,1283
2907,Wordsworth St,9,East Boston,12:00,16:00,Odd,William F. McClellan Hwy,Saratoga St,0.242992424242424,,False,True,False,True,False,False,False,False,False,False,False,True,False,False,False,False,2/14/2012 8:36:32 AM,WORDS2,0,1283
2908,Worthington St,10M,Mission Hill,08:00,12:00,Even,Tremont St,Huntington Ave,0.15719696969697,,False,False,True,False,True,False,False,False,False,True,False,False,False,False,False,False,4/25/2016 2:20:54 PM,WORTH1,0,830
2909,Worthington St,10M,Mission Hill,08:00,12:00,Odd,Tremont St,Huntington Ave,0.15719696969697,,False,True,False,True,False,False,False,False,False,True,False,False,False,False,False,False,4/25/2016 2:20:43 PM,WORTH1,0,830
2910,Wyola Pl,3,North Dorchester,12:00,16:00,Odd,Columbia Rd,SUSI YARD,4.20454545454545E-02,,False,True,False,True,False,False,False,False,False,False,False,True,False,False,False,False,2/14/2012 8:36:32 AM,WYOLA1,0,222
2911,Wyman St,2,Jamaica Plain,08:00,12:00,Even,Centre St,Lamartine St,0.300568181818182,,False,False,True,False,True,False,False,True,False,False,False,False,False,False,False,False,2/14/2012 8:36:32 AM,WYMAN1,0,1587
2912,Wyman St,2,Jamaica Plain,08:00,12:00,Odd,Centre St,Lamartine St,0.300568181818182,,False,True,False,True,False,False,False,True,False,False,False,False,False,False,False,False,2/14/2012 8:36:32 AM,WYMAN1,0,1587
2913,Wyola Pl,3,North Dorchester,12:00,16:00,Even,Columbia Rd,SUSI YARD,4.20454545454545E-02,,False,False,True,False,True,False,False,False,False,False,False,True,False,False,False,False,2/14/2012 8:36:32 AM,WYOLA1,0,222
2914,Wyoming St,10R,Roxbury,12:00,16:00,Even,Warren St,Humboldt Ave,0.209090909090909,,False,False,True,False,True,False,False,False,False,False,False,True,False,False,False,False,2/14/2012 8:36:32 AM,WYOMI1,0,1104
2915,Wyoming St,10R,Roxbury,12:00,16:00,Odd,Warren St,Humboldt Ave,0.209090909090909,,False,True,False,True,False,False,False,False,False,False,False,True,False,False,False,False,2/14/2012 8:36:32 AM,WYOMI1,0,1104
2916,Yarmouth St,1S,South End,12:00,16:00,Even,Columbus Ave,Carleton St,8.04924242424242E-02,,False,False,True,False,True,False,False,False,False,True,False,False,False,False,False,True,2/14/2012 8:36:32 AM,YARMO1,0,425
2917,Yarmouth St,1S,South End,12:00,16:00,Odd,Columbus Ave,Carleton St,8.04924242424242E-02,,False,True,False,True,False,True,False,False,False,True,False,False,False,False,False,True,2/14/2012 8:36:32 AM,YARMO1,0,425
2918,Yawkey Way,10F,Fenway/Kenmore,00:01,07:00,,Brookline Ave,Van Ness St,0.103787878787879,,False,True,True,True,True,True,True,True,True,True,True,True,True,True,True,False,2/29/2012 10:06:53 AM,YAWKE1,0,548
2919,Union Park St,1S,South End,12:00,16:00,Even,Washington St,Albany St,0.27272727272,,False,False,True,False,True,False,False,False,False,False,True,False,False,False,False,True,3/28/2023 9:28:35 AM,UNION2,399,1839
2920,Vine St,10R,Roxbury,08:00,12:00,Even,Dudley St,Mt Pleasant Ave,0.116287878787879,,False,False,True,False,True,False,False,False,True,False,False,False,False,False,False,False,2/14/2012 8:36:32 AM,VINE 2,0,614
2921,Walk Hill St,7,South Dorchester,08:00,12:00,Odd,Harvard St,Blue Hill Ave,0.471780303030303,,False,True,False,True,False,False,False,False,True,False,False,False,False,False,False,False,2/14/2012 8:36:32 AM,WALK 1,6794,9285
2922,Wait St,10M,Mission Hill,12:00,16:00,Odd,Huntington Ave,Hillside St,0.150189393939394,,False,True,False,True,False,False,False,False,False,True,False,False,False,False,False,False,2/29/2012 10:06:53 AM,WAIT 1,0,793
2923,Torrey St,7,South Dorchester,08:00,12:00,Even,Washington St,Wentworth St,0.206060606060606,,False,False,True,False,True,False,False,False,False,True,False,False,False,False,False,False,2/14/2012 8:36:32 AM,TORRE1,0,1088
2924,Tovar St,3,North Dorchester,08:00,12:00,Even,Bowdoin St,Cameron St,4.33712121212121E-02,,False,False,True,False,True,False,False,False,False,False,True,False,False,False,False,False,2/14/2012 8:36:32 AM,TOVAR1,0,229
2925,Toledo Ter,3,North Dorchester,08:00,12:00,Even,Arcadia St,Charles Street Fw,4.22348484848485E-02,,False,False,True,False,True,False,False,False,False,False,True,False,False,False,False,False,2/14/2012 8:36:32 AM,TOLED1,0,223
2926,Toledo Ter,3,North Dorchester,08:00,12:00,Odd,Arcadia St,Charles Street Fw,4.22348484848485E-02,,False,True,False,True,False,False,False,False,False,False,True,False,False,False,False,False,2/14/2012 8:36:32 AM,TOLED1,0,223
2927,Tonawanda St,3,North Dorchester,12:00,16:00,Odd,Waldeck St,Claybourne St,0.358522727272727,,False,True,False,True,False,False,False,False,True,False,False,False,False,False,False,False,2/14/2012 8:36:32 AM,TONAW1,0,1893
2928,Tonawanda St,3,North Dorchester,12:00,16:00,Even,Waldeck St,Claybourne St,0.358522727272727,,False,False,True,False,True,False,False,False,True,False,False,False,False,False,False,False,2/14/2012 8:36:32 AM,TONAW1,0,1893
2929,Tremont St,1S,South End,05:00,07:00,Even Side Median,Arlington St,Dartmouth St,0.429734848484849,,False,True,True,True,True,True,False,False,False,False,True,False,False,False,True,True,5/26/2021 8:23:56 AM,TREMO1,5356,7625
2930,Dorchester Ave,M,Multiple,00:01,07:00,Even Side Median,Congress St,Dorchester Ave,7.51893939393939E-02,,False,True,True,True,True,True,False,False,False,True,False,False,False,False,True,False,2/29/2012 10:06:53 AM,DORCH2,0,397
2931,Boylston St,99,DCR,08:00,12:00,,Charlesgate East,Park Dr,0.243371212121212,,False,False,False,True,False,False,False,False,True,False,False,False,False,False,True,False,2/29/2012 10:06:53 AM,BOYLS6,7886,9171
2932,Alexander St,3,North Dorchester,12:00,16:00,Odd,Dudley St,Wayland St,0.413257575757576,,False,True,False,True,False,False,False,False,False,False,True,False,False,False,False,False,2/29/2012 10:06:53 AM,ALEXA1,0,2182
2933,Alexander St,3,North Dorchester,12:00,16:00,Even,Dudley St,Wayland St,0.413257575757576,,False,False,True,False,True,False,False,False,False,False,True,False,False,False,False,False,2/29/2012 10:06:53 AM,ALEXA1,0,2182
2934,Alpha Rd,7,South Dorchester,08:00,12:00,Even,Waldeck St,Park St,0.182954545454545,,False,False,True,False,True,False,False,False,False,True,False,False,False,False,False,False,2/14/2012 8:36:32 AM,ALPHA1,0,966
2935,Faneuil St,4,Allston/Brighton,12:00,16:00,Odd,Market St,South Hobbart St,0.471212121212121,,False,True,False,True,False,False,False,False,True,False,False,False,False,False,False,False,2/14/2012 8:36:32 AM,FANEU1,0,2488
2936,Faneuil St,4,Allston/Brighton,12:00,16:00,Even,Market St,South Hobbart St,0.471212121212121,,False,False,True,False,True,False,False,False,True,False,False,False,False,False,False,False,2/14/2012 8:36:32 AM,FANEU1,0,2488
2937,Arlington St,1B,Back Bay,00:01,07:00,,Columbus Ave,Tremont St,0.19905303030303,,True,True,True,True,True,True,True,True,True,True,True,True,True,True,True,False,3/27/2013 4:49:50 PM,ARLIN4,2068,3119
2938,Zamora St,2,Jamaica Plain,12:00,16:00,Even,Perkins St,Castleton St,0.122727272727273,,False,False,True,False,True,False,False,False,False,True,False,False,False,False,False,False,2/14/2012 8:36:32 AM,ZAMOR1,0,648
2939,Zeigler St,10R,Roxbury,12:00,16:00,Odd,Warren St,Dearborn St,0.21780303030303,,False,True,False,True,False,False,False,False,True,False,False,False,False,False,False,False,2/14/2012 8:36:32 AM,ZEIGL1,0,1150
2940,Zeigler St,10R,Roxbury,12:00,16:00,Even,Warren St,Dearborn St,0.21780303030303,,False,False,True,False,True,False,False,False,True,False,False,False,False,False,False,False,2/14/2012 8:36:32 AM,ZEIGL1,0,1150
2941,Chester Park,1S,South End,08:00,12:00,Odd,Tremont St,Shawmut Ave,0.179734848484848,,False,True,True,True,True,True,False,True,False,False,False,False,False,False,False,True,2/29/2012 10:06:53 AM,MASSA3,5196,6145
2942,Chester Park,1S,South End,08:00,12:00,Even,Tremont St,Shawmut Ave,0.179734848484848,,False,True,True,True,True,True,False,True,False,False,False,False,False,False,False,True,2/29/2012 10:06:53 AM,MASSA3,5196,6145
2943,Chester Park,1S,South End,12:00,16:00,Odd,Tremont St,Shawmut Ave,0.179734848484848,,False,True,True,True,True,True,False,False,False,False,True,False,False,False,False,True,2/29/2012 10:06:53 AM,MASSA3,5196,6145
2947,New Rutherford Ave,1C,Charlestown,00:01,07:00,Even,Rutherford Ave,Sullivan Square,0.984659090909091,,False,True,True,True,True,True,False,False,False,False,True,False,False,False,True,False,2/14/2012 8:36:32 AM,NEW R1,0,5199
2948,New Rutherford Ave,1C,Charlestown,00:01,07:00,Odd Side Median,Rutherford Ave,Sullivan Square,0.984659090909091,,False,True,True,True,True,True,False,False,False,False,True,False,False,False,True,False,2/14/2012 8:36:32 AM,NEW R1,0,5199
2949,New Rutherford Ave,1C,Charlestown,00:01,07:00,Odd,Rutherford Ave,Sullivan Square,0.984659090909091,,False,True,True,True,True,True,False,False,False,True,False,False,False,False,True,False,2/14/2012 8:36:32 AM,NEW R1,0,5199
2950,New Rutherford Ave,1C,Charlestown,00:01,07:00,Even Side Median,Rutherford Ave,Sullivan Square,0.984659090909091,,False,True,True,True,True,True,False,False,False,True,False,False,False,False,True,False,2/14/2012 8:36:32 AM,NEW R1,0,5199
2956,Northern Ave,1F,Downtown,00:01,07:00,Even,Northern Ave,Northern Ave,0,,False,True,True,True,True,True,True,True,True,True,True,True,True,True,True,False,2/14/2012 8:36:32 AM,NORTH36,0,0
2957,Northern Ave,1F,Downtown,00:01,07:00,Odd,Northern Ave,Northern Ave,0,,False,True,True,True,True,True,True,True,True,True,True,True,True,True,True,False,2/14/2012 8:36:32 AM,NORTH36,0,0
2958,Zamora St,2,Jamaica Plain,12:00,16:00,Odd,Perkins St,Castleton St,0.122727272727273,,False,True,False,True,False,False,False,False,False,True,False,False,False,False,False,False,2/14/2012 8:36:32 AM,ZAMOR1,0,648
2959,Waltham St,1S,South End,08:00,12:00,Even,Washington St,Tremont St,0.216098484848485,,False,False,True,False,True,False,False,False,False,False,True,False,False,False,False,True,2/14/2012 8:36:32 AM,WALTH1,620,1761
2960,Waltham St,1S,South End,08:00,12:00,Odd,Washington St,Tremont St,0.216098484848485,,False,True,False,True,False,True,False,False,False,False,True,False,False,False,False,True,8/20/2020 8:12:55 AM,WALTH1,620,1761
2961,Ward St,10M,Mission Hill,08:00,12:00,Even,Parker St,St Alphonsus St,0.233522727272727,,False,False,True,False,True,False,False,True,False,False,False,False,False,False,False,False,2/29/2012 10:06:53 AM,WARD 2,0,1233
2962,Ward St,10M,Mission Hill,08:00,12:00,Odd,Parker St,St Alphonsus St,0.233522727272727,,False,True,False,True,False,False,False,True,False,False,False,False,False,False,False,False,2/29/2012 10:06:53 AM,WARD 2,0,1233
2963,Wareham St,1S,South End,12:00,16:00,Odd,Malden St,Albany St,0.153598484848485,,False,True,False,True,False,True,False,False,False,False,True,False,False,False,False,True,2/14/2012 8:36:32 AM,WAREH1,0,811
2964,Wareham St,1S,South End,08:00,12:00,Even,Malden St,Albany St,0.153598484848485,,False,False,True,False,True,False,False,False,False,False,True,False,False,False,False,True,2/14/2012 8:36:32 AM,WAREH1,0,811
2965,Warner St,3,North Dorchester,12:00,16:00,Odd,Harvard St,West Park St,0.162878787878788,,False,True,False,True,False,False,False,True,False,False,False,False,False,False,False,False,2/14/2012 8:36:32 AM,WARNE1,0,860
2966,Warner St,3,North Dorchester,12:00,16:00,Even,Harvard St,West Park St,0.162878787878788,,False,False,True,False,True,False,False,True,False,False,False,False,False,False,False,False,2/14/2012 8:36:32 AM,WARNE1,0,860
2967,Warrenton St,1B,Back Bay,00:01,07:00,,Warrenton Pl,Stuart St,9.18560606060606E-02,,True,True,True,True,True,True,True,True,True,True,True,True,True,True,True,False,2/29/2012 10:06:53 AM,WARRE10,0,485
2968,Boylston St,1B,Back Bay,00:01,07:00,,Hereford St,Massachusetts Ave,0.134848484848485,,False,True,True,True,True,True,True,True,True,True,True,True,True,True,True,False,2/29/2012 10:06:53 AM,BOYLS6,6416,7128
2969,Huntington Ave,M,Multiple,00:01,07:00,Even,Dartmouth St,Massachusetts Ave,0.610606060606061,,True,True,True,True,True,True,False,False,False,False,True,False,False,False,True,False,2/14/2012 8:36:32 AM,HUNTI1,0,3224
2970,Huntington Ave,M,Multiple,00:01,07:00,Odd,Dartmouth St,Massachusetts Ave,0.610606060606061,,True,True,True,True,True,True,False,True,False,False,False,False,False,False,True,False,2/14/2012 8:36:32 AM,HUNTI1,0,3224
2974,Commonwealth Ave,4,Allston/Brighton,00:01,07:00,Odd Side Median,Arlington St,Chestnut Hill Ave,4.76439393939394,,True,True,True,True,True,True,False,False,False,False,True,False,False,False,True,False,2/29/2012 10:06:53 AM,COMMO5,0,25156
2977,Commonwealth Ave,M,Multiple,00:00,07:00,Odd,Kenmore St,Chestnut Hill Ave,3.50625,,True,True,True,True,True,True,False,True,False,False,False,False,False,False,True,False,10/20/2014 10:50:23 AM,COMMO5,6643,25156
2978,Commonwealth Ave,M,Multiple,00:00,07:00,Even,Kenmore St,Chestnut Hill Ave,3.50625,,True,True,True,True,True,True,False,False,False,False,True,False,False,False,True,False,10/20/2014 10:50:19 AM,COMMO5,6643,25156
2980,Commonwealth Ave,4,Allston/Brighton,00:01,07:00,Odd Side Median,Washington St,Chestnut Hill Ave,0.713257575757576,,True,True,True,True,True,True,False,False,False,False,True,False,False,False,True,False,2/14/2012 8:36:32 AM,COMMO5,21390,25156
2982,Commonwealth Ave,M,Multiple,08:00,12:00,Even Side Median,Chestnut Hill Ave,St Thomas Moore Rd,0.728,,True,False,True,False,True,False,False,False,False,False,False,True,False,False,False,False,9/8/2017 8:58:42 AM,COMMO5,25156,29000
2983,Washington St,4,Allston/Brighton,08:00,12:00,Odd,Winship St,Foster St,0.329924242424242,,False,True,True,True,True,True,False,False,True,False,False,False,False,False,False,False,2/14/2012 8:36:32 AM,WASHI3,3844,5586
2984,Massachusetts Ave,M,Multiple,00:01,07:00,Odd,Proctor St,Columbia Rd,0.577840909090909,,True,True,True,True,True,True,True,True,True,True,True,True,True,True,True,False,2/29/2012 10:06:53 AM,MASSA3,10730,13781
2985,Massachusetts Ave,M,Multiple,00:01,07:00,Odd Side Median,Melnea Cass Blvd,Proctor St,0.428409090909091,,True,True,True,True,True,True,True,True,True,True,True,True,True,True,True,False,2/29/2012 10:06:53 AM,MASSA3,8468,10730
2986,Massachusetts Ave,M,Multiple,00:01,07:00,Even Side Median,Back St,St Botolph St,0.707765151515152,,True,True,True,True,True,True,True,True,True,True,True,True,True,True,True,False,2/29/2012 10:06:53 AM,MASSA3,0,3737
2987,Massachusetts Ave,M,Multiple,00:01,07:00,Odd,Melnea Cass Blvd,Columbia Rd,1.00625,,True,True,True,True,True,True,True,True,True,True,True,True,True,True,True,False,2/29/2012 10:06:53 AM,MASSA3,8468,13781
2988,Massachusetts Ave,M,Multiple,00:01,07:00,Odd Side Median,Melnea Cass Blvd,Proctor St,0.428409090909091,,True,True,True,True,True,True,True,True,True,True,True,True,True,True,True,False,2/29/2012 10:06:53 AM,MASSA3,8468,10730
2989,Massachusetts Ave,M,Multiple,00:01,07:00,Even Side Median,Allstate Rd,Columbia Rd,0.348106060606061,,True,True,True,True,True,True,True,True,True,True,True,True,True,True,True,False,2/29/2012 10:06:53 AM,MASSA3,11943,13781
2990,Massachusetts Ave,M,Multiple,00:01,07:00,Even,Back St,Columbia Rd,2.61003787878788,,True,True,True,True,True,True,False,False,False,True,False,False,False,False,True,False,2/29/2012 10:06:53 AM,MASSA3,0,13781
2991,Massachusetts Ave,M,Multiple,00:01,07:00,Even,Back St,St Botolph St,0.707765151515152,,True,True,True,True,True,True,True,True,True,True,True,True,True,True,True,False,2/29/2012 10:06:53 AM,MASSA3,0,3737
2992,Columbia Rd,99,DCR,12:00,15:00,Inbound,Quincy St,East Cottage St,0.77405303030303,,False,True,False,False,False,False,False,False,False,False,True,False,False,False,False,False,3/28/2013 11:34:40 AM,COLUM3,5052,9139
2993,Columbia Rd,99,DCR,12:00,15:00,Inbound,East Cottage St,Old Colony Ave,0.54905303030303,,False,True,False,False,False,False,False,False,False,False,True,False,False,False,False,False,3/28/2013 11:34:50 AM,COLUM3,9139,12038
2994,Columbia Rd,99,DCR,12:00,15:00,Outbound,Dorchester Ave,William J. Day Blvd,0.299621212121212,,False,False,False,False,False,False,False,False,False,False,False,False,False,False,False,False,3/28/2013 11:33:46 AM,COLUM2,10549,12131
2995,Columbia Rd,99,DCR,12:00,15:00,Inbound,Quincy St,Dudley St,0.476893939393939,,False,True,False,False,False,False,False,False,False,False,True,False,False,False,False,False,3/28/2013 11:34:27 AM,COLUM3,5052,7570
2996,Columbia Rd,99,DCR,12:00,15:00,Outbound,Blue Hill Ave,Washington St,0.289583333333333,,False,False,False,False,False,False,False,False,False,False,False,False,False,False,False,False,3/28/2013 8:42:11 AM,COLUM2,0,1529
2997,Columbia Rd,99,DCR,12:00,15:00,Inbound,Blue Hill Ave,Geneva Ave,0.403219696969697,,False,True,False,False,False,False,False,False,False,False,True,False,False,False,False,False,3/28/2013 11:34:04 AM,COLUM3,0,2129
2998,Columbia Rd,99,DCR,12:00,15:00,Outbound,Blue Hill Ave,William J. Day Blvd,2.29753787878788,,False,False,False,False,False,False,False,False,False,False,False,False,False,False,False,False,3/28/2013 11:33:01 AM,COLUM2,0,12131
2999,Columbia Rd,99,DCR,12:00,15:00,Outbound,Quincy St,Upham's Ct,0.587310606060606,,False,False,False,False,False,False,False,False,False,False,False,False,False,False,False,False,3/28/2013 11:33:35 AM,COLUM2,5131,8232
3000,Bowdoin St,3,North Dorchester,00:00,07:00,Odd,Washington St,Hancock St,1.03598484848,,False,True,True,True,True,True,False,False,False,False,True,False,False,False,True,False,3/9/2016 11:13:17 AM,BOWDO3,0,5470
3002,Bowdoin St,3,North Dorchester,00:00,07:00,Even,Washington St,Hancock St,1.03598484848,,False,True,True,True,True,True,False,False,False,True,False,False,False,False,True,False,3/9/2016 11:13:13 AM,BOWDO3,0,5470
3003,Morton St,99,DCR,08:00,12:00,Odd,South St,American Legion Hwy,1.31742424242424,,False,True,False,False,False,False,False,False,False,True,False,False,False,False,False,False,2/14/2012 8:36:32 AM,MORTO1,0,6956
3004,Morton St,99,DCR,08:00,12:00,Odd,South St,Washington St,3.25511363636364,,False,True,False,False,False,False,False,False,False,True,False,False,False,False,False,False,2/14/2012 8:36:32 AM,MORTO1,0,17187
3005,Morton St,99,DCR,08:00,12:00,Even,Harvard St,Blue Hill Ave,0.276515151515151,,False,True,False,False,False,False,False,True,False,False,False,False,False,False,False,False,2/29/2012 10:06:53 AM,MORTO1,8626,10086
3006,Morton St,99,DCR,08:00,12:00,Odd,American Legion Hwy,Blue Hill Ave,0.59280303030303,,False,True,False,False,False,False,False,False,False,True,False,False,False,False,False,False,2/29/2012 10:06:53 AM,MORTO1,6956,10086
3007,Morton St,99,DCR,08:00,12:00,Even,Washington St,Blue Hill Ave,1.80189393939394,,False,True,False,False,False,False,False,True,False,False,False,False,False,False,False,False,2/29/2012 10:06:53 AM,MORTO1,625,10139
3008,Washington St,M,Multiple,00:01,07:00,Odd,Rockwell St,Dorchester Ave,0.806439393939394,,True,True,True,True,True,True,False,False,False,False,False,True,False,False,True,False,2/29/2012 10:06:53 AM,WASHI5,10460,14718
3009,Washington St,M,Multiple,00:01,07:00,Odd,Harvard St,Park St,0.283712121212121,,True,True,True,True,True,True,False,False,False,False,False,True,False,False,True,False,2/29/2012 10:06:53 AM,WASHI5,4464,5962
3010,Washington St,M,Multiple,08:00,12:00,Odd,Blue Hill Ave,Columbia Rd,0.251893939393939,,True,True,False,True,False,False,False,False,False,True,False,False,False,False,True,False,3/24/2020 2:17:00 PM,WASHI5,0,1330
3011,Washington St,M,Multiple,00:00,07:00,Even,Blue Hill Ave,Park St,1.12916666666667,,True,True,True,True,True,True,False,False,False,False,False,True,False,False,True,False,1/21/2021 8:49:11 AM,WASHI5,0,5962
3012,Washington St,M,Multiple,00:01,07:00,Even,Park St,Rockwell St,0.851893939393939,,True,True,True,True,True,True,False,False,True,False,False,False,False,False,True,False,2/29/2012 10:06:53 AM,WASHI5,5962,10460
3013,Washington St,M,Multiple,00:01,07:00,Odd,Rockwell St,Morton St,0.718181818181818,,True,True,True,True,True,True,False,False,False,False,False,True,False,False,True,False,2/29/2012 10:06:53 AM,WASHI5,10460,14252
3014,River St,7,South Dorchester,00:01,07:00,Odd,Washington St,Blue Hill Ave,1.34393939393939,,True,True,True,True,True,True,False,True,False,False,False,False,False,False,True,False,2/29/2012 10:06:53 AM,RIVER1,0,7096
3015,River St,8,Hyde Park,00:01,07:00,Odd,Blue Hill Ave,Thorn St,0.621401515151515,,True,True,True,True,True,True,False,True,False,False,False,False,False,False,True,False,2/14/2012 8:36:32 AM,RIVER1,7096,10377
3016,River St,8,Hyde Park,00:01,07:00,Odd,Thorn St,Gordon Ave,1.31534090909091,,True,True,True,True,True,True,False,True,False,False,False,False,False,False,True,False,2/29/2012 10:06:53 AM,RIVER1,10377,17322
3017,River St,8,Hyde Park,00:01,07:00,Odd,Turtle Pond Pkwy,Dedham Town Line,0.530113636363636,,True,True,True,True,True,True,False,True,False,False,False,False,False,False,True,False,2/29/2012 10:06:53 AM,RIVER1,22263,25062
3018,River St,8,Hyde Park,00:01,07:00,Even,Turtle Pond Pkwy,Dedham Town Line,0.530113636363636,,True,True,True,True,True,True,False,False,False,False,True,False,False,False,True,False,2/29/2012 10:06:53 AM,RIVER1,22263,25062
3019,River St,8,Hyde Park,00:01,07:00,Even,Gordon Ave,Turtle Pond Pkwy,0.935795454545455,,True,True,True,True,True,True,False,False,False,False,True,False,False,False,True,False,2/14/2012 8:36:32 AM,RIVER1,17322,22263
3020,River St,8,Hyde Park,00:01,07:00,Even,Fairmount Ave,Gordon Ave,0.224242424242424,,True,True,True,True,True,True,False,False,False,False,True,False,False,False,True,False,2/29/2012 10:06:53 AM,RIVER1,16138,17322
3021,River St,8,Hyde Park,00:01,07:00,Even,Massasoit St,Fairmount Ave,1.2032196969697,,True,True,True,True,True,True,False,False,False,False,True,False,False,False,True,False,2/29/2012 10:06:53 AM,RIVER1,9785,16138
3022,River St,8,Hyde Park,00:01,07:00,Even,Blue Hill Ave,Massasoit St,0.509280303030303,,True,True,True,True,True,True,False,False,False,False,True,False,False,False,True,False,2/29/2012 10:06:53 AM,RIVER1,7096,9785
3023,Gallivan Blvd,99,DCR,08:00,12:00,Even,Morton St,Washington St,0.585606060606061,,False,True,False,False,False,False,False,True,False,False,False,False,False,False,False,False,2/29/2012 10:06:53 AM,GALLI1,0,3092
3024,Gallivan Blvd,99,DCR,08:00,12:00,Odd,Washington St,Neponset Ave,1.44185606060606,,False,True,False,False,False,False,False,False,False,True,False,False,False,False,False,False,2/29/2012 10:06:53 AM,GALLI1,3092,10705
3026,Blue Hill Ave,7,South Dorchester,00:00,07:00,,Morton St,River St,1.15416666666667,,True,True,True,True,True,True,False,False,True,False,False,False,False,False,True,False,4/11/2016 10:24:04 AM,BLUE 1,9549,15643
3027,Blue Hill Ave,10R,Roxbury,00:01,07:00,,Quincy St,Blue Hill Ave,0.400757575757576,,True,True,True,True,True,True,True,True,True,True,True,True,True,True,True,False,2/29/2012 10:06:53 AM,BLUE 3,4113,6229
3028,Blue Hill Ave,10R,Roxbury,00:01,07:00,,Maywood St,Quincy St,9.31818181818182E-02,,True,True,True,True,True,True,True,True,True,True,True,True,True,True,True,False,2/29/2012 10:06:53 AM,BLUE 3,3621,4113
3029,Blue Hill Ave,10R,Roxbury,00:01,07:00,,Dudley St,Quincy St,0.778977272727273,,True,True,True,True,True,True,True,True,True,True,True,True,True,True,True,False,2/29/2012 10:06:53 AM,BLUE 3,0,4113
3032,Dorchester Ave,7,South Dorchester,00:00,07:00,Even,Talbot Ave,Washington St,0.950757575757576,,True,True,True,True,True,True,False,False,False,True,False,False,False,False,True,False,4/11/2016 10:19:05 AM,DORCH1,24502,29522
3033,Dorchester Ave,7,South Dorchester,00:01,07:00,Even,Adams St,Washington St,2.06515151515152,,True,True,True,True,True,True,False,False,True,False,False,False,False,False,True,False,2/29/2012 10:06:53 AM,DORCH1,18618,29522
3034,Dorchester Ave,M,Multiple,00:01,07:00,Even,Old Colony Ave,Von Hillern St,0.847727272727273,,True,True,True,True,True,True,False,False,True,False,False,False,False,False,True,False,2/29/2012 10:06:53 AM,DORCH1,5157,9633
3035,Dorchester Ave,M,Multiple,00:01,07:00,Even,Summer St,West Broadway,0.653787878787879,,True,True,True,True,True,True,False,False,True,False,False,False,False,False,True,False,2/29/2012 10:06:53 AM,DORCH1,0,3452
3036,Dorchester Ave,M,Multiple,00:01,07:00,Odd,Summer St,Kemp St,1.76401515151515,,True,True,True,True,True,True,False,False,False,True,False,False,False,False,True,False,2/29/2012 10:06:53 AM,DORCH1,0,9314
3037,Dorchester Ave,M,Multiple,00:01,07:00,Even,Freeport St,Adams St,0.431060606060606,,True,True,True,True,True,True,False,False,True,False,False,False,False,False,True,False,2/29/2012 10:06:53 AM,DORCH1,16342,18618
3038,Dorchester Ave,M,Multiple,00:01,07:00,Odd,Kemp St,Hancock St,1.30738636363636,,True,True,True,True,True,True,False,False,False,True,False,False,False,False,True,False,2/29/2012 10:06:53 AM,DORCH1,9314,16217
3039,Dorchester Ave,M,Multiple,00:01,07:00,Odd,Hancock St,Adams St,0.454734848484848,,True,True,True,True,True,True,False,False,False,True,False,False,False,False,True,False,2/29/2012 10:06:53 AM,DORCH1,16217,18618
3040,Dorchester Ave,7,South Dorchester,00:01,07:00,Odd,Talbot Ave,Washington St,0.950757575757576,,True,True,True,True,True,True,False,False,False,True,False,False,False,False,True,False,2/29/2012 10:06:53 AM,DORCH1,24502,29522
3041,Adams St,3,North Dorchester,08:00,12:00,Even,Leedsville St,Dorchester Ave,0.223295454545455,,False,False,True,False,True,False,False,False,False,False,True,False,False,False,False,False,2/14/2012 8:36:32 AM,ADAMS1,1803,2982
3042,Adams St,3,North Dorchester,08:00,12:00,Odd,Leedsville St,Dorchester Ave,0.223295454545455,,False,True,False,True,False,False,False,False,False,False,True,False,False,False,False,False,2/14/2012 8:36:32 AM,ADAMS1,1803,2982
3043,Neponset Ave,7,South Dorchester,00:01,07:00,,Freeport St,Gallivan Blvd,0.392992424242424,,True,True,True,True,True,True,False,False,False,True,False,False,False,False,True,False,2/29/2012 10:06:53 AM,NEPON1,3700,5775
3044,Neponset Ave,7,South Dorchester,00:01,07:00,,Freeport St,Gallivan Blvd,0.392992424242424,,True,True,True,True,True,True,False,False,True,False,False,False,False,False,True,False,2/29/2012 10:06:53 AM,NEPON1,3700,5775
3045,Woodrow Ave,7,South Dorchester,08:00,12:00,Odd,Norfolk St,Milton Av,0.05,,False,True,False,True,False,False,False,False,False,True,False,False,False,False,False,False,2/14/2012 8:36:32 AM,WOODR1,0,264
3046,Woodrow Ave,7,South Dorchester,08:00,12:00,Even,Norfolk St,Milton Av,0.05,,False,False,True,False,True,False,False,False,False,False,False,True,False,False,False,False,2/14/2012 8:36:32 AM,WOODR1,0,264
3047,Washington St,6,West Roxbury,00:01,07:00,Even,Willet St,Dedham Town Line,1.00132575757576,,True,True,True,True,True,True,False,False,True,False,False,False,False,False,True,False,2/29/2012 10:06:53 AM,WASHI1,42055,47342
3048,Washington St,6,West Roxbury,00:01,07:00,Even,Beech St,Willet St,0.923295454545455,,True,True,True,True,True,True,False,False,True,False,False,False,False,False,True,False,2/29/2012 10:06:53 AM,WASHI1,37180,42055
3049,Washington St,6,West Roxbury,00:00,07:00,Even,Cummins Hwy,Beech St,0.723484848484849,,True,True,True,True,True,True,False,False,True,False,False,False,False,False,True,False,3/16/2023 11:00:22 AM,WASHI1,37180,42055
3050,Washington St,2,Jamaica Plain,00:01,07:00,Even,Brookley Rd,Cummins Hwy,1.64431818181818,,True,True,True,True,True,True,False,False,True,False,False,False,False,False,True,False,2/29/2012 10:06:53 AM,WASHI1,24678,33360
3051,Washington St,M,Multiple,00:01,07:00,Even,Columbus Ave,Brookley Rd,0.947916666666667,,True,True,True,True,True,True,False,False,True,False,False,False,False,False,True,False,2/29/2012 10:06:53 AM,WASHI1,19673,24678
3052,Washington St,1S,South End,00:01,07:00,Even,Massachusetts Ave,Lenox St,0.132765151515152,,True,True,True,True,True,True,False,False,True,False,False,False,False,False,True,True,2/29/2012 10:06:53 AM,WASHI1,10104,10805
3053,Washington St,1S,South End,00:01,07:00,Odd,Massachusetts Ave,Lenox St,0.132765151515152,,True,True,True,True,True,True,False,False,False,True,False,False,False,False,True,True,2/29/2012 10:06:53 AM,WASHI1,10104,10805
3054,Washington St,M,Multiple,00:01,07:00,Odd,Dudley St,Burnett St,2.09450757575758,,True,True,True,True,True,True,False,False,False,True,False,False,False,False,True,False,2/29/2012 10:06:53 AM,WASHI1,13687,24746
3055,Washington St,2,Jamaica Plain,00:01,07:00,Odd,Columbus Ave,Burnett St,0.960795454545455,,True,True,True,True,True,True,False,False,False,True,False,False,False,False,True,False,2/29/2012 10:06:53 AM,WASHI1,19673,24746
3056,Washington St,2,Jamaica Plain,00:01,07:00,Odd,Columbus Ave,Burnett St,0.960795454545455,,True,True,True,True,True,True,False,False,False,True,False,False,False,False,True,False,2/29/2012 10:06:53 AM,WASHI1,19673,24746
3057,Washington St,6,West Roxbury,00:01,07:00,Odd,Cummins Hwy,Beech St,0.723484848484849,,True,True,True,True,True,True,False,False,False,True,False,False,False,False,True,False,2/29/2012 10:06:53 AM,WASHI1,33360,37180
3058,Washington St,6,West Roxbury,00:01,07:00,Odd,Beech St,Willet St,0.923295454545455,,True,True,True,True,True,True,False,False,False,True,False,False,False,False,True,False,2/29/2012 10:06:53 AM,WASHI1,37180,42055
3059,Florence St,2,Jamaica Plain,08:00,12:00,Even,Poplar St,Cummins Hwy,0.13844696969697,,False,False,True,False,True,False,False,False,False,False,True,False,False,False,False,False,2/14/2012 8:36:32 AM,FLORE1,0,731
3060,Florence St,2,Jamaica Plain,08:00,12:00,Odd,Poplar St,Cummins Hwy,0.13844696969697,,False,True,False,True,False,False,False,False,False,False,True,False,False,False,False,False,2/14/2012 8:36:32 AM,FLORE1,0,731
3061,Columbus Ave,10R,Roxbury,00:01,07:00,Odd,Washington St,Columbus Ave,0.242045454545455,,True,True,True,True,True,True,False,False,False,True,False,False,False,False,True,False,2/29/2012 10:06:53 AM,COLUM8,5965,7243
3063,Centre St,2,Jamaica Plain,05:00,07:00,Odd,Perkins St,South Huntington Ave,0.218560606060606,,False,True,True,True,True,True,False,False,False,True,False,False,False,False,False,False,2/14/2012 8:36:32 AM,CENTR6,6421,7575
3064,Centre St,2,Jamaica Plain,05:00,07:00,Even,Perkins St,South Huntington Ave,0.218560606060606,,False,True,True,True,True,True,False,True,False,False,False,False,False,False,False,False,2/29/2012 10:06:53 AM,CENTR6,6421,7575
3065,South Huntington Ave,2,Jamaica Plain,08:00,12:00,Even,Bynner St,Centre St,0.309848484848485,,False,True,True,True,True,True,False,False,False,True,False,False,False,False,False,False,7/10/2015 3:09:22 PM,SOUTH2,3053,4689
3066,South Huntington Ave,10M,Mission Hill,08:00,12:00,Even,Huntington Ave,Heath St,0.21155303030303,,False,False,True,False,True,False,False,False,False,True,False,False,False,False,False,False,10/15/2018 12:02:56 PM,SOUTH2,0,1117
3067,West Newton St,1B,Back Bay,08:00,12:00,Odd,Huntington Ave,SW Corridor Path,0.10094696969697,,False,True,True,True,True,True,False,False,False,True,False,False,False,False,False,True,9/2/2022 3:16:02 PM,WEST 18,2067,2600
3068,West Newton St,1B,Back Bay,08:00,12:00,Even,Huntington Ave,SW Corridor Path,0.10094696969697,,False,True,True,True,True,True,False,False,False,True,False,False,False,False,False,True,9/2/2022 3:15:54 PM,WEST 18,2067,2600
3069,L St,5,South Boston,13:00,17:00,Even,East Second St,East Broadway,0.116477272727273,,False,False,True,False,True,False,False,False,False,False,False,True,False,False,False,False,4/7/2017 9:02:42 AM,L ST 1,0,615
3070,L St,5,South Boston,13:00,17:00,Odd,East Second St,East Broadway,0.116477272727273,,False,True,False,True,False,False,False,False,False,False,False,True,False,False,False,False,4/7/2017 9:02:25 AM,L ST 1,0,615
3071,East Fifth St,5,South Boston,09:00,13:00,Even,K St,Farragut Rd,0.633712121212121,,False,False,True,False,True,False,False,False,False,True,False,False,False,False,False,False,2/14/2012 8:36:32 AM,E FIF1,1844,5190
3072,East Fifth St,5,South Boston,09:00,13:00,Odd,K St,Farragut Rd,0.633712121212121,,False,True,False,True,False,False,False,False,False,True,False,False,False,False,False,False,2/14/2012 8:36:32 AM,E FIF1,1844,5190
3073,East Sixth St,5,South Boston,09:00,13:00,Even,K St,L St,0.104734848484848,,False,False,True,False,True,False,False,False,False,True,False,False,False,False,False,False,2/14/2012 8:36:32 AM,E SIX1,1847,2400
3074,East Sixth St,5,South Boston,09:00,13:00,Odd,K St,L St,0.104734848484848,,False,True,False,True,False,False,False,False,False,True,False,False,False,False,False,False,2/14/2012 8:36:32 AM,E SIX1,1847,2400
3077,Marine Rd,5,South Boston,09:00,13:00,Even,K St,L St,0.104545454545455,,False,False,True,False,True,False,False,False,False,True,False,False,False,False,False,False,2/14/2012 8:36:32 AM,MARIN1,686,1238
3078,Marine Rd,5,South Boston,09:00,13:00,Odd,K St,L St,0.104545454545455,,False,True,False,True,False,False,False,False,False,True,False,False,False,False,False,False,2/14/2012 8:36:32 AM,MARIN1,686,1238
3081,Bellevue St,3,North Dorchester,08:00,12:00,Even,Columbia Rd,Quincy St,0.177840909090909,,False,False,True,False,True,False,False,False,False,False,True,False,False,False,False,False,3/29/2018 8:21:46 AM,BELLE5,0,939
3082,Bellevue St,3,North Dorchester,08:00,12:00,Odd,Columbia Rd,Quincy St,0.177840909090909,,False,True,False,True,False,False,False,False,False,False,True,False,False,False,False,False,3/29/2018 8:21:36 AM,BELLE5,0,939
3083,Ceylon St,3,North Dorchester,12:00,16:00,Even,Bird St,Quincy St,0.08125,,False,False,True,False,True,False,False,False,False,False,False,True,False,False,False,False,2/29/2012 10:06:53 AM,CEYLO1,0,429
3084,Ceylon St,3,North Dorchester,12:00,16:00,Odd,Bird St,Quincy St,0.08125,,False,True,False,True,False,False,False,False,False,False,False,True,False,False,False,False,2/29/2012 10:06:53 AM,CEYLO1,0,429
3085,Sumner St,9,East Boston,08:00,12:00,Even,Maverick Sq,Jeffries St,0.589015151515151,,False,True,True,True,True,True,False,False,False,False,False,True,False,False,False,False,2/14/2012 8:36:32 AM,SUMNE2,1324,4434
3086,Sumner St,9,East Boston,08:00,12:00,Odd,Maverick Sq,Jeffries St,0.589015151515151,,False,True,True,True,True,True,False,False,False,False,True,False,False,False,False,False,2/14/2012 8:36:32 AM,SUMNE2,1324,4434
3087,Chelsea St,9,East Boston,08:00,12:00,Even,Porter St,Prescott St,0.491287878787879,,False,False,True,False,True,False,False,False,False,False,False,True,False,False,False,False,4/7/2015 3:19:42 PM,CHELS1,1323,3917
3088,D St,5,South Boston,09:00,13:00,Even,West Eighth St,West Broadway,0.296969696969697,,False,True,True,True,True,True,False,True,False,False,False,False,False,False,False,False,2/14/2012 8:36:32 AM,D ST 1,951,2519
3089,D St,5,South Boston,13:00,17:00,Odd,West Eighth St,West Broadway,0.296969696969697,,False,True,True,True,True,True,False,True,False,False,False,False,False,False,False,False,2/14/2012 8:36:32 AM,D ST 1,951,2519
3090,D St,5,South Boston,09:00,13:00,Even,Old Colony Ave,West Eighth St,4.88636363636364E-02,,False,True,True,True,True,True,False,False,False,False,False,True,False,False,False,False,2/14/2012 8:36:32 AM,D ST 1,693,951
3091,D St,5,South Boston,13:00,17:00,Odd,Old Colony Ave,West Eighth St,4.88636363636364E-02,,False,True,True,True,True,True,False,False,False,False,False,True,False,False,False,False,2/14/2012 8:36:32 AM,D ST 1,693,951
3092,E St,5,South Boston,13:00,17:00,Odd,West Eighth St,West Broadway,0.301893939393939,,False,True,False,True,False,False,False,True,False,False,False,False,False,False,False,False,3/24/2017 1:36:06 PM,E ST 1,438,2032
3093,E St,5,South Boston,13:00,17:00,Even,West Eighth St,West Broadway,0.301893939393939,,False,False,True,False,True,False,False,True,False,False,False,False,False,False,False,False,3/24/2017 1:36:25 PM,E ST 1,438,2032
3094,E St,5,South Boston,13:00,17:00,Odd,Old Colony Ave,West Eighth St,8.29545454545455E-02,,False,True,False,True,False,False,False,False,False,False,False,True,False,False,False,False,3/24/2017 1:36:41 PM,E ST 1,0,438
3095,E St,5,South Boston,13:00,17:00,Even,Old Colony Ave,West Eighth St,8.29545454545455E-02,,False,False,True,False,True,False,False,False,False,False,False,True,False,False,False,False,3/24/2017 1:36:48 PM,E ST 1,0,438
3096,Dorchester St,5,South Boston,13:00,17:00,Odd,East Broadway,East Eighth St,0.342045454545455,,False,True,True,True,True,True,False,True,False,False,False,False,False,False,False,False,2/14/2012 8:36:32 AM,DORCH3,1242,3048
3097,Dorchester St,5,South Boston,13:00,17:00,Even,East Broadway,East Eighth St,0.342045454545455,,False,True,True,True,True,True,False,True,False,False,False,False,False,False,False,False,2/14/2012 8:36:32 AM,DORCH3,1242,3048
3098,Dorchester St,5,South Boston,13:00,17:00,Odd,East Eighth St,Dorchester Ave,0.375757575757576,,False,True,True,True,True,True,False,False,False,False,False,True,False,False,False,False,2/14/2012 8:36:32 AM,DORCH3,3048,5032
3099,Dorchester St,5,South Boston,13:00,17:00,Even,East Eighth St,Old Colony Ave,0.139204545454545,,False,True,True,True,True,True,False,False,False,False,False,True,False,False,False,False,5/31/2023 11:40:48 AM,DORCH3,3048,3783
3100,Dorchester St,5,South Boston,13:00,17:00,Even,Old Colony Ave,Dorchester Ave,0.242992424242424,,False,True,True,True,True,True,False,False,False,False,False,True,False,False,False,False,2/14/2012 8:36:32 AM,DORCH3,3749,5032
3101,Freeport St,7,South Dorchester,12:00,16:00,Odd,Clayton St,Morrissey  William T Blvd,1.02765151515152,,False,True,True,True,True,True,False,False,False,True,False,False,False,False,False,False,2/14/2012 8:36:32 AM,FREEP1,1389,6815
3102,Clevemont Ave,4,Allston/Brighton,08:00,12:00,Even,Everett St,Dead End,4.26136363636364E-02,,False,False,True,False,True,False,False,True,False,False,False,False,False,False,False,False,2/29/2012 10:06:53 AM,CLEVE3,0,225
3103,Clevemont Ave,4,Allston/Brighton,08:00,12:00,Odd,Everett St,Dead End,4.26136363636364E-02,,False,True,False,True,False,False,False,True,False,False,False,False,False,False,False,False,2/29/2012 10:06:53 AM,CLEVE3,0,225
3104,Emery Rd,4,Allston/Brighton,08:00,12:00,Even,Cambridge St,Rugg Rd,7.76515151515152E-02,,False,False,True,False,True,False,False,True,False,False,False,False,False,False,False,False,2/29/2012 10:06:53 AM,EMERY1,0,410
3105,Emery Rd,4,Allston/Brighton,08:00,12:00,Odd,Cambridge St,Rugg Rd,7.76515151515152E-02,,False,True,False,True,False,False,False,True,False,False,False,False,False,False,False,False,2/29/2012 10:06:53 AM,EMERY1,0,410
3106,Commonwealth Ave,4,Allston/Brighton,08:00,12:00,,Brighton Av,Warren St,0.883522727272727,,True,True,True,True,True,True,False,False,False,False,True,False,False,False,False,False,2/29/2012 10:06:53 AM,SERVI3,0,4665
3107,Commonwealth Ave,4,Allston/Brighton,08:00,12:00,,Commonwealth Ave,Kelton St,0.911363636363636,,True,True,True,True,True,True,False,False,False,False,True,False,False,False,False,False,2/29/2012 10:06:53 AM,SERVI2,0,4812
3108,Minden St,2,Jamaica Plain,12:00,16:00,Even,Walden St,Day St,0.165340909090909,,False,False,True,False,True,False,False,False,True,False,False,False,False,False,False,False,6/27/2016 8:15:32 AM,MINDE1,0,873
3109,Minden St,2,Jamaica Plain,12:00,16:00,Odd,Walden St,Day St,0.165340909090909,,False,True,False,True,False,False,False,False,True,False,False,False,False,False,False,False,6/27/2016 8:15:26 AM,MINDE1,0,873
3110,Cedar St,10R,Roxbury,08:00,12:00,Even,Washington St,Terrace St,0.585795454545455,,False,True,False,True,False,False,False,False,True,False,False,False,False,False,False,False,4/28/2017 2:43:55 PM,CEDAR5,0,3093
3111,Cedar St,10R,Roxbury,08:00,12:00,Odd,Washington St,Terrace St,0.585795454545455,,False,False,True,False,True,False,False,False,True,False,False,False,False,False,False,False,4/28/2017 2:43:46 PM,CEDAR5,0,3093
3112,Gurney St,10M,Mission Hill,08:00,12:00,Even,Tremont St,Parker St,0.102083333333333,,False,False,True,False,True,False,False,True,False,False,False,False,False,False,False,False,2/29/2012 10:06:53 AM,GURNE1,0,539
3113,Gurney St,10M,Mission Hill,08:00,12:00,Odd,Tremont St,Parker St,0.102083333333333,,False,True,False,True,False,False,False,True,False,False,False,False,False,False,False,False,2/29/2012 10:06:53 AM,GURNE1,0,539
3114,Harleston St,10M,Mission Hill,12:00,16:00,Even,Calumet St,Parker Hill Ave,5.18939393939394E-02,,False,False,True,False,True,False,False,False,False,True,False,False,False,False,False,False,8/17/2017 8:48:18 AM,HARLE2,0,274
3115,Harleston St,10M,Mission Hill,12:00,16:00,Odd,Calumet St,Parker Hill Ave,5.18939393939394E-02,,False,True,False,True,False,False,False,False,False,True,False,False,False,False,False,False,8/17/2017 8:48:12 AM,HARLE2,0,274
3116,Park View St,10R,Roxbury,12:00,16:00,Even,Hutchings St,Seaver St,8.21969696969697E-02,,False,False,True,False,True,False,False,False,False,False,False,True,False,False,False,False,2/29/2012 10:06:53 AM,PARK 8,0,434
3117,Park View St,10R,Roxbury,12:00,16:00,Odd,Hutchings St,Seaver St,8.21969696969697E-02,,False,True,False,True,False,False,False,False,False,False,False,True,False,False,False,False,2/29/2012 10:06:53 AM,PARK 8,0,434
3118,Willowwood St,7,South Dorchester,08:00,12:00,Even,Woodrow Ave,Norfolk St,0.28655303030303,,False,False,True,False,True,False,False,False,False,True,False,False,False,False,False,False,2/14/2012 8:36:32 AM,WILLO7,0,1513
3119,Willowwood St,7,South Dorchester,08:00,12:00,Odd,Woodrow Ave,Norfolk St,0.28655303030303,,False,True,False,True,False,False,False,False,False,True,False,False,False,False,False,False,2/14/2012 8:36:32 AM,WILLO7,0,1513
3120,Norfolk St,7,South Dorchester,12:00,16:00,Odd,Crowell St,Morton St,0.289204545454545,,False,True,True,True,True,True,False,False,False,False,True,False,False,False,False,False,2/14/2012 8:36:32 AM,NORFO3,3830,5357
3121,Norfolk St,7,South Dorchester,12:00,16:00,Even,Crowell St,Morton St,0.289204545454545,,False,True,True,True,True,True,False,False,False,False,True,False,False,False,False,False,2/14/2012 8:36:32 AM,NORFO3,3830,5357
3122,Norfolk St,7,South Dorchester,12:00,16:00,Odd,Morton St,Blue Hill Ave,0.508712121212121,,False,True,True,True,True,True,False,False,False,False,True,False,False,False,False,False,2/14/2012 8:36:32 AM,NORFO3,5357,8043
3123,Norfolk St,7,South Dorchester,12:00,16:00,Even,Morton St,Blue Hill Ave,0.508712121212121,,False,True,True,True,True,True,False,False,False,False,True,False,False,False,False,False,2/14/2012 8:36:32 AM,NORFO3,5357,8043
3124,Merola Park,7,South Dorchester,12:00,16:00,Even,West Selden St,Cookson Ter,7.53787878787879E-02,,False,False,True,False,True,False,False,False,False,False,True,False,False,False,False,False,2/29/2012 10:06:53 AM,MEROL1,0,398
3125,Merola Park,7,South Dorchester,12:00,16:00,Odd,West Selden St,Cookson Ter,7.53787878787879E-02,,False,True,False,True,False,False,False,False,False,False,True,False,False,False,False,False,2/29/2012 10:06:53 AM,MEROL1,0,398
3126,Wrentham St,7,South Dorchester,08:00,12:00,Even,Dorchester Ave,Adams St,0.435795454545455,,False,False,True,False,True,False,False,True,False,False,False,False,False,False,False,False,2/29/2012 10:06:53 AM,WRENT1,0,2301
3127,Wrentham St,7,South Dorchester,08:00,12:00,Odd,Dorchester Ave,Adams St,0.435795454545455,,False,True,False,True,False,False,False,True,False,False,False,False,False,False,False,False,2/29/2012 10:06:53 AM,WRENT1,0,2301
3128,Tanglewood Rd,7,South Dorchester,12:00,16:00,Odd,Washington St,Dead End,0.040530303030303,,False,True,False,True,False,False,False,False,False,False,True,False,False,False,False,False,2/29/2012 10:06:53 AM,TANGL1,0,214
3129,Tanglewood Rd,7,South Dorchester,12:00,16:00,Even,Washington St,Dead End,0.040530303030303,,False,False,True,False,True,False,False,False,False,False,True,False,False,False,False,False,2/29/2012 10:06:53 AM,TANGL1,0,214
3130,Sanford St,7,South Dorchester,12:00,16:00,Even,Morton St,Cedar St,0.26780303030303,,False,False,True,False,True,False,False,False,False,False,True,False,False,False,False,False,2/29/2012 10:06:53 AM,SANFO1,0,1414
3131,Sanford St,7,South Dorchester,12:00,16:00,Odd,Morton St,Cedar St,0.26780303030303,,False,True,False,True,False,False,False,False,False,False,True,False,False,False,False,False,2/29/2012 10:06:53 AM,SANFO1,0,1414
3132,East Broadway,5,South Boston,05:00,07:00,Even,Dorchester St,I St,0.283522727272727,,False,True,True,True,True,True,False,False,True,False,False,False,False,False,False,False,2/29/2012 10:06:53 AM,E BRO1,0,1497
3133,East Broadway,5,South Boston,05:00,07:00,Even,I St,L St,0.231060606060606,,False,True,True,True,True,True,False,False,True,False,False,False,False,False,False,False,2/29/2012 10:06:53 AM,E BRO1,1497,2717
3134,East Broadway,5,South Boston,05:00,07:00,Odd,I St,L St,0.231060606060606,,False,True,True,True,True,True,False,True,False,False,False,False,False,False,False,False,2/29/2012 10:06:53 AM,E BRO1,1497,2717
3135,Pasadena Rd,3,North Dorchester,08:00,12:00,Even,Columbia Rd,Blue Hill Ave,0.164583333333333,,False,False,True,False,True,False,False,False,True,False,False,False,False,False,False,False,6/13/2013 4:11:36 PM,PASAD1,0,869
3136,Pasadena Rd,3,North Dorchester,08:00,12:00,Odd,Columbia Rd,Blue Hill Ave,0.164583333333333,,False,True,False,True,False,False,False,False,True,False,False,False,False,False,False,False,6/13/2013 4:11:31 PM,PASAD1,0,869
3137,Castlegate Rd,3,North Dorchester,08:00,12:00,Even,Blue Hill Ave,Normandy St,9.10984848484848E-02,,False,False,True,False,True,False,False,False,True,False,False,False,False,False,False,False,6/13/2013 4:12:41 PM,CASTL3,0,481
3138,Castlegate Rd,3,North Dorchester,08:00,12:00,Odd,Blue Hill Ave,Normandy St,9.10984848484848E-02,,False,True,False,True,False,False,False,False,True,False,False,False,False,False,False,False,6/13/2013 4:12:34 PM,CASTL3,0,481
3139,Supple Rd,3,North Dorchester,08:00,12:00,Even,Columbia Rd,Blue Hill Ave,0.196022727272727,,False,False,True,False,True,False,False,False,True,False,False,False,False,False,False,False,6/13/2013 4:11:11 PM,SUPPL1,0,1035
3140,Supple Rd,3,North Dorchester,08:00,12:00,Odd,Columbia Rd,Blue Hill Ave,0.196022727272727,,False,True,False,True,False,False,False,False,True,False,False,False,False,False,False,False,6/13/2013 4:11:05 PM,SUPPL1,0,1035
3141,Seaver St,3,North Dorchester,08:00,12:00,Even,Blue Hill Ave,Columbia Rd,0.14981060606,,False,False,True,False,True,False,False,True,False,False,False,False,False,False,False,False,3/31/2016 3:33:14 PM,SEAVE1,0,791
3142,Seaver St,3,North Dorchester,08:00,12:00,Odd,Blue Hill Ave,Columbia Rd,0.14981060606,,False,True,False,True,False,False,False,True,False,False,False,False,False,False,False,False,3/31/2016 3:32:57 PM,SEAVE1,0,791
3143,Winter St,3,North Dorchester,08:00,12:00,Even,Bowdoin St,Adams St,0.194318181818182,,False,False,True,False,True,False,False,False,False,False,True,False,False,False,False,False,2/14/2012 8:36:32 AM,WINTE1,0,1026
3144,Winter St,3,North Dorchester,08:00,12:00,Odd,Bowdoin St,Adams St,0.194318181818182,,False,True,False,True,False,False,False,False,False,False,True,False,False,False,False,False,2/14/2012 8:36:32 AM,WINTE1,0,1026
3145,Normandy St,3,North Dorchester,12:00,16:00,Even,Lawrence Ave,Stanwood St,0.254545454545455,,False,False,True,False,True,False,False,True,False,False,False,False,False,False,False,False,2/29/2012 10:06:53 AM,NORMA2,0,1344
3146,Normandy St,3,North Dorchester,12:00,16:00,Odd,Lawrence Ave,Stanwood St,0.254545454545455,,False,True,False,True,False,False,False,True,False,False,False,False,False,False,False,False,2/29/2012 10:06:53 AM,NORMA2,0,1344
3147,Intervale St,3,North Dorchester,12:00,16:00,Even,Blue Hill Ave,Columbia Rd,0.393939393939394,,False,False,True,False,True,False,False,False,False,True,False,False,False,False,False,False,2/29/2012 10:06:53 AM,INTER1,644,2724
3148,West Howell St,3,North Dorchester,08:00,12:00,Even,Boston St,Dead End,7.97348484848485E-02,,False,False,True,False,True,False,False,True,False,False,False,False,False,False,False,False,2/29/2012 10:06:53 AM,WEST 16,0,421
3149,West Howell St,3,North Dorchester,08:00,12:00,Odd,Boston St,Dead End,7.97348484848485E-02,,False,True,False,True,False,False,False,True,False,False,False,False,False,False,False,False,2/29/2012 10:06:53 AM,WEST 16,0,421
3150,Mosgrove Ave,2,Jamaica Plain,12:00,16:00,Even,Washington St,South St,7.02651515151515E-02,,False,False,True,False,True,False,False,False,False,False,True,False,False,False,False,False,2/29/2012 10:06:53 AM,MOSGR1,0,371
3151,Mosgrove Ave,2,Jamaica Plain,12:00,16:00,Odd,Washington St,South St,7.02651515151515E-02,,False,True,False,True,False,False,False,False,False,False,True,False,False,False,False,False,2/29/2012 10:06:53 AM,MOSGR1,0,371
3152,South St,2,Jamaica Plain,12:00,16:00,Even,Archdale Rd,Washington St,0.396022727272727,,False,False,True,False,True,False,False,False,False,False,True,False,False,False,False,False,2/29/2012 10:06:53 AM,SOUTH5,7330,9421
3153,South St,2,Jamaica Plain,12:00,16:00,Odd,Archdale Rd,Washington St,0.396022727272727,,False,True,False,True,False,False,False,False,False,False,True,False,False,False,False,False,2/29/2012 10:06:53 AM,SOUTH5,7330,9421
3154,Selkirk Rd,4,Allston/Brighton,12:00,16:00,Odd,Kilsyth Rd,Chiswick Rd,0.152272727272727,,False,True,False,True,False,False,False,False,False,True,False,False,False,False,False,False,7/15/2021 3:01:36 PM,SELKI1,0,804
3155,Wabeno St,10R,Roxbury,12:00,16:00,Even,Wyoming St,Waumbeck St,8.93939393939394E-02,,False,False,True,False,True,False,False,False,False,False,False,True,False,False,False,False,2/29/2012 10:06:53 AM,WABEN1,0,472
3156,Wabeno St,10R,Roxbury,12:00,16:00,Odd,Wyoming St,Waumbeck St,8.93939393939394E-02,,False,True,False,True,False,False,False,False,False,False,False,True,False,False,False,False,2/29/2012 10:06:53 AM,WABEN1,0,472
3157,Humboldt Ave,10R,Roxbury,08:00,12:00,Even,Walnut Ave,Seaver St,0.822159090909091,,False,True,True,True,True,True,False,False,False,False,False,True,False,False,False,False,10/12/2021 3:40:51 PM,HUMBO1,0,4341
3158,Crestwood Park,10R,Roxbury,12:00,16:00,Even,Townsend St,Townsend St,0.135037878787879,,False,False,True,False,True,False,False,False,False,False,False,True,False,False,False,False,2/29/2012 10:06:53 AM,CREST6,0,713
3159,Crestwood Park,10R,Roxbury,12:00,16:00,Odd,Townsend St,Townsend St,0.135037878787879,,False,True,False,True,False,False,False,False,False,False,False,True,False,False,False,False,2/29/2012 10:06:53 AM,CREST6,0,713
3160,Brinton St,10R,Roxbury,12:00,16:00,Odd,Washington St,Dead End,5.83333333333333E-02,,False,True,False,True,False,False,False,False,False,False,False,True,False,False,False,False,2/29/2012 10:06:53 AM,BRINT1,0,308
3161,Brinton St,10R,Roxbury,12:00,16:00,Even,Washington St,Dead End,5.83333333333333E-02,,False,False,True,False,True,False,False,False,False,False,False,True,False,False,False,False,2/29/2012 10:06:53 AM,BRINT1,0,308
3162,Codman Park,10R,Roxbury,12:00,16:00,Odd,Brinton St,Dead End,0.183712121212121,,False,True,False,True,False,False,False,False,False,False,False,True,False,False,False,False,2/29/2012 10:06:53 AM,CODMA2,0,970
3163,Codman Park,10R,Roxbury,12:00,16:00,Even,Brinton St,Dead End,0.183712121212121,,False,False,True,False,True,False,False,False,False,False,False,True,False,False,False,False,2/29/2012 10:06:53 AM,CODMA2,0,970
3164,Maywood St,10R,Roxbury,08:00,12:00,Even,Warren St,Blue Hill Ave,0.248295454545455,,False,False,True,False,True,False,False,False,False,False,False,True,False,False,False,False,2/29/2012 10:06:53 AM,MAYWO1,0,1311
3165,Phipps St,1C,Charlestown,12:00,16:00,Odd,Main St,Lawrence St,4.16666666666667E-02,,False,True,False,True,False,False,False,False,False,False,True,False,False,False,False,False,2/14/2012 8:36:32 AM,PHIPP1,0,220
3166,Maywood St,10R,Roxbury,08:00,12:00,Odd,Warren St,Blue Hill Ave,0.248295454545455,,False,True,False,True,False,False,False,False,False,False,False,True,False,False,False,False,2/29/2012 10:06:53 AM,MAYWO1,0,1311
3167,Walnut Ave,10R,Roxbury,12:00,16:00,Odd,Humboldt Ave,Columbus Ave,0.750568181818182,,False,True,True,True,True,True,False,False,False,False,True,False,False,False,False,False,2/29/2012 10:06:53 AM,WALNU1,1556,5519
3168,Kearsarge Ave,10R,Roxbury,08:00,12:00,Even,Warren St,Winthrop St,0.122159090909091,,False,False,True,False,True,False,False,False,True,False,False,False,False,False,False,False,2/29/2012 10:06:53 AM,KEARS1,0,645
3169,Kearsarge Ave,10R,Roxbury,08:00,12:00,Odd,Warren St,Winthrop St,0.122159090909091,,False,True,False,True,False,False,False,False,True,False,False,False,False,False,False,False,2/29/2012 10:06:53 AM,KEARS1,0,645
3170,Copeland Park,10R,Roxbury,08:00,12:00,Even,Copeland St,Dead End,2.74621212121212E-02,,False,False,True,False,True,False,False,False,True,False,False,False,False,False,False,False,2/29/2012 10:06:53 AM,COPEL1,0,145
3171,Copeland Park,10R,Roxbury,08:00,12:00,Odd,Copeland St,Dead End,2.74621212121212E-02,,False,True,False,True,False,False,False,False,True,False,False,False,False,False,False,False,2/29/2012 10:06:53 AM,COPEL1,0,145
3172,Cabot St,10R,Roxbury,08:00,12:00,Even,Ruggles St,Whittier St,7.97348484848485E-02,,False,False,True,False,True,False,False,False,False,True,False,False,False,False,False,False,2/29/2012 10:06:53 AM,CABOT1,0,421
3173,Cabot St,10R,Roxbury,08:00,12:00,Odd,Ruggles St,Whittier St,7.97348484848485E-02,,False,True,False,True,False,False,False,False,False,True,False,False,False,False,False,False,2/29/2012 10:06:53 AM,CABOT1,0,421
3174,Salem St,1C,Charlestown,08:00,12:00,Even,Main St,High St,7.14015151515151E-02,,False,False,True,False,True,False,False,False,False,False,False,True,False,False,False,False,8/17/2020 9:13:06 AM,SALEM1,0,377
3175,Salem St,1C,Charlestown,08:00,12:00,Odd,Main St,High St,7.14015151515151E-02,,False,True,False,True,False,False,False,False,False,False,False,True,False,False,False,False,2/14/2012 8:36:32 AM,SALEM1,0,377
3178,Short St,1C,Charlestown,08:00,12:00,Even,Bunker Hill St,Medford St,6.49621212121212E-02,,False,True,False,True,False,False,False,False,False,False,True,False,False,False,False,False,2/29/2012 10:06:53 AM,SHORT1,0,343
3179,Short St,1C,Charlestown,08:00,12:00,Odd,Bunker Hill St,Medford St,6.49621212121212E-02,,False,False,True,False,True,False,False,False,False,False,True,False,False,False,False,False,2/29/2012 10:06:53 AM,SHORT1,0,343
3180,Cambridge St,1C,Charlestown,05:00,07:00,Even,Alford St,Crescent St,0.420454545454545,,False,True,True,True,True,True,False,False,False,False,False,True,False,False,False,False,2/14/2012 8:36:32 AM,CAMBR3,0,2220
3181,Lynde St,1C,Charlestown,08:00,12:00,Even,Arrow St,New Rutherford Ave,0.171022727272727,,False,False,True,False,True,False,False,False,False,True,False,False,False,False,False,False,2/29/2012 10:06:53 AM,LYNDE1,0,903
3182,Lynde St,1C,Charlestown,08:00,12:00,Odd,Arrow St,New Rutherford Ave,0.171022727272727,,False,True,False,True,False,False,False,False,False,True,False,False,False,False,False,False,2/29/2012 10:06:53 AM,LYNDE1,0,903
3183,Armory St,1C,Charlestown,12:00,16:00,Even,Main St,Dead End,6.85606060606061E-02,,False,False,True,False,True,False,False,False,False,False,False,True,False,False,False,False,2/29/2012 10:06:53 AM,ARMOR1,0,362
3184,Armory St,1C,Charlestown,12:00,16:00,Odd,Main St,Dead End,6.85606060606061E-02,,False,False,True,False,True,False,False,False,False,False,False,True,False,False,False,False,2/29/2012 10:06:53 AM,ARMOR1,0,362
3185,Alford St,1C,Charlestown,05:00,07:00,Even,Cambridge St,EVERETT TOWN LINE,0.779545454545455,,False,True,True,True,True,True,False,False,False,False,False,True,False,False,False,False,2/14/2012 8:36:32 AM,ALFOR1,0,4116
3186,Revere St,1H,Beacon Hill,08:00,12:00,Even,Charles St,David G Mugar Way,6.93181818181818E-02,,False,False,True,False,True,False,False,False,True,False,False,False,False,False,False,True,2/14/2012 8:36:32 AM,REVER2,1191,1557
3187,Thacher St,1N,North End,12:00,16:00,Odd,North Margin St,North Washington St,8.23863636363636E-02,,False,True,False,True,False,False,False,False,True,False,False,False,False,False,False,True,2/14/2012 8:36:32 AM,THACH1,147,582
3188,Thacher St,1N,North End,12:00,16:00,Even,North Margin St,North Washington St,8.23863636363636E-02,,False,False,True,False,True,False,False,False,True,False,False,False,False,False,False,True,2/14/2012 8:36:32 AM,THACH1,147,582
3189,Freeport St,7,South Dorchester,08:00,12:00,Even,Clayton St,Morrissey  William T Blvd,1.02765151515152,,False,True,True,True,True,True,False,True,False,False,False,False,False,False,False,False,2/14/2012 8:36:32 AM,FREEP1,1389,6815
3190,Savin Hill Ave,3,North Dorchester,05:00,07:00,Even,Dorchester Ave,Hubbardston Rd,0.355871212,,False,False,True,False,True,False,False,True,False,False,False,False,False,False,False,False,4/29/2021 2:04:52 PM,SAVIN1,672,2551
3191,Savin Hill Ave,3,North Dorchester,05:00,07:00,Odd,Dorchester Ave,Hubbardston Rd,0.355871212,,False,True,False,True,False,False,False,True,False,False,False,False,False,False,False,False,4/29/2021 2:05:03 PM,SAVIN1,672,2551
3192,Columbus Ave,1B,Back Bay,00:01,07:00,,Stuart St,Clarendon St,0.271401515151515,,False,True,True,True,True,True,True,True,True,True,True,True,True,True,True,False,2/29/2012 10:06:53 AM,COLUM15,786,2219
3193,Dartmouth St,1S,South End,05:00,07:00,Even,SW Corridor Path,Columbus Ave,-9.03409090909091E-02,,False,True,True,True,True,True,False,False,False,False,False,True,False,False,False,True,3/30/2020 8:09:43 AM,DARTM2,1168,1645
3194,Harrison Ave,10R,Roxbury,08:00,12:00,Even,East Lenox St,Melnea Cass Blvd,0.160606060606061,,False,False,True,False,True,False,False,False,False,True,False,False,False,False,False,False,2/29/2012 10:06:53 AM,HARRI5,8392,9240
3195,Harrison Ave,10R,Roxbury,08:00,12:00,Odd,East Lenox St,Melnea Cass Blvd,0.160606060606061,,False,True,False,True,False,False,False,False,False,True,False,False,False,False,False,False,2/29/2012 10:06:53 AM,HARRI5,8392,9240
3196,Shawmut Ave,10R,Roxbury,08:00,12:00,Even,Lenox St,Melnea Cass Blvd,0.196401515151515,,False,False,True,False,True,False,False,False,False,True,False,False,False,False,False,False,3/25/2020 11:50:46 AM,SHAWM2,6299,7336
3197,Shawmut Ave,10R,Roxbury,08:00,12:00,Odd,Lenox St,Melnea Cass Blvd,0.196401515151515,,False,True,False,True,False,False,False,False,False,True,False,False,False,False,False,False,3/25/2020 11:50:39 AM,SHAWM2,6299,7336
3198,Ashton St,7,South Dorchester,08:00,12:00,Odd,Woodrow Ave,Frontenac St,8.93939393939394E-02,,False,True,False,True,False,False,False,False,False,False,False,True,False,False,False,False,2/14/2012 8:36:32 AM,ASHTO1,1098,1570
3199,Ashton St,7,South Dorchester,08:00,12:00,Even,Woodrow Ave,Frontenac St,8.93939393939394E-02,,False,False,True,False,True,False,False,False,False,True,False,False,False,False,False,False,2/14/2012 8:36:32 AM,ASHTO1,1098,1570
3200,Balsam St,7,South Dorchester,08:00,12:00,Even,Blue Hill Ave,Irma St,0.14375,,False,False,True,False,True,False,False,False,False,False,False,True,False,False,False,False,2/29/2012 10:06:53 AM,BALSA1,0,759
3201,Balsam St,7,South Dorchester,08:00,12:00,Odd,Blue Hill Ave,Irma St,0.14375,,False,True,False,True,False,False,False,False,False,False,False,True,False,False,False,False,2/29/2012 10:06:53 AM,BALSA1,0,759
3202,Washington St,10R,Roxbury,00:01,07:00,Even,Lenox St,Dudley St,0.545833333333333,,True,True,True,True,True,True,False,False,True,False,False,False,False,False,True,False,2/29/2012 10:06:53 AM,WASHI1,10805,13687
3203,Washington St,10R,Roxbury,00:01,07:00,Odd,Lenox St,Dudley St,0.545833333333333,,True,True,True,True,True,True,False,False,False,True,False,False,False,False,True,False,2/29/2012 10:06:53 AM,WASHI1,10805,13687
3204,East Second St,5,South Boston,13:00,16:00,Even,L St,M St,0.106439393939394,,False,False,True,False,True,False,False,False,False,False,False,True,False,False,False,False,2/14/2012 8:36:32 AM,E SEC1,2145,2707
3205,East Second St,5,South Boston,13:00,16:00,Odd,L St,M St,0.106439393939394,,False,True,False,True,False,False,False,False,False,False,False,True,False,False,False,False,2/14/2012 8:36:32 AM,E SEC1,2145,2707
3206,Washington St,2,Jamaica Plain,00:01,07:00,Even,Atherton St,Burnett St,0.939962121212121,,True,True,True,True,True,True,False,False,True,False,False,False,False,False,True,False,2/29/2012 10:06:53 AM,WASHI1,19783,24746
3207,Washington St,2,Jamaica Plain,00:01,07:00,Odd,Atherton St,Burnett St,0.939962121212121,,True,True,True,True,True,True,False,False,False,True,False,False,False,False,True,False,2/29/2012 10:06:53 AM,WASHI1,19783,24746
3208,Bird St,3,North Dorchester,08:00,12:00,Odd,Hancock St,Columbia Rd,7.02651515151515E-02,,False,True,False,True,False,False,False,False,False,False,True,False,False,False,False,False,4/4/2014 9:12:56 AM,BIRD 1,0,371
3209,Bird St,3,North Dorchester,08:00,12:00,Even,Hancock St,Columbia Rd,7.02651515151515E-02,,False,False,True,False,True,False,False,False,False,False,True,False,False,False,False,False,4/4/2014 9:12:45 AM,BIRD 1,0,371
3210,Huntington Ave,M,Multiple,00:01,07:00,Odd,Massachusetts Ave,South Huntington Ave,1.60397727272727,,True,True,True,True,True,True,False,True,False,False,False,False,False,False,True,False,2/14/2012 8:36:32 AM,HUNTI1,3224,11693
3211,Washington St,10R,Roxbury,00:01,07:00,Even,Dudley St,Atherton St,1.15454545454545,,True,True,True,True,True,True,False,False,True,False,False,False,False,False,True,False,2/29/2012 10:06:53 AM,WASHI1,13687,19783
3212,Washington St,10R,Roxbury,00:01,07:00,Odd,Dudley St,Atherton St,1.15454545454545,,True,True,True,True,True,True,False,False,False,True,False,False,False,False,True,False,2/29/2012 10:06:53 AM,WASHI1,13687,19783
3217,Tremont St,1S,South End,05:00,07:00,Even,Berkeley St,Massachusetts Ave,0.685606060606061,,False,True,True,True,True,True,False,False,False,False,True,False,False,False,True,True,4/16/2015 11:50:37 AM,TREMO1,6230,9850
3218,Columbus Ave,1S,South End,08:00,12:00,Even,Clarendon St,Massachusetts Ave,0.629545454545455,,False,True,True,True,True,True,False,False,False,True,False,False,False,False,False,True,2/29/2012 10:06:53 AM,COLUM15,2219,5543
3219,Columbus Ave,1S,South End,08:00,12:00,Odd,Clarendon St,Massachusetts Ave,0.629545454545455,,False,True,True,True,True,True,False,False,False,False,False,True,False,False,False,True,2/29/2012 10:06:53 AM,COLUM15,2219,5543
3220,Columbus Ave,1S,South End,00:00,07:00,Odd,Massachusetts Ave,Douglass Park,0.178977272727273,,True,True,True,True,True,True,False,False,True,False,False,False,False,False,False,True,8/4/2017 8:28:12 AM,COLUM15,5543,6488
3221,Columbus Ave,1S,South End,00:00,07:00,Even,Massachusetts Ave,Douglass Park,0.178977272727273,,True,True,True,True,True,True,False,False,False,True,False,False,False,False,False,True,8/4/2017 8:28:23 AM,COLUM15,5543,6488
3222,First Ave,1C,Charlestown,08:00,12:00,Odd,Fifth St,Sixteenth St,0,,False,True,False,True,False,True,False,False,False,False,True,False,False,False,False,False,3/13/2012 3:43:23 PM,FIRST1,550,2521
3223,First Ave,1C,Charlestown,08:00,12:00,Even,Fifth St,Sixteenth St,0,,False,False,True,False,True,False,False,False,False,False,True,False,False,False,False,False,3/13/2012 3:44:03 PM,FIRST1,550,2521
3224,Eighth St,1C,Charlestown,08:00,12:00,Odd,First Ave,Dead End,0,,False,False,True,False,True,False,False,False,False,False,True,False,False,False,False,False,11/16/2016 2:33:34 PM,EIGHT1,0,1110
3225,Eighth St,1C,Charlestown,08:00,12:00,Even,First Ave,Dead End,0,,False,True,False,True,False,False,False,False,False,False,True,False,False,False,False,False,11/16/2016 2:33:23 PM,EIGHT1,0,1110
3226,Ninth St,1C,Charlestown,08:00,12:00,Odd,First Ave,Dead End,0,,False,True,False,True,False,False,False,False,False,False,True,False,False,False,False,False,3/13/2012 3:48:18 PM,NINTH1,421,934
3227,Ninth St,1C,Charlestown,08:00,12:00,Even,First Ave,Dead End,0,,False,False,True,False,True,False,False,False,False,False,True,False,False,False,False,False,3/13/2012 3:49:05 PM,NINTH1,421,934
3228,Third Ave,1C,Charlestown,08:00,12:00,Odd,Sixth St,Ninth St,0,,False,True,False,True,False,False,False,False,False,False,True,False,False,False,False,False,3/13/2012 3:50:21 PM,THIRD1,0,755
3229,Third Ave,1C,Charlestown,08:00,12:00,Even,Sixth St,Ninth St,0,,False,False,True,False,True,False,False,False,False,False,True,False,False,False,False,False,3/13/2012 3:51:05 PM,THIRD1,0,755
3230,Sixth St,1C,Charlestown,08:00,12:00,Odd,First Ave,Third Ave,0,,False,True,False,True,False,False,False,False,False,False,True,False,False,False,False,False,3/13/2012 3:53:38 PM,SIXTH1,0,276
3231,Sixth St,1C,Charlestown,08:00,12:00,Even,First Ave,Third Ave,0,,False,False,True,False,True,False,False,False,False,False,True,False,False,False,False,False,3/13/2012 3:55:23 PM,SIXTH1,0,276
3232,Seventh St,1C,Charlestown,08:00,12:00,Odd,First Ave,Third Ave,0,,False,True,False,True,False,False,False,False,False,False,True,False,False,False,False,False,3/13/2012 3:56:10 PM,SEVEN1,0,277
3233,Seventh St,1C,Charlestown,08:00,12:00,Even,First Ave,Third Ave,0,,False,False,True,False,True,False,False,False,False,False,True,False,False,False,False,False,3/13/2012 3:58:10 PM,SEVEN1,0,277
3234,Ninth St,1C,Charlestown,08:00,12:00,Odd,First Ave,Third Ave,0,,False,True,False,True,False,False,False,False,False,False,True,False,False,False,False,False,3/13/2012 3:58:47 PM,,,
3235,Ninth St,1C,Charlestown,08:00,12:00,Even,First Ave,Third Ave,0,,False,False,True,False,True,False,False,False,False,False,True,False,False,False,False,False,3/13/2012 3:59:20 PM,,,
3239,Seaver St,10R,Roxbury,08:00,12:00,Even,Columbus Ave,Blue Hill Ave,0.8,,False,True,True,True,True,True,False,False,False,False,False,True,False,False,False,False,3/19/2012 12:29:38 PM,SEAVE2,0,4174
3240,Walnut Ave,10R,Roxbury,08:00,12:00,Odd,Humboldt Ave,Colmubus Ave,0.75,,False,True,True,True,True,True,False,False,False,False,True,False,False,False,False,False,3/19/2012 3:49:41 PM,WALNU1,1556,5519
3241,Walnut Ave,10R,Roxbury,08:00,12:00,Odd,Warren St,Humboldt Ave,0.29,,False,True,True,True,True,True,False,False,False,False,True,False,False,False,False,False,3/19/2012 3:50:44 PM,WALNU1,0,1556
3242,Bennington St,9,East Boston,08:00,12:00,Even,Meridian St,Prescott St,0.429166667,,False,False,True,False,True,False,False,False,False,True,False,False,False,False,False,False,9/9/2016 1:01:31 PM,BENNI1,0,2907
3244,Commercial St,1N,North End,12:00,16:00,Odd,North St,North Washington St,0.457575758,,False,True,False,True,False,False,False,False,True,False,False,False,False,False,False,True,3/20/2012 2:24:47 PM,COMME1,1976,4392
3245,Commercial St,1N,North End,12:00,16:00,Even,North St,North Washington St,0.457575758,,False,False,True,False,True,False,False,False,True,False,False,False,False,False,False,True,3/20/2012 2:26:03 PM,COMME1,1976,4392
3246,Denny St,3,North Dorchester,12:00,16:00,Even,Savin Hill Ave,Springdale St,0.08125,,False,False,True,False,True,False,False,True,False,False,False,False,False,False,False,False,4/8/2016 2:45:16 PM,DENNY1,0,429
3247,Denny St,3,North Dorchester,12:00,16:00,Odd,Savin Hill Ave,Springdale St,0.08125,,False,True,False,True,False,False,False,True,False,False,False,False,False,False,False,False,4/8/2016 2:45:12 PM,DENNY1,0,429
3249,West Newton St,1S,South End,08:00,12:00,Odd,Washington St,Shawmut Ave,0.73,,False,True,False,True,False,True,False,False,False,False,True,False,False,False,False,True,8/20/2020 8:15:52 AM,WEST 18,0,387
3250,Havre St,9,East Boston,08:00,12:00,Even,Meridian St,Porter St,0.145,,False,False,True,False,True,False,False,False,False,True,False,False,False,False,False,False,3/21/2012 4:14:19 PM,HAVRE1,1163,1930
3251,Havre St,9,East Boston,08:00,12:00,Odd,Meridian St,Porter St,0.145,,False,True,False,True,False,False,False,False,False,True,False,False,False,False,False,False,3/21/2012 4:23:01 PM,HAVRE1,1163,1930
3252,Paris St,9,East Boston,12:00,16:00,Odd,Meridian St,Porter St,0.2,,False,True,False,True,False,False,False,False,False,True,False,False,False,False,False,False,3/21/2012 4:26:28 PM,PARIS2,832,1882
3253,Paris St,9,East Boston,12:00,16:00,Even,Meridian St,Porter St,0.2,,False,False,True,False,True,False,False,False,False,True,False,False,False,False,False,False,3/21/2012 4:35:49 PM,PARIS2,832,1882
3254,Washington St,4,Allston/Brighton,05:00,07:00,Even,Foster St,Chestnut Hill Ave,0.19,,False,True,True,True,True,True,False,False,False,False,False,True,False,False,False,False,3/21/2012 4:40:21 PM,WASHI3,4592,5586
3259,Brooks St,9,East Boston,12:00,16:00,Odd,White St,Condor St,0,,False,True,False,True,False,False,False,False,True,False,False,False,False,False,False,False,4/2/2012 9:53:22 AM,BROOK12,2323,3083
3260,Brooks St,9,East Boston,12:00,16:00,Even,White St,Condor St,0,,False,False,True,False,True,False,False,False,True,False,False,False,False,False,False,False,4/2/2012 9:54:16 AM,BROOK12,2323,3083
3261,Putnam St,9,East Boston,12:00,16:00,Odd,Condor St,White St,0,,False,True,False,True,False,False,False,False,True,False,False,False,False,False,False,False,4/2/2012 9:57:39 AM,PUTNA1,0,754
3262,Putnam St,9,East Boston,12:00,16:00,Even,Condor St,White St,0,,False,False,True,False,True,False,False,False,True,False,False,False,False,False,False,False,4/2/2012 9:58:30 AM,PUTNA1,0,754
3263,Knowlton St,,,13:00,17:00,Even,Telegraph St,East Eighth St,0,,False,False,True,False,True,False,False,False,False,False,True,False,False,False,False,False,3/31/2017 8:31:47 AM,KNOWL1,0,329
3264,Hemenway St,10F,Fenway/Kenmore,12:00,16:00,Odd,Boylston St,Forsyth Way,0,,False,True,False,True,False,False,False,False,False,True,False,False,False,False,False,False,4/19/2012 2:59:39 PM,HEMEN1,0,2924
3265,Hemenway St,10F,Fenway/Kenmore,12:00,16:00,Even,Boylston St,Forsyth Way,0,,False,False,True,False,True,False,False,False,False,True,False,False,False,False,False,False,4/19/2012 3:00:36 PM,HEMEN1,0,2924
3266,Dartmouth St,1B,Back Bay,05:00,07:00,Even,Columbus Ave,Huntington Ave,0,,False,False,True,False,True,False,False,False,False,False,False,True,False,False,False,False,5/8/2012 12:46:35 PM,DARTM2,1168,2503
3267,Aberdeen St,10F,Fenway/Kenmore,12:00,16:00,Even,Beacon St,Dead End,0,,False,False,True,False,True,False,False,False,False,True,False,False,False,False,False,False,5/8/2012 2:48:05 PM,ABERD1,0,418
3268,Aberdeen St,10F,Fenway/Kenmore,12:00,16:00,Odd,Beacon St,Dead End,0,,False,True,False,True,False,False,False,False,False,True,False,False,False,False,False,False,5/8/2012 2:48:56 PM,ABERD1,0,418
3269,Hancock St,1H,Beacon Hill,08:00,12:00,Even,Cambridge St,Mount Vernon St,0,,False,False,True,False,True,False,False,True,False,False,False,False,False,False,False,True,6/29/2012 11:56:42 AM,HANCO2,0,643
3270,Hancock St,1H,Beacon Hill,08:00,12:00,Odd,Cambridge St,Mount Vernon St,0,,False,True,False,True,False,True,False,True,False,False,False,False,False,False,False,True,4/2/2014 1:26:31 PM,HANCO2,643,989
3271,Sylvia St,2,Jamaica Plain,08:00,12:00,Odd,Washington St,Forest Hill St,0,,False,True,False,True,False,False,False,False,False,False,True,False,False,False,False,False,6/29/2012 3:16:04 PM,SYLVI1,0,278
3272,Martin Luther King Blvd,10R,Roxbury,05:00,07:00,Even,Washington St,Warren St,0,,False,True,True,True,True,True,False,False,True,False,False,False,False,False,False,False,8/28/2012 2:25:46 PM,MARTI1,0,3010
3273,Battery St,1N,North End,08:00,12:00,Even,Hanover,End of Street,0.1356060606,,False,False,True,False,True,False,False,False,False,False,False,True,False,False,False,True,7/1/2019 10:16:51 AM,,0,716
3274,Battery St,1N,North End,08:00,12:00,Odd,Hanover,End of Street,0.1356060606,,False,True,False,True,False,False,False,False,False,False,False,True,False,False,False,True,7/1/2019 10:16:22 AM,BATTE3,0,716
3275,Clark St,1N,North End,08:00,12:00,Even,Hanover St,Commercial St,0.10681818181,,False,False,True,False,True,False,False,False,False,False,False,True,False,False,False,True,7/1/2019 10:24:26 AM,CLARK1,0,564
3276,Clark St,1N,North End,08:00,12:00,Odd,Hanover St,Commercial St,0.10681818181,,False,True,False,True,False,False,False,False,False,False,False,True,False,False,False,True,7/1/2019 10:24:17 AM,CLARK1,0,564
3277,Cross St,1N,North End,12:00,16:00,Even,N. Washington,Atlantic,0,,False,False,True,False,True,False,False,False,True,False,False,False,False,False,False,True,2/27/2013 2:30:03 PM,,0,0
3278,Cross St,1N,North End,12:00,16:00,Odd,North Washington,Atlantic,0,,False,True,False,True,False,False,False,False,True,False,False,False,False,False,False,True,2/27/2013 2:31:31 PM,,0,0
3279,Garden Court St,1N,North End,12:00,16:00,Even,North Square,Fleet ,0,,False,False,True,False,True,False,False,False,True,False,False,False,False,False,False,True,11/19/2019 10:32:47 AM,,0,0
3280,Garden Court St,1N,North End,12:00,16:00,Odd,North Square,Fleet,0,,False,True,False,True,False,False,False,False,True,False,False,False,False,False,False,True,11/19/2019 10:32:29 AM,,0,0
3281,Moon St,1N,North End,12:00,16:00,Even,North Square,Fleet,0,,False,False,True,False,True,False,False,False,True,False,False,False,False,False,False,True,2/27/2013 2:36:09 PM,,0,0
3282,Moon St,1N,North End,12:00,16:00,Odd,North Square,Fleet,0,,False,True,False,True,False,False,False,False,True,False,False,False,False,False,False,True,2/27/2013 2:37:17 PM,,0,0
3283,Stillman St,1N,North End,12:00,16:00,Even,Salem,End of Street,0,,False,False,True,False,True,False,False,False,True,False,False,False,False,False,False,True,2/27/2013 2:38:06 PM,,0,0
3284,Stillman St,1N,North End,12:00,16:00,Odd,Salem,End of Street,0,,False,True,False,True,False,False,False,False,True,False,False,False,False,False,False,True,2/27/2013 2:38:39 PM,,0,0
3285,Brimmer St,1H,Beacon Hill,08:00,12:00,Odd,Pinckney St,Mount Vernon St,0,,False,True,False,True,False,True,False,False,True,False,False,False,False,False,False,True,3/31/2014 2:49:07 PM,,0,0
3286,Brimmer St,1H,Beacon Hill,08:00,12:00,Even,Pinckney St,Mount Vernon St,0,,False,False,True,False,True,False,False,False,True,False,False,False,False,False,False,True,3/6/2013 4:55:39 PM,,0,0
3287,Mt Vernon,1H,Beacon Hill,08:00,12:00,Odd,Hancock St,Joy St,0,,False,True,False,True,False,True,False,True,False,False,False,False,False,False,False,True,3/31/2014 8:05:13 PM,,0,0
3288,Tai Tung St,1T,Chinatown,12:00,16:00,Even,Tyler St,Hudson St,0,,False,False,True,False,True,False,False,True,False,False,False,False,False,False,False,False,3/15/2013 4:17:43 PM,,0,0
3289,Tai Tung St,1T,Chinatown,12:00,16:00,Odd,Tyler St,Hudson St,0,,False,True,False,True,False,False,False,True,False,False,False,False,False,False,False,False,3/15/2013 4:19:11 PM,,0,0
3290,Johnny Ct,1T,Chinatown,12:00,16:00,Odd,Maple Place,Harrrison Ave,0,,False,True,False,True,False,False,False,True,False,False,False,False,False,False,False,False,3/15/2013 4:21:02 PM,,0,0
3291,Marginal Rd,1T,Chinatown,12:00,16:00,Odd,Washington St,Harrison Ave,0,,False,True,False,True,False,False,False,True,False,False,False,False,False,False,False,False,3/15/2013 4:23:26 PM,,0,0
3292,Marginal Rd,1T,Chinatown,12:00,16:00,Even,Washington St,Harrison Ave,0,,False,False,True,False,True,False,False,True,False,False,False,False,False,False,False,False,3/15/2013 4:24:43 PM,,0,0
3293,Hudson St,1T,Chinatown,12:00,16:00,Odd,Kneeland St,Harrison Ave,0,,False,True,False,True,False,False,False,True,False,False,False,False,False,False,False,False,3/15/2013 4:27:08 PM,,0,0
3294,Harvard St,1C,Charlestown,12:00,16:00,Odd,Hudson St,Tyler St,0,,False,True,False,True,False,False,False,True,False,False,False,False,False,False,False,False,8/15/2017 8:36:36 AM,,0,0
3295,Myrtle St,1H,Beacon Hill,08:00,12:00,Odd,Revere St,Hancock St,0,,False,True,False,True,False,True,False,True,False,False,False,False,False,False,False,True,4/2/2014 1:32:34 PM,,0,0
3296,Chestnut St,1H,Beacon Hill,08:00,12:00,Even,Walnut St,Charles St,0,,False,False,True,False,True,False,False,False,False,False,False,True,False,False,False,True,3/15/2013 4:36:08 PM,,0,0
3297,River St,1H,Beacon Hill,08:00,12:00,Odd,Mt Vernon St,Public Alley 301,0,,False,True,False,True,False,True,False,False,False,False,True,False,False,False,False,True,4/2/2014 1:32:49 PM,,0,0
3298,Derne St,1H,Beacon Hill,08:00,12:00,Odd,Bowdoin St,Hancock St,0,,False,True,False,True,False,True,False,True,False,False,False,False,False,False,False,True,10/3/2016 12:37:09 PM,,0,0
3299,West Cedar St,1H,Beacon Hill,08:00,12:00,Odd,Mt Vernon St,Chestnut St,0,,False,True,False,True,False,True,False,False,False,True,False,False,False,False,False,True,3/31/2014 7:51:20 PM,,0,0
3300,Willow Pond Rd,99,DCR,12:00,15:00,,,,0,,False,False,True,False,False,False,False,False,False,True,False,False,False,False,False,False,3/28/2013 11:46:39 AM,,,
3301,Francis Parkman Dr,99,DCR,12:00,15:00,,,,0,,False,False,True,False,False,False,False,False,False,True,False,False,False,False,False,False,3/28/2013 11:47:38 AM,,,
3302,Centre St,99,DCR,12:00,15:00,Both,May St,VFW Pkwy,0,,False,False,True,False,False,False,False,False,False,True,False,False,False,False,False,False,3/28/2013 11:49:45 AM,,,
3303,Agassiz Rd,99,DCR,08:00,12:00,,,,0,,False,False,False,True,False,False,False,False,True,False,False,False,False,False,False,False,3/28/2013 11:58:36 AM,,,
3308,Sydney St,3,North Dorchester,08:00,12:00,Odd,Moseley Street,Crescent Avenue,0,,False,True,False,True,False,False,False,True,False,False,False,False,False,False,False,False,4/29/2013 4:22:06 PM,,0,0
3309,Sydney St,3,North Dorchester,08:00,12:00,Even,Moseley Street,Crescent Avenue,0,,False,False,True,False,True,False,False,True,False,False,False,False,False,False,False,False,4/29/2013 4:23:01 PM,,0,0
3312,Ellsworth St,,,12:00,16:00,Odd,Freeport Street,Dorchester Avenue,0,,False,False,False,True,False,False,False,False,False,False,False,True,False,False,False,False,5/16/2013 12:28:39 PM,,0,0
3313,Ellsworth St,,,12:00,16:00,Even,Freeport Street,Dorchester Avenue,0,,False,False,True,False,True,False,False,False,False,False,False,True,False,False,False,False,5/16/2013 12:29:25 PM,,0,0
3314,Clayton St,3,North Dorchester,12:00,16:00,Odd,Park Street,Freeport Street,0,,False,True,False,True,False,False,False,False,False,False,False,True,False,False,False,False,5/16/2013 12:38:30 PM,,0,0
3315,Clayton St,3,North Dorchester,12:00,16:00,Even,Park Street,Freeport Street,0,,False,False,True,False,True,False,False,False,False,False,False,True,False,False,False,False,5/16/2013 12:39:13 PM,,0,0
3316,Hancock St,3,North Dorchester,12:00,16:00,Odd,Dorchester Avenue,Columbia Road,0,,False,True,False,True,False,False,False,False,False,False,False,True,False,False,False,False,5/16/2013 12:41:59 PM,,0,0
3317,Hancock St,3,North Dorchester,12:00,16:00,Even,Dorchester Avenue,Columbia Road,0,,False,False,True,False,True,False,False,False,False,False,False,True,False,False,False,False,5/16/2013 12:42:29 PM,,0,0
3318,Trull St,3,North Dorchester,08:00,12:00,Even,Bellevue Street,Hancock Street,0,,False,False,True,False,True,False,False,False,False,False,True,False,False,False,False,False,5/16/2013 4:26:41 PM,,0,0
3319,Trull St,3,North Dorchester,08:00,12:00,Odd,Bellevue Street,Hancock Street,0,,False,True,False,True,False,False,False,False,False,False,True,False,False,False,False,False,5/16/2013 4:27:13 PM,,0,0
3320,Patson Ave,3,North Dorchester,08:00,12:00,Even,Glendale Street,Hancock Street,0,,False,False,True,False,True,False,False,False,False,False,True,False,False,False,False,False,5/16/2013 4:27:49 PM,,0,0
3321,Patson Ave,3,North Dorchester,08:00,12:00,Odd,Glendale Street,Hancock Street,0,,False,True,False,True,False,False,False,False,False,False,True,False,False,False,False,False,5/16/2013 4:28:22 PM,,0,0
3322,Arion St,3,North Dorchester,12:00,16:00,Even,Columbia Road,Davern Street,0,,False,False,True,False,True,False,False,False,False,False,True,False,False,False,False,False,4/2/2014 11:23:54 AM,,0,0
3323,Arion St',3,North Dorchester,12:00,16:00,Odd,Columbia Road,Davern Street,0,,False,True,False,True,False,False,False,False,False,False,True,False,False,False,False,False,4/2/2014 11:24:00 AM,,0,0
3324,Claybourne St,3,North Dorchester,12:00,16:00,Even,Park Street,Bowdoin Street,0,,False,False,True,False,True,False,False,False,True,False,False,False,False,False,False,False,5/16/2013 4:35:18 PM,,0,0
3325,Claybourne St,3,North Dorchester,12:00,16:00,Odd,Park Street,Bowdoin Street,0,,False,True,False,True,False,False,False,False,True,False,False,False,False,False,False,False,5/16/2013 4:36:57 PM,,0,0
3326,Copenger St,10,Roxbury,12:00,16:00,Even,Parker Hill Avenue,Dead End,0,,False,False,True,False,True,False,False,False,False,True,False,False,False,False,False,False,5/17/2013 2:47:22 PM,,0,0
3327,Copenger St,10,Roxbury,12:00,16:00,Odd,Parker Hill Avenue,Dead End,0,,False,True,False,True,False,False,False,False,False,True,False,False,False,False,False,False,5/17/2013 2:48:02 PM,,0,0
3328,Burt St,3,North Dorchester,08:00,12:00,Even,Ashmont St,Washington St,0,,False,False,True,False,True,False,False,False,False,False,False,True,False,False,False,False,5/28/2013 3:23:31 PM,,0,0
3329,Burt St,3,North Dorchester,08:00,12:00,Odd,Ashmont Street,Washington Street,0,,False,True,False,True,False,False,False,False,False,False,False,True,False,False,False,False,5/28/2013 3:24:00 PM,,0,0
3330,Bailey St,3,North Dorchester,08:00,12:00,Even,Washington Street,Dorchester Avenue,0,,False,False,True,False,True,False,False,False,False,False,False,True,False,False,False,False,5/28/2013 3:25:11 PM,,0,0
3331,Bailey St,3,North Dorchester,08:00,12:00,Odd,Washington Street,Dorchester Avenue,0,,False,True,False,True,False,False,False,False,False,False,False,True,False,False,False,False,5/28/2013 3:25:43 PM,,0,0
3332,Powellton Rd,3,North Dorchester,08:00,12:00,Even,Columbia Road,Glenarm St,0,,False,False,True,False,True,False,False,False,True,False,False,False,False,False,False,False,5/28/2013 3:27:38 PM,,0,0
3333,Powellton Rd,3,North Dorchester,08:00,12:00,Odd,Columbia Road,Glenarm Street,0,,False,True,False,True,False,False,False,False,True,False,False,False,False,False,False,False,5/28/2013 3:28:06 PM,,0,0
3334,Glenarm St,3,North Dorchester,08:00,12:00,Even,Washington Street,Seaver Street,0,,False,False,True,False,True,False,False,False,True,False,False,False,False,False,False,False,5/28/2013 3:29:06 PM,,0,0
3335,Glenarm St,3,North Dorchester,08:00,12:00,Odd,Washington Street,Seaver Street,0,,False,True,False,True,False,False,False,False,True,False,False,False,False,False,False,False,5/28/2013 3:29:35 PM,,0,0
3336,Merill St,3,North Dorchester,08:00,12:00,Even,Erie Street,Glenarm Street,0,,False,False,True,False,True,False,False,False,True,False,False,False,False,False,False,False,5/28/2013 3:30:15 PM,,0,0
3337,Merill St,3,North Dorchester,08:00,12:00,Odd,Erie Street,Glenarm Street,0,,False,True,False,True,False,False,False,False,True,False,False,False,False,False,False,False,5/28/2013 3:30:45 PM,,0,0
3338,Erie St,3,North Dorchester,08:00,12:00,Even,Washington Street,Glenway Street,0,,False,False,True,False,True,False,False,False,True,False,False,False,False,False,False,False,5/28/2013 3:32:23 PM,,0,0
3339,Erie St,3,North Dorchester,08:00,12:00,Odd,Washington Street,Glenway Street,0,,False,True,False,True,False,False,False,False,True,False,False,False,False,False,False,False,5/28/2013 3:32:51 PM,,0,0
3340,Greenwood St,3,North Dorchester,08:00,12:00,Odd,Erie Street,Harvard Street,0,,False,True,False,True,False,False,False,False,True,False,False,False,False,False,False,False,5/28/2013 3:33:21 PM,,0,0
3341,Greenwood St,3,North Dorchester,08:00,12:00,Even,Erie Street,Harvard Street,0,,False,False,True,False,True,False,False,False,True,False,False,False,False,False,False,False,5/28/2013 3:34:29 PM,,0,0
3342,Westville St,3,North Dorchester,12:00,16:00,Even,Bowdoin Avenue,Geneva Avenue,0,,False,False,True,False,True,False,False,False,True,False,False,False,False,False,False,False,5/28/2013 3:35:28 PM,,0,0
3343,Westville St,3,North Dorchester,12:00,16:00,Odd,Bowdoin Avenue,Geneva Avenue,0,,False,True,False,True,False,False,False,False,True,False,False,False,False,False,False,False,5/28/2013 3:36:31 PM,,0,0
3344,Algonquin St,3,North Dorchester,12:00,16:00,Even,Washington Street,Harvard Street,0,,False,False,True,False,True,False,False,False,True,False,False,False,False,False,False,False,5/28/2013 3:38:03 PM,,0,0
3345,Algonquin St,3,North Dorchester,12:00,16:00,Odd,Washington Street,Harvard Street,0,,False,True,False,True,False,False,False,False,True,False,False,False,False,False,False,False,5/28/2013 3:38:47 PM,,0,0
3346,Topliff St,3,North Dorchester,08:00,12:00,Even,Bowdoin Street,Geneva Avenue,0,,False,False,True,False,True,False,False,False,False,True,False,False,False,False,False,False,5/28/2013 3:39:31 PM,,0,0
3347,Topliff St,3,North Dorchester,08:00,12:00,Odd,Bowdoin Street,Geneva Avenue,0,,False,True,False,True,False,False,False,False,False,True,False,False,False,False,False,False,5/28/2013 3:40:05 PM,,0,0
3348,Geneva Ave,3,North Dorchester,08:00,12:00,Even,Park Street,Bowdoin Street,0,,False,False,True,False,True,False,False,False,False,True,False,False,False,False,False,False,5/28/2013 3:41:19 PM,,0,0
3349,Geneva Ave,3,North Dorchester,08:00,12:00,Odd,Park Street,Bowdoin Street,0,,False,True,False,True,False,False,False,False,False,True,False,False,False,False,False,False,5/28/2013 3:41:51 PM,,0,0
3350,Geneva Ave,3,North Dorchester,12:00,16:00,Even,Bowdoin Street,Columbia Road,0,,False,False,True,False,True,False,False,False,False,True,False,False,False,False,False,False,4/14/2025 2:48:42 PM,GENEV1,1570,4091
3351,Geneva Ave,3,North Dorchester,12:00,16:00,Odd,Bowdoin Street,Columbia Road,0,,False,True,False,True,False,False,False,False,False,True,False,False,False,False,False,False,4/14/2025 2:48:27 PM,GENEV1,1570,4091
3352,Brookford St,3,North Dorchester,12:00,16:00,Even,Blue Hill Avenue,Howard Street,0,,False,False,True,False,True,False,False,False,False,False,True,False,False,False,False,False,5/28/2013 3:43:50 PM,,0,0
3353,Brookford St,3,North Dorchester,12:00,16:00,Odd,Blue Hill Avenue,Howard Street,0,,False,True,False,True,False,False,False,False,False,False,True,False,False,False,False,False,5/28/2013 3:44:27 PM,,0,0
3354,Rand St,3,North Dorchester,12:00,16:00,Even,Julian Street,Boxford Street,0,,False,False,True,False,True,False,False,False,False,False,True,False,False,False,False,False,5/28/2013 3:46:32 PM,,0,0
3355,Rand St,3,North Dorchester,12:00,16:00,Odd,Julian Street,Boxford Street,0,,False,True,False,True,False,False,False,False,False,False,True,False,False,False,False,False,5/28/2013 3:47:00 PM,,0,0
3356,Dacia St,3,North Dorchester,12:00,16:00,Even,Quincy Street,Brookford Street,0,,False,False,True,False,True,False,False,False,False,False,True,False,False,False,False,False,5/28/2013 3:48:20 PM,,0,0
3357,Dacia St,3,North Dorchester,12:00,16:00,Odd,Quincy Street,Brookford Street,0,,False,True,False,True,False,False,False,False,False,False,True,False,False,False,False,False,5/28/2013 3:48:49 PM,,0,0
3358,Judson St,3,North Dorchester,12:00,16:00,Even,West Cottage Street,Brookford Street,0,,False,False,True,False,True,False,False,False,False,False,True,False,False,False,False,False,5/28/2013 3:49:30 PM,,0,0
3359,Judson St,3,North Dorchester,12:00,16:00,Odd,West Cottage Street,Brookford Street,0,,False,True,False,True,False,False,False,False,False,False,True,False,False,False,False,False,5/28/2013 3:50:05 PM,,0,0
3361,Howard Ave,3,North Dorchester,12:00,16:00,Even,Quincy Street,Dudley Street,0,,False,False,True,False,True,False,False,False,False,False,True,False,False,False,False,False,5/28/2013 3:51:59 PM,,0,0
3362,Howard Ave,3,North Dorchester,12:00,16:00,Odd,Quincy Street,Dudley Street,0,,False,True,False,True,False,False,False,False,False,False,True,False,False,False,False,False,5/28/2013 3:52:32 PM,,0,0
3363,Julian St,3,North Dorchester,12:00,16:00,Even,Blue Hill Avenue,Howard Street,0,,False,False,True,False,True,False,False,False,False,False,True,False,False,False,False,False,5/28/2013 3:53:18 PM,,0,0
3364,Julian St,3,North Dorchester,12:00,16:00,Odd,Blue Hill Avenue,Howard Street,0,,False,True,False,True,False,False,False,False,False,False,True,False,False,False,False,False,5/28/2013 3:53:48 PM,,0,0
3365,Columbia Rd,3,North Dorchester,08:00,12:00,Even,East Cottage Street,Hancock Street,0,,False,False,True,False,True,False,False,False,False,False,False,True,False,False,False,False,5/28/2013 3:55:09 PM,,0,0
3366,Columbia Rd,3,North Dorchester,08:00,12:00,Odd,East Cottage Street,Hancock Street,0,,False,True,False,True,False,False,False,False,False,False,False,True,False,False,False,False,5/28/2013 3:55:38 PM,,0,0
3367,Columbia Rd,3,North Dorchester,08:00,12:00,Even,Hancock Street,Quincy Street,0,,False,False,True,False,True,False,False,False,False,False,True,False,False,False,False,False,5/28/2013 3:56:22 PM,,0,0
3368,Columbia Rd,3,North Dorchester,08:00,12:00,Odd,Hancock Street,Quincy Street,0,,False,True,False,True,False,False,False,False,False,False,True,False,False,False,False,False,5/28/2013 3:56:51 PM,,0,0
3369,Columbia Rd,3,North Dorchester,08:00,12:00,Even,Quincy Street,Washington Street,0,,False,False,True,False,True,False,False,False,False,True,False,False,False,False,False,False,5/28/2013 3:57:40 PM,,0,0
3370,Columbia Rd,3,North Dorchester,08:00,12:00,Even,Quincy Street,Washington Street,0,,False,False,True,False,True,False,False,False,False,True,False,False,False,False,False,False,5/28/2013 3:59:50 PM,,0,0
3371,Columbia Rd,3,North Dorchester,08:00,12:00,Odd,Quincy Street,Washington Street,0,,False,True,False,True,False,False,False,False,False,True,False,False,False,False,False,False,5/28/2013 4:00:24 PM,,0,0
3372,Columbia Rd,3,North Dorchester,08:00,12:00,Even,Washington Street,Blue Hill Avenue,0,,False,False,True,False,True,False,False,False,True,False,False,False,False,False,False,False,5/28/2013 4:01:35 PM,,0,0
3373,Columbia Rd,3,North Dorchester,08:00,12:00,Odd,Washington Street,Blue Hill Avenue,0,,False,True,False,True,False,False,False,False,True,False,False,False,False,False,False,False,5/28/2013 4:02:09 PM,,0,0
3374,Humphreys St,3,North Dorchester,08:00,12:00,Even,Dudley Street,East Cottage,0,,False,False,True,False,True,False,False,False,False,False,False,True,False,False,False,False,5/28/2013 4:03:31 PM,,0,0
3375,Humphreys St,3,North Dorchester,08:00,12:00,Odd,Dudley Street,East Cottage Street,0,,False,True,False,True,False,False,False,False,False,False,False,True,False,False,False,False,5/28/2013 4:04:08 PM,,0,0
3376,Quincefield St,3,North Dorchester,08:00,12:00,Even,Humphreys Street,Wendover Street,0,,False,False,True,False,True,False,False,False,False,False,False,True,False,False,False,False,5/28/2013 4:04:55 PM,,0,0
3377,Quincefield St,3,North Dorchester,08:00,12:00,Odd,Humphreys Street,Wendover Street,0,,False,True,False,True,False,False,False,False,False,False,False,True,False,False,False,False,5/28/2013 4:05:26 PM,,0,0
3378,Wendover St,3,North Dorchester,08:00,12:00,Even,Humphreys Street,Dudley Street,0,,False,False,True,False,True,False,False,False,False,False,False,True,False,False,False,False,5/28/2013 4:06:14 PM,,0,0
3379,Wendover St,3,North Dorchester,08:00,12:00,Odd,Humphreys Street,Dudley Street,0,,False,True,False,True,False,False,False,False,False,False,False,True,False,False,False,False,5/28/2013 4:06:47 PM,,0,0
3380,Georgia St,10,Roxbury,12:00,16:00,Even,Blue Hill Avenue,Elm Hill Street,0,,False,False,True,False,True,False,False,False,False,False,False,True,False,False,False,False,5/28/2013 4:08:25 PM,,0,0
3381,Georgia St,10,Roxbury,12:00,16:00,Odd,Blue Hill Avenue,Elm Hill Street,0,,False,True,False,True,False,False,False,False,False,False,False,True,False,False,False,False,5/28/2013 4:09:09 PM,,0,0
3382,Nazing St,10,Roxbury,12:00,16:00,Even,Blue Hill Avenue,Maple Street,0,,False,False,True,False,True,False,False,False,False,False,False,True,False,False,False,False,5/28/2013 4:09:42 PM,,0,0
3383,Nazing St,10,Roxbury,12:00,16:00,Odd,Blue Hill Avenue,Maple Street,0,,False,True,False,True,False,False,False,False,False,False,False,True,False,False,False,False,5/28/2013 4:10:15 PM,,0,0
3384,Schulyer St,10,Roxbury,12:00,16:00,Even,Blue Hill Avenue,Elm Hill Street,0,,False,False,True,False,True,False,False,False,False,False,False,True,False,False,False,False,5/28/2013 4:10:58 PM,,0,0
3385,Schulyer St,10,Roxbury,12:00,16:00,Odd,Blue Hill Avenue,Elm Hill Street,0,,False,True,False,True,False,False,False,False,False,False,False,True,False,False,False,False,5/28/2013 4:11:30 PM,,0,0
3386,Wayne St,10,Roxbury,12:00,16:00,Even,Blue Hill Avenue,Maple Street,0,,False,False,True,False,True,False,False,False,False,False,False,True,False,False,False,False,5/28/2013 4:12:30 PM,,0,0
3387,Wayne St,10,Roxbury,12:00,16:00,Odd,Blue Hill Avenue,Maple Street,0,,False,True,False,True,False,False,False,False,False,False,False,True,False,False,False,False,5/28/2013 4:13:00 PM,,0,0
3388,Maple St,10,Roxbury,12:00,16:00,Even,Georgia Street,Seaver Street,0,,False,False,True,False,True,False,False,False,False,False,False,True,False,False,False,False,5/28/2013 4:13:33 PM,,0,0
3389,Maple St,10,Roxbury,12:00,16:00,Odd,Georgia Street,Seaver Street,0,,False,True,False,True,False,False,False,False,False,False,False,True,False,False,False,False,5/28/2013 4:14:08 PM,,0,0
3390,Sonoma St,10,Roxbury,12:00,16:00,Even,Maple Street,Elm Hill Street,0,,False,False,True,False,True,False,False,False,False,False,False,True,False,False,False,False,5/28/2013 4:14:44 PM,,0,0
3391,Sonoma St,10,Roxbury,12:00,16:00,Odd,Maple Street,Elm Hill Street,0,,False,True,False,True,False,False,False,False,False,False,False,True,False,False,False,False,5/28/2013 4:15:13 PM,,0,0
3392,Cheney St,10,Roxbury,12:00,16:00,Even,Elm Hill Street,Blue Hill Avenue,0,,False,False,True,False,True,False,False,False,False,False,False,True,False,False,False,False,5/28/2013 4:15:57 PM,,0,0
3393,Cheney St,10,Roxbury,12:00,16:00,Odd,Elm Hill Avenue,Blue Hill Avenue,0,,False,True,False,True,False,False,False,False,False,False,False,True,False,False,False,False,5/28/2013 4:16:30 PM,,0,0
3394,Hudson St,1T,Chinatown,12:00,16:00,Even,Kneeland Street,Harrison Avenue,0,,False,False,True,False,True,False,False,True,False,False,False,False,False,False,False,False,5/28/2013 4:25:20 PM,,0,0
3395,Hudson St,1T,Chinatown,12:00,16:00,Odd,Kneeland Street,Harrison Avenue,0,,False,True,False,True,False,False,False,True,False,False,False,False,False,False,False,False,5/28/2013 4:25:49 PM,,0,0
3400,Johnny Court,1T,Chinatown,12:00,16:00,Even,Harrison Avenue,Maple Place,0,,False,False,True,False,True,False,False,True,False,False,False,False,False,False,False,False,5/28/2013 4:28:50 PM,,0,0
3401,Harvard St,1C,Charlestown,12:00,16:00,Even,Hudson St,Tyler St,0,,False,False,True,False,True,False,False,True,False,False,False,False,False,False,False,False,8/15/2017 8:36:29 AM,,0,0
3402,Commonwealth Ave,4,Allston/Brighton,08:00,12:00,Odd,Chestnut Hill Ave,Colburne Street,0,,False,True,False,True,False,False,False,False,False,True,False,False,False,False,False,False,5/28/2013 4:35:55 PM,,0,0
3403,Cresthill Rd,4,Allston/Brighton,08:00,12:00,Even,Parsons St,Parson St,0,,False,False,True,False,True,False,False,False,True,False,False,False,False,False,False,False,5/28/2013 4:36:49 PM,,0,0
3404,Cresthill Rd,4,Allston/Brighton,08:00,12:00,Odd,Parsons St,Parsons St,0,,False,True,False,True,False,False,False,False,True,False,False,False,False,False,False,False,5/28/2013 4:37:17 PM,,0,0
3405,Rogers Park Ave,4,Allston/Brighton,08:00,12:00,Even,Foster St,Lake St,0,,False,False,True,False,True,False,False,False,False,False,False,True,False,False,False,False,5/28/2013 4:38:23 PM,,0,0
3406,Rogers Park Ave,4,Allston/Brighton,08:00,12:00,Odd,Foster St,Lake St,0,,False,True,False,True,False,False,False,False,False,False,False,True,False,False,False,False,5/28/2013 4:39:01 PM,,0,0
3407,Naples St,4,Allston/Brighton,08:00,12:00,Even,Commonwealth Ave,Brookline line,0,,False,False,True,False,True,False,False,True,False,False,False,False,False,False,False,False,5/28/2013 4:39:47 PM,,0,0
3408,Naples St,4,Allston/Brighton,08:00,12:00,Odd,Commonwealth Ave,Brookline line,0,,False,True,False,True,False,False,False,True,False,False,False,False,False,False,False,False,5/29/2013 9:23:04 AM,,0,0
3410,Harvard Ave,4,Allston/Brighton,05:00,07:00,Odd,Brainerd Road,Cambridge St,0,,False,True,True,True,True,True,False,False,True,False,False,False,False,False,False,False,9/27/2013 1:49:38 PM,,0,0
3411,Harvard Ave,4,Allston/Brighton,05:00,07:00,Even,Brainerd Road,Cambridge St,0,,False,True,True,True,True,True,False,True,False,False,False,False,False,False,False,False,9/27/2013 1:50:42 PM,,0,0
3412,Perry St,1S,South End,12:00,16:00,Odd,Washington St,Harrison Ave,0.07140151515,,False,True,False,True,False,True,False,False,False,False,True,False,False,False,False,True,3/28/2023 9:54:51 AM,,0,377
3413,Hyde Park Ave,10,Roxbury,00:00,07:00,Odd,Washington St,Dead End,0,,False,True,True,True,True,True,False,False,False,False,False,True,False,False,True,False,9/27/2013 2:34:48 PM,,0,0
3414,Hyde Park Ave,10,Roxbury,00:00,07:00,Even,Washington St,Dead end,0,,False,True,True,True,True,True,False,True,False,False,False,False,False,False,True,False,12/2/2013 4:31:16 PM,,0,0
3415,Normandy St,3,North Dorchester,08:00,12:00,Odd,Seaver St,Columbia Rd,0.09659,,False,True,False,True,False,False,False,False,True,False,False,False,False,False,False,False,3/31/2014 2:08:03 PM,NORMA1,830,1340
3416,Normandy St,3,North Dorchester,08:00,12:00,Even,Seaver St,Columbia Rd,0.09659,,False,False,True,False,True,False,False,False,True,False,False,False,False,False,False,False,3/31/2014 2:08:28 PM,NORMA1,830,1340
3417,Iowa St,3,North Dorchester,12:00,16:00,Odd,Westville St,Dakota St,0.063446969,,False,True,False,True,False,False,False,False,True,False,False,False,False,False,False,False,3/31/2014 2:12:49 PM,IOWA 1,0,335
3418,Iowa St,3,North Dorchester,12:00,16:00,Even,Westville St,Dakota St,0.063446969,,False,False,True,False,False,False,False,False,True,False,False,False,False,False,False,False,3/31/2014 2:14:14 PM,IOWA 1,0,335
3419,Louis D Brown Way,3,North Dorchester,12:00,04:00,Odd,Westville St,Corona St,0.054924242,,False,True,False,True,False,False,False,False,True,False,False,False,False,False,False,False,3/31/2014 2:16:18 PM,LOUIS3,0,291
3420,Louis D Brown Way,3,North Dorchester,12:00,16:00,Even,Westville St,Corona St,0.054924242,,False,False,True,False,True,False,False,False,True,False,False,False,False,False,False,False,4/2/2014 2:25:51 PM,LOUIS3,0,291
3421,Westville Ter,3,North Dorchester,12:00,16:00,Odd,Westville St,Dead End,0.0395833,,False,True,False,True,False,False,False,False,True,False,False,False,False,False,False,False,3/31/2014 2:21:19 PM,WESTV3,0,209
3422,Westville Ter,3,North Dorchester,12:00,16:00,Even,Westville St,Dead End,0.0395833,,False,False,True,False,True,False,False,False,True,False,False,False,False,False,False,False,3/31/2014 2:22:23 PM,WESTV3,0,209
3423,Dakota St,3,North Dorchester,12:00,16:00,Odd,Geneva Ave,Washington St,0.3714,,False,True,False,True,False,False,False,False,True,False,False,False,False,False,False,False,3/31/2014 2:24:16 PM,DAKOT1,0,1961
3424,Dakota St,3,North Dorchester,12:00,16:00,Even,Geneva Ave,Washington St,0.3714,,False,False,True,False,True,False,False,False,True,False,False,False,False,False,False,False,3/31/2014 2:25:02 PM,DAKOT1,0,1961
3425,Boyd St,3,North Dorchester,12:00,16:00,Odd,Westville St,Dakota St,0.063,,False,True,False,True,False,False,False,False,True,False,False,False,False,False,False,False,3/31/2014 2:26:15 PM,BOYD 1,0,333
3426,Boyd St,3,North Dorchester,12:00,16:00,Even,Westville St,Dakota St,0.063,,False,False,True,False,True,False,False,False,True,False,False,False,False,False,False,False,3/31/2014 2:27:01 PM,BOYD 1,0,333
3427,Holiday St,3,North Dorchester,08:00,12:00,Odd,Geneva Ave,Bowdoin St,0.124053,,False,True,False,True,False,False,False,False,True,False,False,False,False,False,False,False,3/31/2014 2:32:06 PM,HOLID1,0,655
3428,Holiday St,3,North Dorchester,08:00,12:00,Even,Geneva Ave,Bowdoin St,0.124053,,False,False,True,False,False,False,False,False,True,False,False,False,False,False,False,False,3/31/2014 2:32:45 PM,HOLID1,0,655
3429,Corona St,3,North Dorchester,08:00,12:00,Odd,Geneva Ave,Bowdoin St,0.1975379,,False,True,False,True,False,False,False,False,True,False,False,False,False,False,False,False,3/31/2014 2:34:48 PM,CORON1,0,1043
3430,Corona St,3,North Dorchester,08:00,12:00,Even,Geneva Ave,Bowdoin St,0.1975379,,False,False,True,False,True,False,False,False,True,False,False,False,False,False,False,False,3/31/2014 2:35:50 PM,CORON1,0,1043
3431,Homes Ave,3,North Dorchester,08:00,12:00,Odd,Geneva Ave,Bowdoin St,0.073864,,False,True,False,True,False,False,False,False,True,False,False,False,False,False,False,False,3/31/2014 2:37:40 PM,HOMES1,0,390
3432,Homes Ave,3,North Dorchester,08:00,12:00,Even,Geneva Ave,Bowdoin St,0.0738687,,False,False,True,False,True,False,False,False,True,False,False,False,False,False,False,False,3/31/2014 2:38:20 PM,HOMES1,0,390
3433,Oakley St,3,North Dorchester,08:00,12:00,Odd,Geneva Ave,Bowdoin St,0.073864,,False,True,False,True,False,False,False,False,True,False,False,False,False,False,False,False,3/31/2014 2:41:26 PM,OAKLE1,0,883
3434,Oakley St,3,North Dorchester,08:00,12:00,Even,Geneva Ave,Bowdoin St,0.073864,,False,False,True,False,True,False,False,False,True,False,False,False,False,False,False,False,3/31/2014 2:42:18 PM,OAKLE1,0,883
3435,Chelsea St,1A,,08:00,12:00,Odd,Warren St,Constitition Rd,0.1541666,,False,True,False,True,False,False,False,False,False,True,False,False,False,False,False,False,3/31/2014 2:53:10 PM,CHELS2,558,1372
3436,Claymoss Rd,4,Allston/Brighton,08:00,12:00,Odd,Commonwealth Ave,Monastery Rd,0.23352272727,,False,True,False,True,False,False,False,False,False,True,False,False,False,False,False,False,3/31/2014 7:33:59 PM,CLAYM2,0,1233
3437,Claymoss Rd,4,Allston/Brighton,08:00,12:00,Even,Commonwealth Ave,Monastery Rd,0.23352272727,,False,False,True,False,True,False,False,False,False,True,False,False,False,False,False,False,3/31/2014 7:34:49 PM,CLAYM2,0,1233
3438,Chestnut Hill Ave,4,Allston/Brighton,08:00,12:00,Odd,Commonwealth Ave,Washington St,0.84299242424,,False,True,False,True,False,False,False,False,False,False,False,True,False,False,False,False,3/31/2014 7:37:44 PM,CHEST6,4451,5682
3439,Chestnut Hill Ave,4,Allston/Brighton,08:00,12:00,Even,Commonwealth Ave,Washington St,0.84299242424,,False,False,True,False,True,False,False,False,False,True,False,False,False,False,False,False,3/31/2014 7:38:41 PM,CHEST6,4451,5682
3440,Melbourne St,7,South Dorchester,08:00,12:00,Odd,Centre St,Welles Ave,0.1668560606,,False,True,False,True,False,False,False,False,False,True,False,False,False,False,False,False,3/31/2014 7:40:33 PM,MELBO1,0,881
3441,Melbourne St,7,South Dorchester,08:00,12:00,Even,Centre St,Welles Ave,0.1668560606,,False,False,True,False,True,False,False,False,False,True,False,False,False,False,False,False,3/31/2014 7:41:23 PM,MELBO1,0,881
3442,Commonwealth Ave,M,Multiple,05:00,07:00,Even Side Median,Arlington St,Chestnut Hill Ave,4.7643939,,False,True,True,True,True,True,False,False,False,False,True,False,False,False,True,False,8/15/2017 8:30:47 AM,COMMO1,0,25156
3443,Hadley St,1A,,08:00,12:00,Odd,Parker St,Somerville Town Line,0.0242424,,False,True,False,True,False,False,False,False,False,False,True,False,False,False,False,False,4/2/2014 2:26:30 PM,HADLE1,0,128
3444,Bunker Hill St,1C,Charlestown,08:00,12:00,Even,Lowney Way,Moulton St,0.0689394,,False,True,True,True,True,True,False,False,False,False,True,False,False,False,False,False,4/1/2014 9:13:33 AM,BUNKE1,0,364
3445,Woodside Ave,2,Jamaica Plain,08:00,12:00,Odd,Washington St,Forest Hills St,0.0856061,,False,True,False,True,False,False,False,False,False,False,True,False,False,False,False,False,4/1/2014 9:54:29 AM,WOODS1,0,452
3446,Woodside Ave,2,Jamaica Plain,08:00,12:00,Even,Washington St,Forest Hills St,0.0856061,,False,False,True,False,True,False,False,False,False,False,True,False,False,False,False,False,4/1/2014 9:55:13 AM,WOODS1,0,452
3447,Green St,2,Jamaica Plain,08:00,12:00,Odd,Centre St,Amory St,0.41098485,,False,True,False,True,False,False,False,True,False,False,False,False,False,False,False,False,4/1/2014 9:57:13 AM,GREEN2,0,2170
3448,Green St,2,Jamaica Plain,08:00,12:00,Even,Centre St,Amory St,0.41098485,,False,False,True,False,True,False,False,True,False,False,False,False,False,False,False,False,4/1/2014 9:57:49 AM,GREEN2,0,2170
3449,Greenley Pl,2,Jamaica Plain,08:00,12:00,Odd,Green St,Dead End,0.06761364,,False,True,False,True,False,False,False,True,False,False,False,False,False,False,False,False,4/1/2014 9:59:27 AM,GREEN10,0,357
3450,Greenley Pl,2,Jamaica Plain,08:00,12:00,Even,Green St,Dead End,0.06761364,,False,False,True,False,True,False,False,True,False,False,False,False,False,False,False,False,4/1/2014 9:59:57 AM,GREEN10,0,357
3451,Union Ave,2,Jamaica Plain,08:00,12:00,Odd,Green St,Dead End,0.1507576,,False,True,False,True,False,False,False,True,False,False,False,False,False,False,False,False,4/1/2014 10:01:32 AM,UNION1,0,796
3452,Union Ave,2,Jamaica Plain,08:00,12:00,Even,Green St,Dead End,0.1507576,,False,False,True,False,True,False,False,True,False,False,False,False,False,False,False,False,4/1/2014 10:02:07 AM,UNION1,0,796
3453,Nonquit St,3,North Dorchester,12:00,16:00,Odd,Dudley St,Dead End,0.07272727,,False,True,False,True,False,False,False,False,False,False,True,False,False,False,False,False,4/1/2014 10:04:03 AM,NONQU1,0,384
3454,Jerome St,3,North Dorchester,08:00,12:00,Odd,Hancock St,Cushing Ave,0.06553,,False,True,False,True,False,False,False,False,False,False,False,True,False,False,False,False,4/2/2014 8:23:52 AM,JEROM1,0,346
3455,Jerome St,3,North Dorchester,08:00,12:00,Even,Hancock St,Cushing Ave,0.06553,,False,False,True,False,True,False,False,False,False,False,False,True,False,False,False,False,4/2/2014 8:23:45 AM,JEROM1,0,346
3456,Shirley St,3,North Dorchester,08:00,12:00,Odd,Dudley St,Massachusetts Ave,0.42708,,False,True,False,True,False,False,False,False,False,False,False,True,False,False,False,False,4/2/2014 8:26:22 AM,SHIRL1,0,2255
3457,Shirley St,3,North Dorchester,08:00,12:00,Even,Dudley St,Massachusetts Ave,0.42708,,False,False,True,False,True,False,False,False,False,False,False,True,False,False,False,False,4/2/2014 8:26:58 AM,SHIRL1,0,2255
3458,Norfolk Ave,3,North Dorchester,08:00,12:00,Odd,Magazine St,East Cottage St,0.469886,,False,True,False,True,False,False,False,False,False,False,False,True,False,False,False,False,4/2/2014 8:35:40 AM,NORFO1,1296,3777
3459,Norfolk Ave,3,North Dorchester,08:00,12:00,Even,Magazine St,East Cottage St,0.469886,,False,False,True,False,True,False,False,False,False,False,False,True,False,False,False,False,4/2/2014 8:36:40 AM,NORFO1,1296,3777
3460,Magazine St,3,North Dorchester,08:00,12:00,Odd,Dudley St,Massachusetts Ave,0.411932,,False,True,False,True,False,False,False,False,False,False,False,True,False,False,False,False,4/2/2014 8:38:13 AM,MAGAZ1,0,2175
3461,Magazine St,3,North Dorchester,08:00,12:00,Even,Dudley St,Massachusetts Ave,0.411932,,False,False,True,False,True,False,False,False,False,False,False,True,False,False,False,False,4/2/2014 8:38:51 AM,MAGAZ1,0,2175
3462,Virginia St,3,North Dorchester,12:00,16:00,Odd,Bird St,Dudley St,0.257576,,False,True,False,True,False,False,False,False,False,False,True,False,False,False,False,False,4/2/2014 10:15:50 AM,VIRGI2,0,1361
3463,Virginia St,3,North Dorchester,12:00,16:00,Even,Bird St,Dudley St,0.257576,,False,False,True,False,True,False,False,False,False,False,True,False,False,False,False,False,4/2/2014 10:16:37 AM,VIRGI2,0,1361
3464,Sayward St,3,North Dorchester,12:00,16:00,Odd,Bird St,Columbia Rd,0.082197,,False,True,False,True,False,False,False,False,False,False,True,False,False,False,False,False,4/2/2014 10:18:07 AM,SAYWA1,0,434
3465,Sayward St,3,North Dorchester,12:00,16:00,Even,Bird St,Columbia Rd,0.082197,,False,False,True,False,True,False,False,False,False,False,True,False,False,False,False,False,4/2/2014 10:18:43 AM,SAYWA1,0,434
3466,Glendale St,3,North Dorchester,08:00,12:00,Odd,Hancock St,Columbia Rd,0.1833333,,False,True,False,True,False,False,False,False,False,False,True,False,False,False,False,False,4/2/2014 10:47:51 AM,GLEND1,0,968
3467,Glendale St,3,North Dorchester,08:00,12:00,Even,Hancock St,Columbia Rd,0.1833333,,False,False,True,False,True,False,False,False,False,False,True,False,False,False,False,False,4/2/2014 10:48:26 AM,GLEND1,0,968
3468,Bodwell St,3,North Dorchester,12:00,16:00,Odd,Columbia Rd,Bird St,0.11553,,False,True,False,True,False,False,False,False,False,False,True,False,False,False,False,False,4/2/2014 10:49:37 AM,BODWE1,0,610
3469,Bodwell St,3,North Dorchester,12:00,16:00,Even,Columbia Rd,Bird St,0.11553,,False,False,True,False,True,False,False,False,False,False,True,False,False,False,False,False,4/2/2014 10:50:07 AM,BODWE1,0,610
3470,Baker Ave,3,North Dorchester,12:00,16:00,Odd,Quincy St,Bodwell St,0.09811,,False,True,False,True,False,False,False,False,False,False,True,False,False,False,False,False,4/2/2014 11:02:44 AM,BAKER1,0,518
3471,Baker Ave,3,North Dorchester,12:00,16:00,Even,Quincy St,Bodwell St,0.09811,,False,False,True,False,True,False,False,False,False,False,True,False,False,False,False,False,4/2/2014 11:03:29 AM,BAKER1,0,518
3472,Drayton Ave,3,North Dorchester,12:00,16:00,Odd,Quincy St,Bodwell St,0.0839,,False,False,False,True,False,False,False,False,False,False,True,False,False,False,False,False,4/2/2014 11:19:53 AM,DRAYT1,0,443
3473,Drayton Ave,3,North Dorchester,12:00,16:00,Even,Quincy St,Bodwell St,0.0839,,False,False,True,False,True,False,False,False,False,False,True,False,False,False,False,False,4/2/2014 11:20:25 AM,DRAYT1,0,443
3474,Davern Ave,3,North Dorchester,12:00,16:00,Odd,Virginia St,Columbia Rd,0.0742424,,False,True,False,True,False,False,False,False,False,False,True,False,False,False,False,False,4/2/2014 11:22:42 AM,DAVER1,0,392
3475,Davern Ave,3,North Dorchester,12:00,16:00,Even,Virginia St,Columbia Rd,0.0742424,,False,False,True,False,True,False,False,False,False,False,True,False,False,False,False,False,4/2/2014 11:23:11 AM,DAVER1,0,392
3476,Cedar Pl,3,North Dorchester,12:00,16:00,Odd,Bird St,Dead End,0.0520833,,False,True,False,True,False,False,False,False,False,False,True,False,False,False,False,False,4/2/2014 11:25:42 AM,CEDAR2,0,275
3477,Cedar Pl,3,North Dorchester,12:00,16:00,Even,Bird St,Dead End,0.0520833,,False,False,True,False,True,False,False,False,False,False,True,False,False,False,False,False,4/2/2014 11:26:11 AM,CEDAR2,0,275
3478,Monadnock St,3,North Dorchester,12:00,16:00,Odd,Bird St,Dudley St,0.276515,,False,True,False,True,False,False,False,False,False,False,True,False,False,False,False,False,4/2/2014 11:27:43 AM,MONAD1,0,1460
3479,Monadnock St,3,North Dorchester,12:00,16:00,Even,Bird St,Dudley St,0.276515,,False,False,True,False,True,False,False,False,False,False,True,False,False,False,False,False,4/2/2014 11:28:17 AM,MONAD1,0,1460
3480,Rowell St,3,North Dorchester,08:00,12:00,Odd,Hancock St,Cushing Ave,0.1162879,,False,True,False,True,False,False,False,False,False,False,False,True,False,False,False,False,4/2/2014 11:38:01 AM,ROWEL1,0,614
3481,Rowell St,3,North Dorchester,08:00,12:00,Even,Hancock St,Cushing Ave,0.1162879,,False,False,True,False,True,False,False,False,False,False,False,True,False,False,False,False,4/2/2014 11:38:35 AM,ROWEL1,0,614
3482,Payson Ave,3,North Dorchester,08:00,12:00,Odd,Hancock St,Glendale St,0.14053,,False,True,False,True,False,False,False,False,False,False,True,False,False,False,False,False,4/2/2014 11:40:06 AM,PAYSO1,0,742
3483,Payson Ave,3,North Dorchester,08:00,12:00,Even,Hancock St,Glendale St,0.14053,,False,False,True,False,True,False,False,False,False,False,True,False,False,False,False,False,4/2/2014 11:40:37 AM,PAYSO1,0,742
3484,Glendale St,3,North Dorchester,12:00,16:00,Odd,Columbia Rd,Bird St,0.10928,,False,True,False,True,False,False,False,False,False,False,True,False,False,False,False,False,4/2/2014 12:00:15 PM,GLEND1,908,1485
3485,Glendale St,3,North Dorchester,12:00,16:00,Even,Columbia Rd,Bird St,0.10928,,False,False,True,False,True,False,False,False,False,False,True,False,False,False,False,False,4/2/2014 12:01:25 PM,GLEND1,908,1485
3486,Bird St,3,North Dorchester,12:00,16:00,Odd,Magnolia St,Alexander St,0.054735,,False,True,False,True,False,False,False,False,False,False,True,False,False,False,False,False,4/2/2014 12:15:11 PM,BIRD 2,0,289
3487,Bird St,3,North Dorchester,12:00,16:00,Even,Magnolia St,Alexander St,0.054735,,False,False,True,False,True,False,False,False,False,False,True,False,False,False,False,False,4/2/2014 12:15:46 PM,BIRD 2,0,289
3488,Glen Rd,2,Jamaica Plain,08:00,12:00,Odd,Washington St,Franklin Park,0.24678,,False,True,False,True,False,False,False,False,False,False,True,False,False,False,False,False,4/2/2014 12:19:40 PM,GLEN 2,0,1303
3489,Glen Rd,2,Jamaica Plain,08:00,12:00,Even,Washington St,Franklin Park,0.24678,,False,False,True,False,True,False,False,False,False,False,True,False,False,False,False,False,4/2/2014 12:20:40 PM,GLEN 2,0,1303
3490,Commonwealth Ave,4,Allston/Brighton,08:00,12:00,Odd,Lake St,Chestnut Hill Ave,0.68447,,False,True,False,True,False,False,False,False,False,False,False,True,False,False,False,False,4/2/2014 12:54:54 PM,COMMO1,25139,28753
3491,Lochstead Ave,2,Jamaica Plain,08:00,12:00,Even,Centre St,Jamaicaway,0.18977272727,,False,False,True,False,True,False,False,False,False,True,False,False,False,False,False,False,10/15/2014 10:41:37 AM,LOCHS1,0,1002
3492,Lochstead Ave,2,Jamaica Plain,08:00,12:00,Odd,Centre St,Jamaicaway,0.18977272727,,False,True,False,True,False,False,False,False,False,True,False,False,False,False,False,False,10/15/2014 10:41:26 AM,LOCHS1,0,1002
3493,Pinckney St,1H,Beacon Hill,08:00,12:00,Even,Charles St,David G Mugar Way,8.14393939393939E-02,,False,False,True,False,True,False,False,False,True,False,False,False,False,False,False,False,10/15/2014 11:11:09 AM,PINCK1,1528,1958
3494,Salcombe St,3,North Dorchester,08:00,12:00,Even,Cushing St,Stoughton St,0.145644,,False,False,True,False,True,False,False,False,False,False,False,True,False,False,False,False,4/9/2019 11:31:55 AM,SALCO1,0,769
3495,Salcombe St,3,North Dorchester,08:00,12:00,Odd,Cushing St,Stoughton St,0.145644,,False,True,False,True,False,False,False,False,False,False,False,True,False,False,False,False,4/9/2019 11:32:15 AM,SALCO1,0,769
3496,Evans St,7,South Dorchester,08:00,12:00,Odd,Milton St,Morton St,0.461174,,False,True,False,True,False,False,False,False,False,False,True,False,False,False,False,False,4/1/2015 3:12:33 PM,EVANS2,0,2435
3497,Evans St,7,South Dorchester,08:00,12:00,Even,Milton St,Morton St,0.461174,,False,False,True,False,True,False,False,False,False,False,True,False,False,False,False,False,4/1/2015 3:13:24 PM,EVANS2,0,2435
3498,Fuller St,7,South Dorchester,08:00,12:00,Odd,Washington St,Morton St,0.550379,,False,True,False,True,False,False,False,False,False,False,True,False,False,False,False,False,4/1/2015 3:14:34 PM,FULLE1,1903,4809
3499,Fuller St,7,South Dorchester,08:00,12:00,Even,Washington St,Morton St,0.550379,,False,False,True,False,True,False,False,False,False,False,True,False,False,False,False,False,4/1/2015 3:16:17 PM,FULLE1,1903,4809
3500,Maxwell St,7,South Dorchester,08:00,12:00,Odd,Milton St,Nelson St,0.3125,,False,True,False,True,False,False,False,False,False,False,True,False,False,False,False,False,4/1/2015 3:19:51 PM,MAXWE1,0,1650
3501,Maxwell St,7,South Dorchester,08:00,12:00,Even,Milton St,Nelson St,0.3125,,False,False,True,False,True,False,False,False,False,False,True,False,False,False,False,False,4/1/2015 3:18:29 PM,MAXWE1,0,1650
3502,Nelson St,7,South Dorchester,08:00,12:00,Odd,Seldon St,Norfolk St,0.212689,,False,True,False,True,False,False,False,False,False,False,True,False,False,False,False,False,4/1/2015 3:20:51 PM,NELSO1,0,1123
3503,Nelson St,7,South Dorchester,08:00,12:00,Even,Seldon St,Norfolk St,0.212689,,False,False,True,False,True,False,False,False,False,False,True,False,False,False,False,False,4/1/2015 3:21:25 PM,NELSO1,0,1123
3504,Ogden St,7,South Dorchester,08:00,12:00,Odd,Fairmount St,Wilmington St,0.075947,,False,True,False,True,False,False,False,False,False,False,True,False,False,False,False,False,4/1/2015 3:22:11 PM,ODGEN1,0,401
3505,Ogden St,7,South Dorchester,08:00,12:00,Even,Fairmount St,Wilmington St,0.075947,,False,False,True,False,True,False,False,False,False,False,True,False,False,False,False,False,4/1/2015 3:23:08 PM,OGDEN1,0,401
3506,Chamblet St,3,North Dorchester,12:00,16:00,Odd,Hartford St,Magnolia St,0.092045,,False,True,False,True,False,False,False,False,False,False,True,False,False,False,False,False,4/1/2015 3:25:15 PM,CHAMB2,0,486
3507,Chamblet St,3,North Dorchester,12:00,16:00,Even,Hartford St,Magnolia St,0.092045,,False,False,True,False,True,False,False,False,False,False,True,False,False,False,False,False,4/1/2015 3:25:00 PM,CHAMB2,0,486
3508,Cunningham St,3,North Dorchester,12:00,16:00,Odd,Hartford St,Howard St,0.107008,,False,True,False,True,False,False,False,False,False,False,True,False,False,False,False,False,4/1/2015 3:26:08 PM,CUNNI1,0,565
3509,Cunningham St,3,North Dorchester,12:00,16:00,Even,Hartford St,Howard St,0.107008,,False,False,True,False,True,False,False,False,False,False,True,False,False,False,False,False,4/1/2015 3:26:50 PM,CUNNI1,0,565
3510,Folsom St,3,North Dorchester,12:00,16:00,Odd,Dudley St,Robin Hood St,0.162311,,False,True,False,True,False,False,False,False,False,False,True,False,False,False,False,False,4/1/2015 3:27:48 PM,FOLSO1,0,857
3511,Folsom St,3,North Dorchester,12:00,16:00,Even,Dudley St,Robin Hood St,0.162311,,False,False,True,False,True,False,False,False,False,False,True,False,False,False,False,False,4/1/2015 3:28:23 PM,FOLSO1,0,857
3512,Half Moon St,3,North Dorchester,12:00,16:00,Odd,Lingard St,Magnolia St,0.089962,,False,True,False,True,False,False,False,False,False,False,True,False,False,False,False,False,4/3/2015 2:31:03 PM,HALF 1,0,475
3513,Half Moon St,3,North Dorchester,12:00,16:00,Even,Lingard St,Magnolia St,0.089962,,False,False,True,False,True,False,False,False,False,False,True,False,False,False,False,False,4/3/2015 2:31:39 PM,HALF 1,0,475
3514,Hartford St,3,North Dorchester,12:00,16:00,Odd,Howard St,Wayland St,0.338447,,False,True,False,True,False,False,False,False,False,False,True,False,False,False,False,False,4/3/2015 2:32:30 PM,HARTF2,0,1787
3515,Hartford St,3,North Dorchester,12:00,16:00,Even,Howard St,Wayland St,0.338447,,False,False,True,False,True,False,False,False,False,False,True,False,False,False,False,False,4/3/2015 2:33:08 PM,HARTF2,0,1787
3516,Lebanon St,3,North Dorchester,12:00,16:00,Odd,Magnolia St,Alexander St,0.03428,,False,True,False,True,False,False,False,False,False,False,True,False,False,False,False,False,4/6/2015 9:31:17 AM,LEBAN1,0,181
3517,Lebanon St,3,North Dorchester,12:00,16:00,Even,Magnolia St,Alexander St,0.03428,,False,False,True,False,True,False,False,False,False,False,True,False,False,False,False,False,4/6/2015 9:31:53 AM,LEBAN1,0,181
3518,Lingard St,3,North Dorchester,12:00,16:00,Odd,Hartford St,Magnolia St,0.11875,,False,True,False,True,False,False,False,False,False,False,True,False,False,False,False,False,4/6/2015 9:33:24 AM,LINGA1,0,627
3519,Lingard St,3,North Dorchester,12:00,16:00,Even,Hartfold St,Magnolia St,0.11875,,False,False,True,False,True,False,False,False,False,False,True,False,False,False,False,False,4/6/2015 9:33:57 AM,LINGA1,0,627
3520,Magnolia St,3,North Dorchester,12:00,16:00,Odd,Dudley St,Quincy St,0.498674,,False,True,False,True,False,False,False,False,False,False,True,False,False,False,False,False,4/6/2015 9:43:20 AM,MAGNO2,0,2633
3521,Magnolia St,3,North Dorchester,12:00,16:00,Even,Dudley St,Quincy St,0.498674,,False,False,True,False,True,False,False,False,False,False,True,False,False,False,False,False,4/6/2015 9:43:54 AM,MAGNO2,0,2633
3522,Oleander St,3,North Dorchester,12:00,16:00,Odd,Magnolia St,Alexander St,0.037879,,False,True,False,True,False,False,False,False,False,False,True,False,False,False,False,False,4/6/2015 9:44:46 AM,OLEAN1,0,200
3523,Oleander St,3,North Dorchester,12:00,16:00,Even,Magnolia St,Alexander St,0.037879,,False,False,True,False,True,False,False,False,False,False,True,False,False,False,False,False,4/6/2015 9:45:18 AM,OLEAN1,0,200
3524,Robin Hood St,3,North Dorchester,12:00,16:00,Odd,Hartford St,Magnolia St,0.15947,,False,True,False,True,False,False,False,False,False,False,True,False,False,False,False,False,4/6/2015 9:46:03 AM,ROBIN1,0,842
3525,Robin Hood St,3,North Dorchester,12:00,16:00,Even,Hartford St,Magnolia St,0.15947,,False,False,True,False,True,False,False,False,False,False,True,False,False,False,False,False,4/6/2015 9:46:36 AM,ROBIN1,0,842
3526,Sargent St,3,North Dorchester,12:00,16:00,Odd,Hartford St,Howard St,0.21553,,False,True,False,True,False,False,False,False,False,False,True,False,False,False,False,False,4/6/2015 9:47:29 AM,SARGE1,0,1138
3527,Sargent St,3,North Dorchester,12:00,16:00,Even,Hartford St,Howard St,0.21553,,False,False,True,False,True,False,False,False,False,False,True,False,False,False,False,False,4/6/2015 9:48:09 AM,SARGE1,0,1138
3528,Wayland St,3,North Dorchester,12:00,16:00,Odd,Dacia St,Magnolia St,0.289205,,False,True,False,True,False,False,False,False,False,False,True,False,False,False,False,False,4/6/2015 9:49:25 AM,WAYLA1,0,1527
3529,Wayland St,3,North Dorchester,12:00,16:00,Even,Dacia St,Magnolia St,0.289205,,False,False,True,False,True,False,False,False,False,False,True,False,False,False,False,False,4/6/2015 9:49:58 AM,WAYLA1,0,1527
3530,Woodford St,3,North Dorchester,12:00,16:00,Odd,Magnolia St,Magnolia St,0.13428,,False,True,False,True,False,False,False,False,False,False,True,False,False,False,False,False,4/6/2015 9:50:42 AM,WOODF2,0,709
3531,Woodford St,3,North Dorchester,12:00,16:00,Even,Magnolia St,Magnolia St,0.13428,,False,False,True,False,True,False,False,False,False,False,True,False,False,False,False,False,4/6/2015 9:51:14 AM,WOODF2,0,709
3532,Gove St,9,East Boston,12:00,16:00,Odd,Chelsea St,Bremen St,0.04072,,False,True,False,True,False,False,False,False,False,False,True,False,False,False,False,False,4/6/2015 10:05:03 AM,GOVE 1,611,826
3533,Gove St,9,East Boston,12:00,16:00,Even,Chelsea St,Bremen St,0.04072,,False,False,True,False,True,False,False,False,False,False,True,False,False,False,False,False,4/6/2015 10:05:40 AM,GOVE 1,611,826
3534,Porter St,9,East Boston,12:00,16:00,Odd,Chelsea St,Bremen St,0.042614,,False,True,False,True,False,False,False,False,False,False,True,False,False,False,False,False,4/6/2015 10:10:01 AM,PORTE2,489,714
3535,Porter St,9,East Boston,12:00,16:00,Even,Chelsea St,Bremen St,0.042614,,False,False,True,False,True,False,False,False,False,False,True,False,False,False,False,False,4/6/2015 10:09:55 AM,PORTE2,489,714
3536,Bradford St,1,,08:00,12:00,Odd,Shawmut St,Waltham St,0.119508,,False,True,False,True,False,False,False,False,False,False,False,True,False,False,False,True,12/7/2021 9:04:55 AM,BRADF2,0,631
3537,Clifton St,3,North Dorchester,08:00,12:00,Odd,George St,East Cottage St,0.176136,,False,True,False,True,False,False,False,False,False,False,False,True,False,False,False,False,4/6/2015 10:46:58 AM,CLIFT1,0,930
3538,Clifton St,3,North Dorchester,08:00,12:00,Even,George St,East Cottage St,0.176136,,False,False,True,False,True,False,False,False,False,False,False,True,False,False,False,False,4/6/2015 10:47:33 AM,CLIFT1,0,930
3539,George St,3,North Dorchester,08:00,12:00,Odd,Magazine St,Clifton St,0.161742,,False,True,False,True,False,False,False,False,False,False,False,True,False,False,False,False,4/6/2015 3:45:26 PM,GEORG2,915,1769
3540,George St,3,North Dorchester,08:00,12:00,Even,Magazine St,Clifton St,0.161742,,False,False,True,False,True,False,False,False,False,False,False,True,False,False,False,False,4/6/2015 3:46:05 PM,GEORG2,915,1769
3541,Cardington St,10,Roxbury,12:00,16:00,Odd,Cobden St,Dead End,0.042235,,False,True,False,True,False,False,False,False,False,False,False,True,False,False,False,False,4/6/2015 3:47:22 PM,CARDI1,0,223
3542,Cardington St,10,Roxbury,12:00,16:00,Even,Cobden St,Dead End,0.042235,,False,False,True,False,True,False,False,False,False,False,False,True,False,False,False,False,4/23/2015 2:29:17 PM,CARDI1,0,223
3543,Cobden St,10,Roxbury,12:00,16:00,Odd,Washington St,Walnut Ave,0.180492,,False,True,False,True,False,False,False,False,False,False,False,True,False,False,False,False,4/23/2015 2:26:58 PM,COBDE1,0,953
3544,Cobden St,10,Roxbury,12:00,16:00,Even,Washington St,Walnut Ave,0.180492,,False,False,True,False,True,False,False,False,False,False,False,True,False,False,False,False,4/23/2015 2:26:47 PM,COBDE1,0,953
3545,Dunford St,10,Roxbury,12:00,16:00,Odd,Cobden St,Dead End,0.039205,,False,True,False,True,False,False,False,False,False,False,False,True,False,False,False,False,4/23/2015 2:29:02 PM,DUNFO1,0,207
3546,Dunford St,10,Roxbury,12:00,16:00,Even,Cobden St,Dead End,0.039205,,False,False,True,False,True,False,False,False,False,False,False,True,False,False,False,False,4/23/2015 2:28:55 PM,COBDE1,0,207
3547,Townsend St,10R,Roxbury,12:00,16:00,Odd,Washingston St,Walnut Ave,0.213068,,False,True,False,True,False,False,False,False,False,False,False,True,False,False,False,False,4/6/2015 3:54:41 PM,TOWNS1,0,1125
3548,Townsend St,10R,Roxbury,12:00,16:00,Even,Washington St,Walnut Ave,0.213068,,False,False,True,False,True,False,False,False,False,False,False,True,False,False,False,False,4/23/2015 2:29:53 PM,TOWNS1,0,1125
3549,Westminster Ave,10R,Roxbury,12:00,16:00,Odd,Washington St,Walnut Ave,0.210985,,False,True,False,True,False,False,False,False,False,False,False,True,False,False,False,False,4/23/2015 2:29:32 PM,WESTM1,0,1114
3550,Westminster Ave,10R,Roxbury,12:00,16:00,Even,Washington St,Walnut Ave,0.210985,,False,False,True,False,True,False,False,False,False,False,False,True,False,False,False,False,4/6/2015 3:56:28 PM,WESTM1,0,1114
3551,Brooks St,9,East Boston,08:00,12:00,Odd,Bremen St,Chelsea St,0.042045,,False,True,False,True,False,False,False,False,False,False,False,True,False,False,False,False,4/7/2015 3:18:42 PM,BROOK12,0,222
3552,Brooks St,9,East Boston,08:00,12:00,Even,Bremen St,Chelsea St,0.042045,,False,False,True,False,True,False,False,False,False,False,False,True,False,False,False,False,4/7/2015 3:18:32 PM,BROOK12,0,222
3553,Jerome St,3,North Dorchester,08:00,12:00,Odd,Cushing Ave,Everett Ave,0.064205,,False,True,False,True,False,False,False,False,False,False,False,True,False,False,False,False,4/7/2015 3:21:02 PM,JEROM1,346,685
3554,Jerome St,3,North Dorchester,08:00,12:00,Even,Cushing Ave,Everett Ave,0.064205,,False,False,True,False,True,False,False,False,False,False,False,True,False,False,False,False,4/7/2015 3:22:12 PM,JEROM1,346,685
3555,Marion St,9,East Boston,08:00,12:00,Odd,Chelsea St,Bremen St,0.0409090909,,False,False,True,False,True,False,False,False,False,False,False,True,False,False,False,False,3/30/2020 8:12:50 AM,MARIO2,2874,3090
3556,Marion St,9,East Boston,08:00,12:00,Even,Chelsea St,Bremen St,0.0409090909,,False,True,False,True,False,False,False,False,False,False,False,True,False,False,False,False,3/30/2020 8:12:42 AM,MARIO2,2874,3090
3557,O'Connell Rd,7,South Dorchester,08:00,12:00,Odd,Washington St,Valley Rd,0.138636,,False,True,False,True,False,False,False,False,False,False,False,True,False,False,False,False,4/7/2015 3:29:58 PM,OCONN1,0,732
3558,O'Connell Rd,7,South Dorchester,08:00,12:00,Even,Washington St,Valley Rd,0.138636,,False,False,True,False,True,False,False,False,False,False,False,True,False,False,False,False,4/7/2015 3:30:38 PM,OCONN1,0,732
3559,Prescott St,9,East Boston,08:00,12:00,Odd,Chelsea St,Bremen St,0.041288,,False,True,False,True,False,False,False,False,False,False,False,True,False,False,False,False,4/7/2015 3:33:25 PM,PRESC3,1302,1520
3560,Prescott St,9,East Boston,08:00,12:00,Even,Chelsea St,Bremen St,0.041288,,False,False,True,False,True,False,False,False,False,False,False,True,False,False,False,False,4/7/2015 3:34:01 PM,PRESC3,1302,1520
3561,Putnam St,9,East Boston,08:00,12:00,Odd,Chelsea St,Bremen St,0.041477,,False,True,False,True,False,False,False,False,False,False,False,True,False,False,False,False,4/7/2015 3:38:25 PM,PUTNA1,2285,2504
3562,Putnam St,9,East Boston,08:00,12:00,Even,Chelsea St,Bremen St,0.041477,,False,False,True,False,True,False,False,False,False,False,False,True,False,False,False,False,4/7/2015 3:39:02 PM,PUTNA1,2285,2504
3563,Ashmont Park,7,South Dorchester,08:00,12:00,Odd,Ashmont St,Dead End,0.044696969,,False,True,False,True,False,False,False,True,False,False,False,False,False,False,False,False,4/15/2015 2:32:33 PM,ASHMO2,0,236
3564,Ashmont Park,7,South Dorchester,08:00,12:00,Even,Ashmont St,Dead End,0.044696969,,False,False,True,False,True,False,False,True,False,False,False,False,False,False,False,False,4/15/2015 2:33:07 PM,ASHMO2,0,236
3565,Marlowe St,7,South Dorchester,08:00,12:00,Odd,Park St,Vinson St,0.0676136,,False,True,False,True,False,False,False,False,False,True,False,False,False,False,False,False,4/15/2015 2:34:49 PM,MARLO1,0,357
3566,Marlowe St,7,South Dorchester,08:00,12:00,Even,Park St,Vinson St,0.0676136,,False,False,True,False,True,False,False,False,False,True,False,False,False,False,False,False,4/15/2015 2:35:22 PM,MARLO1,0,357
3567,Valley Rd,7,South Dorchester,08:00,12:00,Odd,Dorchester Ave,Washington St,0.164773,,False,True,False,True,False,False,False,False,False,False,False,True,False,False,False,False,4/15/2015 2:37:31 PM,VALLE1,0,870
3568,Valley Rd,7,South Dorchester,08:00,12:00,Even,Dorchester Ave,Washington St,0.164773,,False,False,True,False,True,False,False,False,False,False,False,True,False,False,False,False,4/15/2015 2:37:23 PM,VALLE1,0,870
3569,Fuller St,7,South Dorchester,08:00,12:00,Odd,Dorchester Ave,Washington St,0.360416667,,False,True,False,True,False,False,False,False,False,False,False,True,False,False,False,False,4/15/2015 3:03:27 PM,FULLE1,0,1903
3570,Fuller St,7,South Dorchester,08:00,12:00,Even,Dorchester Ave,Washington St,0.360416667,,False,False,True,False,True,False,False,False,False,False,False,True,False,False,False,False,4/15/2015 3:04:09 PM,FULLE1,0,1903
3571,Commonwealth Ave,4,Allston/Brighton,08:00,12:00,Even,Lake St,Chestnut Hill Ave,0.68447,,False,False,True,False,True,False,False,False,False,False,False,True,False,False,False,False,4/15/2015 3:19:07 PM,COMMO1,25139,28753
3572,George R Visconti Rd,9,East Boston,05:00,07:00,,Chelsea St,Havre St,0.1160985,,False,True,True,True,True,True,False,False,False,True,False,False,False,False,False,False,4/16/2015 11:45:57 AM,GEORG1,222,835
3573,Rugdale Rd,7,South Dorchester,08:00,12:00,Odd,Washington St,Valley Rd,0.172537878,,False,True,False,True,False,False,False,False,False,False,False,True,False,False,False,False,4/23/2015 10:51:02 AM,RUGDA1,0,911
3574,Rugdale Rd,7,South Dorchester,08:00,12:00,Even,Washington St,Valley Rd,0.172537878,,False,False,True,False,True,False,False,False,False,False,False,True,False,False,False,False,4/23/2015 10:51:50 AM,RUGDA1,0,911
3575,Fowler St,3,North Dorchester,08:00,12:00,Odd,Glenway St,Greenwood St,0.16988636,,False,True,False,True,False,False,False,False,True,False,False,False,False,False,False,False,4/23/2015 10:56:36 AM,FOWLE2,385,1282
3576,Fowler St,3,North Dorchester,08:00,12:00,Even,Glenway St,Greenwood St,0.16988636,,False,False,True,False,True,False,False,False,True,False,False,False,False,False,False,False,4/23/2015 10:57:19 AM,FOWLE2,385,1282
3577,Mt Vernon St,3,North Dorchester,08:00,12:00,Odd,Dorchester Ave,Buttonwood St,0.04791666,,False,True,False,True,False,False,False,True,False,False,False,False,False,False,False,False,4/23/2015 11:00:35 AM,MT VE7,1163,1416
3578,Mt Vernon St,3,North Dorchester,08:00,12:00,Even,Dorchester Ave,Buttonwood St,0.04791666,,False,False,True,False,True,False,False,True,False,False,False,False,False,False,False,False,4/23/2015 11:01:43 AM,MT VE7,1163,1416
3579,Helen St,3,North Dorchester,12:00,16:00,Odd,Bernard St,Talbot Ave,0.0765151515,,False,True,False,True,False,False,False,False,True,False,False,False,False,False,False,False,4/23/2015 11:17:37 AM,HELEN1,0,404
3580,Helen St,3,North Dorchester,12:00,16:00,Even,Bernard St,Talbot Ave,0.0765151515,,False,False,True,False,False,False,False,False,True,False,False,False,False,False,False,False,4/23/2015 11:18:17 AM,HELEN1,0,404
3581,Kerwin St,3,North Dorchester,12:00,16:00,Odd,Bernard St,Talbot Ave,0.13371212,,False,True,False,True,False,False,False,False,True,False,False,False,False,False,False,False,4/23/2015 12:07:52 PM,KERWI1,0,706
3582,Kerwin St,3,North Dorchester,12:00,16:00,Even,Bernard St,Talbot Ave,0.13371212,,False,False,True,False,True,False,False,False,True,False,False,False,False,False,False,False,4/23/2015 12:08:27 PM,KERWI1,0,706
3583,West Park St,3,North Dorchester,12:00,16:00,Odd,Standish St,Bernard St,0.073863636,,False,True,False,True,False,False,False,False,True,False,False,False,False,False,False,False,4/23/2015 12:11:20 PM,WEST 21,0,390
3584,West Park St,3,North Dorchester,12:00,16:00,Even,Standish St,Bernard St,0.073863636,,False,False,True,False,True,False,False,False,True,False,False,False,False,False,False,False,4/23/2015 12:12:27 PM,WEST 21,0,390
3585,Levant St,3,North Dorchester,08:00,12:00,Odd,Geneva Ave,Topliff St,0.136931818,,False,True,False,True,False,False,False,False,True,False,False,False,False,False,False,False,4/23/2015 12:14:49 PM,LEVAN1,0,723
3586,Levant St,3,North Dorchester,08:00,12:00,Even,Geneva Ave,Topliff St,0.136931818,,False,False,True,False,True,False,False,False,True,False,False,False,False,False,False,False,4/23/2015 12:15:22 PM,LEVAN1,0,723
3587,Tebroc St,3,North Dorchester,08:00,12:00,Odd,Bowdoin St,Levant St,0.0467803,,False,True,False,True,False,False,False,False,True,False,False,False,False,False,False,False,4/23/2015 12:17:05 PM,TEBRO1,0,247
3588,Tebroc St,3,North Dorchester,08:00,12:00,Even,Bowdoin St,Levant St,0.0467803,,False,False,True,False,True,False,False,False,True,False,False,False,False,False,False,False,4/23/2015 12:25:51 PM,TEBRO1,0,247
3589,Homes Ave,3,North Dorchester,08:00,12:00,Odd,Gevena Ave,Topliff St,0.1071969696,,False,True,False,True,False,False,False,False,True,False,False,False,False,False,False,False,4/23/2015 12:33:45 PM,HOMES1,390,956
3590,Homes Ave,3,North Dorchester,08:00,12:00,Even,Geneva Ave,Topliff St,0.1071969696,,False,False,True,False,True,False,False,False,True,False,False,False,False,False,False,False,4/23/2015 12:35:04 PM,HOMES1,390,956
3591,Holiday St,3,North Dorchester,08:00,12:00,Odd,Geneva Ave,Topliff St,0.0818,,False,True,False,True,False,False,False,False,True,False,False,False,False,False,False,False,4/23/2015 12:37:37 PM,HOLID1,655,1087
3592,Holiday St,3,North Dorchester,08:00,12:00,Even,Geneva Ave,Topliff St,0.0818,,False,False,True,False,True,False,False,False,True,False,False,False,False,False,False,False,4/23/2015 12:38:18 PM,HOLID1,655,1087
3593,Browning Ave,3,North Dorchester,12:00,16:00,Odd,Bernard St,Wales St,0.159545,,False,True,False,True,False,False,False,False,True,False,False,False,False,False,False,False,4/23/2015 2:00:15 PM,BROWN2,0,834
3594,Browning Ave,3,North Dorchester,12:00,16:00,Even,Bernard St,Wales St,0.159545,,False,False,True,False,True,False,False,False,True,False,False,False,False,False,False,False,4/23/2015 2:00:50 PM,BROWN2,0,834
3595,C St,5,South Boston,13:00,17:00,Odd,Old Colony Ave,West Seventh St,0.057,,False,True,False,True,False,False,False,True,False,False,False,False,False,False,False,False,4/23/2015 2:39:00 PM,C ST 1,0,304
3596,C St,5,South Boston,13:00,17:00,Even,Old Colony Ave,West Seventh St,0.057,,False,False,True,False,True,False,False,True,False,False,False,False,False,False,False,False,4/23/2015 2:39:58 PM,C ST 1,0,304
3597,B St,5,South Boston,13:00,17:00,Odd,West Seventh St,West Broadway,0.235227,,False,True,False,True,False,False,False,True,False,False,False,False,False,False,False,False,4/23/2015 2:42:24 PM,B ST 1,0,1242
3598,B St,5,South Boston,13:00,17:00,Even,West Seventh St,West Broadway,0.235227,,False,False,True,False,True,False,False,True,False,False,False,False,False,False,False,False,4/23/2015 2:43:14 PM,B ST 1,0,1242
3599,West Fifth St,5,South Boston,13:00,17:00,Odd,Dorchester Ave,B St,0.114583,,False,True,False,True,False,False,False,True,False,False,False,False,False,False,False,False,4/23/2015 2:45:35 PM,WEST 10,0,605
3600,West Fifth St,5,South Boston,13:00,17:00,Even,Dorchester Ave,B St,0.114583,,False,False,True,False,True,False,False,True,False,False,False,False,False,False,False,False,4/23/2015 2:46:22 PM,WEST 10,0,605
3601,Bartlett St,1C,Charlestown,08:00,12:00,Even,Pearl St,Sullivan St,0.04640151515,,False,True,False,True,False,False,False,False,False,False,False,True,False,False,False,False,6/17/2015 9:28:53 AM,BARTL3,0,245
3602,Bartlett St,1C,Charlestown,08:00,12:00,Odd,Pearl St,Sullivan St,0.04640151515,,False,False,True,False,True,False,False,False,False,False,False,True,False,False,False,False,6/17/2015 9:29:38 AM,BARTL3,0,245
3604,Boylston St,10F,Fenway/Kenmore,05:00,07:00,Odd,Fenway,Park Dr,0.2200757575758,,False,True,False,True,False,False,False,False,False,False,True,False,False,False,True,False,1/6/2016 10:36:52 AM,BOYLS6,8009,9171
3605,Ransom Rd,4,Allston/Brighton,08:00,12:00,Odd,Claymoss Rd,Colborne Rd,0.120075758,,False,True,False,True,False,False,False,False,False,True,False,False,False,False,False,False,3/8/2016 10:58:49 AM,RANSO1,0,634
3606,Ransom Rd,4,Allston/Brighton,08:00,12:00,Even,Claymoss Rd,Colborne Rd,0.120075758,,False,False,True,False,True,False,False,False,False,True,False,False,False,False,False,False,3/8/2016 10:59:35 AM,RANSO1,0,634
3607,Tremont St,4,Allston/Brighton,08:00,12:00,Odd,Washington St,Newton Town Line,0.342992424,,False,True,False,True,False,False,False,False,False,False,False,True,False,False,False,False,3/8/2016 11:10:47 AM,TREMO2,0,1811
3608,Tremont St,4,Allston/Brighton,08:00,12:00,Even,Washington St,Newton Town Line,0.342992424,,False,False,True,False,True,False,False,False,False,False,False,True,False,False,False,False,3/8/2016 11:11:36 AM,TREMO2,0,1811
3609,Stockton St,7,South Dorchester,08:00,12:00,Odd,Washington St,Milton Ave,0.248484848,,False,True,False,True,False,False,False,False,False,False,True,False,False,False,False,False,3/8/2016 11:14:58 AM,STOCK2,0,1312
3610,Stockton St,7,South Dorchester,08:00,12:00,Even,Washington St,Milton Ave,0.248484848,,False,False,True,False,True,False,False,False,False,False,True,False,False,False,False,False,3/8/2016 11:15:35 AM,STOCK2,0,1312
3611,Brookdale St,2,Jamaica Plain,08:00,12:00,Odd,Florence St,Sycamore St,0.160606061,,False,True,False,True,False,False,False,False,False,False,True,False,False,False,False,False,3/8/2016 11:46:45 AM,BROOK3,0,848
3612,Brookdale St,2,Jamaica Plain,08:00,12:00,Even,Florence St,Sycamore St,0.160606061,,False,False,True,False,True,False,False,False,False,False,True,False,False,False,False,False,3/8/2016 11:48:51 AM,BROOK3,0,848
3613,Albion St,3,North Dorchester,08:00,12:00,Odd,Dudley St,Clifton St,0.100568182,,False,True,False,True,False,False,False,False,False,False,False,True,False,False,False,False,3/8/2016 11:51:42 AM,ALBIO3,0,531
3614,Albion St,3,North Dorchester,08:00,12:00,Even,Dudley St,Clifton St,0.100568182,,False,False,True,False,True,False,False,False,False,False,False,True,False,False,False,False,3/8/2016 11:52:19 AM,ALBIO3,0,531
3615,Marshfield St,3,North Dorchester,08:00,12:00,Odd,Clifton St,Norfolk Ave,0.165151515,,False,True,False,True,False,False,False,False,False,False,False,True,False,False,False,False,3/8/2016 12:00:27 PM,MARSH3,0,872
3616,Marshfield St,3,North Dorchester,08:00,12:00,Even,Clifton St,Norfolk Ave,0.165151515,,False,False,True,False,True,False,False,False,False,False,False,True,False,False,False,False,3/8/2016 12:01:04 PM,MARSH3,0,872
3617,Binford St,5,South Boston,09:00,13:00,Odd,A St,Fort Point Channel,0.09981060606,,False,True,False,True,False,False,False,False,True,False,False,False,False,False,False,False,3/9/2016 10:07:41 AM,BINFO1,0,527
3618,Binford St,5,South Boston,09:00,13:00,Even,A St,Fort Point Channel,0.09981060606,,False,False,True,False,True,False,False,False,True,False,False,False,False,False,False,False,3/9/2016 10:08:16 AM,BINFO1,0,527
3619,Damrell St,5,South Boston,13:00,17:00,Even,Dorchester Ave,Old Colony Ave,0.19962121212,,False,False,True,False,True,False,False,True,False,False,False,False,False,False,False,False,4/8/2016 8:55:19 AM,DAMRE1,0,1054
3620,Pelham St,1S,South End,12:00,16:00,Even,Washington St,Shawmut Ave,0.0721590909,,False,False,True,False,True,False,False,False,False,False,True,False,False,False,False,True,3/9/2016 10:50:43 AM,PELHA1,0,381
3621,Harlow St,3,North Dorchester,12:00,16:00,Odd,Folsom St,Dead End,0.1094697,,False,True,False,True,False,False,False,False,False,False,True,False,False,False,False,False,3/11/2016 11:02:38 AM,HARLO1,0,578
3622,Harlow St,3,North Dorchester,12:00,16:00,Even,Folsom St,Dead End,0.1094697,,False,False,True,False,True,False,False,False,False,False,True,False,False,False,False,False,3/11/2016 11:03:18 AM,HARLO1,0,578
3623,Ellington St,3,North Dorchester,08:00,12:00,Odd,Blue Hill Ave,Greenwood St,0.36988636,,False,True,False,True,False,False,False,False,True,False,False,False,False,False,False,False,3/11/2016 11:04:14 AM,ELLIN1,0,1953
3624,Ellington St,3,North Dorchester,08:00,12:00,Even,Blue Hill Ave,Greenwood St,0.36988636,,False,False,True,False,True,False,False,False,True,False,False,False,False,False,False,False,3/11/2016 11:04:51 AM,ELLIN1,0,1953
3625,Fenelon St,3,North Dorchester,08:00,12:00,Odd,Merrill St,Washington St,0.06704545,,False,True,False,True,False,False,False,False,True,False,False,False,False,False,False,False,3/11/2016 11:06:34 AM,FENEL1,0,354
3626,Fenelon St,3,North Dorchester,08:00,12:00,Even,Merrill St,Washington St,0.06704545,,False,False,True,False,True,False,False,False,True,False,False,False,False,False,False,False,3/11/2016 11:07:08 AM,FENEL1,0,354
3627,Hewins St,3,North Dorchester,08:00,12:00,Odd,Columbia Rd,Erie St,0.14204545,,False,True,False,True,False,False,False,False,True,False,False,False,False,False,False,False,3/11/2016 11:07:57 AM,HEWIN1,0,750
3628,Hewins St,3,North Dorchester,08:00,12:00,Even,Columbia Rd,Erie St,0.14204545,,False,False,True,False,True,False,False,False,True,False,False,False,False,False,False,False,3/11/2016 11:08:28 AM,HEWIN1,0,750
3629,Wolcott St,3,North Dorchester,08:00,12:00,Odd,Columbia Rd,Erie St,0.13712121,,False,True,False,True,False,False,False,False,True,False,False,False,False,False,False,False,3/11/2016 11:10:01 AM,WOLCO3,0,724
3630,Wolcott St,3,North Dorchester,08:00,12:00,Even,Columbia Rd,Erie St,0.13712121,,False,False,True,False,True,False,False,False,True,False,False,False,False,False,False,False,3/11/2016 11:10:32 AM,WOLCO3,0,724
3631,Michigan Ave,3,North Dorchester,08:00,12:00,Odd,Columbia Rd,Erie St,0.15397727,,False,True,False,True,False,False,False,False,True,False,False,False,False,False,False,False,3/11/2016 11:14:16 AM,MICHI1,0,813
3632,Michigan Ave,3,North Dorchester,08:00,12:00,Even,Columbia Rd,Erie St,0.15397727,,False,False,True,False,True,False,False,False,True,False,False,False,False,False,False,False,3/11/2016 11:14:51 AM,MICHI1,0,813
3633,Glenway St,3,North Dorchester,08:00,12:00,Odd,Blue Hill Ave,Bradshaw St,0.30018939,,False,True,False,True,False,False,False,False,True,False,False,False,False,False,False,False,3/11/2016 11:15:34 AM,GLENW1,0,1585
3634,Glenway St,3,North Dorchester,08:00,12:00,Even,Blue Hill Ave,Bradshaw St,0.30018939,,False,False,True,False,True,False,False,False,True,False,False,False,False,False,False,False,3/11/2016 11:18:26 AM,GLENW1,0,1585
3635,York St,3,North Dorchester,08:00,12:00,Odd,Glenway St,Greenwood St,0.08939394,,False,True,False,True,False,False,False,False,True,False,False,False,False,False,False,False,3/11/2016 11:28:41 AM,YORK 1,0,472
3636,York St,3,North Dorchester,08:00,12:00,Even,Glenway St,Greenwood St,0.08939394,,False,False,True,False,True,False,False,False,True,False,False,False,False,False,False,False,3/11/2016 11:29:15 AM,YORK 1,0,472
3637,Harlem St,3,North Dorchester,08:00,12:00,Odd,Glenway St,Greenwood St,0.11590909,,False,True,False,True,False,False,False,False,True,False,False,False,False,False,False,False,3/11/2016 11:29:56 AM,HARLE1,0,612
3638,Harlem St,3,North Dorchester,08:00,12:00,Even,Glenway St,Greenwood St,0.11590909,,False,False,True,False,True,False,False,False,True,False,False,False,False,False,False,False,3/11/2016 11:30:25 AM,HARLE1,0,612
3639,Fowler St,3,North Dorchester,08:00,12:00,Odd,McLellan St,Glenway St,0.07291667,,False,True,False,True,False,False,False,False,True,False,False,False,False,False,False,False,3/11/2016 11:45:45 AM,FOWLE2,0,385
3640,Fowler St,3,North Dorchester,08:00,12:00,Even,McLellan St,Glenway St,0.07291667,,False,False,True,False,True,False,False,False,True,False,False,False,False,False,False,False,3/11/2016 11:46:19 AM,FOWLE2,0,385
3641,Maybrook St,3,North Dorchester,08:00,12:00,Odd,Glenway St,Greenwood St,0.08049242,,False,True,False,True,False,False,False,False,True,False,False,False,False,False,False,False,3/11/2016 11:47:27 AM,MAYBR1,0,425
3642,Maybrook St,3,North Dorchester,08:00,12:00,Even,Glenway St,Greenwood St,0.08049242,,False,False,True,False,True,False,False,False,True,False,False,False,False,False,False,False,3/11/2016 11:47:57 AM,MAYBR1,0,425
3643,Roxton St,3,North Dorchester,08:00,12:00,Odd,Glenway St,Greenwood St,0.07348485,,False,True,False,True,False,False,False,False,True,False,False,False,False,False,False,False,3/11/2016 11:48:42 AM,ROXTO1,0,388
3644,Roxton St,3,North Dorchester,08:00,12:00,Even,Glenway St,Greenwood St,0.07348485,,False,False,True,False,True,False,False,False,True,False,False,False,False,False,False,False,3/11/2016 11:49:16 AM,ROXTO1,0,388
3645,Brenton St,3,North Dorchester,08:00,12:00,Odd,Glenway St,Greenwood St,0.06609848,,False,True,False,True,False,False,False,False,True,False,False,False,False,False,False,False,3/11/2016 11:52:22 AM,BRENT2,0,349
3646,Brenton St,3,North Dorchester,08:00,12:00,Even,Glenway St,Greenwood St,0.06609848,,False,False,True,False,True,False,False,False,True,False,False,False,False,False,False,False,3/11/2016 11:52:53 AM,BREnT2,0,349
3647,Esmond St,3,North Dorchester,12:00,16:00,Odd,Blue Hill Ave,Harvard Ave,0.29469697,,False,True,False,True,False,False,False,False,True,False,False,False,False,False,False,False,3/11/2016 12:07:51 PM,ESMON1,0,1556
3648,Esmond St,3,North Dorchester,12:00,16:00,Even,Blue Hill Ave,Harvard Ave,0.29469697,,False,False,True,False,True,False,False,False,True,False,False,False,False,False,False,False,3/11/2016 12:08:31 PM,ESMON1,0,1556
3649,Charlotte St,3,North Dorchester,12:00,16:00,Odd,Blue Hill Ave,Bradshaw St,0.17481061,,False,True,False,True,False,False,False,False,True,False,False,False,False,False,False,False,3/11/2016 12:09:54 PM,CHARL13,0,923
3650,Charlotte St,3,North Dorchester,12:00,16:00,Even,Blue Hill Ave,Bradshaw St,0.17481061,,False,False,True,False,True,False,False,False,True,False,False,False,False,False,False,False,3/11/2016 12:10:27 PM,CHARL13,0,923
3651,McLellan St,3,North Dorchester,12:00,16:00,Odd,Blue Hill Ave,Bradshaw St,0.23200758,,False,True,False,True,False,False,False,False,True,False,False,False,False,False,False,False,3/11/2016 12:12:58 PM,MCLEL1,0,1225
3652,McLellan St,3,North Dorchester,12:00,04:00,Even,Blue Hill Ave,Bradshaw St,0.23200758,,False,False,True,False,True,False,False,False,True,False,False,False,False,False,False,False,3/11/2016 12:13:36 PM,MCLEL1,0,1225
3653,Abbot St,3,North Dorchester,12:00,16:00,Odd,Blue Hill Ave,Harvard Ave,0.16875,,False,True,False,True,False,False,False,False,True,False,False,False,False,False,False,False,3/11/2016 12:15:54 PM,ABBOT2,0,891
3654,Abbot St,3,North Dorchester,12:00,16:00,Even,Blue Hill Ave,Harvard Ave,0.16875,,False,False,True,False,True,False,False,False,True,False,False,False,False,False,False,False,3/11/2016 12:16:21 PM,ABBOT2,0,891
3655,Bradshaw St,3,North Dorchester,12:00,16:00,Odd,Charlotte St,Glenway St,0.12424242,,False,True,False,True,False,False,False,False,True,False,False,False,False,False,False,False,3/11/2016 12:17:08 PM,BRADS1,0,656
3656,Bradshaw St,3,North Dorchester,12:00,16:00,Even,Charlotte St,Glenway St,0.12424242,,False,False,True,False,True,False,False,False,True,False,False,False,False,False,False,False,3/11/2016 12:17:42 PM,BRADS1,0,656
3657,Bicknell St,3,North Dorchester,12:00,16:00,Odd,Bradshaw St,Harvard Ave,0.16534091,,False,True,False,True,False,False,False,False,True,False,False,False,False,False,False,False,3/11/2016 12:18:32 PM,BICKN1,0,873
3658,Bicknell St,3,North Dorchester,12:00,16:00,Even,Bradshaw St,Harvard Ave,0.16534091,,False,False,True,False,True,False,False,False,True,False,False,False,False,False,False,False,3/11/2016 12:19:03 PM,BICKN1,0,873
3659,Gleason St,3,North Dorchester,12:00,16:00,Odd,Bradshaw St,Harvard Ave,0.17954545,,False,True,False,True,False,False,False,False,True,False,False,False,False,False,False,False,3/11/2016 12:19:51 PM,GLEAS1,0,948
3660,Gleason St,3,North Dorchester,12:00,16:00,Even,Bradshaw St,Harvard Ave,0.17954545,,False,False,True,False,True,False,False,False,True,False,False,False,False,False,False,False,3/11/2016 12:20:32 PM,GLEAS1,0,948
3661,Vesta Rd,3,North Dorchester,12:00,16:00,Odd,Blue Hill Ave,Harvard Ave,0.10890152,,False,True,False,True,False,False,False,False,True,False,False,False,False,False,False,False,3/11/2016 12:21:14 PM,VESTA1,0,575
3662,Vesta Rd,3,North Dorchester,12:00,16:00,Even,Blue Hill Ave,Harvard Ave,0.10890152,,False,False,True,False,True,False,False,False,True,False,False,False,False,False,False,False,3/11/2016 12:21:41 PM,VESTA1,0,575
3663,Drummond St,3,North Dorchester,12:00,16:00,Odd,McLellan St,Glenway St,0.06079545,,False,True,False,True,False,False,False,False,True,False,False,False,False,False,False,False,3/11/2016 12:23:15 PM,DRUMM1,0,321
3664,Drummond St,3,North Dorchester,12:00,16:00,Even,McLellan St,Glenway St,0.06079545,,False,False,True,False,True,False,False,False,True,False,False,False,False,False,False,False,3/11/2016 12:23:54 PM,DRUMM1,0,321
3665,Page St,3,North Dorchester,12:00,16:00,Odd,McLellan St,Glenway St,0.08295455,,False,True,False,True,False,False,False,False,True,False,False,False,False,False,False,False,3/11/2016 12:24:36 PM,PAGE 1,0,438
3666,Page St,3,North Dorchester,12:00,16:00,Even,McLellan St,Glenway St,0.08295455,,False,False,True,False,True,False,False,False,True,False,False,False,False,False,False,False,3/11/2016 12:25:05 PM,PAGE 1,0,438
3667,Forest Hills St,99,DCR,08:00,12:00,Odd,Washington St,Arborway,0.91041666666,,False,True,False,True,False,False,False,False,False,False,True,False,False,False,False,False,3/29/2016 2:28:53 PM,FORES1,0,4807
3668,Forest Hills St,99,DCR,08:00,12:00,Even,Washington St,Arborway,0.91041666666,,False,False,True,False,True,False,False,False,False,False,True,False,False,False,False,False,3/29/2016 2:29:25 PM,FORES1,0,4807
3669,Harrison Ave,1S,South End,00:00,07:00,Even,East Brookline St,Massachusetts Ave,0.31875,,False,True,True,True,True,True,False,False,True,False,False,False,False,False,True,True,3/30/2020 8:10:54 AM,HARRI5,6009,7692
3670,Harrison Ave,1S,South End,00:00,07:00,Odd,East Brookline St,Massachusetts Ave,0.31875,,False,True,True,True,True,True,False,False,False,True,False,False,False,False,True,True,4/8/2016 12:45:49 PM,HARRI5,6009,7692
3671,Seaver St,3,North Dorchester,08:00,12:00,Odd,Columbia Rd,Erie St,0.15606060606,,False,True,False,True,False,False,False,False,True,False,False,False,False,False,False,False,3/31/2016 3:34:37 PM,SEAVE1,791,1615
3672,Seaver St,3,North Dorchester,08:00,12:00,Even,Columbia Rd,Erie St,0.15606060606,,False,False,True,False,True,False,False,False,True,False,False,False,False,False,False,False,3/31/2016 3:35:20 PM,SEAVE1,791,1615
3673,Harvard Ave,3,North Dorchester,12:00,16:00,Odd,Harvard St,Washington St,0.13939393939,,False,True,False,True,False,False,False,False,True,False,False,False,False,False,False,False,3/31/2016 3:40:14 PM,HARVA2,0,736
3674,Harvard Ave,3,North Dorchester,12:00,16:00,Even,Harvard St,Washington St,0.13939393939,,False,False,True,False,True,False,False,False,True,False,False,False,False,False,False,False,3/31/2016 3:40:59 PM,HARVA2,0,736
3675,Forsyth Way,99,DCR,12:00,16:00,MFA,Huntington Ave,Fenway,0.135227272727273,,False,False,True,False,True,False,False,False,False,True,False,False,False,False,False,False,6/7/2016 10:07:19 AM,FORSY2,0,714
3676,Washington St,1S,South End,00:00,07:00,Odd,East Berkeley St,Massachusetts Ave,0.777272727272,,False,True,True,True,True,True,False,False,False,True,False,False,False,False,True,True,6/5/2024 7:00:05 AM,WASHI1,6000,10104
3677,Dartmouth St,1B,Back Bay,05:00,07:00,Even,Columbus Ave,Stuart St,0.18068181818,,False,False,True,False,True,False,False,False,False,False,False,True,False,False,True,False,3/20/2017 2:45:52 PM,DARTM2,1168,2122
3678,Viking Ter,7,South Dorchester,12:00,16:00,Even,Dania St,Linvale Ter,0.04242424242,,False,False,True,False,False,False,False,False,False,False,True,False,False,False,False,False,3/20/2017 3:18:11 PM,VIKIN1,0,224
3679,Viking Ter,7,South Dorchester,12:00,16:00,Odd,Dania St,Linvale Ter,0.04242424242,,False,True,False,True,False,False,False,False,False,False,True,False,False,False,False,False,3/20/2017 3:19:05 PM,VIKIN1,0,224
3680,Monsignor Reynolds Way,1S,South End,12:00,16:00,Even,Washington St,Harrison Ave,0.1138257575,,False,False,True,False,True,False,False,False,False,False,True,False,False,False,False,True,3/10/2023 10:01:15 AM,MONSI1,0,601
3681,Monsignor Reynolds Way,1S,South End,12:00,16:00,Odd,Washington St,Harrison Ave,0.1138257575,,False,True,False,True,False,True,False,False,False,False,True,False,False,False,False,True,3/10/2023 10:01:05 AM,MONSI1,0,601
3682,Williams St,2,Jamaica Plain,08:00,12:00,Odd,Washington St,Forest Hills St,0.29356060606,,False,True,False,True,False,False,False,False,False,False,True,False,False,False,False,False,3/23/2017 8:12:30 AM,WILLI4,799,2349
3683,Williams St,2,Jamaica Plain,08:00,12:00,Even,Washington St,Forest Hills St,0.29356060606,,False,False,True,False,True,False,False,False,False,False,True,False,False,False,False,False,3/23/2017 8:13:31 AM,WILLI4,799,2349
3684,Stedman St,2,Jamaica Plain,08:00,12:00,Odd,Williams St,Dead End,0.1617424242,,False,True,False,True,False,False,False,False,False,False,True,False,False,False,False,False,3/23/2017 2:16:58 PM,STEDM1,0,854
3685,Stedman St,2,Jamaica Plain,08:00,12:00,Even,Williams St,Dead End,0.1617424242,,False,False,True,False,True,False,False,False,False,False,True,False,False,False,False,False,3/23/2017 2:17:37 PM,STEDM1,0,854
3686,Brookley Rd,2,Jamaica Plain,08:00,12:00,Odd,Washington St,Forest Hills St,0.27878787878,,False,True,False,True,False,False,False,False,False,False,True,False,False,False,False,False,3/24/2017 9:16:11 AM,BROOK5,0,1472
3687,Brookley Rd,2,Jamaica Plain,08:00,12:00,Even,Washington St,Forest Hills St,0.27878787878,,False,False,True,False,True,False,False,False,False,False,True,False,False,False,False,False,3/24/2017 9:16:53 AM,BROOK5,0,1472
3688,Gartland St,2,Jamaica Plain,08:00,12:00,Odd,Washington St,Forest Hills St,0.120265151,,False,True,False,True,False,False,False,False,False,False,True,False,False,False,False,False,3/24/2017 9:18:37 AM,GARTL1,0,635
3689,Gartland St,2,Jamaica Plain,08:00,12:00,Even,Washington St,Forest Hills St,0.120265151,,False,False,True,False,True,False,False,False,False,False,True,False,False,False,False,False,3/24/2017 9:19:08 AM,GARTL1,0,635
3690,Burnett St,2,Jamaica Plain,08:00,12:00,Odd,Washington St,Washington St,0.16098484848,,False,True,False,True,False,False,False,False,False,False,True,False,False,False,False,False,3/24/2017 9:33:44 AM,BURNE1,0,850
3691,Burnett St,2,Jamaica Plain,08:00,12:00,Even,Washington St,Washington St,0.16098484848,,False,False,True,False,True,False,False,False,False,False,True,False,False,False,False,False,3/24/2017 9:34:17 AM,BURNE1,0,850
3692,Rockvale Cir,2,Jamaica Plain,08:00,12:00,Odd,Washington St,Dead End,0.09829545454,,False,True,False,True,False,False,False,False,False,False,True,False,False,False,False,False,3/24/2017 9:35:23 AM,ROCKV1,0,519
3693,Rockvale Cir,2,Jamaica Plain,08:00,12:00,Even,Washington St,Dead End,0.09829545454,,False,False,True,False,True,False,False,False,False,False,True,False,False,False,False,False,3/24/2017 9:36:14 AM,ROCKV1,0,519
3694,Kenton Rd,2,Jamaica Plain,08:00,12:00,Odd,Washington St,Dead End,0.162121212,,False,True,False,True,False,False,False,False,False,False,True,False,False,False,False,False,3/24/2017 9:37:19 AM,KENTO1,0,856
3695,Kenton Rd,2,Jamaica Plain,08:00,12:00,Even,Washington St,Dead End,0.162121212,,False,False,True,False,True,False,False,False,False,False,True,False,False,False,False,False,3/24/2017 9:37:53 AM,KENTO1,0,856
3696,Neponset Ave,2,Jamaica Plain,08:00,12:00,Odd,Hyde Park Ave,Canterbury St,0.420454545,,False,True,False,True,False,False,False,False,False,False,False,True,False,False,False,False,3/24/2017 9:42:20 AM,NEPON8,0,2220
3697,Neponset Ave,2,Jamaica Plain,08:00,12:00,Even,Hyde Park Ave,Canterbury St,0.420454545,,False,False,True,False,True,False,False,False,False,False,False,True,False,False,False,False,3/24/2017 9:43:05 AM,NEPON8,0,2220
3698,Vinson St,7,South Dorchester,08:00,12:00,Odd,Park St,Geneva Ave,0.151704545,,False,True,False,True,False,False,False,False,False,True,False,False,False,False,False,False,3/24/2017 11:34:32 AM,VINSO1,0,801
3699,Vinson St,7,South Dorchester,08:00,12:00,Even,Park St,Geneva Ave,0.151704545,,False,False,True,False,True,False,False,False,False,True,False,False,False,False,False,False,3/24/2017 11:35:07 AM,VINSO1,0,801
3700,Glenway St,3,North Dorchester,08:00,12:00,Odd,Bradshaw St,Harvard St,0.186742424,,False,True,False,True,False,False,False,False,True,False,False,False,False,False,False,False,3/24/2017 11:37:53 AM,GLENW1,1585,2571
3701,Glenway St,3,North Dorchester,08:00,12:00,Even,Bradshaw St,Harvard St,0.186742424,,False,False,True,False,True,False,False,False,True,False,False,False,False,False,False,False,3/24/2017 11:37:37 AM,GLENW1,1585,2571
3702,Westcott St,3,North Dorchester,12:00,16:00,Odd,West Park St,Talbot Ave,0.1414772727,,False,True,False,True,False,False,False,False,True,False,False,False,False,False,False,False,3/24/2017 12:00:48 PM,WESTC1,0,747
3703,Westcott St,3,North Dorchester,12:00,16:00,Even,West Park St,Talbot Ave,0.1414772727,,False,False,True,False,True,False,False,False,False,False,True,False,False,False,False,False,3/24/2017 12:01:26 PM,WESTC1,0,747
3704,Downer Ave,3,North Dorchester,12:00,16:00,Odd,Sawyer Ave,Pleasant St,0.208522727,,False,True,False,True,False,False,False,False,False,False,False,True,False,False,False,False,3/24/2017 12:03:40 PM,DOWNE1,0,1101
3705,Downer Ave,3,North Dorchester,12:00,16:00,Even,Sawyer Ave,Pleasant St,0.208522727,,False,False,True,False,True,False,False,False,False,False,False,True,False,False,False,False,3/24/2017 12:04:11 PM,DOWNE1,0,1101
3706,Everett Ave,3,North Dorchester,08:00,12:00,Odd,Jerome St,Stoughton St,0.107575757,,False,True,False,True,False,False,False,False,False,False,False,True,False,False,False,False,3/24/2017 12:17:24 PM,EVERE1,0,568
3707,Everett Ave,3,North Dorchester,08:00,12:00,Even,Jerome St,Stoughton St,0.107575757,,False,False,True,False,True,False,False,False,False,False,False,True,False,False,False,False,3/24/2017 12:18:06 PM,EVERE1,0,568
3708,Windermere Rd,3,North Dorchester,08:00,12:00,Odd,Cushing Ave,Stoughton St,0.156060606,,False,True,False,True,False,False,False,False,False,False,False,True,False,False,False,False,3/24/2017 12:19:21 PM,WINDE1,0,824
3709,Windermere Rd,3,North Dorchester,08:00,12:00,Even,Cushing Ave,Stoughton St,0.156060606,,False,False,True,False,True,False,False,False,False,False,False,True,False,False,False,False,3/24/2017 12:19:57 PM,WINDE1,0,824
3710,Glen St,3,North Dorchester,08:00,12:00,Odd,Glendale St,Trull St,0.0799242424,,False,True,False,True,False,False,False,False,False,False,True,False,False,False,False,False,3/24/2017 12:21:06 PM,GLEN 3,0,422
3711,Glen St,3,North Dorchester,08:00,12:00,Even,Glendale St,Trull St,0.0799242424,,False,False,True,False,True,False,False,False,False,False,True,False,False,False,False,False,3/24/2017 12:21:42 PM,GLEN 3,0,422
3712,Ware St,3,North Dorchester,08:00,12:00,Odd,Trull St,Rill St,0.075757575,,False,True,False,True,False,False,False,False,False,False,True,False,False,False,False,False,3/24/2017 12:23:00 PM,WARE 1,0,400
3713,Ware St,3,North Dorchester,08:00,12:00,Even,Trull St,Rill St,0.075757575,,False,False,True,False,True,False,False,False,False,False,True,False,False,False,False,False,3/24/2017 12:23:34 PM,WARE 1,0,400
3714,Whittemore St,3,North Dorchester,08:00,12:00,Odd,Hancock St,Dead End,0.07840909,,False,True,False,True,False,False,False,False,False,False,True,False,False,False,False,False,3/24/2017 12:24:53 PM,WHITT1,0,414
3715,Whittemore St,3,North Dorchester,08:00,12:00,Even,Hancock St,Dead End,0.07840909,,False,False,True,False,True,False,False,False,False,False,True,False,False,False,False,False,3/24/2017 12:25:26 PM,WHITT1,0,414
3716,Rill St,3,North Dorchester,08:00,12:00,Odd,Hancock St,Ware St,0.109090909,,False,True,False,True,False,False,False,False,False,False,True,False,False,False,False,False,3/24/2017 12:33:23 PM,RILL 1,0,576
3717,Rill St,3,North Dorchester,08:00,12:00,Even,Hancock St,Ware St,0.109090909,,False,False,True,False,True,False,False,False,False,False,True,False,False,False,False,False,3/24/2017 12:33:55 PM,RILL 1,0,576
3718,Upham Ave,3,North Dorchester,08:00,12:00,Odd,Hancock St,Mount Cushing Ter,0.113068181,,False,True,False,True,False,False,False,False,False,False,False,True,False,False,False,False,3/24/2017 12:35:08 PM,UPHAM1,0,597
3719,Upham Ave,3,North Dorchester,08:00,12:00,Even,Hancock St,Mount Cushing Ter,0.113068181,,False,False,True,False,True,False,False,False,False,False,False,True,False,False,False,False,3/24/2017 12:35:40 PM,UPHAM1,0,597
3720,Sawyer Ave,3,North Dorchester,12:00,16:00,Odd,Cushing Ave,Pleasant St,0.392613636,,False,True,False,True,False,False,False,False,False,False,False,True,False,False,False,False,3/24/2017 12:36:43 PM,SAWYE1,0,2073
3721,Sawyer Ave,3,North Dorchester,12:00,16:00,Even,Cushing Ave,Pleasant St,0.392613636,,False,False,True,False,True,False,False,False,False,False,False,True,False,False,False,False,3/24/2017 12:37:17 PM,SAWYE1,0,2073
3722,Dewolf St,3,North Dorchester,12:00,16:00,Odd,Hancock St,Downer Ave,0.07537878,,False,True,False,True,False,False,False,False,False,False,False,True,False,False,False,False,3/24/2017 12:38:29 PM,DEWOL1,0,398
3723,Dewolf St,3,North Dorchester,12:00,16:00,Even,Hancock St,Downer Ave,0.07537878,,False,False,True,False,True,False,False,False,False,False,False,True,False,False,False,False,3/24/2017 12:39:00 PM,DEWOL1,0,398
3724,Peverell St,3,North Dorchester,12:00,16:00,Odd,Salcombe St,Sawyer Ave,0.09791666,,False,True,False,True,False,False,False,False,False,False,False,True,False,False,False,False,3/24/2017 12:49:02 PM,PEVER1,0,517
3725,Peverell St,3,North Dorchester,12:00,04:00,Even,Salcombe St,Sawyer Ave,0.09791666,,False,False,True,False,True,False,False,False,False,False,False,True,False,False,False,False,3/24/2017 12:49:39 PM,PEVER1,0,517
3726,Wilbur St,3,North Dorchester,08:00,12:00,Odd,Upham Ave,Cushing Ave,0.068371212,,False,True,False,True,False,False,False,False,False,False,False,True,False,False,False,False,3/24/2017 12:50:41 PM,WILBU1,0,361
3727,Wilbur St,3,North Dorchester,08:00,12:00,Even,Upham Ave,Cushing Ave,0.068371212,,False,False,True,False,True,False,False,False,False,False,False,True,False,False,False,False,3/24/2017 12:51:12 PM,WILBU1,0,361
3730,Berkeley St,M,Multiple,05:00,07:00,Odd,Columbus Ave,Boylston St,0.19034090909,,False,True,False,True,False,False,False,False,False,False,False,True,False,False,False,False,3/31/2017 3:11:38 PM,BERKE1,1370,2375
3731,Emerson St,5,South Boston,09:00,13:00,Even,L St,M St,0.10530303,,False,True,False,True,False,False,False,False,False,True,False,False,False,False,False,False,5/18/2017 2:54:48 PM,EMERS1,2496,3052
3732,Emerson St,5,South Boston,09:00,01:00,Odd,L St,M St,0.10530303,,False,False,True,False,True,False,False,False,False,True,False,False,False,False,False,False,5/18/2017 2:55:33 PM,EMERS1,2496,3052
3733,Webb Park,5,South Boston,09:00,13:00,Odd,East Sixth St,Dead End,0.025189393,,False,True,False,True,False,False,False,False,False,False,True,False,False,False,False,False,3/23/2018 2:12:01 PM,WEBB 1,0,133
3734,Webb Park,5,South Boston,09:00,13:00,Even,East Sixth St,Dead End,0.025189393,,False,False,True,False,True,False,False,False,False,False,True,False,False,False,False,False,3/23/2018 2:13:47 PM,WEBB 1,0,133
3735,Reed St,1S,South End,08:00,12:00,Odd,Northampton St,Dead End,0.2428030303,,False,True,False,True,False,False,False,False,False,False,True,False,False,False,True,True,3/24/2020 9:10:25 AM,REED 1,0,1282
3736,Reed St,1S,South End,08:00,12:00,Even,Northampton St,Dead End,0.2428030303,,False,False,True,False,True,False,False,False,False,False,True,False,False,False,True,True,3/24/2020 9:10:20 AM,REED 1,0,1282
3737,Dudley St,10R,Roxbury,08:00,12:00,Odd,Hampden St,Harrison Ave,0.444128787,,False,True,False,True,False,False,False,False,True,False,False,False,False,False,False,False,3/23/2018 2:27:31 PM,DUDLE1,2433,4778
3738,Dudley St,10R,Roxbury,08:00,12:00,Even,Hampden St,Harrison Ave,0.444128787,,False,False,True,False,True,False,False,False,True,False,False,False,False,False,False,False,3/23/2018 2:28:12 PM,DUDLE1,2433,4778
3739,West Brookline St,1S,South End,08:00,12:00,Odd,Aguadilla St,Tremont St,4.75378787878788E-02,,False,True,False,True,False,True,False,False,False,False,True,False,False,False,False,True,8/20/2020 8:15:00 AM,WEST 2,0,251
3740,South Huntington Ave,10M,Mission Hill,12:00,16:00,Odd,Huntington Ave,Heath St,0.21155303030303,,False,True,False,True,False,False,False,False,False,True,False,False,False,False,False,False,10/15/2018 12:04:25 PM,SOUTH2,0,1117
3741,Mohawk St,5,South Boston,09:00,13:00,Odd,Preble St,Devine Way,0.0505682,,False,True,False,True,False,False,False,False,True,False,False,False,False,False,False,False,3/15/2019 9:36:57 AM,MOHAW1,0,267
3742,Mohawk St,5,South Boston,09:00,13:00,Even,Preble St,Devine Way,0.0505682,,False,False,True,False,True,False,False,False,True,False,False,False,False,False,False,False,3/15/2019 9:37:53 AM,MOHAW1,0,267
3743,Armandine St,7,South Dorchester,08:00,12:00,Odd,Washington St,Milton Ave,0.2717803,,False,True,False,True,False,False,False,False,False,True,False,False,False,False,False,False,3/15/2019 9:42:07 AM,ARMAN1,0,1435
3744,Armandine St,7,South Dorchester,08:00,12:00,Even,Washington St,Milton Ave,0.2717803,,False,False,True,False,True,False,False,False,False,True,False,False,False,False,False,False,3/15/2019 9:42:48 AM,ARMAN1,0,1435
3745,American Legion Hwy,7,South Dorchester,12:00,16:00,Even,Blue Hill Ave,Franklin Hill Ave,0.319697,,False,False,True,False,True,False,False,False,True,False,False,False,False,False,False,False,3/15/2019 10:00:40 AM,AMERI1,0,1688
3746,Dartmouth Pl,1,,12:00,16:00,Odd,Warren Ave,Dartmouth St,0.131629,,False,True,False,True,False,False,False,False,False,True,False,False,False,False,False,True,1/5/2022 9:33:00 AM,DARTM1,0,685
3747,Dartmouth Pl,1,,12:00,16:00,Even,Warren Ave,Dartmouth St,0.131629,,False,False,True,False,True,False,False,False,False,True,False,False,False,False,False,True,1/5/2022 9:32:56 AM,DARTM1,0,695
3748,Cazenove St,1,,12:00,16:00,Odd,Chandler St,Dead End,0.0545455,,False,True,False,True,False,False,False,False,False,True,False,False,False,False,False,True,3/24/2023 9:06:16 AM,CAZEN1,0,288
3749,Cazenove St,1,,12:00,16:00,Even,Chandler St,Dead End,0.0545455,,False,False,True,False,True,False,False,False,False,True,False,False,False,False,False,True,3/24/2023 9:06:20 AM,CAZEN1,0,288
3750,St Charles St,1,,12:00,16:00,Odd,Chandler St,Dead End,0.0450758,,False,True,False,True,False,False,False,False,False,True,False,False,False,False,False,False,3/15/2019 10:13:21 AM,ST CH1,0,238
3751,St Charles St,1,,12:00,16:00,Even,Chandler St,Dead End,0.0450758,,False,False,True,False,True,False,False,False,False,True,False,False,False,False,False,False,3/15/2019 10:14:08 AM,ST CH1,0,238
3752,Hopkins St,7,South Dorchester,08:00,12:00,Odd,Corbet St,Evans St,0.0975379,,False,True,False,True,False,False,False,False,False,False,True,False,False,False,False,False,3/15/2019 10:22:31 AM,HOPKI2,0,515
3753,Hopkins St,7,South Dorchester,08:00,12:00,Even,Corbet St,Evans St,0.0975379,,False,False,True,False,True,False,False,False,False,False,True,False,False,False,False,False,3/15/2019 10:23:11 AM,HOPKI2,0,515
3754,Tremont St,1,,05:00,07:00,Odd,Herald St,Berkeley St,0.16553,,False,True,True,True,True,True,False,True,False,False,False,False,False,False,True,False,3/15/2019 11:40:20 AM,TREMO1,5356,6230
3755,Cunard St,10M,Mission Hill,09:00,12:00,Odd,Columbus Ave,Tremont St,0.0664773,,False,True,False,True,False,False,False,False,False,True,False,False,False,False,False,False,3/15/2019 11:43:28 AM,CUNAR1,0,351
3756,Cunard St,10M,Mission Hill,09:00,12:00,Even,Columbus Ave,Tremont St,0.0664773,,False,False,True,False,True,False,False,False,False,True,False,False,False,False,False,False,3/15/2019 11:44:21 AM,CUNAR1,0,351
3757,Newbury St,1B,Back Bay,00:00,07:00,Odd,Arlington St,Massachusetts Ave,0.928219696969697,,True,True,True,True,True,True,False,False,True,False,False,False,False,False,True,False,4/3/2019 8:14:32 AM,NEWBU4,0,4901
3758,Wardman Rd,10R,Roxbury,08:00,12:00,Even,Westminister Ave,Walnut Park,0.06931818181,,False,False,True,False,True,False,False,False,False,False,False,True,False,False,False,False,3/23/2020 9:45:32 AM,WARDM1,0,366
3759,Wardman Rd,10R,Roxbury,08:00,12:00,Odd,Westminister Ave,Walnut Park,0.06931818181,,False,True,False,True,False,False,False,False,False,False,False,True,False,False,False,False,3/23/2020 9:46:13 AM,WARDM1,0,366
3760,Vale St,10R,Roxbury,08:00,12:00,Odd,Thornton St,Marcella St,0.11666666666,,False,True,False,True,False,False,False,False,True,False,False,False,False,False,False,False,7/5/2022 1:59:37 PM,VALE 1,0,616
3761,Vale St,10R,Roxbury,08:00,12:00,Even,Thornton St,Marcella St,0.11666666666,,False,False,True,False,True,False,False,False,True,False,False,False,False,False,False,False,3/23/2020 9:51:26 AM,VALE 1,0,616
3762,Waldren Rd,10R,Roxbury,08:00,12:00,Even,Westminister Ave,Walnut Park,0.06628787878,,False,False,True,False,True,False,False,False,False,False,False,True,False,False,False,False,3/23/2020 9:57:03 AM,WALDR1,0,350
3763,Waldren Rd,10R,Roxbury,08:00,12:00,Odd,Westminister Ave,Walnut Park,0.06628787878,,False,True,False,True,False,False,False,False,False,False,False,True,False,False,False,False,3/23/2020 9:57:46 AM,WARDM1,0,350
3764,American Legion Hwy,10,Roxbury,12:00,04:00,Even,Cummins Hwy,Hyde Park Ave,0.58768939393,,False,True,True,True,True,True,False,False,False,False,False,True,False,False,False,False,4/16/2021 4:23:12 PM,AMERI1,11059,14162
3765,American Legion Hwy,10,Roxbury,12:00,16:00,Odd,Cummins Hwy,Hyde Park Ave,0.58390151515,,False,True,True,True,True,True,False,True,False,False,False,False,False,False,False,False,4/16/2021 4:23:02 PM,AMERI2,11126,14209
3766,Saratoga St,9,East Boston,08:00,12:00,Odd,Barnes Ave,Annavoy St,0.42234848484,,False,False,True,False,True,False,False,True,False,False,False,False,False,False,False,False,3/23/2020 10:07:13 AM,SARAT1,9892,12122
3767,Boardman St,9,East Boston,08:00,12:00,Odd,Saratoga St,Leyden St,0.35397727272,,False,True,False,True,False,False,False,True,False,False,False,False,False,False,False,False,3/23/2020 10:10:30 AM,BOARD1,0,1869
3768,Bennington St,9,East Boston,08:00,12:00,Even,Austin Ave,Leverett St,0.21098484848,,False,False,True,False,True,False,False,True,False,False,False,False,False,False,False,False,3/23/2020 10:38:39 AM,BENNI2,0,1114
3769,Bennington St,9,East Boston,08:00,12:00,Odd,Austin Ave,Leverett St,0.21098484848,,False,True,False,True,False,False,False,True,False,False,False,False,False,False,False,False,3/23/2020 10:39:54 AM,BENNI2,0,1114
3770,Bennington St,9,East Boston,08:00,12:00,Even,Saratoga St,Austin Ave,0.40284090909,,False,False,True,False,True,False,False,True,False,False,False,False,False,False,False,False,3/23/2020 10:41:55 AM,BENNI4,6510,8637
3771,Bennington St,9,East Boston,08:00,12:00,Odd,Saratoga St,Austin Ave,0.40284090909,,False,True,False,True,False,False,False,True,False,False,False,False,False,False,False,False,3/23/2020 10:42:49 AM,BENNI4,6510,8637
3772,Taylor St,1S,South End,08:00,12:00,Odd,Dwight St,Milford St,4.26136363636364E-02,,False,True,False,True,False,True,False,False,False,False,True,False,False,False,False,True,8/20/2020 8:11:25 AM,TAYLO3,0,225
3773,Union Park St,1S,South End,08:00,12:00,Odd,Shawmut Ave,Washington St,0.07556818181,,False,True,False,True,False,True,False,False,False,False,True,False,False,False,False,True,8/20/2020 8:09:59 AM,UNION2,0,399
3774,Union Park St,1S,South End,08:00,12:00,Even,Shawmut Ave,Washington St,0.07556818181,,False,False,True,False,True,False,False,False,False,False,True,False,False,False,False,True,3/23/2020 1:33:55 PM,UNION2,0,399
3775,Public Alley 705,1S,South End,08:00,12:00,Even,Tremont St,Shawmut Ave,0.15606060606,,False,False,True,False,True,False,False,False,False,False,True,False,False,False,False,True,3/24/2020 12:38:27 PM,PA0705,0,824
3776,Public Alley 705,1S,South End,08:00,12:00,Odd,Tremont St,Shawmut Ave,0.15606060606,,False,True,False,True,False,True,False,False,False,False,True,False,False,False,False,True,8/20/2020 8:10:55 AM,PA0705,0,824
3777,Newcomb St,1S,South End,08:00,12:00,Even,Washington St,Harrison Ave,0.1293560606,,False,False,True,False,True,False,False,False,False,False,True,False,False,False,False,True,3/24/2020 1:13:24 PM,NEWCO1,0,683
3778,Newcomb St,1S,South End,08:00,12:00,Odd,Washington St,Harrison Ave,0.1293560606,,False,True,False,True,False,True,False,False,False,False,True,False,False,False,False,True,3/24/2020 1:14:43 PM,NEWCO1,0,683
3779,Lenox St,1S,South End,08:00,12:00,Even,Washington St,Tremont St,0.28977272727,,False,False,True,False,True,False,False,False,False,False,True,False,False,False,False,True,3/24/2020 1:22:51 PM,LENOX1,0,1530
3780,Lenox St,1S,South End,08:00,12:00,Odd,Washington St,Tremont St,0.28977272727,,False,True,False,True,False,True,False,False,False,False,True,False,False,False,False,True,3/24/2020 1:24:01 PM,LENOX1,0,1530
3781,Thorndike St,1S,South End,12:00,16:00,Odd,Washington St,Harrison Ave,0.1221590909,,False,True,False,True,False,True,False,False,False,False,True,False,False,False,False,True,3/24/2020 1:27:57 PM,THORN2,0,645
3782,Thorndike St,1S,South End,12:00,16:00,Even,Washington St,Harrison Ave,0.1221590909,,False,False,True,False,True,False,False,False,False,False,True,False,False,False,False,True,3/24/2020 1:28:54 PM,LENOX2,0,645
3783,Washington St,M,Multiple,08:00,12:00,Even,Columbia Rd,Harvard St,0.602083333333333,,False,False,True,False,True,False,False,False,False,True,False,False,False,False,True,False,3/24/2020 2:20:52 PM,WASHI5,1285,4464
3784,Waldeck St,3,North Dorchester,12:00,16:00,Odd,Park St,Geneva Ave,0.218560606060606,,False,False,True,False,True,False,False,False,True,False,False,False,False,False,False,False,3/30/2020 1:19:01 PM,WALDE1,815,1969
3785,Walnut St,1H,Beacon Hill,08:00,12:00,Odd,Beacon St,Chestnut St,0.06041666666,,False,True,False,True,False,True,False,False,False,False,False,True,False,False,False,True,3/2/2021 10:02:09 AM,WALNU9,0,319
3786,Monastery Rd,4,Allston/Brighton,08:00,12:00,Even,Washington St,Colbourne Rd,0.15037878787,,False,False,True,False,True,False,False,False,False,True,False,False,False,False,False,False,4/16/2021 4:07:58 PM,MONAS1,0,794
3787,Monastery Rd,4,Allston/Brighton,08:00,12:00,Odd,Washington St,Colbourne Rd,0.15037878787,,False,True,False,True,False,False,False,False,False,True,False,False,False,False,False,False,4/16/2021 4:08:37 PM,MONAS1,0,794
3788,Washington St,4,Allston/Brighton,08:00,12:00,Even,Commonweath Ave,Cambridge St,0.52727272727,,False,False,True,False,True,False,False,False,False,True,False,False,False,False,False,False,4/16/2021 4:12:44 PM,WASHI3,994,3778
3789,Washington St,4,Allston/Brighton,08:00,12:00,Odd,Commonweath Ave,Cambridge St,0.52727272727,,False,True,False,True,False,False,False,False,False,True,False,False,False,False,False,False,4/16/2021 4:13:23 PM,WASHI3,994,3778
3790,Dyer St,7,South Dorchester,08:00,12:00,Even,Capen St,Evans St,0.10454545454,,False,False,True,False,True,False,False,False,False,False,True,False,False,False,False,False,4/16/2021 4:15:35 PM,DYER 1,0,552
3791,Dyer St,7,South Dorchester,08:00,12:00,Odd,Capen St,Evans St,0.10454545454,,False,True,False,True,False,False,False,False,False,False,True,False,False,False,False,False,4/16/2021 4:16:12 PM,DYER 1,0,552
3792,Walton St,7,South Dorchester,08:00,12:00,Even,Washington St,Harley St,0.10946969697,,False,False,True,False,True,False,False,False,False,False,False,True,False,False,False,False,4/16/2021 4:17:29 PM,WALTO1,0,578
3793,Walton St,7,South Dorchester,08:00,12:00,Odd,Washington St,Harley St,0.10946969697,,False,True,False,True,False,False,False,False,False,False,False,True,False,False,False,False,4/16/2021 4:18:06 PM,WALTO1,0,578
3794,Grace St,7,South Dorchester,08:00,12:00,Even,Walton St,Roslin St,0.06571969696,,False,False,True,False,True,False,False,False,False,False,False,True,False,False,False,False,4/16/2021 4:19:23 PM,GRACE1,0,347
3795,Grace St,7,South Dorchester,08:00,12:00,Odd,Walton St,Roslin St,0.06571969696,,False,True,False,True,False,False,False,False,False,False,False,True,False,False,False,False,4/16/2021 4:20:32 PM,GRACE1,0,347
3797,Rosewood St,8,Hyde Park,00:00,00:00,Both,Cummins Hwy,Rector Rd,0.29469696969,,False,False,False,False,False,False,False,False,False,False,False,False,False,False,False,False,5/11/2021 2:41:54 PM,ROSEW2,0,1556
3798,Stafford St,10R,Roxbury,12:00,16:00,Even,Dennis St,Blue Hill Ave,0.06268939393,,False,False,True,False,True,False,False,False,False,False,True,False,False,False,False,False,3/22/2022 9:49:56 AM,STAFF1,0,331
3799,Stafford St,10R,Roxbury,12:00,16:00,Odd,Dennis St,Blue Hill Ave,0.06268939393,,False,True,False,True,False,False,False,False,False,False,True,False,False,False,False,False,3/22/2022 9:49:48 AM,STAFF1,0,331
3800,Dennis St,10R,Roxbury,12:00,16:00,Even,Woodville St,Dudley St,0.20227272727,,False,False,True,False,True,False,False,False,False,False,True,False,False,False,False,False,3/22/2022 9:50:18 AM,DENNI1,0,1068
3801,Dennis St,10R,Roxbury,12:00,16:00,Odd,Woodville St,Dudley St,0.20227272727,,False,True,False,True,False,False,False,False,False,False,True,False,False,False,False,False,3/22/2022 9:50:12 AM,DENNI,0,1068
3802,Moreland St,10R,Roxbury,12:00,16:00,Even,Blue Hill Ave,Brook Ave,0.15056818181,,False,False,True,False,True,False,False,False,False,False,True,False,False,False,False,False,3/22/2022 9:50:53 AM,MOREL1,2145,2940
3803,Moreland St,10R,Roxbury,12:00,16:00,Odd,Blue Hill Ave,Brook Ave,0.15056818181,,False,True,False,True,False,False,False,False,False,False,True,False,False,False,False,False,3/22/2022 9:50:46 AM,MOREL1,2145,2940
3804,Winthrop St,10R,Roxbury,12:00,16:00,Even,Blue Hill Ave,Brook Ave,0.15018939393,,False,False,True,False,True,False,False,False,False,False,True,False,False,False,False,False,3/22/2022 9:51:29 AM,WINTH1,0,793
3805,Winthrop St,10R,Roxbury,12:00,16:00,Odd,Blue Hill Ave,Brook Ave,0.15018939393,,False,True,False,True,False,False,False,False,False,False,True,False,False,False,False,False,3/22/2022 9:51:22 AM,WINTH1,0,793
3806,Huckins St,10R,Roxbury,12:00,16:00,Even,Blue Hill Ave,Dennis St,0.08712121212,,False,False,True,False,True,False,False,False,False,False,True,False,False,False,False,False,3/22/2022 9:51:54 AM,HUCKI1,0,460
3807,Huckins St,10R,Roxbury,12:00,16:00,Odd,Blue Hill Ave,Dennis St,0.08712121212,,False,True,False,True,False,False,False,False,False,False,True,False,False,False,False,False,3/22/2022 9:51:47 AM,HUCKI1,0,460
3808,Myrtle St,2,Jamaica Plain,08:00,12:00,Even,Centre St,Pond St,0.21003787878,,False,False,True,False,True,False,False,False,False,True,False,False,False,False,False,False,3/22/2022 9:52:18 AM,MYRTL1,0,1109
3809,Myrtle St,2,Jamaica Plain,08:00,12:00,Odd,Centre St,Pond St,0.21003787878,,False,True,False,True,False,False,False,False,False,True,False,False,False,False,False,False,3/22/2022 9:52:12 AM,MYRTL1,0,1109
3810,Philbrick St,2,Jamaica Plain,08:00,12:00,Even,Mt Hope St,Neponset Ave,0.13143939393,,False,False,True,False,True,False,False,False,False,False,False,True,False,False,False,False,3/22/2022 9:47:37 AM,PHILB1,0,694
3811,Philbrick St,2,Jamaica Plain,08:00,12:00,Odd,Mt Hope St,Neponset Ave,0.13143939393,,False,True,False,True,False,False,False,False,False,False,False,True,False,False,False,False,3/22/2022 9:47:45 AM,PHILB1,0,694
3812,Mountfort St,10F,Fenway/Kenmore,12:00,16:00,Even,Beacon St,St. Mary's St,0.26988636363,,False,False,True,False,True,False,False,False,False,True,False,False,False,False,False,False,3/31/2022 12:50:16 PM,MOUNT12,0,1425
3813,Mountfort St,10F,Fenway/Kenmore,12:00,16:00,Odd,Beacon St,St. Mary's St,0.26988636363,,False,True,False,True,False,False,False,False,False,True,False,False,False,False,False,False,3/31/2022 12:50:11 PM,MOUNT12,0,1425
3814,Buswell St,10F,Fenway/Kenmore,12:00,16:00,Odd,Mountfort St,St. Mary's St,0.19375,,False,True,False,True,False,False,False,False,False,True,False,False,False,False,False,False,3/31/2022 12:50:38 PM,BUSWE1,0,1023
3815,Buswell St,10F,Fenway/Kenmore,12:00,16:00,Even,Mountfort St,St. Mary's St,0.19375,,False,False,True,False,True,False,False,False,False,True,False,False,False,False,False,False,3/31/2022 12:50:34 PM,BUSWE1,0,1023
3816,Miner St,10F,Fenway/Kenmore,12:00,16:00,Odd,Beacon St,MBTA,0.07821969696,,False,True,False,True,False,False,False,False,False,True,False,False,False,False,False,False,3/31/2022 12:50:58 PM,MINER1,0,413
3817,Miner St,10F,Fenway/Kenmore,12:00,16:00,Even,Beacon St,MBTA,0.07821969696,,False,False,True,False,True,False,False,False,False,True,False,False,False,False,False,False,3/31/2022 12:50:54 PM,MINER1,0,413
3818,Arundel St,10F,Fenway/Kenmore,12:00,16:00,Odd,Mountfort St,Beacon St,0.06287878787,,False,True,False,True,False,False,False,False,False,True,False,False,False,False,False,False,3/31/2022 12:51:17 PM,ARUND1,0,332
3819,Arundel St,10F,Fenway/Kenmore,12:00,16:00,Even,Mountfort St,Beacon St,0.06287878787,,False,False,True,False,True,False,False,False,False,True,False,False,False,False,False,False,3/31/2022 12:51:12 PM,ARUND1,0,332
3820,Camden St,10R,Roxbury,08:00,12:00,Odd,Shawmut Ave,Dead End,0.36496212121,,False,True,False,True,False,True,False,False,False,False,True,False,False,False,False,True,6/15/2022 10:50:16 AM,CAMDE1,0,1927
3821,Camden St,10R,Roxbury,08:00,12:00,Even,Shawmut Ave,Dead End,0.36496212121,,False,False,True,False,True,False,False,False,False,False,True,False,False,False,False,True,6/15/2022 10:50:54 AM,CAMDE1,0,1927
3822,Belvidere St,1B,Back Bay,12:00,04:00,Odd,Massachusetts Ave,Dalton St,0.152462121212121,,True,True,False,True,False,False,False,True,False,False,False,False,False,False,False,False,7/25/2022 8:40:43 AM,BELVI1,0,805
3823,Quincy St,10R,Roxbury,12:00,16:00,Even,Blue Hill Ave,Columbia Rd,0.50833333333,,False,False,True,False,True,False,False,False,False,False,True,False,False,False,False,False,9/2/2022 8:16:50 AM,QUINC2,1287,3971
3824,Quincy St,10R,Roxbury,12:00,16:00,Odd,Blue Hill Ave,Columbia Rd,0.50833333333,,False,True,False,True,False,False,False,False,False,False,True,False,False,False,False,False,9/2/2022 8:17:59 AM,QUINC2,1287,3971
3825,Exeter St,1B,Back Bay,06:00,08:00,Odd,Beacon St,Commonwealth Ave,0.1178030303,,False,True,False,True,False,False,False,False,False,True,False,False,False,False,False,False,3/16/2023 11:54:02 AM,EXETE1,199,821
3826,Exeter St,1B,Back Bay,06:00,08:00,Even,Beacon St,Commonwealth Ave,0.1178030303,,False,False,True,False,True,False,False,False,False,True,False,False,False,False,False,False,3/16/2023 11:55:02 AM,EXETE1,199,821
3827,Harrison Ave,1S,South End,12:00,16:00,Even,Traveler St,East Brookline St,0.56344696969,,False,False,True,False,True,False,False,False,False,False,True,False,False,False,False,True,3/28/2023 11:23:34 AM,HARRI5,3034,6009
3828,Bradlee St,3,North Dorchester,12:00,16:00,Odd,Washington St,School St,0.15568181818,,False,True,False,True,False,False,False,False,True,False,False,False,False,False,False,False,9/8/2023 3:48:01 PM,BRADL5,0,822
3829,Bradlee St,3,North Dorchester,12:00,16:00,Even,Washington St,School St,0.15568181818,,False,False,True,False,True,False,False,False,True,False,False,False,False,False,False,False,9/8/2023 3:47:52 PM,BRADL5,0,822
3830,Gaylord St,3,North Dorchester,12:00,16:00,Odd,Washington St,Chamberlain St,0.09223484848,,False,True,False,True,False,False,False,False,True,False,False,False,False,False,False,False,9/8/2023 3:49:47 PM,GAYLO1,0,487
3831,Gaylord St,3,North Dorchester,12:00,16:00,Even,Washington St,Chamberlain St,0.09223484848,,False,False,True,False,True,False,False,False,True,False,False,False,False,False,False,False,9/8/2023 3:50:31 PM,GAYLO1,0,487
3832,East Eighth St,5,South Boston,09:00,13:00,Even,K St,O St,0.3909090909,,False,False,True,False,True,False,False,False,False,True,False,False,False,False,False,False,10/6/2023 1:06:51 PM,E EIG1,3929,5993
3833,East Eighth St,5,South Boston,09:00,13:00,Odd,K St,O St,0.3909090909,,False,True,False,True,False,False,False,False,False,True,False,False,False,False,False,False,10/6/2023 1:06:36 PM,E EIG1,3929,5993
3834,Atlantic Ave,1T,Chinatown,12:00,16:00,Odd,Commercial St,Cross St,0.22821969697,,False,True,False,True,False,False,False,False,True,False,False,False,False,False,True,False,11/30/2023 2:46:00 PM,ATLAN1,0,1205
3835,Lothian Rd,4,Allston/Brighton,08:00,12:00,Odd,Strathmore Rd,Chiswick Rd,0.06912878787,,False,True,False,True,False,False,False,False,False,True,False,False,False,False,False,False,3/11/2024 11:13:27 AM,LOTHI1,0,365
3836,Lothian Rd,4,Allston/Brighton,08:00,12:00,Even,Strathmore Rd,Chiswick Rd,0.06912878787,,False,False,True,False,True,False,False,False,False,True,False,False,False,False,False,False,3/11/2024 11:14:08 AM,LOTHI1,0,365
3837,Bourneside St,7,South Dorchester,08:00,12:00,Odd,Park St,Melville Ave,0.15265151515,,False,True,False,True,False,False,False,False,False,True,False,False,False,False,False,False,3/11/2024 11:16:53 AM,BOURN3,0,806
3838,Bourneside St,7,South Dorchester,08:00,12:00,Even,Park St,Melville Ave,0.15265151515,,False,False,True,False,True,False,False,False,False,True,False,False,False,False,False,False,3/11/2024 11:17:34 AM,BOURN3,0,806
3839,Brook Ave,3,North Dorchester,12:00,16:00,Odd,Dudley St,Dudley St,0.3231060606,,False,False,False,True,False,False,False,False,False,False,True,False,False,False,False,False,3/11/2024 1:04:14 PM,BROOK1,0,1706
3840,Brook Ave,3,North Dorchester,12:00,16:00,Even,Dudley St,Dudley St,0.3231060606,,False,False,True,False,True,False,False,False,False,False,True,False,False,False,False,False,3/11/2024 1:04:57 PM,BROOK1,0,1706
3841,Harrow St,3,North Dorchester,08:00,12:00,Odd,Humphreys St,Hillsboro Rd,0.0606060606,,False,True,False,True,False,False,False,False,False,False,False,True,False,False,False,False,3/12/2024 12:30:27 PM,HARRO1,0,320
3842,Harrow St,3,North Dorchester,08:00,12:00,Even,Humphreys St,Hillsboro Rd,0.0606060606,,False,False,True,False,True,False,False,False,False,False,False,True,False,False,False,False,3/12/2024 12:31:07 PM,HARRO1,0,320
3843,Elder St,3,North Dorchester,08:00,12:00,Odd,Columbia Rd,Humphreys St,0.16515151515,,False,True,False,True,False,False,False,False,False,False,False,True,False,False,False,False,3/12/2024 12:32:33 PM,ELDER1,0,872
3844,Elder St,3,North Dorchester,08:00,12:00,Even,Columbia Rd,Humphreys St,0.16515151515,,False,False,True,False,True,False,False,False,False,False,False,True,False,False,False,False,3/12/2024 12:33:14 PM,ELDER1,0,872
3845,Cawfield St,3,North Dorchester,08:00,12:00,Even,Elder St,Eastman St,0.07159090909,,False,False,True,False,True,False,False,False,False,False,False,True,False,False,False,False,3/12/2024 12:36:33 PM,CAWFI1,0,378
3846,Cawfield St,3,North Dorchester,08:00,12:00,Even,Elder St,Eastman St,0.07159090909,,False,False,True,False,True,False,False,False,False,False,False,True,False,False,False,False,8/20/2024 10:47:29 AM,CAWFI1,0,378
3847,Cawfield St,3,North Dorchester,08:00,12:00,Odd,Elder St,Eastman St,0.07159090909,,False,True,False,True,False,False,False,False,False,False,False,True,False,False,False,False,3/12/2024 12:36:14 PM,CAWFI1,0,378
3848,Eastman St,3,North Dorchester,08:00,12:00,Odd,Columbia Rd,Elder St,0.12803030303,,False,True,False,True,False,False,False,False,False,False,False,True,False,False,False,False,3/12/2024 12:37:57 PM,EASTM1,0,676
3849,Eastman St,3,North Dorchester,08:00,12:00,Even,Columbia Rd,Elder St,0.12803030303,,False,False,True,False,True,False,False,False,False,False,False,True,False,False,False,False,3/12/2024 12:38:33 PM,EASTM1,0,676
3850,Chamberlain St,3,North Dorchester,12:00,16:00,Odd,Algonquin St,Harvard St,0.09526515151,,False,True,False,True,False,False,False,False,True,False,False,False,False,False,False,False,3/12/2024 12:40:23 PM,CHAMB1,0,503
3851,Chamberlain St,3,North Dorchester,12:00,16:00,Even,Algonquin St,Harvard St,0.09526515151,,False,False,True,False,True,False,False,False,True,False,False,False,False,False,False,False,3/12/2024 12:40:55 PM,CHAMB1,0,503
3852,Pleasanton St,10,Roxbury,08:00,12:00,Odd,Ruthven St,Homestead St,0.07518939393,,False,True,False,True,False,False,False,False,False,False,False,True,False,False,False,False,3/12/2024 12:43:18 PM,PLEAS8,0,397
3853,Pleasanton St,10,Roxbury,08:00,12:00,Even,Ruthven St,Homestead St,0.07518939393,,False,False,True,False,True,False,False,False,False,False,False,True,False,False,False,False,3/12/2024 12:43:55 PM,CHAMB1,0,397
3854,Mora St,3,North Dorchester,08:00,12:00,Odd,Washington St,Milton Ave,0.24488636363,,False,True,False,True,False,False,False,False,False,False,True,False,False,False,False,False,4/12/2024 10:12:56 AM,MORA 1,0,1293
3855,Mora St,3,North Dorchester,08:00,12:00,Even,Washington St,Milton Ave,0.24488636363,,False,False,True,False,True,False,False,False,False,False,True,False,False,False,False,False,4/12/2024 10:13:37 AM,MORA 1,0,1293
3856,West Third St,5,South Boston,09:00,13:00,Odd,A St,B St,0.10700758,,False,True,False,True,False,False,False,False,False,False,False,True,False,False,False,False,8/20/2024 10:50:05 AM,WEST 33,291,856
3857,West Third St,5,South Boston,09:00,13:00,Even,A St,B St,0.10700758,,False,False,True,False,True,False,False,False,False,False,False,True,False,False,False,False,8/20/2024 10:51:04 AM,WEST 33,291,856
3858,Devine Way,5,South Boston,09:00,13:00,Odd,Dorchester Ave,Old Colony Ave,0.22291666666,,False,True,False,True,False,False,False,False,True,False,False,False,False,False,False,False,8/20/2024 10:53:40 AM,GEN W1,0,1177
3859,Devine Way,5,South Boston,09:00,13:00,Even,Dorchester Ave,Old Colony Ave,0.22291666666,,False,False,True,False,True,False,False,False,True,False,False,False,False,False,False,False,8/20/2024 10:54:45 AM,GEN W1,0,1177
3860,Jenkins St,5,South Boston,09:00,13:00,Odd,Dorchester St,Old Colony Ave,0.09621212121,,False,True,False,True,False,False,False,False,True,False,False,False,False,False,False,False,8/20/2024 11:57:49 AM,JENKI1,0,508
3861,Jenkins St,5,South Boston,09:00,13:00,Even,Dorchester St,Old Colony Ave,0.09621212121,,False,False,True,False,True,False,False,False,True,False,False,False,False,False,False,False,8/20/2024 11:58:24 AM,JENKI1,0,508
3862,Vinton St,5,South Boston,09:00,13:00,Odd,Dorchester St,Preble St,0.1418560606,,False,True,False,True,False,False,False,False,True,False,False,False,False,False,False,False,8/20/2024 12:16:23 PM,VINTO1,0,749
3863,Vinton St,5,South Boston,09:00,13:00,Even,Dorchester St,Preble St,0.1418560606,,False,False,True,False,True,False,False,False,True,False,False,False,False,False,False,False,8/20/2024 12:17:00 PM,VINTO1,0,749
3864,Ward St,5,South Boston,09:00,13:00,Odd,Dorchester St,Preble St,0.09659090909,,False,True,False,True,False,False,False,False,True,False,False,False,False,False,False,False,8/20/2024 12:23:08 PM,WARD 3,0,510
3865,Ward St,5,South Boston,09:00,13:00,Even,Dorchester St,Preble St,0.09659090909,,False,False,True,False,True,False,False,False,True,False,False,False,False,False,False,False,8/20/2024 12:23:41 PM,WARD 3,0,510
3866,Rogers St,5,South Boston,09:00,13:00,Odd,Dorchester St,Devine Way,0.11666666666,,False,True,False,True,False,False,False,False,True,False,False,False,False,False,False,False,8/20/2024 12:34:06 PM,ROGER2,0,616
3867,Rogers St,5,South Boston,09:00,13:00,Even,Dorchester St,Devine Way,0.11666666666,,False,False,True,False,True,False,False,False,True,False,False,False,False,False,False,False,8/20/2024 12:34:38 PM,ROGER2,0,616
3868,Carpenter St,5,South Boston,09:00,13:00,Odd,Devine Way,Preble St,0.05700757575,,False,True,False,True,False,False,False,False,True,False,False,False,False,False,False,False,8/20/2024 2:03:31 PM,CARPE1,0,301
3869,Carpenter St,5,South Boston,09:00,13:00,Even,Devine Way,Preble St,0.05700757575,,False,False,True,False,True,False,False,False,True,False,False,False,False,False,False,False,8/20/2024 2:03:26 PM,CARPE1,0,301
3870,Wendeller St,5,South Boston,09:00,13:00,Odd,Devine Way,Preble St,0.04375,,False,True,False,True,False,False,False,False,True,False,False,False,False,False,False,False,8/20/2024 2:02:21 PM,WENDE2,0,231
3871,Wendeller St,5,South Boston,09:00,13:00,Even,Devine Way,Preble St,0.04375,,False,False,True,False,False,False,False,False,True,False,False,False,False,False,False,False,8/20/2024 2:02:57 PM,WENDE2,0,231
3872,Liberty Pl,5,South Boston,09:00,13:00,Odd,Preble St,Dead End,0.0293560606,,False,True,False,True,False,False,False,False,True,False,False,False,False,False,False,False,8/20/2024 2:05:08 PM,LIBER1,0,155
3873,Liberty Pl,5,South Boston,09:00,13:00,Even,Preble St,Dead End,0.0293560606,,False,False,True,False,True,False,False,False,True,False,False,False,False,False,False,False,8/20/2024 2:05:48 PM,LIBER1,0,155
3874,Tuckerman St,5,South Boston,13:00,17:00,Odd,Dorchester St,Middle St,0.08049242424,,False,True,False,True,False,False,False,False,True,False,False,False,False,False,False,False,8/20/2024 2:34:10 PM,TUCKE2,0,425
3875,Tuckerman St,5,South Boston,13:00,17:00,Even,Dorchester St,Middle St,0.08049242424,,False,False,True,False,True,False,False,False,True,False,False,False,False,False,False,False,8/20/2024 2:35:02 PM,TUCKE2,0,425
3876,Middle St,5,South Boston,13:00,17:00,Odd,Dorchester St,Dorchester Ave,0.17670454545,,False,True,False,True,False,False,False,False,True,False,False,False,False,False,False,False,8/20/2024 2:37:00 PM,MIDDL1,0,933
3877,Middle St,5,South Boston,13:00,17:00,Even,Dorchester St,Dorchester Ave,0.17670454545,,False,False,True,False,True,False,False,False,True,False,False,False,False,False,False,False,8/20/2024 2:37:40 PM,MIDDL1,0,933
3878,Woodward St,5,South Boston,13:00,17:00,Odd,Dorchester St,Dorchester Ave,0.13901515151,,False,True,False,True,False,False,False,False,True,False,False,False,False,False,False,False,8/20/2024 3:42:29 PM,WOODW3,0,734
3879,Woodward St,5,South Boston,13:00,17:00,Even,Dorchester St,Dorchester Ave,0.13901515151,,False,False,True,False,True,False,False,False,True,False,False,False,False,False,False,False,8/20/2024 3:43:02 PM,WOODW3,0,734
3880,Leeds St,5,South Boston,13:00,17:00,Odd,Woodward St,Dorchester St,0.07859848484,,False,True,False,True,False,False,False,False,True,False,False,False,False,False,False,False,8/20/2024 3:45:14 PM,LEEDS1,0,415
3881,Leeds St,5,South Boston,13:00,17:00,Even,Woodward St,Dorchester Ave,0.07859848484,,False,False,True,False,False,False,False,False,True,False,False,False,False,False,False,False,8/20/2024 3:45:53 PM,LEEDS1,0,415
3882,Glover Ct,5,South Boston,13:00,17:00,Odd,Woodward St,Dead End,0.0365530303,,False,True,False,True,False,False,False,False,True,False,False,False,False,False,False,False,8/22/2024 8:48:46 AM,GLOVE1,0,193
3883,Glover Ct,5,South Boston,13:00,17:00,Even,Woodward St,Dead End,0.0365530303,,False,False,True,False,True,False,False,False,True,False,False,False,False,False,False,False,8/22/2024 8:49:22 AM,GLOVE1,0,193
3884,Glover Ct,5,South Boston,13:00,17:00,Even,Woodward St,Dead End,0.0365530303,,False,False,True,False,True,False,False,False,True,False,False,False,False,False,False,False,8/22/2024 8:49:22 AM,GLOVE1,0,193
3885,Walk Hill St,2,Jamaica Plain,08:00,12:00,Odd,Hyde Park Ave,Canterbury St,0.67594696969,,False,True,False,True,False,False,False,False,False,False,False,True,False,False,False,False,4/14/2025 1:48:47 PM,WALK 1,0,3569
3886,Walk Hill St,2,Jamaica Plain,08:00,12:00,Even,Hyde Park Ave,Canterbury St,0.67594696969,,False,False,True,False,True,False,False,False,False,False,False,True,False,False,False,False,4/14/2025 1:49:38 PM,WALK 1,0,3569
3887,Centre St,7,South Dorchester,08:00,12:00,Odd,Dorchester Ave,Adams St,0.31950757575,,False,True,False,True,False,False,False,True,False,False,False,False,False,False,False,False,4/14/2025 1:52:28 PM,CENTR7,2854,4541
3888,Centre St,7,South Dorchester,08:00,12:00,Even,Dorchester Ave,Adams St,0.31950757575,,False,False,True,False,True,False,False,True,False,False,False,False,False,False,False,False,4/14/2025 1:53:18 PM,CENTR7,2854,4541
3889,Ashmont St,7,South Dorchester,08:00,12:00,Odd,Washington St,Dorchester Ave,0.35928030303,,False,True,False,True,False,False,False,False,False,False,False,True,False,False,False,False,4/14/2025 1:56:04 PM,ASHMO3,0,1897
3890,Ashmont St,7,South Dorchester,08:00,12:00,Even,Washington St,Dorchester Ave,0.35928030303,,False,False,True,False,True,False,False,False,False,False,False,True,False,False,False,False,4/14/2025 1:56:47 PM,ASHMO3,0,1897
3891,Geneva Ave,3,North Dorchester,08:00,12:00,Odd,Blue Hill Ave,Columbia Road,0.29734848484,,False,True,False,True,False,False,False,False,False,True,False,False,False,False,False,False,4/14/2025 2:50:14 PM,GENEV1,0,1570
3892,Geneva Ave,3,North Dorchester,08:00,12:00,Even,Blue Hill Ave,Columbia Road,0.29734848484,,False,False,True,False,True,False,False,False,False,True,False,False,False,False,False,False,4/14/2025 2:52:15 PM,GENEV1,0,1570
3893,Gayland St,3,North Dorchester,12:00,16:00,Odd,West Cottage St,Judson St,0.11875,,False,True,False,True,False,False,False,False,False,False,True,False,False,False,False,False,4/14/2025 2:54:34 PM,GAYLA1,0,627
3894,Gayland St,3,North Dorchester,12:00,16:00,Even,West Cottage St,Judson St,0.11875,,False,False,True,False,True,False,False,False,False,False,True,False,False,False,False,False,4/14/2025 2:55:16 PM,GAYLA1,0,627
3895,Kensington St,10R,Roxbury,12:00,16:00,Even,Elmore St,Dead End,0.04204545454,,False,False,True,False,True,False,False,False,True,False,False,False,False,False,False,False,8/8/2025 3:00:58 PM,KENSI2,0,222
3896,Kensington St,10R,Roxbury,12:00,16:00,Odd,Elmore St,Dead End,0.04204545454,,False,True,False,True,False,False,False,False,True,False,False,False,False,False,False,False,8/8/2025 3:01:38 PM,KENSI2,0,222
3897,Atherton St,10,Roxbury,08:00,12:00,Even,Washington St,Amory St,0.348309622,,True,True,False,True,False,False,False,False,False,False,False,True,False,False,False,False,10/23/2025 12:19:07 PM,ATHER1,0,406
3898,Atherton St,10,Roxbury,08:00,12:00,Odd,Washington St,Amory St,0.348309622,,True,False,True,False,True,False,False,False,False,False,False,True,False,False,False,False,10/23/2025 12:19:02 PM,ATHER1,0,406
3899,Edinboro St,1C,Charlestown,02:00,06:00,Odd,Essex St,Kingston St,0.07859848484,,False,True,True,True,True,True,False,False,True,False,False,True,False,False,True,True,2/20/2026 3:56:14 PM,EDINB1,0,415
