normalized_street,normalized_cross,street,cross,query,status,match_count,matching_intersection_full,lng,lat,request_ms,attempts,http_status,error,fetched_at
a street,binford street,A St,Binford St,A St and Binford St,ok,1,"A St & Binford St, South Boston Waterfront, MA 02210",-71.051139000001,42.346944000003,1018,1,200,,2026-06-04T17:51:30.390Z
a street,congress street,A St,Congress St,A St and Congress St,ok,1,"A St & Congress St, South Boston Waterfront, MA 02210",-71.048466000001,42.350373000003,371,1,200,,2026-06-04T17:51:30.939Z
a street,melcher street,A St,Melcher St,A St and Melcher St,ok,1,"A St & Melcher St, South Boston Waterfront, MA 02210",-71.049478500001,42.349086000003,398,1,200,,2026-06-04T17:51:32.169Z
abbot street,blue hill avenue,Abbot St,Blue Hill Ave,Abbot St and Blue Hill Ave,ok,1,"Abbot St & Blue Hill Ave, Dorchester, MA 02124",-71.086977000001,42.297687000003,347,1,200,,2026-06-04T17:51:33.318Z
abbot street,harvard avenue,Abbot St,Harvard Ave,Abbot St and Harvard Ave,ok,1,"Abbot St & Harvard St, Dorchester, MA 02124",-71.085388500001,42.295698000003,386,1,200,,2026-06-04T17:51:34.560Z
abbotsford street,harold street,Abbotsford St,Harold St,Abbotsford St and Harold St,ok,1,"Abbotsford St & Harold St, Roxbury, MA 02121",-71.091540000001,42.314274000003,491,1,200,,2026-06-04T17:51:35.867Z
abbotsford street,walnut avenue,Abbotsford St,Walnut Ave,Abbotsford St and Walnut Ave,ok,1,"Abbotsford St & Walnut Ave, Roxbury, MA 02119",-71.093709000001,42.314958000003,324,1,200,,2026-06-04T17:51:36.900Z
aberdeen street,beacon street,Aberdeen St,Beacon St,Aberdeen St and Beacon St,ok,1,"Aberdeen St & Beacon St, Fenway, MA 02215",-71.104122000001,42.346953000003,299,1,200,,2026-06-04T17:51:38.078Z
acadia street,east first street,Acadia St,East First St,Acadia St and East First St,ok,1,"Acadia St & E First St, South Boston, MA 02127",-71.030007000001,42.338250000003,306,1,200,,2026-06-04T17:51:39.287Z
acadia street,east second street,Acadia St,East Second St,Acadia St and East Second St,ok,1,"Acadia St & E Second St, South Boston, MA 02127",-71.029975500001,42.337422000003,275,1,200,,2026-06-04T17:51:40.457Z
ackley place,washington street,Ackley Pl,Washington St,Ackley Pl and Washington St,ok,1,"Ackley Pl & Washington St, Jamaica Plain, MA 02130",-71.103073500001,42.310962000003,332,1,200,,2026-06-04T17:51:41.714Z
adams street,bowdoin street,Adams St,Bowdoin St,Adams St and Bowdoin St,ok,2,"Adams St & Bowdoin St, Dorchester, MA 02122",-71.064252000001,42.308820000003,322,1,200,,2026-06-04T17:51:42.904Z
adams street,dorchester avenue,Adams St,Dorchester Ave,Adams St and Dorchester Ave,ok,2,"Adams St & Dorchester Ave, Dorchester, MA 02122",-71.059806000001,42.301512000003,665,1,200,,2026-06-04T17:51:44.449Z
adams street,eustis street,Adams St,Eustis St,Adams St and Eustis St,ok,1,"Adams St & Eustis St, Roxbury, MA 02119",-71.076825000001,42.328296000003,353,1,200,,2026-06-04T17:51:45.337Z
adams street,forest street,Adams St,Forest St,Adams St and Forest St,ok,1,"Adams St & Forest St, Roxbury, MA 02119",-71.078211000001,42.327126000003,389,1,200,,2026-06-04T17:51:46.575Z
adams street,leedsville street,Adams St,Leedsville St,Adams St and Leedsville St,ok,1,"Adams St & Leedsville St, Dorchester, MA 02122",-71.061169500001,42.304581000003,345,1,200,,2026-06-04T17:51:47.732Z
adams street,lowney way,Adams St,Lowney Way,Adams St and Lowney Way,ok,1,"Adams St & Lowney Way, Charlestown, MA 02129",-71.058037500001,42.374403000003,362,1,200,,2026-06-04T17:51:48.950Z
adams street,park street,Adams St,Park St,Adams St and Park St,ok,1,"Adams St & Park St, Dorchester, MA 02122",-71.058141000001,42.299334000003,335,1,200,,2026-06-04T17:51:50.123Z
adams street,winthrop street,Adams St,Winthrop St,Adams St and Winthrop St,ok,1,"Adams St & Winthrop St, Charlestown, MA 02129",-71.060215500001,42.374790000003,324,1,200,,2026-06-04T17:51:51.313Z
addison street,saratoga street,Addison St,Saratoga St,Addison St and Saratoga St,ok,1,"Addison St & Saratoga St, East Boston, MA 02128",-71.014482000001,42.384780000003,287,1,200,,2026-06-04T17:51:52.475Z
addison street,william f. mcclellan highway,Addison St,William F. McClellan Hwy,Addison St and William F. McClellan Hwy,ok,1,"Addison St & William F McClellan Hwy, East Boston, MA 02128",-71.019328500001,42.386067000003,320,1,200,,2026-06-04T17:51:53.709Z
aguadilla street,tremont street,Aguadilla St,Tremont St,Aguadilla St and Tremont St,ok,2,"Aguadilla St & Tremont St, South End, MA 02118",-71.075938500001,42.341670000003,406,1,200,,2026-06-04T17:51:54.997Z
akron street,alpine street,Akron St,Alpine St,Akron St and Alpine St,ok,1,"Akron St & Alpine St, Roxbury, MA 02119",-71.086522500001,42.326046000003,288,1,200,,2026-06-04T17:51:56.080Z
akron street,regent street,Akron St,Regent St,Akron St and Regent St,ok,1,"Akron St & Regent St, Roxbury, MA 02119",-71.084484000001,42.325353000003,476,1,200,,2026-06-04T17:51:57.468Z
alaska street,blue hill avenue,Alaska St,Blue Hill Ave,Alaska St and Blue Hill Ave,ok,1,"Alaska St & Blue Hill Ave, Roxbury, MA 02119",-71.077729500001,42.320628000003,372,1,200,,2026-06-04T17:51:58.565Z
alaska street,perrin street,Alaska St,Perrin St,Alaska St and Perrin St,ok,1,"Alaska St & Perrin St, Roxbury, MA 02119",-71.079583500001,42.321483000003,353,1,200,,2026-06-04T17:51:59.748Z
albany street,hampden street,Albany St,Hampden St,Albany St and Hampden St,ok,1,"Albany St & Hampden St, Roxbury, MA 02119",-71.075646000001,42.332022000003,270,1,200,,2026-06-04T17:52:00.866Z
albany street,herald street,Albany St,Herald St,Albany St and Herald St,ok,1,"Albany St & Herald St, South End, MA 02118",-71.061286500001,42.345954000003,359,1,200,,2026-06-04T17:52:02.154Z
albany street,massachusetts avenue,Albany St,Massachusetts Ave,Albany St and Massachusetts Ave,ok,1,"Albany St & Massachusetts Ave, Roxbury, MA 02118",-71.073468000001,42.333561000003,277,1,200,,2026-06-04T17:52:03.273Z
albany street,melnea cass boulevard,Albany St,Melnea Cass Blvd,Albany St and Melnea Cass Blvd,ok,1,"Albany St & Melnea Cass Blvd, Roxbury, MA 02119",-71.077009500001,42.331185000003,915,1,200,,2026-06-04T17:52:05.112Z
albany street,randolph street,Albany St,Randolph St,Albany St and Randolph St,ok,1,"Albany St & Randolph St, South End, MA 02118",-71.063532000001,42.340977000003,350,1,200,,2026-06-04T17:52:05.748Z
albemarle street,street botolph street,Albemarle St,St Botolph St,Albemarle St and St Botolph St,ok,1,"Albemarle St & Saint Botolph St, Back Bay, MA 02115",-71.083467000001,42.342696000003,641,1,200,,2026-06-04T17:52:07.242Z
albion place,auburn square,Albion Pl,Auburn Sq,Albion Pl and Auburn Sq,ok,1,"Albion Pl & Auburn Sq, Charlestown, MA 02129",-71.069492250001,42.381531000003,344,1,200,,2026-06-04T17:52:08.147Z
albion place,main street,Albion Pl,Main St,Albion Pl and Main St,ok,1,"Albion Pl & Main St, Charlestown, MA 02129",-71.070448500001,42.380793000003,359,1,200,,2026-06-04T17:52:09.362Z
albion street,clifton street,Albion St,Clifton St,Albion St and Clifton St,ok,1,"Albion St & Clifton St, Roxbury, MA 02119",-71.070489000001,42.322311000003,286,1,200,,2026-06-04T17:52:10.489Z
albion street,dudley street,Albion St,Dudley St,Albion St and Dudley St,ok,1,"Albion St & Dudley St, Roxbury, MA 02119",-71.072347500001,42.321843000003,336,1,200,,2026-06-04T17:52:11.741Z
alcorn street,ashford street,Alcorn St,Ashford St,Alcorn St and Ashford St,ok,1,"Alcorn St & Ashford St, Allston, MA 02215",-71.122770000001,42.354054000003,358,1,200,,2026-06-04T17:52:12.963Z
alcorn street,commonwealth avenue,Alcorn St,Commonwealth Ave,Alcorn St and Commonwealth Ave,ok,1,"Alcorn St & Commonwealth Ave, Allston, MA 02134",-71.123193000001,42.352119000003,304,1,200,,2026-06-04T17:52:14.109Z
aldwin road,brookway road,Aldwin Rd,Brookway Rd,Aldwin Rd and Brookway Rd,ok,1,"Aldwin Rd & Brookway Rd, Roslindale, MA 02131",-71.118819000001,42.294276000003,347,1,200,,2026-06-04T17:52:15.353Z
aldwin road,washington street,Aldwin Rd,Washington St,Aldwin Rd and Washington St,ok,1,"Aldwin Rd & Washington St, Jamaica Plain, MA 02131",-71.119431000001,42.294627000003,308,1,200,,2026-06-04T17:52:16.513Z
alexander street,dudley street,Alexander St,Dudley St,Alexander St and Dudley St,ok,1,"Alexander St & Dudley St, Dorchester, MA 02125",-71.069085000001,42.318738000003,334,1,200,,2026-06-04T17:52:17.740Z
alexander street,wayland street,Alexander St,Wayland St,Alexander St and Wayland St,no_match,0,,,,142,1,200,,2026-06-04T17:52:18.749Z
alford street,cambridge street,Alford St,Cambridge St,Alford St and Cambridge St,ok,1,"Alford St & Cambridge St, Charlestown, MA 02129",-71.074260000001,42.384042000003,365,1,200,,2026-06-04T17:52:20.173Z
alford street,everett town line,Alford St,EVERETT TOWN LINE,Alford St and EVERETT TOWN LINE,no_match,0,,,,127,1,200,,2026-06-04T17:52:21.137Z
algonquin street,harvard street,Algonquin St,Harvard Street,Algonquin St and Harvard Street,ok,1,"Algonquin St & Harvard St, Dorchester, MA 02124",-71.076127500001,42.297633000003,394,1,200,,2026-06-04T17:52:22.605Z
algonquin street,washington street,Algonquin St,Washington Street,Algonquin St and Washington Street,ok,1,"Algonquin St & Washington St, Dorchester, MA 02124",-71.072730000001,42.297876000003,369,1,200,,2026-06-04T17:52:23.782Z
alleghany street,terrace street,Alleghany St,Terrace St,Alleghany St and Terrace St,ok,1,"Alleghany St & Terrace St, Mission Hill, MA 02120",-71.097471000001,42.329655000003,476,1,200,,2026-06-04T17:52:25.090Z
allston street,brighton avenue,Allston St,Brighton Ave,Allston St and Brighton Ave,ok,1,"Allston St & Brighton Ave, Allston, MA 02134",-71.134443000001,42.353235000003,360,1,200,,2026-06-04T17:52:26.173Z
allston street,bunker hill street,Allston St,Bunker Hill St,Allston St and Bunker Hill St,ok,1,"Allston St & Bunker Hill St, Charlestown, MA 02129",-71.064058500001,42.379668000003,344,1,200,,2026-06-04T17:52:27.359Z
allston street,centre street,Allston St,Centre St,Allston St and Centre St,ok,1,"Allston St & Centre St, Dorchester, MA 02124",-71.066713500001,42.291702000003,349,1,200,,2026-06-04T17:52:28.565Z
allston street,commonwealth avenue,Allston St,Commonwealth Ave,Allston St and Commonwealth Ave,ok,2,"Allston St & Commonwealth Ave, Allston, MA 02135",-71.137795500001,42.348330000003,333,1,200,,2026-06-04T17:52:29.751Z
allston street,medford street,Allston St,Medford St,Allston St and Medford St,ok,1,"Allston St & Medford St, Charlestown, MA 02129",-71.062848000001,42.381324000003,347,1,200,,2026-06-04T17:52:30.967Z
allston street,melville avenue,Allston St,Melville Ave,Allston St and Melville Ave,ok,1,"Allston St & Melville Ave, Dorchester, MA 02124",-71.067640500001,42.294447000003,288,1,200,,2026-06-04T17:52:32.108Z
allston street,washington street,Allston St,Washington St,Allston St and Washington St,ok,1,"Allston St & Washington St, Brighton, MA 02135",-71.141922000001,42.343200000003,354,1,200,,2026-06-04T17:52:33.376Z
almont street,blue hill avenue,Almont St,Blue Hill Ave,Almont St and Blue Hill Ave,ok,1,"Almont St & Blue Hill Ave, Mattapan, MA 02126",-71.093650500001,42.274314000003,331,1,200,,2026-06-04T17:52:34.555Z
almont street,walk hill street,Almont St,Walk Hill St,Almont St and Walk Hill St,ok,1,"Almont St & Walk Hill St, Mattapan, MA 02126",-71.097948000001,42.281280000003,378,1,200,,2026-06-04T17:52:35.802Z
alpha road,park street,Alpha Rd,Park St,Alpha Rd and Park St,ok,1,"Alpha Rd & Park St, Dorchester, MA 02124",-71.070268500001,42.295986000003,360,1,200,,2026-06-04T17:52:36.985Z
alpha road,waldeck street,Alpha Rd,Waldeck St,Alpha Rd and Waldeck St,ok,1,"Alpha Rd & Waldeck St, Dorchester, MA 02124",-71.067159000001,42.296256000003,360,1,200,,2026-06-04T17:52:38.188Z
alpine street,regent street,Alpine St,Regent St,Alpine St and Regent St,ok,1,"Alpine St & Regent St, Roxbury, MA 02119",-71.085406500001,42.324894000003,367,1,200,,2026-06-04T17:52:39.396Z
alpine street,street james street,Alpine St,St James St,Alpine St and St James St,ok,1,"Alpine St & Saint James St, Roxbury, MA 02119",-71.086063500001,42.326829000003,348,1,200,,2026-06-04T17:52:40.578Z
american legion highway,blue hill avenue,American Legion Hwy,Blue Hill Ave,American Legion Hwy and Blue Hill Ave,ok,2,"American Legion Hwy & Blue Hill Ave, Roxbury, MA 02124",-71.086999500001,42.298245000003,341,1,200,,2026-06-04T17:52:41.773Z
american legion highway,cummins highway,American Legion Hwy,Cummins Hwy,American Legion Hwy and Cummins Hwy,ok,4,"American Legion Hwy & Cummins Hwy, Roslindale, MA 02131",-71.116798500001,42.279075000003,430,1,200,,2026-06-04T17:52:43.064Z
american legion highway,franklin hill avenue,American Legion Hwy,Franklin Hill Ave,American Legion Hwy and Franklin Hill Ave,ok,1,"American Legion Hwy & Franklin Hill Ave, Roxbury, MA 02124",-71.092354500001,42.295968000003,352,1,200,,2026-06-04T17:52:44.183Z
american legion highway,hyde park avenue,American Legion Hwy,Hyde Park Ave,American Legion Hwy and Hyde Park Ave,ok,1,"American Legion Hwy & Hyde Park Ave, Roslindale, MA 02136",-71.120209500001,42.272559000003,389,1,200,,2026-06-04T17:52:45.423Z
ames street,westview street,Ames St,Westview St,Ames St and Westview St,ok,1,"Ames St & Westview St, Dorchester, MA 02124",-71.086504500001,42.290748000003,348,1,200,,2026-06-04T17:52:46.583Z
amory street,boylston street,Amory St,Boylston St,Amory St and Boylston St,ok,1,"Amory St & Boylston St, Jamaica Plain, MA 02130",-71.103118500001,42.316605000003,317,1,200,,2026-06-04T17:52:47.751Z
amory street,dimock street,Amory St,Dimock St,Amory St and Dimock St,ok,1,"Amory St & Dimock St, Jamaica Plain, MA 02119",-71.099500500001,42.319773000003,277,1,200,,2026-06-04T17:52:48.913Z
amory street,school street,Amory St,School St,Amory St and School St,ok,1,"Amory St & School St, Jamaica Plain, MA 02130",-71.101804500001,42.317721000003,575,1,200,,2026-06-04T17:52:50.412Z
amory street,williams street,Amory St,Williams St,Amory St and Williams St,ok,1,"Amory St & Williams St, Jamaica Plain, MA 02130",-71.109085500001,42.307407000003,321,1,200,,2026-06-04T17:52:51.360Z
anderson street,cambridge street,Anderson St,Cambridge St,Anderson St and Cambridge St,ok,1,"Anderson St & Cambridge St, Beacon Hill, MA 02114",-71.067852000001,42.361110000003,304,1,200,,2026-06-04T17:52:52.544Z
anderson street,myrtle street,Anderson St,Myrtle St,Anderson St and Myrtle St,ok,1,"Anderson St & Myrtle St, Beacon Hill, MA 02114",-71.067712500001,42.359283000003,337,1,200,,2026-06-04T17:52:53.777Z
annapolis street,bakersfield street,Annapolis St,Bakersfield St,Annapolis St and Bakersfield St,ok,1,"Annapolis St & Bakersfield St, Dorchester, MA 02125",-71.060904000001,42.317190000003,357,1,200,,2026-06-04T17:52:55.000Z
annapolis street,sumner street,Annapolis St,Sumner St,Annapolis St and Sumner St,ok,1,"Annapolis St & Sumner St, Dorchester, MA 02125",-71.062114500001,42.317469000003,319,1,200,,2026-06-04T17:52:56.162Z
anson street,south street,Anson St,South St,Anson St and South St,ok,1,"Anson St & South St, Jamaica Plain, MA 02130",-71.114584500001,42.303033000003,372,1,200,,2026-06-04T17:52:57.417Z
"anthony ""rip"" valenti way",canal street,"Anthony ""Rip"" Valenti Way",Canal St,"Anthony ""Rip"" Valenti Way and Canal St",ok,1,"Anthony Rip Valenti Way & Canal St, West End, MA 02114",-71.059878000001,42.364350000003,335,1,200,,2026-06-04T17:52:58.579Z
"anthony ""rip"" valenti way",merrimac street,"Anthony ""Rip"" Valenti Way",Merrimac St,"Anthony ""Rip"" Valenti Way and Merrimac St",ok,1,"Anthony Rip Valenti Way & Merrimac St, West End, MA 02114",-71.061327000001,42.363387000003,339,1,200,,2026-06-04T17:52:59.786Z
appleton street,tremont street,Appleton St,Tremont St,Appleton St and Tremont St,ok,1,"Appleton St & Tremont St, South End, MA 02116",-71.069116500001,42.346548000003,337,1,200,,2026-06-04T17:53:00.984Z
appleton street,west canton street,Appleton St,West Canton St,Appleton St and West Canton St,ok,1,"Appleton St & W Canton St, South End, MA 02116",-71.076330000001,42.344676000003,323,1,200,,2026-06-04T17:53:02.171Z
arborcrest terrace,gladeside avenue,Arborcrest Ter,Gladeside Ave,Arborcrest Ter and Gladeside Ave,ok,1,"Arborcrest Ter & Gladeside Ave, Mattapan, MA 02126",-71.087067000001,42.272865000003,385,1,200,,2026-06-04T17:53:03.434Z
arborcrest terrace,ridgeview avenue,Arborcrest Ter,Ridgeview Ave,Arborcrest Ter and Ridgeview Ave,ok,1,"Arborcrest Ter & Ridgeview Ave, Mattapan, MA 02126",-71.085550500001,42.272145000003,332,1,200,,2026-06-04T17:53:04.582Z
arboretum road,washington street,Arboretum Rd,Washington St,Arboretum Rd and Washington St,ok,1,"Arboretum Rd & Washington St, Roslindale, MA 02131",-71.118783000001,42.295239000003,309,1,200,,2026-06-04T17:53:05.761Z
arborway,centre street,Arborway,Centre St,Arborway and Centre St,ok,5,"Arborway & Centre St, Jamaica Plain, MA 02130",-71.122041000001,42.309189000003,475,1,200,,2026-06-04T17:53:07.129Z
arborway,jamaicaway,Arborway,Jamaicaway,Arborway and Jamaicaway,ok,2,"Arborway & Jamaicaway, Jamaica Plain, MA 02130",-71.122248000001,42.313338000003,320,1,200,,2026-06-04T17:53:08.175Z
arbutus street,blue hill avenue,Arbutus St,Blue Hill Ave,Arbutus St and Blue Hill Ave,ok,1,"Arbutus St & Blue Hill Ave, Dorchester, MA 02124",-71.090167500001,42.287841000003,325,1,200,,2026-06-04T17:53:09.381Z
arbutus street,irma street,Arbutus St,Irma St,Arbutus St and Irma St,ok,1,"Arbutus St & Irma St, Dorchester, MA 02124",-71.087445000001,42.287346000003,343,1,200,,2026-06-04T17:53:10.599Z
arcadia park,ditson street,Arcadia Park,Ditson St,Arcadia Park and Ditson St,ok,1,"Arcadia Park & Ditson St, Dorchester, MA 02122",-71.063788500001,42.300882000003,286,1,200,,2026-06-04T17:53:11.742Z
arcadia park,draper street,Arcadia Park,Draper St,Arcadia Park and Draper St,ok,1,"Arcadia Park & Draper St, Dorchester, MA 02122",-71.062879500001,42.301440000003,396,1,200,,2026-06-04T17:53:13.053Z
arcadia street,adams street,Arcadia St,Adams St,Arcadia St and Adams St,ok,1,"Arcadia St & Adams St, Dorchester, MA 02122",-71.060152500001,42.302160000003,280,1,200,,2026-06-04T17:53:14.139Z
arcadia street,atherton street,Arcadia St,Atherton St,Arcadia St and Atherton St,ok,1,"Arcadia St & Atherton St, Jamaica Plain, MA 02119",-71.099622000001,42.316686000003,329,1,200,,2026-06-04T17:53:15.389Z
arcadia street,draper street,Arcadia St,Draper St,Arcadia St and Draper St,ok,1,"Arcadia St & Draper St, Dorchester, MA 02122",-71.063059500001,42.301413000003,498,1,200,,2026-06-04T17:53:16.758Z
arcadia street,school street,Arcadia St,School St,Arcadia St and School St,ok,1,"Arcadia St & School St, Jamaica Plain, MA 02130",-71.100819000001,42.316020000003,284,1,200,,2026-06-04T17:53:17.746Z
arcadia terrace,arcadia street,Arcadia Ter,Arcadia St,Arcadia Ter and Arcadia St,ok,1,"Arcadia Ter & Arcadia St, Dorchester, MA 02122",-71.061570000001,42.301764000003,348,1,200,,2026-06-04T17:53:19.011Z
arch street,milk street,Arch St,Milk St,Arch St and Milk St,ok,1,"Arch St & Milk St, Downtown, MA 02109",-71.057812500001,42.356745000003,288,1,200,,2026-06-04T17:53:20.154Z
arch street,summer street,Arch St,Summer St,Arch St and Summer St,ok,1,"Arch St & Summer St, Downtown, MA 02110",-71.059144500001,42.354495000003,401,1,200,,2026-06-04T17:53:21.466Z
archdale road,south street,Archdale Rd,South St,Archdale Rd and South St,ok,1,"Archdale Rd & South St, Jamaica Plain, MA 02131",-71.122905000001,42.293628000003,410,1,200,,2026-06-04T17:53:22.678Z
archdale road,washington street,Archdale Rd,Washington St,Archdale Rd and Washington St,ok,1,"Archdale Rd & Washington St, Roslindale, MA 02131",-71.121388500001,42.292782000003,524,1,200,,2026-06-04T17:53:23.994Z
arcola street,day street,Arcola St,Day St,Arcola St and Day St,ok,1,"Arcola St & Day St, Jamaica Plain, MA 02130",-71.108356500001,42.324435000003,332,1,200,,2026-06-04T17:53:25.003Z
ardee street,everett street,Ardee St,Everett St,Ardee St and Everett St,ok,1,"Ardee St & Everett St, East Boston, MA 02128",-71.030695500001,42.365763000003,375,1,200,,2026-06-04T17:53:26.247Z
ardee street,maverick street,Ardee St,Maverick St,Ardee St and Maverick St,ok,1,"Ardee St & Maverick St, East Boston, MA 02128",-71.030232000001,42.366357000003,390,1,200,,2026-06-04T17:53:27.465Z
arion st',columbia road,Arion St',Columbia Road,Arion St' and Columbia Road,ok,1,"Arion St & Columbia Rd, Dorchester, MA 02125",-71.066142000001,42.316191000003,334,1,200,,2026-06-04T17:53:28.610Z
arion st',davern street,Arion St',Davern Street,Arion St' and Davern Street,ok,1,"Arion St & Davern Ave, Dorchester, MA 02125",-71.067253500001,42.315939000003,350,1,200,,2026-06-04T17:53:29.828Z
arion street,columbia road,Arion St,Columbia Road,Arion St and Columbia Road,ok,1,"Arion St & Columbia Rd, Dorchester, MA 02125",-71.066142000001,42.316191000003,365,1,200,,2026-06-04T17:53:31.043Z
arion street,davern street,Arion St,Davern Street,Arion St and Davern Street,ok,1,"Arion St & Davern Ave, Dorchester, MA 02125",-71.067253500001,42.315939000003,325,1,200,,2026-06-04T17:53:32.204Z
arklow street,round hill street,Arklow St,Round Hill St,Arklow St and Round Hill St,ok,1,"Arklow St & Round Hill St, Jamaica Plain, MA 02130",-71.104932000001,42.324426000003,333,1,200,,2026-06-04T17:53:33.414Z
arklow street,walden street,Arklow St,Walden St,Arklow St and Walden St,ok,1,"Arklow St & Walden St, Jamaica Plain, MA 02130",-71.104189500001,42.324552000003,380,1,200,,2026-06-04T17:53:34.660Z
arlington avenue,alford street,Arlington Ave,Alford St,Arlington Ave and Alford St,ok,1,"Arlington Ave & Alford St, Charlestown, MA 02129",-71.073099000001,42.386265000003,307,1,200,,2026-06-04T17:53:35.788Z
arlington avenue,somerville town line,Arlington Ave,Somerville Town Line,Arlington Ave and Somerville Town Line,no_match,0,,,,162,1,200,,2026-06-04T17:53:36.845Z
arlington street,beacon street,Arlington St,Beacon St,Arlington St and Beacon St,ok,1,"Arlington St & Beacon St, Back Bay, MA 02116",-71.072617500001,42.355413000003,308,1,200,,2026-06-04T17:53:38.192Z
arlington street,columbus avenue,Arlington St,Columbus Ave,Arlington St and Columbus Ave,ok,1,"Arlington St & Columbus Ave, Back Bay, MA 02116",-71.069899500001,42.350157000003,266,1,200,,2026-06-04T17:53:39.351Z
arlington street,faneuil street,Arlington St,Faneuil St,Arlington St and Faneuil St,ok,1,"Arlington St & Faneuil St, Brighton, MA 02135",-71.160034500001,42.352749000003,18746,2,200,,2026-06-04T17:54:01.033Z
arlington street,market street,Arlington St,Market St,Arlington St and Market St,ok,1,"Arlington St & Market St, Brighton, MA 02135",-71.151930000001,42.351651000003,412,1,200,,2026-06-04T17:54:01.447Z
arlington street,south hobbart street,Arlington St,South Hobbart St,Arlington St and South Hobbart St,ok,1,"Arlington St & S Hobart St, Brighton, MA 02135",-71.158072500001,42.352659000003,359,1,200,,2026-06-04T17:54:02.596Z
arlington street,tremont street,Arlington St,Tremont St,Arlington St and Tremont St,ok,1,"Arlington St & Tremont St, South End, MA 02118",-71.068599000001,42.347502000003,330,1,200,,2026-06-04T17:54:03.767Z
armandine street,milton avenue,Armandine St,Milton Ave,Armandine St and Milton Ave,ok,1,"Armandine St & Milton Ave, Dorchester, MA 02124",-71.076663000001,42.283800000003,914,1,200,,2026-06-04T17:54:05.553Z
armandine street,washington street,Armandine St,Washington St,Armandine St and Washington St,ok,1,"Armandine St & Washington St, Dorchester, MA 02124",-71.071533000001,42.284520000003,374,1,200,,2026-06-04T17:54:06.212Z
armington street,imrie road,Armington St,Imrie Rd,Armington St and Imrie Rd,ok,1,"Armington St & Imrie Rd, Allston, MA 02134",-71.138709000001,42.352290000003,375,1,200,,2026-06-04T17:54:07.414Z
armington street,islington street,Armington St,Islington St,Armington St and Islington St,ok,1,"Armington St & Islington St, Allston, MA 02134",-71.136634500001,42.352659000003,307,1,200,,2026-06-04T17:54:08.546Z
armory street,main street,Armory St,Main St,Armory St and Main St,ok,1,"Armory St & Main St, Charlestown, MA 02129",-71.070673500001,42.381018000003,339,1,200,,2026-06-04T17:54:09.780Z
armstrong street,chestnut avenue,Armstrong St,Chestnut Ave,Armstrong St and Chestnut Ave,ok,1,"Armstrong St & Chestnut Ave, Jamaica Plain, MA 02130",-71.102700000001,42.321222000003,320,1,200,,2026-06-04T17:54:10.962Z
armstrong street,mozart street,Armstrong St,Mozart St,Armstrong St and Mozart St,ok,1,"Armstrong St & Mozart St, Jamaica Plain, MA 02130",-71.104698000001,42.321204000003,527,1,200,,2026-06-04T17:54:12.370Z
arundel street,beacon street,Arundel St,Beacon St,Arundel St and Beacon St,ok,1,"Arundel St & Beacon St, Fenway, MA 02215",-71.103339000001,42.347169000003,507,1,200,,2026-06-04T17:54:13.551Z
arundel street,mountfort street,Arundel St,Mountfort St,Arundel St and Mountfort St,ok,1,"Arundel St & Mountfort St, Fenway, MA 02215",-71.103753000001,42.347997000003,338,1,200,,2026-06-04T17:54:14.582Z
ashburton place,bowdoin street,Ashburton Pl,Bowdoin St,Ashburton Pl and Bowdoin St,ok,2,"Ashburton Pl & Bowdoin St, Beacon Hill, MA 02108",-71.062888500001,42.359040000003,654,1,200,,2026-06-04T17:54:16.099Z
ashburton place,somerset street,Ashburton Pl,Somerset St,Ashburton Pl and Somerset St,ok,1,"Ashburton Pl & Somerset St, Downtown, MA 02108",-71.061561000001,42.359184000003,353,1,200,,2026-06-04T17:54:16.998Z
ashcroft street,moraine street,Ashcroft St,Moraine St,Ashcroft St and Moraine St,ok,1,"Ashcroft St & Moraine St, Jamaica Plain, MA 02130",-71.113954500001,42.319818000003,556,1,200,,2026-06-04T17:54:18.402Z
ashcroft street,perkins street,Ashcroft St,Perkins St,Ashcroft St and Perkins St,ok,1,"Ashcroft St & Perkins St, Jamaica Plain, MA 02130",-71.114175000001,42.321285000003,342,1,200,,2026-06-04T17:54:19.387Z
ashford street,babcock street,Ashford St,Babcock St,Ashford St and Babcock St,ok,1,"Ashford St & Babcock St, Allston, MA 02215",-71.120866500001,42.353829000003,511,1,200,,2026-06-04T17:54:20.758Z
ashford street,linden street,Ashford St,Linden St,Ashford St and Linden St,ok,1,"Ashford St & Linden St, Allston, MA 02134",-71.130222000001,42.354153000003,402,1,200,,2026-06-04T17:54:21.850Z
ashley street,armstrong street,Ashley St,Armstrong St,Ashley St and Armstrong St,ok,1,"Ashley St & Armstrong St, Jamaica Plain, MA 02130",-71.103969000001,42.321267000003,347,1,200,,2026-06-04T17:54:22.996Z
ashley street,chestnut avenue,Ashley St,Chestnut Ave,Ashley St and Chestnut Ave,ok,1,"Ashley St & Chestnut Ave, Jamaica Plain, MA 02130",-71.103375000001,42.320448000003,579,1,200,,2026-06-04T17:54:24.428Z
ashmont park,ashmont street,Ashmont Park,Ashmont St,Ashmont Park and Ashmont St,ok,1,"Ashmont Park & Ashmont St, Dorchester, MA 02124",-71.063136000001,42.286104000003,300,1,200,,2026-06-04T17:54:25.351Z
ashmont street,adams street,Ashmont St,Adams St,Ashmont St and Adams St,ok,1,"Ashmont St & Adams St, Dorchester, MA 02124",-71.055369000001,42.288255000003,346,1,200,,2026-06-04T17:54:26.598Z
ashmont street,dorchester avenue,Ashmont St,Dorchester Ave,Ashmont St and Dorchester Ave,ok,1,"Ashmont St & Dorchester Ave, Dorchester, MA 02124",-71.064310500001,42.285762000003,420,1,200,,2026-06-04T17:54:27.874Z
ashmont street,washington street,Ashmont St,Washington St,Ashmont St and Washington St,ok,1,"Ashmont St & Washington St, Dorchester, MA 02124",-71.071186500001,42.285348000003,495,1,200,,2026-06-04T17:54:29.150Z
ashton street,callender street,Ashton St,Callender St,Ashton St and Callender St,ok,1,"Ashton St & Callender St, Dorchester, MA 02124",-71.088777000001,42.288804000003,356,1,200,,2026-06-04T17:54:30.212Z
ashton street,frontenac street,Ashton St,Frontenac St,Ashton St and Frontenac St,ok,1,"Ashton St & Frontenac St, Dorchester, MA 02124",-71.090167500001,42.284628000003,374,1,200,,2026-06-04T17:54:31.431Z
ashton street,woodrow avenue,Ashton St,Woodrow Ave,Ashton St and Woodrow Ave,ok,1,"Ashton St & Woodrow Ave, Dorchester, MA 02124",-71.089753500001,42.285888000003,406,1,200,,2026-06-04T17:54:32.664Z
aspen street,copeland street,Aspen St,Copeland St,Aspen St and Copeland St,ok,1,"Aspen St & Copeland St, Roxbury, MA 02119",-71.079498000001,42.323112000003,469,1,200,,2026-06-04T17:54:33.929Z
aspen street,montrose street,Aspen St,Montrose St,Aspen St and Montrose St,ok,1,"Aspen St & Montrose St, Roxbury, MA 02119",-71.080303500001,42.323895000003,297,1,200,,2026-06-04T17:54:34.959Z
aspinwall road,talbot avenue,Aspinwall Rd,Talbot Ave,Aspinwall Rd and Talbot Ave,ok,1,"Aspinwall Rd & Talbot Ave, Dorchester, MA 02124",-71.075151000001,42.291153000003,422,1,200,,2026-06-04T17:54:36.285Z
aspinwall road,washington street,Aspinwall Rd,Washington St,Aspinwall Rd and Washington St,ok,1,"Aspinwall Rd & Washington St, Dorchester, MA 02124",-71.071744500001,42.291981000003,334,1,200,,2026-06-04T17:54:37.399Z
astoria street,flint street,Astoria St,Flint St,Astoria St and Flint St,ok,1,"Astoria St & Flint St, Mattapan, MA 02126",-71.086333500001,42.280785000003,524,1,200,,2026-06-04T17:54:38.789Z
athens street,d street,Athens St,D St,Athens St and D St,ok,1,"Athens St & D St, South Boston, MA 02127",-71.050378500001,42.339231000003,331,1,200,,2026-06-04T17:54:39.797Z
athens street,dorchester street,Athens St,Dorchester St,Athens St and Dorchester St,ok,1,"Athens St & Dorchester St, South Boston, MA 02127",-71.045064000001,42.335802000003,311,1,200,,2026-06-04T17:54:40.978Z
atherton street,amory street,Atherton St,Amory St,Atherton St and Amory St,ok,1,"Atherton St & Amory St, Jamaica Plain, MA 02130",-71.101269000001,42.318252000003,388,1,200,,2026-06-04T17:54:42.256Z
atherton street,washington street,Atherton St,Washington St,Atherton St and Washington St,ok,1,"Atherton St & Washington St, Jamaica Plain, MA 02119",-71.098434000001,42.315660000003,360,1,200,,2026-06-04T17:54:43.428Z
atkinson street,southampton street,Atkinson St,Southampton St,Atkinson St and Southampton St,ok,1,"Atkinson St & Southampton St, South Boston, MA 02118",-71.069080500001,42.331905000003,471,1,200,,2026-06-04T17:54:44.740Z
atkinson street,topeka street,Atkinson St,Topeka St,Atkinson St and Topeka St,no_match,0,,,,254,1,200,,2026-06-04T17:54:45.723Z
atlantic avenue,commercial street,Atlantic Ave,Commercial St,Atlantic Ave and Commercial St,ok,1,"Atlantic Ave & Commercial St, North End, MA 02110",-71.051080500001,42.363711000003,573,1,200,,2026-06-04T17:54:47.242Z
atlantic avenue,cross street,Atlantic Ave,Cross St,Atlantic Ave and Cross St,ok,1,"Atlantic Ave & Cross St, Downtown, MA 02110",-71.052799500001,42.360930000003,495,1,200,,2026-06-04T17:54:48.365Z
atlantic avenue,kneeland street,Atlantic Ave,Kneeland St,Atlantic Ave and Kneeland St,ok,1,"Atlantic Ave & Kneeland St, Leather District, MA 02111",-71.057056500001,42.349536000003,284,1,200,,2026-06-04T17:54:49.355Z
atlantic avenue,milk street,Atlantic Ave,Milk St,Atlantic Ave and Milk St,ok,1,"Atlantic Ave & Milk St, Downtown, MA 02110",-71.051575500001,42.358779000003,543,1,200,,2026-06-04T17:54:50.814Z
atlantic avenue,state street,Atlantic Ave,State St,Atlantic Ave and State St,ok,1,"Atlantic Ave & State St, Downtown, MA 02110",-71.051805000001,42.359643000003,398,1,200,,2026-06-04T17:54:51.871Z
atlantic avenue,summer street,Atlantic Ave,Summer St,Atlantic Ave and Summer St,ok,1,"Atlantic Ave & Summer St, Downtown, MA 02110",-71.055427500001,42.352596000003,345,1,200,,2026-06-04T17:54:53.018Z
atlantic street,east fourth street,Atlantic St,East Fourth St,Atlantic St and East Fourth St,ok,1,"Atlantic St & E Fourth St, South Boston, MA 02127",-71.046247500001,42.334596000003,528,1,200,,2026-06-04T17:54:54.403Z
atlantic street,thomas park,Atlantic St,Thomas Park,Atlantic St and Thomas Park,ok,1,"Atlantic St & Thomas Park, South Boston, MA 02127",-71.046238500001,42.333588000003,475,1,200,,2026-06-04T17:54:55.551Z
auburn street,bunker hill street,Auburn St,Bunker Hill St,Auburn St and Bunker Hill St,ok,1,"Auburn St & Bunker Hill St, Charlestown, MA 02129",-71.068540500001,42.381900000003,313,1,200,,2026-06-04T17:54:56.591Z
auburn street,main street,Auburn St,Main St,Auburn St and Main St,ok,1,"Auburn St & Main St, Charlestown, MA 02129",-71.069976000001,42.380307000003,413,1,200,,2026-06-04T17:54:57.891Z
auckland street,belfort street,Auckland St,Belfort St,Auckland St and Belfort St,ok,1,"Auckland St & Belfort St, Dorchester, MA 02125",-71.055301500001,42.315165000003,386,1,200,,2026-06-04T17:54:59.065Z
auckland street,savin hill avenue,Auckland St,Savin Hill Ave,Auckland St and Savin Hill Ave,ok,1,"Auckland St & Savin Hill Ave, Dorchester, MA 02125",-71.056044000001,42.312870000003,348,1,200,,2026-06-04T17:55:00.228Z
austin street,main street,Austin St,Main St,Austin St and Main St,ok,2,"Austin St & Main St, Charlestown, MA 02129",-71.064450000001,42.375564000003,570,1,200,,2026-06-04T17:55:01.650Z
austin street,rutherford avenue,Austin St,Rutherford Ave,Austin St and Rutherford Ave,ok,3,"Austin St & New Rutherford Ave, Charlestown, MA 02129",-71.068180500001,42.374025000003,418,1,200,,2026-06-04T17:55:02.699Z
avenue de lafayette,harrison avenue ext,Avenue De Lafayette,Harrison Avenue Ext,Avenue De Lafayette and Harrison Avenue Ext,ok,1,"Avenue De Lafayette & Harrison Avenue Ext, Downtown, MA 02111",-71.061363000001,42.353505000003,456,1,200,,2026-06-04T17:55:03.939Z
avenue de lafayette,kingston street,Avenue De Lafayette,Kingston St,Avenue De Lafayette and Kingston St,ok,1,"Avenue De Lafayette & Kingston St, Downtown, MA 02111",-71.059428000001,42.352713000003,694,1,200,,2026-06-04T17:55:05.377Z
avery street,tremont street,Avery St,Tremont St,Avery St and Tremont St,ok,1,"Avery St & Tremont St, Beacon Hill, MA 02111",-71.064229500001,42.353397000003,616,1,200,,2026-06-04T17:55:06.500Z
avery street,washington street,Avery St,Washington St,Avery St and Washington St,ok,1,"Avery St & Washington St, Downtown, MA 02111",-71.062533000001,42.353262000003,546,1,200,,2026-06-04T17:55:07.631Z
ayr road,beacon street,Ayr Rd,Beacon St,Ayr Rd and Beacon St,ok,1,"Ayr Rd & Beacon St, Brighton, MA 02135",-71.148658500001,42.336477000003,361,1,200,,2026-06-04T17:55:08.647Z
ayr road,orkney road,Ayr Rd,Orkney Rd,Ayr Rd and Orkney Rd,ok,1,"Ayr Rd & Orkney Rd, Brighton, MA 02135",-71.148955500001,42.337188000003,556,1,200,,2026-06-04T17:55:10.043Z
b street,west broadway,B St,West Broadway,B St and West Broadway,ok,1,"B St & W Broadway, South Boston, MA 02127",-71.053920000001,42.340806000003,429,1,200,,2026-06-04T17:55:11.115Z
b street,west seventh street,B St,West Seventh St,B St and West Seventh St,ok,1,"B St & W Seventh St, South Boston, MA 02127",-71.057034000001,42.338223000003,364,1,200,,2026-06-04T17:55:12.250Z
babcock street,brookline town line,Babcock St,Brookline Town Line,Babcock St and Brookline Town Line,no_match,0,,,,145,1,200,,2026-06-04T17:55:13.233Z
bailey street,dorchester avenue,Bailey St,Dorchester Avenue,Bailey St and Dorchester Avenue,ok,1,Bailey St & Dorchester Ave,-71.06457614348828,42.28477735213747,191,1,200,,2026-06-04T19:43:36.701Z
bailey street,washington street,Bailey St,Washington Street,Bailey St and Washington Street,ok,1,"Bailey St & Washington St, Dorchester, MA 02124",-71.071380000001,42.283026000003,611,1,200,,2026-06-04T17:55:30.650Z
baird street,blue hill avenue,Baird St,Blue Hill Ave,Baird St and Blue Hill Ave,ok,1,"Baird St & Blue Hill Ave, Dorchester, MA 02124",-71.091108000001,42.285564000003,356,1,200,,2026-06-04T17:55:31.596Z
baird street,morton street,Baird St,Morton St,Baird St and Morton St,ok,2,"Baird St & Morton St, Dorchester, MA 02124",-71.093187000001,42.285933000003,472,1,200,,2026-06-04T17:55:32.913Z
baker avenue,bodwell street,Baker Ave,Bodwell St,Baker Ave and Bodwell St,ok,1,"Baker Ave & Bodwell St, Dorchester, MA 02125",-71.070147000001,42.312834000003,339,1,200,,2026-06-04T17:55:33.979Z
baker avenue,quincy street,Baker Ave,Quincy St,Baker Ave and Quincy St,ok,1,"Baker Ave & Quincy St, Dorchester, MA 02125",-71.071294500001,42.311763000003,492,1,200,,2026-06-04T17:55:35.334Z
bakersfield street,stoughton street,Bakersfield St,Stoughton St,Bakersfield St and Stoughton St,ok,1,"Bakersfield St & Stoughton St, Dorchester, MA 02125",-71.061489000001,42.315417000003,369,1,200,,2026-06-04T17:55:36.413Z
bakersfield street,willis street,Bakersfield St,Willis St,Bakersfield St and Willis St,ok,1,"Bakersfield St & Willis St, Dorchester, MA 02125",-71.060598000001,42.318117000003,375,1,200,,2026-06-04T17:55:37.617Z
baldwin street,bunker hill street,Baldwin St,Bunker Hill St,Baldwin St and Bunker Hill St,ok,1,"Baldwin St & Bunker Hill St, Charlestown, MA 02129",-71.069881500001,42.382557000003,512,1,200,,2026-06-04T17:55:38.956Z
baldwin street,main street,Baldwin St,Main St,Baldwin St and Main St,ok,1,"Baldwin St & Main St, Charlestown, MA 02129",-71.070957000001,42.381315000003,346,1,200,,2026-06-04T17:55:39.991Z
baldwin street,medford street,Baldwin St,Medford St,Baldwin St and Medford St,ok,1,"Baldwin St & Medford St, Charlestown, MA 02129",-71.069031000001,42.383799000003,362,1,200,,2026-06-04T17:55:41.209Z
ballou avenue,willowwood street,Ballou Ave,Willowwood St,Ballou Ave and Willowwood St,ok,1,"Ballou Ave & Willowwood St, Dorchester, MA 02124",-71.085631500001,42.283242000003,345,1,200,,2026-06-04T17:55:42.392Z
ballou avenue,woodrow avenue,Ballou Ave,Woodrow Ave,Ballou Ave and Woodrow Ave,ok,1,"Ballou Ave & Woodrow Ave, Dorchester, MA 02124",-71.080780500001,42.287904000003,348,1,200,,2026-06-04T17:55:43.597Z
balsam street,blue hill avenue,Balsam St,Blue Hill Ave,Balsam St and Blue Hill Ave,ok,1,"Balsam St & Blue Hill Ave, Dorchester, MA 02124",-71.090374500001,42.287211000003,545,1,200,,2026-06-04T17:55:44.996Z
balsam street,irma street,Balsam St,Irma St,Balsam St and Irma St,ok,1,"Balsam St & Irma St, Dorchester, MA 02124",-71.087647500001,42.286716000003,471,1,200,,2026-06-04T17:55:46.123Z
bancroft street,columbus avenue,Bancroft St,Columbus Ave,Bancroft St and Columbus Ave,ok,1,"Bancroft St & Columbus Ave, Jamaica Plain, MA 02119",-71.098371000001,42.318081000003,498,1,200,,2026-06-04T17:55:47.351Z
bancroft street,west walnut park,Bancroft St,West Walnut Park,Bancroft St and West Walnut Park,ok,1,"Bancroft St & W Walnut Park, Jamaica Plain, MA 02119",-71.099248500001,42.317550000003,312,1,200,,2026-06-04T17:55:48.365Z
banfield avenue,wooddale avenue,Banfield Ave,Wooddale Ave,Banfield Ave and Wooddale Ave,ok,1,"Banfield Ave & Wooddale Ave, Mattapan, MA 02126",-71.088075000001,42.276348000003,345,1,200,,2026-06-04T17:55:49.601Z
barbara street,centre street,Barbara St,Centre St,Barbara St and Centre St,ok,1,"Barbara St & Centre St, Jamaica Plain, MA 02130",-71.110494000001,42.321024000003,297,1,200,,2026-06-04T17:55:50.753Z
barbara street,south huntington avenue,Barbara St,South Huntington Ave,Barbara St and South Huntington Ave,ok,1,"Barbara St & S Huntington Ave, Jamaica Plain, MA 02130",-71.111943000001,42.320997000003,330,1,200,,2026-06-04T17:55:51.987Z
barker street,goodenough street,Barker St,Goodenough St,Barker St and Goodenough St,ok,1,"Barker St & Goodenough St, Brighton, MA 02135",-71.154216000001,42.354486000003,343,1,200,,2026-06-04T17:55:53.201Z
barker street,parsons street,Barker St,Parsons St,Barker St and Parsons St,ok,1,"Barker St & Parsons St, Brighton, MA 02135",-71.154859500001,42.354108000003,326,1,200,,2026-06-04T17:55:54.384Z
barrows street,armington street,Barrows St,Armington St,Barrows St and Armington St,ok,1,"Barrows St & Armington St, Allston, MA 02134",-71.138011500001,42.352407000003,284,1,200,,2026-06-04T17:55:55.542Z
barrows street,cambridge street,Barrows St,Cambridge St,Barrows St and Cambridge St,ok,1,"Barrows St & Cambridge St, Allston, MA 02134",-71.138340000001,42.353226000003,268,1,200,,2026-06-04T17:55:56.729Z
barry park,barry street,Barry Park,Barry St,Barry Park and Barry St,ok,1,"Barry Park & Barry St, Dorchester, MA 02125",-71.067487500001,42.309423000003,437,1,200,,2026-06-04T17:55:58.098Z
barry street,quincy street,Barry St,Quincy St,Barry St and Quincy St,ok,1,"Barry St & Quincy St, Dorchester, MA 02125",-71.066992500001,42.309783000003,336,1,200,,2026-06-04T17:55:59.199Z
barry street,richfield street,Barry St,Richfield St,Barry St and Richfield St,ok,1,"Barry St & Richfield St, Dorchester, MA 02125",-71.070741000001,42.307245000003,324,1,200,,2026-06-04T17:56:00.390Z
bartlett street,dudley street,Bartlett St,Dudley St,Bartlett St and Dudley St,ok,1,"Bartlett St & Dudley St, Roxbury, MA 02119",-71.090203500001,42.329601000003,728,1,200,,2026-06-04T17:56:01.994Z
bartlett street,green street,Bartlett St,Green St,Bartlett St and Green St,ok,1,"Bartlett St & Green St, Charlestown, MA 02129",-71.062623000001,42.377661000003,388,1,200,,2026-06-04T17:56:02.856Z
bartlett street,monument square,Bartlett St,Monument Sq,Bartlett St and Monument Sq,ok,1,"Bartlett St & Monument Sq, Charlestown, MA 02129",-71.061237000001,42.377157000003,378,1,200,,2026-06-04T17:56:04.046Z
bartlett street,pearl street,Bartlett St,Pearl St,Bartlett St and Pearl St,ok,1,"Bartlett St & Pearl St, Charlestown, MA 02129",-71.064481500001,42.378534000003,300,1,200,,2026-06-04T17:56:05.169Z
bartlett street,school street,Bartlett St,School St,Bartlett St and School St,ok,1,"Bartlett St & School St, Charlestown, MA 02129",-71.063892000001,42.378264000003,445,1,200,,2026-06-04T17:56:06.515Z
bartlett street,sullivan street,Bartlett St,Sullivan St,Bartlett St and Sullivan St,ok,1,"Bartlett St & Sullivan St, Charlestown, MA 02129",-71.065255500001,42.378885000003,307,1,200,,2026-06-04T17:56:07.576Z
bartlett street,walker street,Bartlett St,Walker St,Bartlett St and Walker St,ok,1,"Bartlett St & Walker St, Charlestown, MA 02129",-71.066655000001,42.379362000003,371,1,200,,2026-06-04T17:56:08.841Z
bartlett street,washington street,Bartlett St,Washington St,Bartlett St and Washington St,ok,1,"Bartlett St & Washington St, Roxbury, MA 02119",-71.086995000001,42.327765000003,325,1,200,,2026-06-04T17:56:09.996Z
basile street,lindall street,Basile St,Lindall St,Basile St and Lindall St,ok,1,"Basile St & Lindall St, Roslindale, MA 02131",-71.125893000001,42.286203000003,513,1,200,,2026-06-04T17:56:11.385Z
basile street,washington street,Basile St,Washington St,Basile St and Washington St,ok,1,"Basile St & Washington St, Roslindale, MA 02131",-71.127418500001,42.287121000003,430,1,200,,2026-06-04T17:56:12.501Z
battery street,end of street,Battery St,End of Street,Battery St and End of Street,no_match,0,,,,214,1,200,,2026-06-04T17:56:13.488Z
battery street,hanover,Battery St,Hanover,Battery St and Hanover,ok,1,"Battery St & Hanover St, North End, MA 02113",-71.052754500001,42.366258000003,1336,1,200,,2026-06-04T17:56:15.809Z
batterymarch street,high street,Batterymarch St,High St,Batterymarch St and High St,ok,1,"Batterymarch St & High St, Downtown, MA 02110",-71.052813000001,42.356421000003,1056,1,200,,2026-06-04T17:56:16.868Z
batterymarch street,milk street,Batterymarch St,Milk St,Batterymarch St and Milk St,ok,1,"Batterymarch St & Milk St, Downtown, MA 02109",-71.054415000001,42.357672000003,961,1,200,,2026-06-04T17:56:17.971Z
baxter street,c street,Baxter St,C St,Baxter St and C St,ok,1,"Baxter St & C St, South Boston, MA 02127",-71.055819000001,42.336873000003,356,1,200,,2026-06-04T17:56:18.570Z
baxter street,east street,Baxter St,E St,Baxter St and E St,ok,1,"Baxter St & E St, South Boston, MA 02127",-71.052750000001,42.334866000003,382,1,200,,2026-06-04T17:56:19.795Z
bay street,dorchester avenue,Bay St,Dorchester Ave,Bay St and Dorchester Ave,ok,1,"Bay St & Dorchester Ave, Dorchester, MA 02125",-71.057583000001,42.311349000003,305,1,200,,2026-06-04T17:56:20.919Z
bay street,south sydney street,Bay St,South Sydney St,Bay St and South Sydney St,ok,1,"Bay St & S Sydney St, Dorchester, MA 02125",-71.054091000001,42.310638000003,456,1,200,,2026-06-04T17:56:22.270Z
bayside street,savin hill avenue,Bayside St,Savin Hill Ave,Bayside St and Savin Hill Ave,ok,1,"Bayside St & Savin Hill Ave, Dorchester, MA 02125",-71.050243500001,42.309072000003,328,1,200,,2026-06-04T17:56:23.344Z
beach street,atlantic avenue,Beach St,Atlantic Ave,Beach St and Atlantic Ave,ok,1,"Beach St & Atlantic Ave, Leather District, MA 02111",-71.056620000001,42.350445000003,380,1,200,,2026-06-04T17:56:24.596Z
beach street,freeport street,Beach St,Freeport St,Beach St and Freeport St,ok,1,"Beach St & Freeport St, Dorchester, MA 02125",-71.054311500001,42.303861000003,304,1,200,,2026-06-04T17:56:25.720Z
beach street,park street,Beach St,Park St,Beach St and Park St,ok,1,"Beach St & Park St, Dorchester, MA 02122",-71.054802000001,42.300783000003,387,1,200,,2026-06-04T17:56:27.003Z
beach street,washington street,Beach St,Washington St,Beach St and Washington St,ok,1,"Beach St & Washington St, Downtown, MA 02116",-71.062794000001,42.351597000003,392,1,200,,2026-06-04T17:56:28.210Z
beacon street,arlington street,Beacon St,Arlington St,Beacon St and Arlington St,ok,1,"Beacon St & Arlington St, Back Bay, MA 02116",-71.072617500001,42.355413000003,386,1,200,,2026-06-04T17:56:29.404Z
beacon street,brookline town line,Beacon St,Brookline Town Line,Beacon St and Brookline Town Line,ok,1,"Beacon St & Brookline Ave, Fenway, MA 02215",-71.097156000001,42.348798000003,465,1,200,,2026-06-04T17:56:30.684Z
beacon street,charles street,Beacon St,Charles St,Beacon St and Charles St,ok,3,"Beacon St & Charles St, Beacon Hill, MA 02108",-71.069436000001,42.356223000003,468,1,200,,2026-06-04T17:56:31.889Z
beacon street,charlesgate east,Beacon St,Charlesgate East,Beacon St and Charlesgate East,ok,1,"Beacon St & Charlesgate E, Fenway, MA 02215",-71.091634500001,42.350274000003,340,1,200,,2026-06-04T17:56:32.964Z
beacon street,chestnut hill avenue,Beacon St,Chestnut Hill Ave,Beacon St and Chestnut Hill Ave,ok,2,"Beacon St & Chestnut Hill Ave, Brighton, MA 02135",-71.150899500001,42.336063000003,327,1,200,,2026-06-04T17:56:34.149Z
beacon street,commonwealth avenue,Beacon St,Commonwealth Ave,Beacon St and Commonwealth Ave,ok,3,"Beacon St & Commonwealth Ave, Fenway, MA 02215",-71.098074000001,42.348906000003,338,1,200,,2026-06-04T17:56:35.361Z
beacon street,joy street,Beacon St,Joy St,Beacon St and Joy St,ok,1,"Beacon St & Joy St, Beacon Hill, MA 02108",-71.065066500001,42.357168000003,350,1,200,,2026-06-04T17:56:36.575Z
beacon street,massachusetts avenue,Beacon St,Massachusetts Ave,Beacon St and Massachusetts Ave,ok,1,"Beacon St & Massachusetts Ave, Fenway, MA 02115",-71.089488000001,42.350850000003,334,1,200,,2026-06-04T17:56:37.759Z
beacon street,newton town line,Beacon St,Newton Town Line,Beacon St and Newton Town Line,no_match,0,,,,188,1,200,,2026-06-04T17:56:38.815Z
beacon street,park street,Beacon St,Park St,Beacon St and Park St,ok,1,"Beacon St & Park St, Downtown, MA 02108",-71.063199000001,42.357717000003,277,1,200,,2026-06-04T17:56:40.104Z
beacon street,somerset street,Beacon St,Somerset St,Beacon St and Somerset St,ok,1,"Beacon St & Somerset St, Downtown, MA 02108",-71.061462000001,42.358266000003,304,1,200,,2026-06-04T17:56:41.333Z
beacon street,tremont street,Beacon St,Tremont St,Beacon St and Tremont St,ok,1,"Beacon St & Tremont St, Downtown, MA 02108",-71.060440500001,42.358014000003,521,1,200,,2026-06-04T17:56:42.751Z
beaver street,beacon street,Beaver St,Beacon St,Beaver St and Beacon St,ok,1,"Beaver St & Beacon St, Beacon Hill, MA 02116",-71.072050500001,42.355566000003,275,1,200,,2026-06-04T17:56:43.705Z
beaver street,beaver place,Beaver St,Beaver Pl,Beaver St and Beaver Pl,ok,1,"Beaver St & Beaver Pl, Beacon Hill, MA 02108",-71.072289000001,42.356079000003,372,1,200,,2026-06-04T17:56:45.005Z
bedford street,chauncy street,Bedford St,Chauncy St,Bedford St and Chauncy St,ok,1,"Bedford St & Chauncy St, Downtown, MA 02111",-71.060292000001,42.353604000003,332,1,200,,2026-06-04T17:56:46.163Z
bedford street,summer street,Bedford St,Summer St,Bedford St and Summer St,ok,1,"Bedford St & Summer St, Downtown, MA 02111",-71.057763000001,42.353397000003,334,1,200,,2026-06-04T17:56:47.365Z
beechcroft street,faneuil street,Beechcroft St,Faneuil St,Beechcroft St and Faneuil St,ok,1,"Beechcroft St & Faneuil St, Brighton, MA 02135",-71.161114500001,42.352623000003,376,1,200,,2026-06-04T17:56:48.609Z
beechcroft street,washington street,Beechcroft St,Washington St,Beechcroft St and Washington St,ok,1,"Beechcroft St & Washington St, Brighton, MA 02135",-71.161272000001,42.348915000003,480,1,200,,2026-06-04T17:56:49.913Z
beecher street,boylston street,Beecher St,Boylston St,Beecher St and Boylston St,ok,1,"Beecher St & Boylston St, Jamaica Plain, MA 02130",-71.107659000001,42.317739000003,618,1,200,,2026-06-04T17:56:51.251Z
beecher street,paul gore street,Beecher St,Paul Gore St,Beecher St and Paul Gore St,ok,1,"Beecher St & Paul Gore St, Jamaica Plain, MA 02130",-71.106633000001,42.318828000003,308,1,200,,2026-06-04T17:56:52.143Z
beethoven street,arcadia street,Beethoven St,Arcadia St,Beethoven St and Arcadia St,ok,1,"Beethoven St & Arcadia St, Jamaica Plain, MA 02119",-71.100157500001,42.316353000003,375,1,200,,2026-06-04T17:56:53.410Z
beethoven street,washington street,Beethoven St,Washington St,Beethoven St and Washington St,ok,1,"Beethoven St & Washington St, Jamaica Plain, MA 02119",-71.098965000001,42.315129000003,338,1,200,,2026-06-04T17:56:54.574Z
belfort street,dorchester avenue,Belfort St,Dorchester Ave,Belfort St and Dorchester Ave,ok,1,"Belfort St & Dorchester Ave, Dorchester, MA 02125",-71.056692000001,42.315444000003,349,1,200,,2026-06-04T17:56:55.786Z
belfort street,saxton street,Belfort St,Saxton St,Belfort St and Saxton St,ok,1,"Belfort St & Saxton St, Dorchester, MA 02125",-71.053893000001,42.314931000003,357,1,200,,2026-06-04T17:56:56.997Z
bellevue street,barry street,Bellevue St,Barry St,Bellevue St and Barry St,ok,1,"Bellevue St & Barry St, Dorchester, MA 02125",-71.070291000001,42.307398000003,365,1,200,,2026-06-04T17:56:58.206Z
bellevue street,columbia road,Bellevue St,Columbia Rd,Bellevue St and Columbia Rd,ok,1,"Bellevue St & Columbia Rd, Dorchester, MA 02125",-71.068545000001,42.312690000003,380,1,200,,2026-06-04T17:56:59.421Z
bellevue street,quincy street,Bellevue St,Quincy St,Bellevue St and Quincy St,ok,1,"Bellevue St & Quincy St, Dorchester, MA 02125",-71.067847500001,42.310314000003,325,1,200,,2026-06-04T17:57:00.566Z
belmont street,bunker hill street,Belmont St,Bunker Hill St,Belmont St and Bunker Hill St,ok,1,"Belmont St & Bunker Hill St, Charlestown, MA 02129",-71.065872000001,42.380568000003,346,1,200,,2026-06-04T17:57:01.790Z
belmont street,medford street,Belmont St,Medford St,Belmont St and Medford St,ok,1,"Belmont St & Medford St, Charlestown, MA 02129",-71.064733500001,42.382116000003,508,1,200,,2026-06-04T17:57:03.152Z
belmore terrace,boylston street,Belmore Ter,Boylston St,Belmore Ter and Boylston St,ok,1,"Belmore Ter & Boylston St, Jamaica Plain, MA 02130",-71.110431000001,42.318828000003,615,1,200,,2026-06-04T17:57:04.462Z
belmore terrace,oakview terrace,Belmore Ter,Oakview Ter,Belmore Ter and Oakview Ter,ok,1,"Belmore Ter & Oakview Ter, Jamaica Plain, MA 02130",-71.110278000001,42.319602000003,337,1,200,,2026-06-04T17:57:05.383Z
belvidere street,dalton street,Belvidere St,Dalton St,Belvidere St and Dalton St,ok,1,"Belvidere St & Dalton St, Back Bay, MA 02199",-71.084421000001,42.346062000003,283,1,200,,2026-06-04T17:57:06.531Z
belvidere street,huntington avenue,Belvidere St,Huntington Ave,Belvidere St and Huntington Ave,ok,1,"Belvidere St & Huntington Ave, Back Bay, MA 02199",-71.081797500001,42.345423000003,398,1,200,,2026-06-04T17:57:07.846Z
belvidere street,massachusetts avenue,Belvidere St,Massachusetts Ave,Belvidere St and Massachusetts Ave,ok,1,"Belvidere St & Massachusetts Ave, Back Bay, MA 02115",-71.087341500001,42.346494000003,408,1,200,,2026-06-04T17:57:09.057Z
bennett street,market street,Bennett St,Market St,Bennett St and Market St,ok,1,"Bennett St & Market St, Brighton, MA 02135",-71.152384500001,42.350904000003,378,1,200,,2026-06-04T17:57:10.229Z
bennett street,oakland street,Bennett St,Oakland St,Bennett St and Oakland St,ok,1,"Bennett St & Oakland St, Brighton, MA 02135",-71.160196500001,42.351912000003,493,1,200,,2026-06-04T17:57:11.545Z
bennett street,south hobbart street,Bennett St,South Hobbart St,Bennett St and South Hobbart St,ok,1,"Bennett St & S Hobart St, Brighton, MA 02135",-71.158063500001,42.351912000003,603,1,200,,2026-06-04T17:57:12.856Z
bennington street,austin avenue,Bennington St,Austin Ave,Bennington St and Austin Ave,ok,1,"Bennington St & Austin Ave, East Boston, MA 02128",-70.999330500001,42.388587000003,508,1,200,,2026-06-04T17:57:13.961Z
bennington street,leverett street,Bennington St,Leverett St,Bennington St and Leverett St,ok,1,"Bennington St & Leverett St, East Boston, MA 02128",-70.996383000001,42.390603000003,471,1,200,,2026-06-04T17:57:15.126Z
bennington street,meridian street,Bennington St,Meridian St,Bennington St and Meridian St,ok,1,"Bennington St & Meridian St, East Boston, MA 02128",-71.039101500001,42.374916000003,572,1,200,,2026-06-04T17:57:16.427Z
bennington street,neptune road,Bennington St,Neptune Rd,Bennington St and Neptune Rd,ok,1,"Bennington St & Neptune Rd, East Boston, MA 02128",-71.025480000001,42.380046000003,576,1,200,,2026-06-04T17:57:17.632Z
bennington street,prescott street,Bennington St,Prescott St,Bennington St and Prescott St,ok,1,"Bennington St & Prescott St, East Boston, MA 02128",-71.029404000001,42.378444000003,506,1,200,,2026-06-04T17:57:18.762Z
bennington street,saratoga street,Bennington St,Saratoga St,Bennington St and Saratoga St,ok,2,"Bennington St & Saratoga St, East Boston, MA 02128",-71.007003000001,42.386643000003,652,1,200,,2026-06-04T17:57:20.110Z
bentham road,draper street,Bentham Rd,Draper St,Bentham Rd and Draper St,ok,1,"Bentham Rd & Draper St, Dorchester, MA 02122",-71.064148500001,42.303159000003,647,1,200,,2026-06-04T17:57:21.306Z
bentham road,mount ida road,Bentham Rd,Mount Ida Rd,Bentham Rd and Mount Ida Rd,ok,1,"Bentham Rd & Mount Ida Rd, Dorchester, MA 02122",-71.063118000001,42.303438000003,551,1,200,,2026-06-04T17:57:22.412Z
berkeley street,beacon street,Berkeley St,Beacon St,Berkeley St and Beacon St,ok,1,"Berkeley St & Beacon St, Back Bay, MA 02116",-71.074795500001,42.354819000003,335,1,200,,2026-06-04T17:57:23.396Z
berkeley street,boylston street,Berkeley St,Boylston St,Berkeley St and Boylston St,ok,1,"Berkeley St & Boylston St, Back Bay, MA 02116",-71.073054000001,42.351264000003,331,1,200,,2026-06-04T17:57:24.594Z
berkeley street,columbus avenue,Berkeley St,Columbus Ave,Berkeley St and Columbus Ave,ok,1,"Berkeley St & Columbus Ave, Bay Village, MA 02116",-71.071776000001,42.348663000003,391,1,200,,2026-06-04T17:57:25.854Z
berkeley street,tremont street,Berkeley St,Tremont St,Berkeley St and Tremont St,ok,1,"Berkeley St & Tremont St, South End, MA 02116",-71.069836500001,42.345279000003,398,1,200,,2026-06-04T17:57:27.062Z
bernard street,harvard street,Bernard St,Harvard St,Bernard St and Harvard St,ok,1,"Bernard St & Harvard St, Dorchester, MA 02121",-71.080965000001,42.296310000003,392,1,200,,2026-06-04T17:57:28.259Z
bernard street,talbot avenue,Bernard St,Talbot Ave,Bernard St and Talbot Ave,ok,1,"Bernard St & Talbot Ave, Dorchester, MA 02124",-71.079507000001,42.292449000003,470,1,200,,2026-06-04T17:57:29.536Z
bexley road,florence street,Bexley Rd,Florence St,Bexley Rd and Florence St,ok,1,"Bexley Rd & Florence St, Roslindale, MA 02131",-71.123904000001,42.286725000003,364,1,200,,2026-06-04T17:57:30.630Z
bexley road,washington street,Bexley Rd,Washington St,Bexley Rd and Washington St,ok,1,"Bexley Rd & Washington St, Roslindale, MA 02131",-71.126307000001,42.288156000003,322,1,200,,2026-06-04T17:57:31.789Z
bicknell street,bradshaw street,Bicknell St,Bradshaw St,Bicknell St and Bradshaw St,ok,1,"Bicknell St & Bradshaw St, Dorchester, MA 02121",-71.083201500001,42.298623000003,343,1,200,,2026-06-04T17:57:33.012Z
bicknell street,harvard avenue,Bicknell St,Harvard Ave,Bicknell St and Harvard Ave,ok,1,"Bicknell St & Harvard St, Dorchester, MA 02121",-71.082292500001,42.296328000003,386,1,200,,2026-06-04T17:57:34.257Z
bilodeau road,washington street,Bilodeau Rd,Washington St,Bilodeau Rd and Washington St,ok,1,"Bilodeau Rd & Washington St, Dorchester, MA 02121",-71.082346500001,42.307155000003,305,1,200,,2026-06-04T17:57:35.378Z
binford street,a street,Binford St,A St,Binford St and A St,ok,1,"Binford St & A St, South Boston Waterfront, MA 02210",-71.051139000001,42.346944000003,444,1,200,,2026-06-04T17:57:36.716Z
binford street,fort point channel,Binford St,Fort Point Channel,Binford St and Fort Point Channel,ok,1,"Binford St & Channel Center St, South Boston Waterfront, MA 02210",-71.050635000001,42.346728000003,416,1,200,,2026-06-04T17:57:37.890Z
binney street,fenwood road,Binney St,Fenwood Rd,Binney St and Fenwood Rd,ok,1,"Binney St & Fenwood Rd, Longwood, MA 02115",-71.108730000001,42.335820000003,631,1,200,,2026-06-04T17:57:39.306Z
binney street,francis street,Binney St,Francis St,Binney St and Francis St,ok,1,"Binney St & Francis St, Longwood, MA 02115",-71.108199000001,42.336306000003,475,1,200,,2026-06-04T17:57:40.350Z
bird street,alexander street,Bird St,Alexander St,Bird St and Alexander St,ok,1,"Bird St & Alexander St, Dorchester, MA 02125",-71.071312500001,42.313068000003,330,1,200,,2026-06-04T17:57:41.405Z
bird street,columbia road,Bird St,Columbia Rd,Bird St and Columbia Rd,ok,1,"Bird St & Columbia Rd, Dorchester, MA 02125",-71.067411000001,42.314616000003,342,1,200,,2026-06-04T17:57:42.618Z
bird street,hancock street,Bird St,Hancock St,Bird St and Hancock St,ok,1,"Bird St & Hancock St, Dorchester, MA 02125",-71.065876500001,42.314841000003,292,1,200,,2026-06-04T17:57:43.770Z
bird street,magnolia street,Bird St,Magnolia St,Bird St and Magnolia St,ok,1,"Bird St & Magnolia St, Roxbury, MA 02125",-71.072262000001,42.313428000003,397,1,200,,2026-06-04T17:57:45.075Z
bismarck street,boylston street,Bismarck St,Boylston St,Bismarck St and Boylston St,ok,1,"Bismarck St & Boylston St, Jamaica Plain, MA 02130",-71.102277000001,42.315255000003,400,1,200,,2026-06-04T17:57:46.280Z
bismarck street,porter street,Bismarck St,Porter St,Bismarck St and Porter St,ok,1,"Bismarck St & Porter St, Jamaica Plain, MA 02130",-71.102907000001,42.314967000003,373,1,200,,2026-06-04T17:57:47.454Z
blackstone street,hanover street,Blackstone St,Hanover St,Blackstone St and Hanover St,ok,1,"Blackstone St & Hanover St, Downtown, MA 02109",-71.056678500001,42.362037000003,300,1,200,,2026-06-04T17:57:48.583Z
blackstone street,north street,Blackstone St,North St,Blackstone St and North St,ok,1,"Blackstone St & North St, Downtown, MA 02109",-71.055486000001,42.361128000003,874,1,200,,2026-06-04T17:57:50.359Z
blackwood street,street botolph street,Blackwood St,St Botolph St,Blackwood St and St Botolph St,ok,1,"Blackwood St & Saint Botolph St, Back Bay, MA 02115",-71.082823500001,42.343227000003,334,1,200,,2026-06-04T17:57:51.023Z
blagden street,exeter street,Blagden St,Exeter St,Blagden St and Exeter St,ok,1,"Blagden St & Exeter St, Back Bay, MA 02116",-71.079093000001,42.348699000003,289,1,200,,2026-06-04T17:57:52.178Z
blagden street,huntington avenue,Blagden St,Huntington Ave,Blagden St and Huntington Ave,ok,1,"Blagden St & Huntington Ave, Back Bay, MA 02116",-71.077266000001,42.349113000003,349,1,200,,2026-06-04T17:57:53.440Z
blaine street,braintree street,Blaine St,Braintree St,Blaine St and Braintree St,ok,1,"Blaine St & Braintree St, Allston, MA 02134",-71.137593000001,42.356502000003,375,1,200,,2026-06-04T17:57:54.668Z
blakeville street,bowdoin street,Blakeville St,Bowdoin St,Blakeville St and Bowdoin St,ok,1,"Blakeville St & Bowdoin St, Dorchester, MA 02121",-71.070484500001,42.303879000003,274,1,200,,2026-06-04T17:57:55.767Z
blakeville street,olney street,Blakeville St,Olney St,Blakeville St and Olney St,ok,1,"Blakeville St & Olney St, Dorchester, MA 02121",-71.071384500001,42.305535000003,596,1,200,,2026-06-04T17:57:57.290Z
blanchard street,bartlett street,Blanchard St,Bartlett St,Blanchard St and Bartlett St,ok,1,"Blanchard St & Bartlett St, Roxbury, MA 02119",-71.089744500001,42.329097000003,441,1,200,,2026-06-04T17:57:58.338Z
blanchard street,norfolk street,Blanchard St,Norfolk St,Blanchard St and Norfolk St,ok,1,"Blanchard St & Norfolk St, Roxbury, MA 02119",-71.090383500001,42.328485000003,452,1,200,,2026-06-04T17:57:59.557Z
bloomfield street,geneva avenue,Bloomfield St,Geneva Ave,Bloomfield St and Geneva Ave,ok,1,"Bloomfield St & Geneva Ave, Dorchester, MA 02122",-71.065552500001,42.299928000003,353,1,200,,2026-06-04T17:58:00.653Z
bloomfield street,greenbrier street,Bloomfield St,Greenbrier St,Bloomfield St and Greenbrier St,ok,1,"Bloomfield St & Greenbrier St, Dorchester, MA 02124",-71.071042500001,42.298299000003,376,1,200,,2026-06-04T17:58:01.875Z
blossom court,blossom street,Blossom Ct,Blossom St,Blossom Ct and Blossom St,ok,1,"Blossom Ct & Blossom St, West End, MA 02114",-71.067528000001,42.363918000003,433,1,200,,2026-06-04T17:58:03.132Z
blossom court,emerson place,Blossom Ct,Emerson Pl,Blossom Ct and Emerson Pl,ok,1,"Blossom St & Emerson Pl, West End, MA 02114",-71.068621500001,42.364026000003,358,1,200,,2026-06-04T17:58:04.261Z
blossom street,cambridge street,Blossom St,Cambridge St,Blossom St and Cambridge St,ok,1,"Blossom St & Cambridge St, Beacon Hill, MA 02114",-71.066974500001,42.361128000003,440,1,200,,2026-06-04T17:58:05.543Z
blossom street,charles street,Blossom St,Charles St,Blossom St and Charles St,ok,1,"Blossom St & Charles St, West End, MA 02114",-71.069791500001,42.364287000003,309,1,200,,2026-06-04T17:58:06.614Z
blossom street,william cardinal o'connell way,Blossom St,William Cardinal O'Connell Way,Blossom St and William Cardinal O'Connell Way,ok,1,"Blossom St & William Cardinal O'Connell Way, West End, MA 02114",-71.067019500001,42.363423000003,351,1,200,,2026-06-04T17:58:07.858Z
blue hill avenue,blue hill avenue,Blue Hill Ave,Blue Hill Ave,Blue Hill Ave and Blue Hill Ave,ok,1,"Blue Hill Ave & Blue Hills Pkwy, Mattapan, MA 02126",-71.093916000001,42.267258000003,542,1,200,,2026-06-04T17:58:09.251Z
blue hill avenue,dudley street,Blue Hill Ave,Dudley St,Blue Hill Ave and Dudley St,ok,1,"Blue Hill Ave & Dudley St, Roxbury, MA 02119",-71.074921500001,42.325227000003,360,1,200,,2026-06-04T17:58:10.270Z
blue hill avenue,maywood street,Blue Hill Ave,Maywood St,Blue Hill Ave and Maywood St,ok,1,"Blue Hill Ave & Maywood St, Roxbury, MA 02119",-71.078233500001,42.315876000003,303,1,200,,2026-06-04T17:58:11.414Z
blue hill avenue,morton street,Blue Hill Ave,Morton St,Blue Hill Ave and Morton St,ok,1,"Blue Hill Ave & Morton St, Dorchester, MA 02124",-71.091549000001,42.284295000003,372,1,200,,2026-06-04T17:58:12.686Z
blue hill avenue,quincy street,Blue Hill Ave,Quincy St,Blue Hill Ave and Quincy St,ok,1,"Blue Hill Ave & Quincy St, Roxbury, MA 02119",-71.078832000001,42.314607000003,365,1,200,,2026-06-04T17:58:13.881Z
blue hill avenue,river street,Blue Hill Ave,River St,Blue Hill Ave and River St,ok,2,"Blue Hill Ave & River St, Mattapan, MA 02126",-71.093880000001,42.267654000003,329,1,200,,2026-06-04T17:58:15.046Z
blue hill avenue,warren street,Blue Hill Ave,Warren St,Blue Hill Ave and Warren St,ok,1,"Blue Hill Ave & Warren St, Dorchester, MA 02121",-71.082621000001,42.309531000003,303,1,200,,2026-06-04T17:58:16.223Z
bluefield terrace,gladeside avenue,Bluefield Ter,Gladeside Ave,Bluefield Ter and Gladeside Ave,ok,1,"Bluefield Ter & Gladeside Ave, Mattapan, MA 02126",-71.086662000001,42.273585000003,316,1,200,,2026-06-04T17:58:17.433Z
bluefield terrace,ridgeview avenue,Bluefield Ter,Ridgeview Ave,Bluefield Ter and Ridgeview Ave,ok,1,"Bluefield Ter & Ridgeview Ave, Mattapan, MA 02126",-71.084821500001,42.272712000003,325,1,200,,2026-06-04T17:58:18.644Z
boardman street,leyden street,Boardman St,Leyden St,Boardman St and Leyden St,ok,1,"Boardman St & Leyden St, East Boston, MA 02128",-71.012592000001,42.390900000003,341,1,200,,2026-06-04T17:58:19.863Z
boardman street,saratoga street,Boardman St,Saratoga St,Boardman St and Saratoga St,ok,1,"Boardman St & Saratoga St, East Boston, MA 02128",-71.008101000001,42.387138000003,387,1,200,,2026-06-04T17:58:21.110Z
bodwell street,bird street,Bodwell St,Bird St,Bodwell St and Bird St,ok,1,"Bodwell St & Bird St, Dorchester, MA 02125",-71.070520500001,42.313383000003,801,1,200,,2026-06-04T17:58:22.725Z
bodwell street,columbia road,Bodwell St,Columbia Rd,Bodwell St and Columbia Rd,ok,1,"Bodwell St & Columbia Rd, Dorchester, MA 02125",-71.069337000001,42.311997000003,452,1,200,,2026-06-04T17:58:23.578Z
bolster street,mozart street,Bolster St,Mozart St,Bolster St and Mozart St,ok,1,"Bolster St & Mozart St, Jamaica Plain, MA 02130",-71.104806000001,42.322059000003,591,1,200,,2026-06-04T17:58:24.921Z
bolster street,wyman street,Bolster St,Wyman St,Bolster St and Wyman St,ok,1,"Bolster St & Wyman St, Jamaica Plain, MA 02130",-71.106408000001,42.321942000003,646,1,200,,2026-06-04T17:58:26.175Z
bolton street,d street,Bolton St,D St,Bolton St and D St,ok,1,"Bolton St & D St, South Boston, MA 02127",-71.049595500001,42.339879000003,698,1,200,,2026-06-04T17:58:27.429Z
bolton street,dorchester street,Bolton St,Dorchester St,Bolton St and Dorchester St,ok,1,"Bolton St & Dorchester St, South Boston, MA 02127",-71.044290000001,42.336459000003,750,1,200,,2026-06-04T17:58:28.681Z
bond street,hanson street,Bond St,Hanson St,Bond St and Hanson St,ok,1,"Bond St & Hanson St, South End, MA 02118",-71.069562000001,42.343281000003,728,1,200,,2026-06-04T17:58:29.862Z
bond street,milford street,Bond St,Milford St,Bond St and Milford St,ok,1,"Bond St & Milford St, South End, MA 02118",-71.069022000001,42.343731000003,345,1,200,,2026-06-04T17:58:30.681Z
border street,central square,Border St,Central Sq,Border St and Central Sq,ok,2,"Border St & Central Sq, East Boston, MA 02128",-71.039961000001,42.374547000003,372,1,200,,2026-06-04T17:58:31.909Z
border street,maverick street,Border St,Maverick St,Border St and Maverick St,ok,1,"Border St & Maverick St, East Boston, MA 02128",-71.042287500001,42.371622000003,308,1,200,,2026-06-04T17:58:33.046Z
boston street,columbia road,Boston St,Columbia Rd,Boston St and Columbia Rd,ok,1,"Boston St & Columbia Rd, Dorchester, MA 02125",-71.061484500001,42.320466000003,346,1,200,,2026-06-04T17:58:34.285Z
boston street,dorchester avenue,Boston St,Dorchester Ave,Boston St and Dorchester Ave,ok,1,"Boston St & Dorchester Ave, South Boston, MA 02127",-71.057011500001,42.329511000003,482,1,200,,2026-06-04T17:58:35.622Z
boston street,powers street,Boston St,Powers St,Boston St and Powers St,no_match,0,,,,184,1,200,,2026-06-04T17:58:36.525Z
boston street,songin father anthony way,Boston St,Songin Father Anthony Way,Boston St and Songin Father Anthony Way,ok,1,"Boston St & Father Anthony Songin Way, South Boston, MA 02127",-71.057862000001,42.328134000003,858,1,200,,2026-06-04T17:58:38.400Z
bourneside street,melville avenue,Bourneside St,Melville Ave,Bourneside St and Melville Ave,ok,1,"Bourneside St & Melville Ave, Dorchester, MA 02124",-71.062461000001,42.295797000003,466,1,200,,2026-06-04T17:58:39.209Z
bourneside street,park street,Bourneside St,Park St,Bourneside St and Park St,ok,1,"Bourneside St & Park St, Dorchester, MA 02124",-71.062843500001,42.297993000003,281,1,200,,2026-06-04T17:58:40.226Z
bowdoin avenue,eldon street,Bowdoin Ave,Eldon St,Bowdoin Ave and Eldon St,ok,1,"Bowdoin Ave & Eldon St, Dorchester, MA 02121",-71.077540500001,42.303582000003,329,1,200,,2026-06-04T17:58:41.472Z
bowdoin avenue,nottingham street,Bowdoin Ave,Nottingham St,Bowdoin Ave and Nottingham St,ok,1,"Bowdoin Ave & Nottingham St, Dorchester, MA 02121",-71.073513000001,42.300270000003,425,1,200,,2026-06-04T17:58:42.771Z
bowdoin park,bowdoin street,Bowdoin Park,Bowdoin St,Bowdoin Park and Bowdoin St,ok,1,"Bowdoin Park & Bowdoin St, Dorchester, MA 02125",-71.067361500001,42.305949000003,463,1,200,,2026-06-04T17:58:44.010Z
bowdoin street,beacon street,Bowdoin St,Beacon St,Bowdoin St and Beacon St,ok,1,"Bowdoin St & Beacon St, Downtown, MA 02108",-71.062704000001,42.357942000003,431,1,200,,2026-06-04T17:58:45.178Z
bowdoin street,cambridge street,Bowdoin St,Cambridge St,Bowdoin St and Cambridge St,ok,1,"Bowdoin St & Cambridge St, Downtown, MA 02114",-71.062866000001,42.361191000003,323,1,200,,2026-06-04T17:58:46.271Z
bowdoin street,derne street,Bowdoin St,Derne St,Bowdoin St and Derne St,ok,2,"Bowdoin St & Derne St, Beacon Hill, MA 02114",-71.062875000001,42.359373000003,377,1,200,,2026-06-04T17:58:47.525Z
bowdoin street,hancock street,Bowdoin St,Hancock St,Bowdoin St and Hancock St,ok,2,"Bowdoin St & Hancock St, Dorchester, MA 02122",-71.062452000001,42.310665000003,393,1,200,,2026-06-04T17:58:48.744Z
bowdoin street,washington street,Bowdoin St,Washington St,Bowdoin St and Washington St,ok,1,"Bowdoin St & Washington St, Dorchester, MA 02121",-71.073661500001,42.299388000003,382,1,200,,2026-06-04T17:58:49.932Z
bower street,walnut avenue,Bower St,Walnut Ave,Bower St and Walnut Ave,ok,2,"Bower St & Walnut Ave, Roxbury, MA 02119",-71.087710500001,42.320223000003,412,1,200,,2026-06-04T17:58:51.163Z
bowker street,hawkins street,Bowker St,Hawkins St,Bowker St and Hawkins St,ok,1,"Bowker St & Hawkins St, Downtown, MA 02114",-71.060161500001,42.362154000003,580,1,200,,2026-06-04T17:58:52.533Z
bowker street,new chardon street,Bowker St,New Chardon St,Bowker St and New Chardon St,ok,1,"Bowker St & New Chardon St, Downtown, MA 02114",-71.060935500001,42.362721000003,381,1,200,,2026-06-04T17:58:53.534Z
boyd street,dakota street,Boyd St,Dakota St,Boyd St and Dakota St,ok,1,"Boyd St & Dakota St, Dorchester, MA 02124",-71.068198500001,42.299847000003,735,1,200,,2026-06-04T17:58:55.093Z
boyd street,westville street,Boyd St,Westville St,Boyd St and Westville St,ok,1,"Boyd St & Westville St, Dorchester, MA 02124",-71.068585500001,42.300711000003,481,1,200,,2026-06-04T17:58:56.036Z
boyden street,callender street,Boyden St,Callender St,Boyden St and Callender St,ok,1,"Boyden St & Callender St, Dorchester, MA 02124",-71.081563500001,42.288714000003,598,1,200,,2026-06-04T17:58:57.355Z
boyden street,woodrow avenue,Boyden St,Woodrow Ave,Boyden St and Woodrow Ave,ok,1,"Boyden St & Woodrow Ave, Dorchester, MA 02124",-71.081244000001,42.287796000003,404,1,200,,2026-06-04T17:58:58.362Z
boylston street,arlington street,Boylston St,Arlington St,Boylston St and Arlington St,ok,1,"Boylston St & Arlington St, Beacon Hill, MA 02116",-71.070682500001,42.351903000003,392,1,200,,2026-06-04T17:58:59.552Z
boylston street,centre street,Boylston St,Centre St,Boylston St and Centre St,ok,1,"Boylston St & Centre St, Jamaica Plain, MA 02130",-71.111659500001,42.319530000003,646,1,200,,2026-06-04T17:59:01.008Z
boylston street,charles street,Boylston St,Charles St,Boylston St and Charles St,ok,3,"Boylston St & Charles St, Beacon Hill, MA 02116",-71.067600000001,42.352875000003,687,1,200,,2026-06-04T17:59:02.248Z
boylston street,charlesgate east,Boylston St,Charlesgate East,Boylston St and Charlesgate East,ok,1,"Boylston St & Charlesgate E, Fenway, MA 02215",-71.090419500001,42.346566000003,624,1,200,,2026-06-04T17:59:03.386Z
boylston street,fenway,Boylston St,Fenway,Boylston St and Fenway,ok,3,"Boylston St & Fenway, Fenway, MA 02215",-71.091202500001,42.346485000003,598,1,200,,2026-06-04T17:59:04.563Z
boylston street,hereford street,Boylston St,Hereford St,Boylston St and Hereford St,ok,1,"Boylston St & Hereford St, Back Bay, MA 02115",-71.085267000001,42.347961000003,556,1,200,,2026-06-04T17:59:05.720Z
boylston street,lamartine street,Boylston St,Lamartine St,Boylston St and Lamartine St,ok,1,"Boylston St & Lamartine St, Jamaica Plain, MA 02130",-71.104900500001,42.317028000003,566,1,200,,2026-06-04T17:59:06.931Z
boylston street,massachusetts avenue,Boylston St,Massachusetts Ave,Boylston St and Massachusetts Ave,ok,1,"Boylston St & Massachusetts Ave, Fenway, MA 02115",-71.087742000001,42.347286000003,372,1,200,,2026-06-04T17:59:07.939Z
boylston street,park drive,Boylston St,Park Dr,Boylston St and Park Dr,ok,3,"Boylston St & Park Dr, Fenway, MA 02215",-71.102614500001,42.343326000003,512,1,200,,2026-06-04T17:59:09.281Z
boylston street,tremont street,Boylston St,Tremont St,Boylston St and Tremont St,ok,1,"Boylston St & Tremont St, Beacon Hill, MA 02111",-71.064544500001,42.352380000003,591,1,200,,2026-06-04T17:59:10.561Z
boylston street,washington street,Boylston St,Washington St,Boylston St and Washington St,ok,2,"Boylston St & Washington St, Chinatown, MA 02116",-71.062609500001,42.352380000003,438,1,200,,2026-06-04T17:59:11.609Z
brackett street,faneuil street,Brackett St,Faneuil St,Brackett St and Faneuil St,ok,1,"Brackett St & Faneuil St, Brighton, MA 02135",-71.165101500001,42.351993000003,498,1,200,,2026-06-04T17:59:12.870Z
brackett street,washington street,Brackett St,Washington St,Brackett St and Washington St,ok,1,"Brackett St & Washington St, Brighton, MA 02135",-71.165425500001,42.350229000003,284,1,200,,2026-06-04T17:59:13.858Z
braddock park,carleton street,Braddock Park,Carleton St,Braddock Park and Carleton St,ok,1,"Braddock Park & Carleton St, South End, MA 02116",-71.079160500001,42.344676000003,340,1,200,,2026-06-04T17:59:15.116Z
braddock park,columbus avenue,Braddock Park,Columbus Ave,Braddock Park and Columbus Ave,ok,1,"Braddock Park & Columbus Ave, South End, MA 02116",-71.077891500001,42.343749000003,506,1,200,,2026-06-04T17:59:16.483Z
bradeen street,washington street,Bradeen St,Washington St,Bradeen St and Washington St,ok,1,"Bradeen St & Washington St, Roslindale, MA 02131",-71.123062500001,42.291198000003,335,1,200,,2026-06-04T17:59:17.513Z
bradford street,shawmut street,Bradford St,Shawmut St,Bradford St and Shawmut St,ok,1,"Bradford St & Shawmut Ave, South End, MA 02118",-71.068432500001,42.343416000003,430,1,200,,2026-06-04T17:59:18.808Z
bradford street,waltham street,Bradford St,Waltham St,Bradford St and Waltham St,ok,1,"Bradford St & Waltham St, South End, MA 02118",-71.069499000001,42.342264000003,420,1,200,,2026-06-04T17:59:20.000Z
bradlee street,school street,Bradlee St,School St,Bradlee St and School St,ok,1,"Bradlee St & School St, Dorchester, MA 02124",-71.075250000001,42.296841000003,316,1,200,,2026-06-04T17:59:21.095Z
bradlee street,washington street,Bradlee St,Washington St,Bradlee St and Washington St,ok,1,"Bradlee St & Washington St, Dorchester, MA 02124",-71.072685000001,42.297777000003,444,1,200,,2026-06-04T17:59:22.424Z
bradshaw street,charlotte street,Bradshaw St,Charlotte St,Bradshaw St and Charlotte St,ok,1,"Bradshaw St & Charlotte St, Dorchester, MA 02121",-71.083764000001,42.298506000003,747,1,200,,2026-06-04T17:59:23.928Z
bradshaw street,glenway street,Bradshaw St,Glenway St,Bradshaw St and Glenway St,ok,1,"Bradshaw St & Glenway St, Dorchester, MA 02121",-71.081437500001,42.299001000003,571,1,200,,2026-06-04T17:59:24.953Z
bradston street,atkinson street,Bradston St,Atkinson St,Bradston St and Atkinson St,ok,1,"Bradston St & Atkinson St, South Boston, MA 02118",-71.068180500001,42.333300000003,277,1,200,,2026-06-04T17:59:25.857Z
bradston street,southampton street,Bradston St,Southampton St,Bradston St and Southampton St,ok,1,"Bradston St & Southampton St, South Boston, MA 02118",-71.071389000001,42.332364000003,361,1,200,,2026-06-04T17:59:27.143Z
braemore road,chiswick road,Braemore Rd,Chiswick Rd,Braemore Rd and Chiswick Rd,ok,1,"Braemore Rd & Chiswick Rd, Brighton, MA 02135",-71.150683500001,42.338286000003,650,1,200,,2026-06-04T17:59:28.635Z
braemore road,commonwealth avenue,Braemore Rd,Commonwealth Ave,Braemore Rd and Commonwealth Ave,ok,1,"Braemore Rd & Commonwealth Ave, Brighton, MA 02135",-71.152488000001,42.338511000003,301,1,200,,2026-06-04T17:59:29.486Z
bragdon street,amory street,Bragdon St,Amory St,Bragdon St and Amory St,ok,1,"Bragdon St & Amory St, Jamaica Plain, MA 02119",-71.100396000001,42.319458000003,285,1,200,,2026-06-04T17:59:30.671Z
bragdon street,columbus avenue,Bragdon St,Columbus Ave,Bragdon St and Columbus Ave,ok,1,"Bragdon St & Columbus Ave, Jamaica Plain, MA 02119",-71.098393500001,42.318423000003,356,1,200,,2026-06-04T17:59:31.944Z
brainerd road,gorham street,Brainerd Rd,Gorham St,Brainerd Rd and Gorham St,ok,1,"Brainerd Rd & Gorham St, Allston, MA 02134",-71.132184000001,42.348186000003,1381,1,200,,2026-06-04T17:59:34.170Z
brainerd road,harvard avenue,Brainerd Rd,Harvard Ave,Brainerd Rd and Harvard Ave,ok,1,"Brainerd Rd & Harvard Ave, Allston, MA 02134",-71.130028500001,42.349212000003,706,1,200,,2026-06-04T17:59:34.878Z
brainerd road,kelton street,Brainerd Rd,Kelton St,Brainerd Rd and Kelton St,ok,1,"Brainerd Rd & Kelton St, Allston, MA 02134",-71.135617500001,42.346251000003,354,1,200,,2026-06-04T17:59:35.726Z
braintree street,everett street,Braintree St,Everett St,Braintree St and Everett St,ok,1,"Braintree St & Everett St, Allston, MA 02134",-71.138079000001,42.356574000003,379,1,200,,2026-06-04T17:59:36.954Z
braintree street,franklin street,Braintree St,Franklin St,Braintree St and Franklin St,ok,1,"Braintree St & Franklin St, Allston, MA 02134",-71.132832000001,42.355953000003,368,1,200,,2026-06-04T17:59:38.144Z
branch street,charles street,Branch St,Charles St,Branch St and Charles St,ok,1,"Branch St & Charles St, Beacon Hill, MA 02108",-71.069706000001,42.356700000003,303,1,200,,2026-06-04T17:59:39.279Z
branch street,spruce street,Branch St,Spruce St,Branch St and Spruce St,ok,1,"Branch St & Spruce St, Beacon Hill, MA 02108",-71.067802500001,42.357114000003,294,1,200,,2026-06-04T17:59:40.470Z
bremen street,bennington street,Bremen St,Bennington St,Bremen St and Bennington St,ok,1,"Bremen St & Bennington St, East Boston, MA 02128",-71.026362000001,42.379641000003,368,1,200,,2026-06-04T17:59:41.747Z
bremen street,porter street,Bremen St,Porter St,Bremen St and Porter St,ok,1,"Bremen St & Porter St, East Boston, MA 02128",-71.034750000001,42.372468000003,381,1,200,,2026-06-04T17:59:42.959Z
bremen street,sumner street,Bremen St,Sumner St,Bremen St and Sumner St,ok,1,"Bremen St & Sumner St, East Boston, MA 02128",-71.038894500001,42.368517000003,335,1,200,,2026-06-04T17:59:44.114Z
brent street,melbourne street,Brent St,Melbourne St,Brent St and Melbourne St,ok,1,"Brent St & Melbourne St, Dorchester, MA 02124",-71.065705500001,42.290352000003,292,1,200,,2026-06-04T17:59:45.274Z
brent street,washington street,Brent St,Washington St,Brent St and Washington St,ok,1,"Brent St & Washington St, Dorchester, MA 02124",-71.071132500001,42.288795000003,582,1,200,,2026-06-04T17:59:46.765Z
brenton street,glenway street,Brenton St,Glenway St,Brenton St and Glenway St,ok,1,"Brenton St & Glenway St, Dorchester, MA 02121",-71.080870500001,42.297489000003,284,1,200,,2026-06-04T17:59:47.667Z
brenton street,greenwood street,Brenton St,Greenwood St,Brenton St and Greenwood St,ok,1,"Brenton St & Greenwood St, Dorchester, MA 02121",-71.079628500001,42.297741000003,278,1,200,,2026-06-04T17:59:48.862Z
brewer street,burroughs street,Brewer St,Burroughs St,Brewer St and Burroughs St,ok,1,"Brewer St & Burroughs St, Jamaica Plain, MA 02130",-71.115201000001,42.312150000003,360,1,200,,2026-06-04T17:59:50.145Z
brewer street,eliot street,Brewer St,Eliot St,Brewer St and Eliot St,ok,1,"Brewer St & Eliot St, Jamaica Plain, MA 02130",-71.116857000001,42.311043000003,293,1,200,,2026-06-04T17:59:51.280Z
brewster street,east eighth street,Brewster St,East Eighth St,Brewster St and East Eighth St,ok,1,"Brewster St & E Eighth St, South Boston, MA 02127",-71.040415500001,42.331392000003,369,1,200,,2026-06-04T17:59:52.555Z
brewster street,east seventh street,Brewster St,East Seventh St,Brewster St and East Seventh St,ok,1,"Brewster St & E Seventh St, South Boston, MA 02127",-71.040442500001,42.332220000003,284,1,200,,2026-06-04T17:59:53.674Z
briarcliff terrace,gladeside avenue,Briarcliff Ter,Gladeside Ave,Briarcliff Ter and Gladeside Ave,ok,1,"Briarcliff Ter & Gladeside Ave, Mattapan, MA 02126",-71.087382000001,42.271029000003,369,1,200,,2026-06-04T17:59:54.958Z
briarcliff terrace,ridgeview avenue,Briarcliff Ter,Ridgeview Ave,Briarcliff Ter and Ridgeview Ave,ok,1,"Briarcliff Ter & Ridgeview Ave, Mattapan, MA 02126",-71.085685500001,42.271524000003,381,1,200,,2026-06-04T17:59:56.175Z
brighton avenue,cambridge street,Brighton Ave,Cambridge St,Brighton Ave and Cambridge St,ok,2,"Brighton Ave & Cambridge St, Allston, MA 02134",-71.137336500001,42.353586000003,302,1,200,,2026-06-04T17:59:57.295Z
brighton avenue,commonwealth avenue,Brighton Ave,Commonwealth Ave,Brighton Ave and Commonwealth Ave,ok,5,"Brighton Ave & Commonwealth Ave, Allston, MA 02134",-71.125227000001,42.352119000003,479,1,200,,2026-06-04T17:59:58.676Z
brighton street,caldwell street,Brighton St,Caldwell St,Brighton St and Caldwell St,ok,1,"Brighton St & Caldwell St, Charlestown, MA 02129",-71.077540500001,42.385536000003,283,1,200,,2026-06-04T17:59:59.676Z
brimmer street,beacon street,Brimmer St,Beacon St,Brimmer St and Beacon St,ok,1,"Brimmer St & Beacon St, Beacon Hill, MA 02116",-71.071312500001,42.355737000003,367,1,200,,2026-06-04T18:00:00.961Z
brimmer street,mount vernon,Brimmer St,Mount Vernon,Brimmer St and Mount Vernon,ok,1,"Brimmer St & Mount Vernon St, Beacon Hill, MA 02108",-71.071996500001,42.357429000003,348,1,200,,2026-06-04T18:00:02.143Z
brimmer street,mount vernon street,Brimmer St,Mount Vernon St,Brimmer St and Mount Vernon St,ok,1,"Brimmer St & Mount Vernon St, Beacon Hill, MA 02108",-71.071996500001,42.357429000003,322,1,200,,2026-06-04T18:00:03.316Z
brimmer street,pinckney street,Brimmer St,Pinckney St,Brimmer St and Pinckney St,ok,1,"Brimmer St & Pinckney St, Beacon Hill, MA 02114",-71.071717500001,42.358779000003,367,1,200,,2026-06-04T18:00:04.562Z
brinsley street,columbia road,Brinsley St,Columbia Rd,Brinsley St and Columbia Rd,ok,1,"Brinsley St & Columbia Rd, Dorchester, MA 02121",-71.078368500001,42.306003000003,297,1,200,,2026-06-04T18:00:05.693Z
brinsley street,ronald street,Brinsley St,Ronald St,Brinsley St and Ronald St,ok,1,"Brinsley St & Ronald St, Dorchester, MA 02121",-71.078674500001,42.304887000003,389,1,200,,2026-06-04T18:00:06.988Z
brinton street,washington street,Brinton St,Washington St,Brinton St and Washington St,ok,1,"Brinton St & Washington St, Roxbury, MA 02119",-71.093169000001,42.320790000003,432,1,200,,2026-06-04T18:00:08.230Z
broad street,central street,Broad St,Central St,Broad St and Central St,ok,1,"Broad St & Central St, Downtown, MA 02109",-71.054374500001,42.358671000003,411,1,200,,2026-06-04T18:00:09.412Z
broad street,state street,Broad St,State St,Broad St and State St,ok,1,"Broad St & State St, Downtown, MA 02109",-71.054640000001,42.359202000003,314,1,200,,2026-06-04T18:00:10.518Z
broadway,columbus avenue,Broadway,Columbus Ave,Broadway and Columbus Ave,no_match,0,,,,187,1,200,,2026-06-04T18:00:11.590Z
broadway,stuart street,Broadway,Stuart St,Broadway and Stuart St,no_match,0,,,,153,1,200,,2026-06-04T18:00:12.759Z
brock street,oakland street,Brock St,Oakland St,Brock St and Oakland St,ok,1,"Brock St & Oakland St, Brighton, MA 02135",-71.160318000001,42.352155000003,291,1,200,,2026-06-04T18:00:14.097Z
brock street,washington street,Brock St,Washington St,Brock St and Washington St,ok,1,"Brock St & Washington St, Brighton, MA 02135",-71.160498000001,42.348879000003,371,1,200,,2026-06-04T18:00:15.378Z
bromfield street,tremont street,Bromfield St,Tremont St,Bromfield St and Tremont St,ok,1,"Bromfield St & Tremont St, Downtown, MA 02108",-71.061268500001,42.357186000003,413,1,200,,2026-06-04T18:00:16.619Z
bromfield street,washington street,Bromfield St,Washington St,Bromfield St and Washington St,ok,1,"Bromfield St & Washington St, Downtown, MA 02108",-71.059446000001,42.356358000003,319,1,200,,2026-06-04T18:00:17.726Z
brook avenue,dudley street,Brook Ave,Dudley St,Brook Ave and Dudley St,ok,2,"Brook Ave & Dudley St, Roxbury, MA 02125",-71.071947000001,42.320763000003,412,1,200,,2026-06-04T18:00:19.020Z
brook marshall road,raynor circle,Brook Marshall Rd,Raynor Cir,Brook Marshall Rd and Raynor Cir,ok,1,"Brook Marshall Rd & Raynor Cir, Roxbury, MA 02120",-71.086149000001,42.334308000003,526,1,200,,2026-06-04T18:00:20.336Z
brook marshall road,sojourner truth court,Brook Marshall Rd,Sojourner Truth Ct,Brook Marshall Rd and Sojourner Truth Ct,no_match,0,,,,474,1,200,,2026-06-04T18:00:21.483Z
brookdale street,florence street,Brookdale St,Florence St,Brookdale St and Florence St,ok,1,"Brookdale St & Florence St, Roslindale, MA 02131",-71.121091500001,42.287004000003,310,1,200,,2026-06-04T18:00:22.520Z
brookdale street,sycamore street,Brookdale St,Sycamore St,Brookdale St and Sycamore St,ok,1,"Brookdale St & Sycamore St, Roslindale, MA 02131",-71.123310000001,42.286032000003,365,1,200,,2026-06-04T18:00:23.775Z
brookford street,blue hill avenue,Brookford St,Blue Hill Avenue,Brookford St and Blue Hill Avenue,ok,1,"Brookford St & Blue Hill Ave, Roxbury, MA 02119",-71.077824000001,42.318342000003,400,1,200,,2026-06-04T18:00:25.011Z
brookford street,howard street,Brookford St,Howard Street,Brookford St and Howard Street,ok,1,"Brookford St & Howard Ave, Roxbury, MA 02125",-71.074228500001,42.318207000003,330,1,200,,2026-06-04T18:00:26.143Z
brookledge street,elm hill avenue,Brookledge St,Elm Hill Ave,Brookledge St and Elm Hill Ave,ok,1,"Brookledge St & Elm Hill Ave, Roxbury, MA 02121",-71.088381000001,42.308424000003,434,1,200,,2026-06-04T18:00:27.448Z
brookledge street,humboldt avenue,Brookledge St,Humboldt Ave,Brookledge St and Humboldt Ave,ok,1,"Brookledge St & Humboldt Ave, Roxbury, MA 02121",-71.091598500001,42.310557000003,335,1,200,,2026-06-04T18:00:28.553Z
brookley road,forest hills street,Brookley Rd,Forest Hills St,Brookley Rd and Forest Hills St,ok,1,"Brookley Rd & Forest Hills St, Roxbury, MA 02130",-71.104855500001,42.302313000003,361,1,200,,2026-06-04T18:00:29.780Z
brookley road,washington street,Brookley Rd,Washington St,Brookley Rd and Washington St,ok,1,"Brookley Rd & Washington St, Jamaica Plain, MA 02130",-71.109117000001,42.304824000003,681,1,200,,2026-06-04T18:00:31.300Z
brookline avenue,brookline town line,Brookline Ave,Brookline Town Line,Brookline Ave and Brookline Town Line,ok,2,"E Brookline St & W Brookline St, South End, MA 02118",-71.072496000001,42.339609000003,616,1,200,,2026-06-04T18:00:32.437Z
brookline avenue,commonwealth avenue,Brookline Ave,Commonwealth Ave,Brookline Ave and Commonwealth Ave,ok,1,"Brookline Ave & Commonwealth Ave, Fenway, MA 02215",-71.097156000001,42.348798000003,376,1,200,,2026-06-04T18:00:33.397Z
brooks street,bremen street,Brooks St,Bremen St,Brooks St and Bremen St,ok,1,"Brooks St & Bremen St, East Boston, MA 02128",-71.031352500001,42.375375000003,553,1,200,,2026-06-04T18:00:34.774Z
brooks street,chelsea street,Brooks St,Chelsea St,Brooks St and Chelsea St,ok,1,"Brooks St & Chelsea St, East Boston, MA 02128",-71.031964500001,42.375780000003,405,1,200,,2026-06-04T18:00:35.829Z
brooks street,cheslea street,Brooks St,Cheslea St,Brooks St and Cheslea St,ok,1,"Brooks St & Chelsea St, East Boston, MA 02128",-71.031964500001,42.375780000003,444,1,200,,2026-06-04T18:00:37.068Z
brooks street,condor street,Brooks St,Condor St,Brooks St and Condor St,ok,1,"Brooks St & Condor St, East Boston, MA 02128",-71.036082000001,42.382602000003,292,1,200,,2026-06-04T18:00:38.116Z
brooks street,princeton street,Brooks St,Princeton St,Brooks St and Princeton St,ok,1,"Brooks St & Princeton St, East Boston, MA 02128",-71.034529500001,42.378066000003,283,1,200,,2026-06-04T18:00:39.308Z
brooks street,white street,Brooks St,White St,Brooks St and White St,ok,1,"Brooks St & White St, East Boston, MA 02128",-71.036104500001,42.380523000003,380,1,200,,2026-06-04T18:00:40.607Z
brookside avenue,boylston street,Brookside Ave,Boylston St,Brookside Ave and Boylston St,ok,1,"Brookside Ave & Boylston St, Jamaica Plain, MA 02130",-71.101827000001,42.314706000003,366,1,200,,2026-06-04T18:00:41.793Z
brookside avenue,green street,Brookside Ave,Green St,Brookside Ave and Green St,ok,1,"Brookside Ave & Green St, Jamaica Plain, MA 02130",-71.106457500001,42.310251000003,456,1,200,,2026-06-04T18:00:43.084Z
brookview street,blue hill avenue,Brookview St,Blue Hill Ave,Brookview St and Blue Hill Ave,ok,1,"Brookview St & Blue Hill Ave, Dorchester, MA 02124",-71.090118000001,42.288552000003,350,1,200,,2026-06-04T18:00:44.179Z
brookview street,harvard street,Brookview St,Harvard St,Brookview St and Harvard St,ok,1,"Brookview St & Harvard St, Dorchester, MA 02124",-71.092197000001,42.288930000003,426,1,200,,2026-06-04T18:00:45.455Z
brookway road,archdale road,Brookway Rd,Archdale Rd,Brookway Rd and Archdale Rd,ok,1,"Brookway Rd & Archdale Rd, Roslindale, MA 02131",-71.120106000001,42.292026000003,379,1,200,,2026-06-04T18:00:46.609Z
brookway road,washington street,Brookway Rd,Washington St,Brookway Rd and Washington St,ok,1,"Brookway Rd & Washington St, Roslindale, MA 02131",-71.118717322263,42.295036360683,402,1,200,,2026-06-04T18:00:47.833Z
browning avenue,bernard street,Browning Ave,Bernard St,Browning Ave and Bernard St,ok,1,"Browning Ave & Bernard St, Dorchester, MA 02124",-71.080263000001,42.294456000003,336,1,200,,2026-06-04T18:00:48.969Z
browning avenue,wales street,Browning Ave,Wales St,Browning Ave and Wales St,ok,1,"Browning Ave & Wales St, Dorchester, MA 02124",-71.083242000001,42.293862000003,344,1,200,,2026-06-04T18:00:50.177Z
bruce street,ashmont street,Bruce St,Ashmont St,Bruce St and Ashmont St,ok,1,"Bruce St & Ashmont St, Dorchester, MA 02124",-71.058928500001,42.287157000003,311,1,200,,2026-06-04T18:00:51.345Z
bruce street,wrentham street,Bruce St,Wrentham St,Bruce St and Wrentham St,ok,1,"Bruce St & Wrentham St, Dorchester, MA 02124",-71.060166000001,42.288282000003,381,1,200,,2026-06-04T18:00:52.618Z
brunswick street,blue hill avenue,Brunswick St,Blue Hill Ave,Brunswick St and Blue Hill Ave,ok,1,"Brunswick St & Blue Hill Ave, Dorchester, MA 02121",-71.081145000001,42.311376000003,408,1,200,,2026-06-04T18:00:53.845Z
brunswick street,normandy street,Brunswick St,Normandy St,Brunswick St and Normandy St,ok,1,"Brunswick St & Normandy St, Dorchester, MA 02121",-71.078994000001,42.310458000003,423,1,200,,2026-06-04T18:00:55.060Z
bucknam street,fisher avenue,Bucknam St,Fisher Ave,Bucknam St and Fisher Ave,ok,1,"Bucknam St & Fisher Ave, Mission Hill, MA 02120",-71.104027500001,42.327891000003,468,1,200,,2026-06-04T18:00:56.307Z
bucknam street,lawn street,Bucknam St,Lawn St,Bucknam St and Lawn St,ok,1,"Bucknam St & Lawn St, Mission Hill, MA 02120",-71.104171500001,42.326748000003,477,1,200,,2026-06-04T18:00:57.516Z
bullard street,bowdoin avenue,Bullard St,Bowdoin Ave,Bullard St and Bowdoin Ave,ok,1,"Bullard St & Bowdoin Ave, Dorchester, MA 02121",-71.075124000001,42.301485000003,324,1,200,,2026-06-04T18:00:58.563Z
bullard street,bowdoin street,Bullard St,Bowdoin St,Bullard St and Bowdoin St,ok,1,"Bullard St & Bowdoin St, Dorchester, MA 02121",-71.071587000001,42.302403000003,492,1,200,,2026-06-04T18:00:59.933Z
bunker hill street,lowney way,Bunker Hill St,Lowney Way,Bunker Hill St and Lowney Way,ok,1,"Bunker Hill St & Lowney Way, Charlestown, MA 02129",-71.056273500001,42.375924000003,651,1,200,,2026-06-04T18:01:01.297Z
bunker hill street,medford street,Bunker Hill St,Medford St,Bunker Hill St and Medford St,ok,1,"Bunker Hill St & Medford St, Charlestown, MA 02129",-71.071740000001,42.383466000003,389,1,200,,2026-06-04T18:01:02.233Z
bunker hill street,moulton street,Bunker Hill St,Moulton St,Bunker Hill St and Moulton St,ok,1,"Bunker Hill St & Moulton St, Charlestown, MA 02129",-71.056840500001,42.376545000003,328,1,200,,2026-06-04T18:01:03.373Z
burbank street,edgerly road,Burbank St,Edgerly Rd,Burbank St and Edgerly Rd,ok,2,"Burbank St & Edgerly Rd, Fenway, MA 02115",-71.088079500001,42.344361000003,610,1,200,,2026-06-04T18:01:04.858Z
burbank street,hemenway street,Burbank St,Hemenway St,Burbank St and Hemenway St,ok,1,"Burbank St & Hemenway St, Fenway, MA 02115",-71.089735500001,42.344622000003,360,1,200,,2026-06-04T18:01:05.806Z
burlington avenue,brookline avenue,Burlington Ave,Brookline Ave,Burlington Ave and Brookline Ave,ok,1,"Burlington Ave & Brookline Ave, Fenway, MA 02215",-71.100360000001,42.345486000003,513,1,200,,2026-06-04T18:01:07.162Z
burnett street,washington street,Burnett St,Washington St,Burnett St and Washington St,ok,2,"Burnett St & Washington St, Jamaica Plain, MA 02130",-71.110080000001,42.303825000003,677,1,200,,2026-06-04T18:01:08.526Z
burney street,delle avenue,Burney St,Delle Ave,Burney St and Delle Ave,ok,1,"Burney St & Delle Ave, Mission Hill, MA 02120",-71.099793000001,42.331509000003,527,1,200,,2026-06-04T18:01:09.576Z
burney street,tremont street,Burney St,Tremont St,Burney St and Tremont St,ok,1,"Burney St & Tremont St, Mission Hill, MA 02120",-71.099320500001,42.332292000003,395,1,200,,2026-06-04T18:01:10.644Z
burt street,ashmont street,Burt St,Ashmont St,Burt St and Ashmont St,ok,1,"Burt St & Ashmont St, Dorchester, MA 02124",-71.066736000001,42.285141000003,388,1,200,,2026-06-04T18:01:11.839Z
burt street,washington street,Burt St,Washington St,Burt St and Washington St,ok,1,"Burt St & Washington St, Dorchester, MA 02124",-71.071488000001,42.283566000003,438,1,200,,2026-06-04T18:01:13.091Z
buswell street,mountfort street,Buswell St,Mountfort St,Buswell St and Mountfort St,ok,1,"Buswell St & Mountfort St, Fenway, MA 02215",-71.103843000001,42.348015000003,532,1,200,,2026-06-04T18:01:14.384Z
buswell street,st. mary's street,Buswell St,St. Mary's St,Buswell St and St. Mary's St,ok,1,"Buswell St & Saint Mary's St, None, MA 02215",-71.107165800001,42.347093400003,354,1,200,,2026-06-04T18:01:15.407Z
buttonwood street,columbia road,Buttonwood St,Columbia Rd,Buttonwood St and Columbia Rd,ok,1,"Buttonwood St & Columbia Rd, Dorchester, MA 02125",-71.055882000001,42.321087000003,419,1,200,,2026-06-04T18:01:16.674Z
buttonwood street,crescent avenue,Buttonwood St,Crescent Ave,Buttonwood St and Crescent Ave,ok,1,"Buttonwood St & Crescent Ave, Dorchester, MA 02125",-71.055967500001,42.318846000003,536,1,200,,2026-06-04T18:01:17.993Z
bynner street,creighton street,Bynner St,Creighton St,Bynner St and Creighton St,ok,1,"Bynner St & Creighton St, Jamaica Plain, MA 02130",-71.108271000001,42.323184000003,439,1,200,,2026-06-04T18:01:19.098Z
bynner street,south huntington avenue,Bynner St,South Huntington Ave,Bynner St and South Huntington Ave,ok,1,"Bynner St & S Huntington Ave, Jamaica Plain, MA 02130",-71.112258000001,42.323922000003,324,1,200,,2026-06-04T18:01:20.183Z
byron street,saratoga street,Byron St,Saratoga St,Byron St and Saratoga St,ok,1,"Byron St & Saratoga St, East Boston, MA 02128",-71.016633000001,42.383979000003,341,1,200,,2026-06-04T18:01:21.401Z
byron street,william f. mcclellan highway,Byron St,William F. McClellan Hwy,Byron St and William F. McClellan Hwy,ok,1,"Byron St & William F McClellan Hwy, East Boston, MA 02128",-71.020030500001,42.384807000003,480,1,200,,2026-06-04T18:01:22.743Z
c street,old colony avenue,C St,Old Colony Ave,C St and Old Colony Ave,ok,1,"C St & Old Colony Ave, South Boston, MA 02127",-71.056201500001,42.336549000003,648,1,200,,2026-06-04T18:01:24.113Z
c street,west seventh street,C St,West Seventh St,C St and West Seventh St,ok,1,"C St & W Seventh St, South Boston, MA 02127",-71.055391500001,42.337242000003,408,1,200,,2026-06-04T18:01:25.074Z
cabot street,ruggles street,Cabot St,Ruggles St,Cabot St and Ruggles St,ok,1,"Cabot St & Ruggles St, Roxbury, MA 02120",-71.087035500001,42.333876000003,328,1,200,,2026-06-04T18:01:26.199Z
cabot street,whittier street,Cabot St,Whittier St,Cabot St and Whittier St,ok,1,"Cabot St & Whittier St, Roxbury, MA 02120",-71.087958000001,42.332985000003,410,1,200,,2026-06-04T18:01:27.478Z
caddy road,monson street,Caddy Rd,Monson St,Caddy Rd and Monson St,ok,1,"Caddy Rd & Monson St, Mattapan, MA 02126",-71.073576000001,42.272505000003,342,1,200,,2026-06-04T18:01:28.611Z
caddy road,sanford street,Caddy Rd,Sanford St,Caddy Rd and Sanford St,ok,1,"Caddy Rd & Sanford St, Mattapan, MA 02126",-71.073985500001,42.273612000003,370,1,200,,2026-06-04T18:01:29.840Z
caldwell street,maffa way,Caldwell St,Maffa Way,Caldwell St and Maffa Way,ok,1,"Caldwell St & Maffa Way, Charlestown, MA 02129",-71.077554000001,42.385842000003,285,1,200,,2026-06-04T18:01:30.956Z
caldwell street,perkins street,Caldwell St,Perkins St,Caldwell St and Perkins St,ok,1,"Caldwell St & Perkins St, Charlestown, MA 02129",-71.078472000001,42.384222000003,312,1,200,,2026-06-04T18:01:32.183Z
callender street,don street,Callender St,Don St,Callender St and Don St,ok,1,"Callender St & Don St, Dorchester, MA 02124",-71.086369500001,42.287733000003,326,1,200,,2026-06-04T18:01:33.398Z
callender street,tucker street,Callender St,Tucker St,Callender St and Tucker St,ok,1,"Callender St & Tucker St, Dorchester, MA 02124",-71.079367500001,42.289209000003,352,1,200,,2026-06-04T18:01:34.631Z
calumet street,parker hill avenue,Calumet St,Parker Hill Ave,Calumet St and Parker Hill Ave,ok,1,"Calumet St & Parker Hill Ave, Mission Hill, MA 02120",-71.100126000001,42.328224000003,310,1,200,,2026-06-04T18:01:35.787Z
calumet street,tremont street,Calumet St,Tremont St,Calumet St and Tremont St,ok,1,"Calumet St & Tremont St, Mission Hill, MA 02115",-71.104918500001,42.334047000003,516,1,200,,2026-06-04T18:01:37.192Z
cambria street,boylston street,Cambria St,Boylston St,Cambria St and Boylston St,ok,1,"Cambria St & Boylston St, Back Bay, MA 02115",-71.087364000001,42.347358000003,661,1,200,,2026-06-04T18:01:38.538Z
cambridge street,alford street,Cambridge St,Alford St,Cambridge St and Alford St,ok,1,"Cambridge St & Alford St, Charlestown, MA 02129",-71.074260000001,42.384042000003,320,1,200,,2026-06-04T18:01:39.398Z
cambridge street,brighton avenue,Cambridge St,Brighton Av,Cambridge St and Brighton Av,ok,2,"Cambridge St & Brighton Ave, Allston, MA 02134",-71.137336500001,42.353586000003,311,1,200,,2026-06-04T18:01:40.591Z
cambridge street,charles street,Cambridge St,Charles St,Cambridge St and Charles St,ok,3,"Cambridge St & Charles St, West End, MA 02114",-71.071209000001,42.361380000003,419,1,200,,2026-06-04T18:01:41.900Z
cambridge street,crescent street,Cambridge St,Crescent St,Cambridge St and Crescent St,ok,1,Cambridge St & Crescent St,-71.08086890780626,42.38215687703252,157,1,200,,2026-06-04T19:43:36.859Z
cambridge street,tremont street,Cambridge St,Tremont St,Cambridge St and Tremont St,ok,2,"Cambridge St & Tremont St, Downtown, MA 02114",-71.059846500001,42.359490000003,528,1,200,,2026-06-04T18:01:59.042Z
cambridge street,washington street,Cambridge St,Washington St,Cambridge St and Washington St,ok,1,"Cambridge St & Washington St, Brighton, MA 02135",-71.150341500001,42.349068000003,270,1,200,,2026-06-04T18:01:59.986Z
camden street,shawmut avenue,Camden St,Shawmut Ave,Camden St and Shawmut Ave,ok,1,"Camden St & Shawmut Ave, Roxbury, MA 02118",-71.079273000001,42.336549000003,293,1,200,,2026-06-04T18:02:01.210Z
cameron street,hancock street,Cameron St,Hancock St,Cameron St and Hancock St,ok,1,"Cameron St & Hancock St, Dorchester, MA 02125",-71.062677000001,42.311232000003,346,1,200,,2026-06-04T18:02:02.463Z
canal street,causeway street,Canal St,Causeway St,Canal St and Causeway St,ok,1,"Canal St & Causeway St, West End, MA 02114",-71.061124500001,42.365457000003,319,1,200,,2026-06-04T18:02:03.637Z
canal street,market street,Canal St,Market St,Canal St and Market St,ok,1,"Canal St & Haymarket Sq, West End, MA 02114",-71.058690000001,42.363607500003,331,1,200,,2026-06-04T18:02:04.850Z
canal street,new chardon street,Canal St,New Chardon St,Canal St and New Chardon St,ok,1,"Canal St & New Chardon St, West End, MA 02114",-71.058987000001,42.363558000003,313,1,200,,2026-06-04T18:02:06.032Z
cardington street,cobden street,Cardington St,Cobden St,Cardington St and Cobden St,ok,1,"Cardington St & Cobden St, Roxbury, MA 02119",-71.094249000001,42.316911000003,788,1,200,,2026-06-04T18:02:07.709Z
carlisle street,warren street,Carlisle St,Warren St,Carlisle St and Warren St,ok,1,"Carlisle St & Warren St, Roxbury, MA 02121",-71.083723500001,42.314211000003,335,1,200,,2026-06-04T18:02:08.456Z
carlos street,callender street,Carlos St,Callender St,Carlos St and Callender St,ok,1,"Carlos St & Callender St, Dorchester, MA 02124",-71.085492000001,42.287832000003,355,1,200,,2026-06-04T18:02:09.678Z
carlos street,woodrow avenue,Carlos St,Woodrow Ave,Carlos St and Woodrow Ave,ok,1,"Carlos St & Woodrow Ave, Dorchester, MA 02124",-71.085123000001,42.286923000003,341,1,200,,2026-06-04T18:02:10.863Z
carmel street,delle avenue,Carmel St,Delle Ave,Carmel St and Delle Ave,ok,1,"Carmel St & Delle Ave, Mission Hill, MA 02120",-71.100468000001,42.331761000003,336,1,200,,2026-06-04T18:02:12.059Z
carmel street,tremont street,Carmel St,Tremont St,Carmel St and Tremont St,ok,1,"Carmel St & Tremont St, Mission Hill, MA 02120",-71.100049500001,42.332508000003,738,1,200,,2026-06-04T18:02:13.666Z
carpenter street,devine way,Carpenter St,Devine Way,Carpenter St and Devine Way,ok,1,Carpenter St & General William H Devine Way,-71.05629849758033,42.328584408897214,232,1,200,,2026-06-04T23:46:19.126Z
carpenter street,preble street,Carpenter St,Preble St,Carpenter St and Preble St,ok,1,"Carpenter St & Preble St, South Boston, MA 02127",-71.056305000001,42.329412000003,282,1,200,,2026-06-04T18:02:15.612Z
carson street,crescent avenue,Carson St,Crescent Ave,Carson St and Crescent Ave,ok,1,"Carson St & Crescent Ave, Dorchester, MA 02125",-71.054433000001,42.318963000003,478,1,200,,2026-06-04T18:02:17.009Z
carson street,sydney street,Carson St,Sydney St,Carson St and Sydney St,ok,1,"Carson St & Sydney St, Dorchester, MA 02125",-71.053677000001,42.320448000003,461,1,200,,2026-06-04T18:02:18.197Z
carter street,cambridge street,Carter St,Cambridge St,Carter St and Cambridge St,ok,1,"Carter St & Cambridge St, Charlestown, MA 02129",-71.079237000001,42.382341000003,326,1,200,,2026-06-04T18:02:19.260Z
carter street,roland street,Carter St,Roland St,Carter St and Roland St,ok,1,"Carter St & Roland St, Charlestown, MA 02129",-71.079120000001,42.381765000003,345,1,200,,2026-06-04T18:02:20.479Z
caryll street,maryknoll street,Caryll St,Maryknoll St,Caryll St and Maryknoll St,ok,1,"Caryll St & Maryknoll St, Mattapan, MA 02126",-71.078179500001,42.275160000003,349,1,200,,2026-06-04T18:02:21.684Z
caryll street,morton street,Caryll St,Morton St,Caryll St and Morton St,ok,1,"Caryll St & Morton St, Mattapan, MA 02126",-71.076465000001,42.276870000003,378,1,200,,2026-06-04T18:02:22.913Z
caspian way,castle rock street,Caspian Way,Castle Rock St,Caspian Way and Castle Rock St,ok,1,"Caspian Way & Castle Rock St, Dorchester, MA 02125",-71.050518000001,42.310197000003,511,1,200,,2026-06-04T18:02:24.247Z
cassnet street,dickens street,Cassnet St,Dickens St,Cassnet St and Dickens St,ok,1,"Cassnet St & Dickens St, Dorchester, MA 02122",-71.056530000001,42.301116000003,378,1,200,,2026-06-04T18:02:25.315Z
castle rock street,caspian way,Castle Rock St,Caspian Way,Castle Rock St and Caspian Way,ok,1,"Castle Rock St & Caspian Way, Dorchester, MA 02125",-71.050518000001,42.310197000003,328,1,200,,2026-06-04T18:02:26.465Z
castle rock street,grampian way,Castle Rock St,Grampian Way,Castle Rock St and Grampian Way,ok,1,"Castle Rock St & Grampian Way, Dorchester, MA 02125",-71.051634000001,42.310872000003,304,1,200,,2026-06-04T18:02:27.642Z
castlegate road,blue hill avenue,Castlegate Rd,Blue Hill Ave,Castlegate Rd and Blue Hill Ave,ok,1,"Castlegate Rd & Blue Hill Ave, Roxbury, MA 02121",-71.084061000001,42.307416000003,371,1,200,,2026-06-04T18:02:28.909Z
castlegate road,normandy street,Castlegate Rd,Normandy St,Castlegate Rd and Normandy St,ok,1,"Castlegate Rd & Normandy St, Dorchester, MA 02121",-71.082360000001,42.306687000003,355,1,200,,2026-06-04T18:02:30.096Z
castleton street,jamaicaway,Castleton St,Jamaicaway,Castleton St and Jamaicaway,ok,1,"Castleton St & Jamaicaway, Jamaica Plain, MA 02130",-71.115102000001,42.323544000003,361,1,200,,2026-06-04T18:02:31.301Z
castleton street,south huntington avenue,Castleton St,South Huntington Ave,Castleton St and South Huntington Ave,ok,1,"Castleton St & S Huntington Ave, Jamaica Plain, MA 02130",-71.112190500001,42.323130000003,305,1,200,,2026-06-04T18:02:32.446Z
catawba street,laurel street,Catawba St,Laurel St,Catawba St and Laurel St,ok,1,"Catawba St & Laurel St, Roxbury, MA 02119",-71.085010500001,42.320295000003,360,1,200,,2026-06-04T18:02:33.703Z
causeway street,medford street,Causeway St,Medford St,Causeway St and Medford St,ok,1,"Causeway St & Medford St, West End, MA 02114",-71.059432500001,42.366411000003,427,1,200,,2026-06-04T18:02:34.972Z
causeway street,merrimac street,Causeway St,Merrimac St,Causeway St and Merrimac St,ok,1,"Causeway St & Merrimac St, West End, MA 02114",-71.063442000001,42.364116000003,300,1,200,,2026-06-04T18:02:36.043Z
causeway street,north washington street,Causeway St,North Washington St,Causeway St and North Washington St,ok,2,"Causeway St & N Washington St, North End, MA 02114",-71.058528000001,42.366906000003,354,1,200,,2026-06-04T18:02:37.297Z
cawfield street,eastman street,Cawfield St,Eastman St,Cawfield St and Eastman St,ok,1,"Cawfield St & Eastman St, Dorchester, MA 02125",-71.063802000001,42.319431000003,492,1,200,,2026-06-04T18:02:38.639Z
cawfield street,elder street,Cawfield St,Elder St,Cawfield St and Elder St,ok,1,"Cawfield St & Elder St, Dorchester, MA 02125",-71.063671500001,42.320457000003,340,1,200,,2026-06-04T18:02:39.691Z
cazenove street,chandler street,Cazenove St,Chandler St,Cazenove St and Chandler St,ok,1,"Cazenove St & Chandler St, South End, MA 02116",-71.072428500001,42.346593000003,397,1,200,,2026-06-04T18:02:40.948Z
cedar place,bird street,Cedar Pl,Bird St,Cedar Pl and Bird St,ok,1,"Cedar Pl & Bird St, Dorchester, MA 02125",-71.069233500001,42.314535000003,399,1,200,,2026-06-04T18:02:42.151Z
cedar street,bartlett street,Cedar St,Bartlett St,Cedar St and Bartlett St,ok,1,"Cedar St & Bartlett St, Charlestown, MA 02129",-71.061759000001,42.377283000003,405,1,200,,2026-06-04T18:02:43.359Z
cedar street,high street,Cedar St,High St,Cedar St and High St,ok,1,"Cedar St & High St, Charlestown, MA 02129",-71.062348500001,42.376131000003,429,1,200,,2026-06-04T18:02:44.584Z
cedar street,river street,Cedar St,River St,Cedar St and River St,ok,1,"Cedar St & River St, Mattapan, MA 02126",-71.074998000001,42.271398000003,409,1,200,,2026-06-04T18:02:45.764Z
cedar street,temple street,Cedar St,Temple St,Cedar St and Temple St,no_match,0,,,,171,1,200,,2026-06-04T18:02:46.726Z
cedar street,terrace street,Cedar St,Terrace St,Cedar St and Terrace St,ok,1,"Cedar St & Terrace St, Mission Hill, MA 02120",-71.098141500001,42.328593000003,343,1,200,,2026-06-04T18:02:48.098Z
cedar street,washington street,Cedar St,Washington St,Cedar St and Washington St,ok,1,"Cedar St & Washington St, Roxbury, MA 02119",-71.088795000001,42.324201000003,446,1,200,,2026-06-04T18:02:49.401Z
central street,atlantic avenue,Central St,Atlantic Ave,Central St and Atlantic Ave,ok,1,"Central St & Atlantic Ave, Downtown, MA 02110",-71.051638500001,42.359049000003,330,1,200,,2026-06-04T18:02:50.485Z
central street,india street,Central St,India St,Central St and India St,ok,1,"Central St & India St, Downtown, MA 02109",-71.053762500001,42.358797000003,391,1,200,,2026-06-04T18:02:51.749Z
centre street,adams street,Centre St,Adams St,Centre St and Adams St,ok,1,"Centre St & Adams St, Dorchester, MA 02122",-71.056228500001,42.295212000003,417,1,200,,2026-06-04T18:02:52.976Z
centre street,columbus avenue,Centre St,Columbus Ave,Centre St and Columbus Ave,ok,3,"Centre St & Columbus Ave, Roxbury, MA 02119",-71.098258500001,42.324912000003,428,1,200,,2026-06-04T18:02:54.188Z
centre street,dorchester avenue,Centre St,Dorchester Ave,Centre St and Dorchester Ave,ok,1,"Centre St & Dorchester Ave, Dorchester, MA 02122",-71.062096500001,42.293637000003,306,1,200,,2026-06-04T18:02:55.267Z
centre street,dudley street,Centre St,Dudley St,Centre St and Dudley St,ok,1,"Centre St & Dudley St, Roxbury, MA 02119",-71.091463500001,42.330051000003,320,1,200,,2026-06-04T18:02:56.481Z
centre street,lamartine street,Centre St,Lamartine St,Centre St and Lamartine St,ok,1,"Centre St & Lamartine St, Jamaica Plain, MA 02130",-71.100576000001,42.322824000003,344,1,200,,2026-06-04T18:02:57.708Z
centre street,may street,Centre St,May St,Centre St and May St,ok,2,"Centre St & May St, Jamaica Plain, MA 02130",-71.122621500001,42.308442000003,526,1,200,,2026-06-04T18:02:59.092Z
centre street,perkins street,Centre St,Perkins St,Centre St and Perkins St,ok,1,"Centre St & Perkins St, Jamaica Plain, MA 02130",-71.110021500001,42.321861000003,268,1,200,,2026-06-04T18:03:00.034Z
centre street,south huntington avenue,Centre St,South Huntington Ave,Centre St and South Huntington Ave,ok,2,"Centre St & S Huntington Ave, Jamaica Plain, MA 02130",-71.111659500001,42.319530000003,947,1,200,,2026-06-04T18:03:01.914Z
centre street,talbot avenue,Centre St,Talbot Ave,Centre St and Talbot Ave,ok,1,"Centre St & Talbot Ave, Dorchester, MA 02124",-71.070799500001,42.290127000003,591,1,200,,2026-06-04T18:03:02.761Z
centre street,vfw parkway,Centre St,VFW Pkwy,Centre St and VFW Pkwy,ok,3,"Centre St & VFW Pkwy, Roslindale, MA 02131",-71.132800500001,42.296805000003,518,1,200,,2026-06-04T18:03:03.887Z
ceylon street,bird street,Ceylon St,Bird St,Ceylon St and Bird St,ok,1,"Ceylon St & Bird St, Dorchester, MA 02125",-71.071312500001,42.313068000003,478,1,200,,2026-06-04T18:03:05.048Z
ceylon street,columbia road,Ceylon St,Columbia Rd,Ceylon St and Columbia Rd,ok,1,"Ceylon St & Columbia Rd, Dorchester, MA 02121",-71.073216000001,42.309639000003,327,1,200,,2026-06-04T18:03:06.098Z
ceylon street,quincy street,Ceylon St,Quincy St,Ceylon St and Quincy St,ok,1,"Ceylon St & Quincy St, Dorchester, MA 02125",-71.071951500001,42.311997000003,363,1,200,,2026-06-04T18:03:07.335Z
chamberlain street,algonquin street,Chamberlain St,Algonquin St,Chamberlain St and Algonquin St,ok,1,"Chamberlain St & Algonquin St, Dorchester, MA 02124",-71.074498500001,42.297624000003,352,1,200,,2026-06-04T18:03:08.524Z
chamberlain street,harvard street,Chamberlain St,Harvard St,Chamberlain St and Harvard St,ok,1,"Chamberlain St & Harvard St, Dorchester, MA 02121",-71.075214000001,42.298902000003,375,1,200,,2026-06-04T18:03:09.748Z
chamblet street,hartford street,Chamblet St,Hartford St,Chamblet St and Hartford St,ok,1,"Chamblet St & Hartford St, Roxbury, MA 02125",-71.072959500001,42.316002000003,572,1,200,,2026-06-04T18:03:11.147Z
chamblet street,magnolia street,Chamblet St,Magnolia St,Chamblet St and Magnolia St,ok,1,"Chamblet St & Magnolia St, Dorchester, MA 02125",-71.071258500001,42.315570000003,312,1,200,,2026-06-04T18:03:12.087Z
chandler street,berkeley street,Chandler St,Berkeley St,Chandler St and Berkeley St,ok,1,"Chandler St & Berkeley St, South End, MA 02116",-71.070952500001,42.346980000003,575,1,200,,2026-06-04T18:03:13.549Z
chandler street,columbus avenue,Chandler St,Columbus Ave,Chandler St and Columbus Ave,ok,1,"Chandler St & Columbus Ave, South End, MA 02116",-71.074971000001,42.345999000003,641,1,200,,2026-06-04T18:03:14.817Z
chappie street,bunker hill street,Chappie St,Bunker Hill St,Chappie St and Bunker Hill St,ok,1,"Chappie St & Bunker Hill St, Charlestown, MA 02129",-71.069296500001,42.382269000003,305,1,200,,2026-06-04T18:03:15.680Z
chappie street,medford street,Chappie St,Medford St,Chappie St and Medford St,ok,1,"Chappie St & Medford St, Charlestown, MA 02129",-71.068270500001,42.383601000003,395,1,200,,2026-06-04T18:03:16.972Z
charlame street,laurel street,Charlame St,Laurel St,Charlame St and Laurel St,ok,1,"Charlame St & Laurel St, Roxbury, MA 02119",-71.085496500001,42.319854000003,329,1,200,,2026-06-04T18:03:18.107Z
charles street,boylston street,Charles St,Boylston St,Charles St and Boylston St,ok,3,"Charles St & Boylston St, Beacon Hill, MA 02116",-71.067600000001,42.352875000003,423,1,200,,2026-06-04T18:03:19.401Z
charles street,dorchester avenue,Charles St,Dorchester Ave,Charles St and Dorchester Ave,ok,1,Charles St & Dorchester Ave,-71.0600137395598,42.30077455187776,224,1,200,,2026-06-04T19:43:37.085Z
charles street,geneva avenue,Charles St,Geneva Ave,Charles St and Geneva Ave,ok,1,"Charles St & Geneva Ave, Dorchester, MA 02122",-71.065116000001,42.299685000003,362,1,200,,2026-06-04T18:03:35.964Z
charles street,nashua street,Charles St,Nashua St,Charles St and Nashua St,ok,1,"Charles St & Nashua St, West End, MA 02114",-71.067672000001,42.366433500003,438,1,200,,2026-06-04T18:03:37.245Z
charles street south,boylston street,Charles Street South,Boylston St,Charles Street South and Boylston St,ok,3,"Charles St S & Boylston St, Beacon Hill, MA 02116",-71.067505500001,42.352524000003,455,1,200,,2026-06-04T18:03:38.462Z
charles street south,tremont street,Charles Street South,Tremont St,Charles Street South and Tremont St,ok,1,"Charles St S & Tremont St, Chinatown, MA 02116",-71.066628000001,42.348780000003,1324,1,200,,2026-06-04T18:03:40.533Z
charlesgate east,back street,Charlesgate East,Back St,Charlesgate East and Back St,ok,1,"Charlesgate E & Back St, Fenway, MA 02215",-71.091315000001,42.351012000003,497,1,200,,2026-06-04T18:03:41.031Z
charlesgate east,newbury street,Charlesgate East,Newbury St,Charlesgate East and Newbury St,ok,1,"Charlesgate E & Newbury St, Back Bay, MA 02115",-71.091567000001,42.348060000003,435,1,200,,2026-06-04T18:03:42.171Z
charlesgate west,beacon street,Charlesgate West,Beacon St,Charlesgate West and Beacon St,ok,1,"Charlesgate W & Beacon St, Fenway, MA 02215",-71.092872000001,42.349959000003,340,1,200,,2026-06-04T18:03:43.278Z
charlesgate west,commonwealth avenue,Charlesgate West,Commonwealth Ave,Charlesgate West and Commonwealth Ave,ok,2,"Charlesgate W & Commonwealth Ave, Fenway, MA 02215",-71.092881000001,42.349176000003,440,1,200,,2026-06-04T18:03:44.579Z
charlotte street,blue hill avenue,Charlotte St,Blue Hill Ave,Charlotte St and Blue Hill Ave,ok,1,"Charlotte St & Blue Hill Ave, Dorchester, MA 02121",-71.086059000001,42.300378000003,408,1,200,,2026-06-04T18:03:45.747Z
charlotte street,bradshaw street,Charlotte St,Bradshaw St,Charlotte St and Bradshaw St,ok,1,"Charlotte St & Bradshaw St, Dorchester, MA 02121",-71.083764000001,42.298506000003,293,1,200,,2026-06-04T18:03:46.833Z
charter street,commercial street,Charter St,Commercial St,Charter St and Commercial St,ok,1,"Charter St & Commercial St, North End, MA 02109",-71.056669500001,42.368220000003,340,1,200,,2026-06-04T18:03:48.080Z
charter street,hanover street,Charter St,Hanover St,Charter St and Hanover St,ok,1,"Charter St & Hanover St, North End, MA 02109",-71.052849000001,42.365826000003,370,1,200,,2026-06-04T18:03:49.313Z
chase street,east cottage street,Chase St,East Cottage St,Chase St and East Cottage St,ok,1,"Chase St & E Cottage St, Dorchester, MA 02125",-71.059608000001,42.318864000003,331,1,200,,2026-06-04T18:03:50.474Z
chase street,willis street,Chase St,Willis St,Chase St and Willis St,ok,1,"Chase St & Willis St, Dorchester, MA 02125",-71.059878000001,42.317973000003,303,1,200,,2026-06-04T18:03:51.648Z
chatham street,commercial street,Chatham St,Commercial St,Chatham St and Commercial St,ok,1,"Chatham St & Commercial St, Downtown, MA 02109",-71.053618500001,42.359742000003,393,1,200,,2026-06-04T18:03:52.940Z
chatham street,merchants row,Chatham St,Merchants Row,Chatham St and Merchants Row,ok,1,"Chatham St & Merchants Row, Downtown, MA 02109",-71.055679500001,42.359544000003,395,1,200,,2026-06-04T18:03:54.141Z
chaucer street,curtis street,Chaucer St,Curtis St,Chaucer St and Curtis St,ok,1,"Chaucer St & Curtis St, East Boston, MA 02128",-71.021178000001,42.383061000003,317,1,200,,2026-06-04T18:03:55.265Z
chaucer street,moore street,Chaucer St,Moore St,Chaucer St and Moore St,ok,1,"Chaucer St & Moore St, East Boston, MA 02128",-71.019207000001,42.383790000003,398,1,200,,2026-06-04T18:03:56.544Z
chauncy street,essex street,Chauncy St,Essex St,Chauncy St and Essex St,ok,1,"Chauncy St & Essex St, Chinatown, MA 02111",-71.061129000001,42.352524000003,459,1,200,,2026-06-04T18:03:57.808Z
chauncy street,summer street,Chauncy St,Summer St,Chauncy St and Summer St,ok,1,"Chauncy St & Summer St, Downtown, MA 02110",-71.059144500001,42.354495000003,361,1,200,,2026-06-04T18:03:58.914Z
chelsea street,constitition road,Chelsea St,Constitition Rd,Chelsea St and Constitition Rd,ok,2,"Chelsea St & Constitution Rd, Charlestown, MA 02129",-71.058402000001,42.373674000003,364,1,200,,2026-06-04T18:04:00.116Z
chelsea street,maverick street,Chelsea St,Maverick St,Chelsea St and Maverick St,ok,1,"Chelsea St & Maverick St, East Boston, MA 02128",-71.038719000001,42.370056000003,329,1,200,,2026-06-04T18:04:01.280Z
chelsea street,porter street,Chelsea St,Porter St,Chelsea St and Porter St,ok,1,"Chelsea St & Porter St, East Boston, MA 02128",-71.035465500001,42.372774000003,399,1,200,,2026-06-04T18:04:02.550Z
chelsea street,prescott street,Chelsea St,Prescott St,Chelsea St and Prescott St,ok,1,"Chelsea St & Prescott St, East Boston, MA 02128",-71.029192500001,42.378156000003,1442,1,200,,2026-06-04T18:04:04.794Z
chelsea street,rutherford avenue,Chelsea St,Rutherford Ave,Chelsea St and Rutherford Ave,ok,1,"Chelsea St & New Rutherford Ave, Charlestown, MA 02129",-71.062200000001,42.371064000003,603,1,200,,2026-06-04T18:04:05.399Z
chelsea street,warren street,Chelsea St,Warren St,Chelsea St and Warren St,ok,1,"Chelsea St & Warren St, Charlestown, MA 02129",-71.060508000001,42.372234000003,328,1,200,,2026-06-04T18:04:06.326Z
cheney street,blue hill avenue,Cheney St,Blue Hill Avenue,Cheney St and Blue Hill Avenue,ok,1,"Cheney St & Blue Hill Ave, Roxbury, MA 02121",-71.083278000001,42.308478000003,473,1,200,,2026-06-04T18:04:07.672Z
cheney street,elm hill avenue,Cheney St,Elm Hill Avenue,Cheney St and Elm Hill Avenue,ok,1,"Cheney St & Elm Hill Ave, Roxbury, MA 02121",-71.086954500001,42.310260000003,417,1,200,,2026-06-04T18:04:08.818Z
cheney street,elm hill street,Cheney St,Elm Hill Street,Cheney St and Elm Hill Street,ok,1,"Cheney St & Elm Hill Ave, Roxbury, MA 02121",-71.086954500001,42.310260000003,299,1,200,,2026-06-04T18:04:09.902Z
cherokee street,hillside street,Cherokee St,Hillside St,Cherokee St and Hillside St,ok,1,"Cherokee St & Hillside St, Mission Hill, MA 02120",-71.100499500001,42.329853000003,863,1,200,,2026-06-04T18:04:11.666Z
cherokee street,pontiac street,Cherokee St,Pontiac St,Cherokee St and Pontiac St,ok,1,"Cherokee St & Pontiac St, Mission Hill, MA 02120",-71.101741500001,42.330978000003,303,1,200,,2026-06-04T18:04:12.307Z
chester park,shawmut avenue,Chester Park,Shawmut Ave,Chester Park and Shawmut Ave,ok,1,"Chester Park & Shawmut Ave, South End, MA 02118",-71.078215500001,42.337575000003,413,1,200,,2026-06-04T18:04:13.619Z
chester park,tremont street,Chester Park,Tremont St,Chester Park and Tremont St,ok,1,"Park St & Tremont St, Downtown, MA 02108",-71.062002000001,42.356511000003,346,1,200,,2026-06-04T18:04:14.751Z
chester street,ashford street,Chester St,Ashford St,Chester St and Ashford St,ok,1,"Chester St & Ashford St, Allston, MA 02134",-71.127814500001,42.354504000003,307,1,200,,2026-06-04T18:04:15.912Z
chester street,brighton avenue,Chester St,Brighton Av,Chester St and Brighton Av,ok,1,"Chester St & Brighton Ave, Allston, MA 02134",-71.128399500001,42.352506000003,276,1,200,,2026-06-04T18:04:17.082Z
chester street,commonwealth avenue,Chester St,Commonwealth Ave,Chester St and Commonwealth Ave,ok,1,"Chester St & Commonwealth Ave, Allston, MA 02134",-71.128926000001,42.350706000003,485,1,200,,2026-06-04T18:04:18.491Z
chesterton street,allerton street,Chesterton St,Allerton St,Chesterton St and Allerton St,ok,1,"Chesterton St & Allerton St, Roxbury, MA 02119",-71.071636500001,42.329547000003,477,1,200,,2026-06-04T18:04:19.683Z
chesterton street,massachusetts avenue,Chesterton St,Massachusetts Ave,Chesterton St and Massachusetts Ave,ok,1,"Chesterton St & Massachusetts Ave, Roxbury, MA 02118",-71.070003000001,42.330528000003,470,1,200,,2026-06-04T18:04:20.878Z
chestnut avenue,boylston street,Chestnut Ave,Boylston St,Chestnut Ave and Boylston St,ok,1,"Chestnut Ave & Boylston St, Jamaica Plain, MA 02130",-71.106687000001,42.317262000003,495,1,200,,2026-06-04T18:04:22.104Z
chestnut avenue,centre street,Chestnut Ave,Centre St,Chestnut Ave and Centre St,ok,1,"Chestnut Ave & Centre St, Jamaica Plain, MA 02130",-71.101746000001,42.322896000003,440,1,200,,2026-06-04T18:04:23.249Z
chestnut avenue,mozart street,Chestnut Ave,Mozart St,Chestnut Ave and Mozart St,ok,1,"Chestnut Ave & Mozart St, Jamaica Plain, MA 02130",-71.103991500001,42.319989000003,535,1,200,,2026-06-04T18:04:24.547Z
chestnut hill avenue,brookline town line,Chestnut Hill Ave,Brookline Town Line,Chestnut Hill Ave and Brookline Town Line,ok,1,"Chestnut St & Lime St, Beacon Hill, MA 02108",-71.071767000001,42.356857500003,445,1,200,,2026-06-04T18:04:25.657Z
chestnut hill avenue,commonwealth avenue,Chestnut Hill Ave,Commonwealth Ave,Chestnut Hill Ave and Commonwealth Ave,ok,2,"Chestnut Hill Ave & Commonwealth Ave, Brighton, MA 02135",-71.153811000001,42.338187000003,543,1,200,,2026-06-04T18:04:26.955Z
chestnut hill avenue,washington street,Chestnut Hill Ave,Washington St,Chestnut Hill Ave and Washington St,ok,1,"Chestnut Hill Ave & Washington St, Brighton, MA 02135",-71.153428500001,42.349104000003,447,1,200,,2026-06-04T18:04:28.063Z
chestnut street,charles street,Chestnut St,Charles St,Chestnut St and Charles St,ok,1,"Chestnut St & Charles St, Beacon Hill, MA 02108",-71.069881500001,42.357024000003,337,1,200,,2026-06-04T18:04:29.152Z
chestnut street,chelsea street,Chestnut St,Chelsea St,Chestnut St and Chelsea St,ok,1,"Chestnut St & Chelsea St, Charlestown, MA 02129",-71.058611250001,42.373786500003,523,1,200,,2026-06-04T18:04:30.539Z
chestnut street,david g mugar way,Chestnut St,David G Mugar Way,Chestnut St and David G Mugar Way,ok,1,"Chestnut St & David G Mugar Way, Beacon Hill, MA 02114",-71.072919000001,42.356340000003,319,1,200,,2026-06-04T18:04:31.538Z
chestnut street,monument square,Chestnut St,Monument Sq,Chestnut St and Monument Sq,ok,1,"Chestnut St & Monument Sq, Charlestown, MA 02129",-71.060026500001,42.376077000003,301,1,200,,2026-06-04T18:04:32.722Z
chestnut street,walnut street,Chestnut St,Walnut St,Chestnut St and Walnut St,ok,1,"Chestnut St & Walnut St, Beacon Hill, MA 02108",-71.066119500001,42.357843000003,377,1,200,,2026-06-04T18:04:33.996Z
chilcott place,washington street,Chilcott Pl,Washington St,Chilcott Pl and Washington St,ok,1,"Chilcott Pl & Washington St, Jamaica Plain, MA 02130",-71.100490500001,42.313581000003,278,1,200,,2026-06-04T18:04:35.100Z
chipman street,norfolk street,Chipman St,Norfolk St,Chipman St and Norfolk St,ok,1,"Chipman St & Norfolk St, Dorchester, MA 02124",-71.074737000001,42.288867000003,384,1,200,,2026-06-04T18:04:36.409Z
chipman street,torrey street,Chipman St,Torrey St,Chipman St and Torrey St,ok,1,"Chipman St & Torrey St, Dorchester, MA 02124",-71.074233000001,42.287130000003,431,1,200,,2026-06-04T18:04:37.655Z
chiswick road,chestnut hill avenue,Chiswick Rd,Chestnut Hill Ave,Chiswick Rd and Chestnut Hill Ave,ok,1,"Chiswick Rd & Chestnut Hill Ave, Brighton, MA 02135",-71.154765000001,42.341211000003,292,1,200,,2026-06-04T18:04:38.717Z
chiswick road,commonwealth avenue,Chiswick Rd,Commonwealth Ave,Chiswick Rd and Commonwealth Ave,ok,1,"Chiswick Rd & Commonwealth Ave, Brighton, MA 02135",-71.151376500001,42.340437000003,314,1,200,,2026-06-04T18:04:39.940Z
chiswick road,englewood avenue,Chiswick Rd,Englewood Ave,Chiswick Rd and Englewood Ave,ok,1,"Chiswick Rd & Englewood Ave, Brighton, MA 02135",-71.150692500001,42.337494000003,498,1,200,,2026-06-04T18:04:41.325Z
church street,adams street,Church St,Adams St,Church St and Adams St,ok,1,"Church St & Adams St, Dorchester, MA 02122",-71.064000000001,42.308442000003,345,1,200,,2026-06-04T18:04:42.373Z
church street,columbus avenue,Church St,Columbus Ave,Church St and Columbus Ave,ok,1,"Church St & Columbus Ave, Downtown, MA 02116",-71.068788000001,42.351066000003,344,1,200,,2026-06-04T18:04:43.573Z
church street,east street,Church St,East St,Church St and East St,ok,1,"Church St & East St, Dorchester, MA 02122",-71.059243500001,42.307605000003,374,1,200,,2026-06-04T18:04:44.803Z
church street,stuart street,Church St,Stuart St,Church St and Stuart St,ok,1,"Church St & Stuart St, Downtown, MA 02116",-71.068657500001,42.350508000003,415,1,200,,2026-06-04T18:04:46.043Z
circuit street,walnut avenue,Circuit St,Walnut Ave,Circuit St and Walnut Ave,ok,2,"Circuit St & Walnut Ave, Roxbury, MA 02119",-71.084070000001,42.323580000003,395,1,200,,2026-06-04T18:04:47.226Z
circuit street,washington street,Circuit St,Washington St,Circuit St and Washington St,ok,1,"Circuit St & Washington St, Roxbury, MA 02119",-71.087904000001,42.325704000003,473,1,200,,2026-06-04T18:04:48.503Z
city square,chelsea street,City Sq,Chelsea St,City Sq and Chelsea St,ok,1,"City Sq & Chelsea St, Charlestown, MA 02129",-71.061102000001,42.371811000003,308,1,200,,2026-06-04T18:04:49.540Z
city square,new rutherford avenue,City Sq,New Rutherford Ave,City Sq and New Rutherford Ave,ok,1,"City Sq & New Rutherford Ave, Charlestown, MA 02129",-71.062695000001,42.371451000003,329,1,200,,2026-06-04T18:04:50.762Z
claremont park,claremont street,Claremont Park,Claremont St,Claremont Park and Claremont St,ok,1,"Claremont Park & Claremont St, South End, MA 02118",-71.081878500001,42.342579000003,356,1,200,,2026-06-04T18:04:51.988Z
claremont park,columbus avenue,Claremont Park,Columbus Ave,Claremont Park and Columbus Ave,ok,1,"Claremont Park & Columbus Ave, South End, MA 02118",-71.080501500001,42.341652000003,772,1,200,,2026-06-04T18:04:53.606Z
clarendon street,beacon street,Clarendon St,Beacon St,Clarendon St and Beacon St,ok,1,"Clarendon St & Beacon St, Back Bay, MA 02116",-71.076964500001,42.354243000003,394,1,200,,2026-06-04T18:04:54.431Z
clarendon street,boylston street,Clarendon St,Boylston St,Clarendon St and Boylston St,ok,1,"Clarendon St & Boylston St, Back Bay, MA 02116",-71.075205000001,42.350679000003,306,1,200,,2026-06-04T18:04:55.544Z
clarendon street,columbus avenue,Clarendon St,Columbus Ave,Clarendon St and Columbus Ave,ok,1,"Clarendon St & Columbus Ave, South End, MA 02116",-71.073531000001,42.347277000003,463,1,200,,2026-06-04T18:04:56.903Z
clarendon street,commonwealth avenue,Clarendon St,Commonwealth Ave,Clarendon St and Commonwealth Ave,ok,2,"Clarendon St & Commonwealth Ave, Back Bay, MA 02116",-71.076168000001,42.352641000003,327,1,200,,2026-06-04T18:04:57.966Z
clarendon street,tremont street,Clarendon St,Tremont St,Clarendon St and Tremont St,ok,1,"Clarendon St & Tremont St, South End, MA 02116",-71.071825500001,42.343866000003,337,1,200,,2026-06-04T18:04:59.180Z
clark street,commercial street,Clark St,Commercial St,Clark St and Commercial St,ok,1,"Clark St & Commercial St, North End, MA 02109",-71.051062500001,42.364836000003,401,1,200,,2026-06-04T18:05:00.443Z
clark street,hanover street,Clark St,Hanover St,Clark St and Hanover St,ok,1,"Clark St & Hanover St, North End, MA 02113",-71.053056000001,42.365277000003,317,1,200,,2026-06-04T18:05:01.559Z
clarkson street,barry street,Clarkson St,Barry St,Clarkson St and Barry St,ok,1,"Clarkson St & Barry St, Dorchester, MA 02125",-71.070030000001,42.307524000003,437,1,200,,2026-06-04T18:05:02.882Z
clarkson street,hendry street,Clarkson St,Hendry St,Clarkson St and Hendry St,ok,1,"Clarkson St & Hendry St, Dorchester, MA 02122",-71.065440000001,42.309756000003,471,1,200,,2026-06-04T18:05:04.118Z
clarkson street,quincy street,Clarkson St,Quincy St,Clarkson St and Quincy St,ok,1,"Clarkson St & Quincy St, Dorchester, MA 02125",-71.066313000001,42.309171000003,383,1,200,,2026-06-04T18:05:05.232Z
clarkwood street,blue hill avenue,Clarkwood St,Blue Hill Ave,Clarkwood St and Blue Hill Ave,ok,1,"Clarkwood St & Blue Hill Ave, Mattapan, MA 02126",-71.092647000001,42.280965000003,450,1,200,,2026-06-04T18:05:06.499Z
clarkwood street,norfolk street,Clarkwood St,Norfolk St,Clarkwood St and Norfolk St,ok,1,"Clarkwood St & Norfolk St, Mattapan, MA 02126",-71.089168500001,42.279390000003,351,1,200,,2026-06-04T18:05:07.599Z
claxton street,brookway road,Claxton St,Brookway Rd,Claxton St and Brookway Rd,ok,1,"Claxton St & Brookway Rd, Roslindale, MA 02131",-71.119057500001,42.293682000003,362,1,200,,2026-06-04T18:05:08.812Z
claxton street,washington street,Claxton St,Washington St,Claxton St and Washington St,ok,1,"Claxton St & Washington St, Roslindale, MA 02131",-71.119921500001,42.294159000003,281,1,200,,2026-06-04T18:05:09.931Z
claybourne street,bowdoin street,Claybourne St,Bowdoin Street,Claybourne St and Bowdoin Street,ok,1,"Claybourne St & Bowdoin St, Dorchester, MA 02121",-71.072964000001,42.299586000003,357,1,200,,2026-06-04T18:05:11.209Z
claybourne street,park street,Claybourne St,Park Street,Claybourne St and Park Street,ok,1,"Claybourne St & Park St, Dorchester, MA 02124",-71.071141500001,42.295752000003,335,1,200,,2026-06-04T18:05:12.388Z
claymoss road,commonwealth avenue,Claymoss Rd,Commonwealth Ave,Claymoss Rd and Commonwealth Ave,ok,1,"Claymoss Rd & Commonwealth Ave, Brighton, MA 02135",-71.143614000001,42.343245000003,393,1,200,,2026-06-04T18:05:13.647Z
claymoss road,monastery road,Claymoss Rd,Monastery Rd,Claymoss Rd and Monastery Rd,ok,1,"Claymoss Rd & Monastery Rd, Brighton, MA 02135",-71.146872000001,42.345396000003,424,1,200,,2026-06-04T18:05:14.879Z
clayton street,freeport street,Clayton St,Freeport Street,Clayton St and Freeport Street,ok,1,"Clayton St & Freeport St, Dorchester, MA 02122",-71.055999000001,42.304545000003,277,1,200,,2026-06-04T18:05:15.933Z
clayton street,park street,Clayton St,Park Street,Clayton St and Park Street,ok,1,"Clayton St & Park St, Dorchester, MA 02122",-71.055639000001,42.300315000003,483,1,200,,2026-06-04T18:05:17.338Z
clearwater drive,maryknoll street,Clearwater Dr,Maryknoll St,Clearwater Dr and Maryknoll St,ok,1,"Clearwater Dr & Maryknoll St, Mattapan, MA 02126",-71.077891500001,42.274467000003,340,1,200,,2026-06-04T18:05:18.397Z
clearwater drive,morton street,Clearwater Dr,Morton St,Clearwater Dr and Morton St,ok,1,"Clearwater Dr & Morton St, Mattapan, MA 02126",-71.075007000001,42.276303000003,432,1,200,,2026-06-04T18:05:19.689Z
clementine park,centre street,Clementine Park,Centre St,Clementine Park and Centre St,ok,1,"Clementine Park & Centre St, Dorchester, MA 02124",-71.065417500001,42.292098000003,303,1,200,,2026-06-04T18:05:20.761Z
clementine park,dayton street,Clementine Park,Dayton St,Clementine Park and Dayton St,ok,1,"Clementine Park & Dayton St, Dorchester, MA 02124",-71.065651500001,42.293304000003,563,1,200,,2026-06-04T18:05:22.221Z
cleveland street,moreland street,Cleveland St,Moreland St,Cleveland St and Moreland St,ok,1,"Cleveland St & Moreland St, Roxbury, MA 02119",-71.081226000001,42.325308000003,286,1,200,,2026-06-04T18:05:23.146Z
cleveland street,winthrop street,Cleveland St,Winthrop St,Cleveland St and Winthrop St,ok,1,"Cleveland St & Winthrop St, Roxbury, MA 02119",-71.080308000001,42.326001000003,1345,1,200,,2026-06-04T18:05:25.406Z
clevemont avenue,everett street,Clevemont Ave,Everett St,Clevemont Ave and Everett St,ok,1,"Clevemont Ave & Everett St, Allston, MA 02135",-71.138785500001,42.354621000003,483,1,200,,2026-06-04T18:05:25.892Z
clifford street,blue hill avenue,Clifford St,Blue Hill Ave,Clifford St and Blue Hill Ave,ok,1,"Clifford St & Blue Hill Ave, Roxbury, MA 02125",-71.077752000001,42.319053000003,442,1,200,,2026-06-04T18:05:27.051Z
clifford street,warren street,Clifford St,Warren St,Clifford St and Warren St,ok,1,"Clifford St & Warren St, Roxbury, MA 02119",-71.081797500001,42.320754000003,378,1,200,,2026-06-04T18:05:28.188Z
clifton street,east cottage street,Clifton St,East Cottage St,Clifton St and East Cottage St,ok,1,"Clifton St & E Cottage St, Roxbury, MA 02119",-71.070120000001,42.321573000003,356,1,200,,2026-06-04T18:05:29.367Z
clifton street,george street,Clifton St,George St,Clifton St and George St,ok,1,"Clifton St & George St, Roxbury, MA 02119",-71.071177500001,42.323976000003,395,1,200,,2026-06-04T18:05:30.607Z
clinton street,commercial street,Clinton St,Commercial St,Clinton St and Commercial St,ok,1,"Clinton St & Commercial St, Downtown, MA 02109",-71.053758000001,42.360804000003,495,1,200,,2026-06-04T18:05:31.908Z
clinton street,north street,Clinton St,North St,Clinton St and North St,ok,1,"Clinton St & North St, Downtown, MA 02109",-71.055868500001,42.360714000003,358,1,200,,2026-06-04T18:05:32.971Z
clipper ship lane,msgr jacobbe road,Clipper Ship Ln,Msgr Jacobbe Rd,Clipper Ship Ln and Msgr Jacobbe Rd,ok,1,"Monsignor Albert A. Jacobbe Rd & Clipper Ship Ln, East Boston, MA 02128",-71.041491000001,42.368697000003,0,1,,,2026-06-04T23:46:20.329Z
clipper ship lane,sumner street,Clipper Ship Ln,Sumner St,Clipper Ship Ln and Sumner St,ok,1,"Clipper Ship Ln & Sumner St, East Boston, MA 02128",-71.040919500001,42.369408000003,324,1,200,,2026-06-04T18:05:35.339Z
cobden street,walnut avenue,Cobden St,Walnut Ave,Cobden St and Walnut Ave,ok,1,"Cobden St & Walnut Ave, Roxbury, MA 02119",-71.093196000001,42.316533000003,297,1,200,,2026-06-04T18:05:36.514Z
cobden street,washington street,Cobden St,Washington St,Cobden St and Washington St,ok,1,"Cobden St & Washington St, Roxbury, MA 02119",-71.096431500001,42.317703000003,530,1,200,,2026-06-04T18:05:37.948Z
codman park,brinton street,Codman Park,Brinton St,Codman Park and Brinton St,ok,1,"Codman Park & Brinton St, Roxbury, MA 02119",-71.092611000001,42.320376000003,424,1,200,,2026-06-04T18:05:39.041Z
coleman street,hamilton street,Coleman St,Hamilton St,Coleman St and Hamilton St,ok,1,"Coleman St & Hamilton St, Dorchester, MA 02122",-71.067946500001,42.306939000003,333,1,200,,2026-06-04T18:05:40.152Z
coleman street,hendry street,Coleman St,Hendry St,Coleman St and Hendry St,ok,1,"Coleman St & Hendry St, Dorchester, MA 02122",-71.064855000001,42.309180000003,414,1,200,,2026-06-04T18:05:41.434Z
coleman street,quincy street,Coleman St,Quincy St,Coleman St and Quincy St,ok,1,"Coleman St & Quincy St, Dorchester, MA 02125",-71.065710000001,42.308604000003,444,1,200,,2026-06-04T18:05:42.665Z
coleus park,intervale street,Coleus Park,Intervale St,Coleus Park and Intervale St,ok,1,"Coleus Park & Intervale St, Dorchester, MA 02121",-71.076105000001,42.310035000003,329,1,200,,2026-06-04T18:05:43.751Z
coleus park,lawrence avenue,Coleus Park,Lawrence Ave,Coleus Park and Lawrence Ave,ok,1,"Coleus Park & Lawrence Ave, Dorchester, MA 02121",-71.075137500001,42.310971000003,278,1,200,,2026-06-04T18:05:44.900Z
colgate road,washington street,Colgate Rd,Washington St,Colgate Rd and Washington St,ok,1,"Colgate Rd & Washington St, Roslindale, MA 02131",-71.120839500001,42.293304000003,311,1,200,,2026-06-04T18:05:46.135Z
colliston road,kilsyth road,Colliston Rd,Kilsyth Rd,Colliston Rd and Kilsyth Rd,ok,1,"Colliston Rd & Kilsyth Rd, Brighton, MA 02135",-71.144689500001,42.339726000003,360,1,200,,2026-06-04T18:05:47.384Z
colliston road,lanark road,Colliston Rd,Lanark Rd,Colliston Rd and Lanark Rd,ok,1,"Colliston Rd & Lanark Rd, Brighton, MA 02135",-71.145864000001,42.339420000003,299,1,200,,2026-06-04T18:05:48.524Z
colonial avenue,new england avenue,Colonial Ave,New England Ave,Colonial Ave and New England Ave,ok,1,"Colonial Ave & New England Ave, Dorchester, MA 02124",-71.078098500001,42.290136000003,385,1,200,,2026-06-04T18:05:49.812Z
colonial avenue,talbot avenue,Colonial Ave,Talbot Ave,Colonial Ave and Talbot Ave,ok,1,"Colonial Ave & Talbot Ave, Dorchester, MA 02124",-71.074593000001,42.290982000003,321,1,200,,2026-06-04T18:05:50.948Z
colorado street,mattapan street,Colorado St,Mattapan St,Colorado St and Mattapan St,ok,1,"Colorado St & Mattapan St, Mattapan, MA 02126",-71.097246000001,42.279201000003,446,1,200,,2026-06-04T18:05:52.274Z
colorado street,messinger street,Colorado St,Messinger St,Colorado St and Messinger St,ok,1,"Colorado St & Messinger St, Mattapan, MA 02126",-71.102106000001,42.274944000003,648,1,200,,2026-06-04T18:05:53.677Z
columbia road,blue hill avenue,Columbia Rd,Blue Hill Ave,Columbia Rd and Blue Hill Ave,ok,1,"Columbia Rd & Blue Hill Ave, Roxbury, MA 02121",-71.085271500001,42.303402000003,497,1,200,,2026-06-04T18:05:54.727Z
columbia road,dorchester avenue,Columbia Rd,Dorchester Ave,Columbia Rd and Dorchester Ave,ok,2,"Columbia Rd & Dorchester Ave, Dorchester, MA 02125",-71.056768500001,42.320727000003,461,1,200,,2026-06-04T18:05:55.892Z
columbia road,dudley street,Columbia Rd,Dudley St,Columbia Rd and Dudley St,ok,1,"Columbia Rd & Dudley St, Dorchester, MA 02125",-71.065215000001,42.317064000003,1359,1,200,,2026-06-04T18:05:57.990Z
columbia road,east cottage street,Columbia Rd,East Cottage St,Columbia Rd and East Cottage St,ok,2,"Columbia Rd & E Cottage St, Dorchester, MA 02125",-71.061939000001,42.320331000003,298,1,200,,2026-06-04T18:05:58.290Z
columbia road,farragut road,Columbia Rd,Farragut Rd,Columbia Rd and Farragut Rd,ok,1,"Columbia Rd & Farragut Rd, South Boston, MA 02127",-71.024953500001,42.333120000003,328,1,200,,2026-06-04T18:05:59.524Z
columbia road,geneva avenue,Columbia Rd,Geneva Ave,Columbia Rd and Geneva Ave,ok,1,"Columbia Rd & Geneva Ave, Dorchester, MA 02121",-71.078395500001,42.306165000003,366,1,200,,2026-06-04T18:06:00.762Z
columbia road,hancock street,Columbia Rd,Hancock Street,Columbia Rd and Hancock Street,ok,1,"Columbia Rd & Hancock St, Dorchester, MA 02125",-71.066412000001,42.315678000003,343,1,200,,2026-06-04T18:06:01.942Z
columbia road,k street,Columbia Rd,K St,Columbia Rd and K St,ok,1,"Columbia Rd & K St, South Boston, MA 02127",-71.037252000001,42.329727000003,352,1,200,,2026-06-04T18:06:03.151Z
columbia road,old colony avenue,Columbia Rd,Old Colony Ave,Columbia Rd and Old Colony Ave,ok,4,"Columbia Rd & Old Colony Ave, Dorchester, MA 02127",-71.052034500001,42.321438000003,498,1,200,,2026-06-04T18:06:04.497Z
columbia road,quincy street,Columbia Rd,Quincy St,Columbia Rd and Quincy St,ok,1,"Columbia Rd & Quincy St, Dorchester, MA 02125",-71.070241500001,42.311349000003,357,1,200,,2026-06-04T18:06:05.557Z
columbia road,upham's court,Columbia Rd,Upham's Ct,Columbia Rd and Upham's Ct,ok,1,"Columbia Rd & Upham's Ct, Dorchester, MA 02125",-71.063694000001,42.318198000003,387,1,200,,2026-06-04T18:06:06.788Z
columbia road,washington street,Columbia Rd,Washington St,Columbia Rd and Washington St,ok,1,"Columbia Rd & Washington St, Dorchester, MA 02121",-71.080578000001,42.305445000003,414,1,200,,2026-06-04T18:06:08.017Z
columbia road,william j. day boulevard,Columbia Rd,William J. Day Blvd,Columbia Rd and William J. Day Blvd,ok,2,"Columbia Rd & William J Day Blvd, South Boston, MA 02127",-71.044915500001,42.330204000003,482,1,200,,2026-06-04T18:06:09.286Z
columbus avenue,boylston street,Columbus Ave,Boylston St,Columbus Ave and Boylston St,no_match,0,,,,137,1,200,,2026-06-04T18:06:10.142Z
columbus avenue,clarendon street,Columbus Ave,Clarendon St,Columbus Ave and Clarendon St,ok,1,"Columbus Ave & Clarendon St, South End, MA 02116",-71.073531000001,42.347277000003,591,1,200,,2026-06-04T18:06:11.797Z
columbus avenue,columbus avenue,Columbus Ave,Columbus Ave,Columbus Ave and Columbus Ave,ok,1,"Columbus Ave & Columbus Sq, South End, MA 02116",-71.078305500001,42.343326000003,368,1,200,,2026-06-04T18:06:12.777Z
columbus avenue,dartmouth street,Columbus Ave,Dartmouth St,Columbus Ave and Dartmouth St,ok,1,"Columbus Ave & Dartmouth St, South End, MA 02116",-71.075254500001,42.345882000003,289,1,200,,2026-06-04T18:06:13.897Z
columbus avenue,douglass park,Columbus Ave,Douglass Park,Columbus Ave and Douglass Park,ok,1,"Columbus Ave & Douglass Park, Roxbury, MA 02120",-71.084146500001,42.338628000003,363,1,200,,2026-06-04T18:06:15.171Z
columbus avenue,massachusetts avenue,Columbus Ave,Massachusetts Ave,Columbus Ave and Massachusetts Ave,ok,1,"Columbus Ave & Massachusetts Ave, Roxbury, MA 02115",-71.081815500001,42.340599000003,282,1,200,,2026-06-04T18:06:16.291Z
columbus avenue,stuart street,Columbus Ave,Stuart St,Columbus Ave and Stuart St,ok,2,"Columbus Ave & Stuart St, Back Bay, MA 02116",-71.069899500001,42.350157000003,584,1,200,,2026-06-04T18:06:17.796Z
columbus avenue,tremont street,Columbus Ave,Tremont St,Columbus Ave and Tremont St,ok,3,"Columbus Ave & Tremont St, Roxbury, MA 02120",-71.094591000001,42.331446000003,431,1,200,,2026-06-04T18:06:18.845Z
columbus avenue,washington street,Columbus Ave,Washington St,Columbus Ave and Washington St,ok,1,"Columbus Ave & Washington St, Jamaica Plain, MA 02119",-71.098308000001,42.315786000003,302,1,200,,2026-06-04T18:06:19.913Z
commercial street,commercial street,Commercial St,Commercial St,Commercial St and Commercial St,ok,1,"Commercial St & Commercial Ct, North End, MA 02109",-71.054343000001,42.367860000003,1821,1,200,,2026-06-04T18:06:22.634Z
commercial street,lewis wharf,Commercial St,Lewis Wharf,Commercial St and Lewis Wharf,ok,2,"Commercial St & Lewis Whf, North End, MA 02110",-71.051080500001,42.363711000003,621,1,200,,2026-06-04T18:06:23.257Z
commercial street,north street,Commercial St,North St,Commercial St and North St,ok,1,"Commercial St & North St, North End, MA 02109",-71.051305500001,42.366186000003,276,1,200,,2026-06-04T18:06:24.112Z
commercial street,north washington street,Commercial St,North Washington St,Commercial St and North Washington St,ok,1,"Commercial St & N Washington St, North End, MA 02114",-71.058051000001,42.367257000003,339,1,200,,2026-06-04T18:06:25.375Z
commercial street,state street,Commercial St,State St,Commercial St and State St,ok,1,"Commercial St & State St, Downtown, MA 02109",-71.053564500001,42.359346000003,367,1,200,,2026-06-04T18:06:26.604Z
common street,adams street,Common St,Adams St,Common St and Adams St,ok,1,"Common St & Adams St, Charlestown, MA 02129",-71.059378500001,42.374385000003,621,1,200,,2026-06-04T18:06:28.059Z
common street,winthrop street,Common St,Winthrop St,Common St and Winthrop St,ok,1,"Common St & Winthrop St, Charlestown, MA 02129",-71.060800500001,42.374295000003,2340,1,200,,2026-06-04T18:06:30.979Z
commonwealth avenue,arlington street,Commonwealth Ave,Arlington St,Commonwealth Ave and Arlington St,ok,2,"Commonwealth Ave & Arlington St, Beacon Hill, MA 02116",-71.071663500001,42.353847000003,444,1,200,,2026-06-04T18:06:31.425Z
commonwealth avenue,brighton avenue,Commonwealth Ave,Brighton Av,Commonwealth Ave and Brighton Av,ok,4,"Commonwealth Ave & Brighton Ave, Allston, MA 02134",-71.125227000001,42.352119000003,1432,1,200,,2026-06-04T18:06:33.613Z
commonwealth avenue,chestnut hill avenue,Commonwealth Ave,Chestnut Hill Ave,Commonwealth Ave and Chestnut Hill Ave,ok,2,"Commonwealth Ave & Chestnut Hill Ave, Brighton, MA 02135",-71.153811000001,42.338187000003,689,1,200,,2026-06-04T18:06:34.304Z
commonwealth avenue,colburne street,Commonwealth Ave,Colburne Street,Commonwealth Ave and Colburne Street,ok,2,"Commonwealth Ave & Colborne Rd, Brighton, MA 02135",-71.145936000001,42.341931000003,452,1,200,,2026-06-04T18:06:35.268Z
commonwealth avenue,comm avenue service road,Commonwealth Ave,Comm Ave Service Rd,Commonwealth Ave and Comm Ave Service Rd,ok,2,"Commonwealth Ave & Commonwealth Ct, Brighton, MA 02135",-71.140824000001,42.346422000003,337,1,200,,2026-06-04T18:06:36.353Z
commonwealth avenue,commonwealth avenue,Commonwealth Ave,Commonwealth Ave,Commonwealth Ave and Commonwealth Ave,ok,2,"Commonwealth Ave & Commonwealth Ct, Brighton, MA 02135",-71.140824000001,42.346422000003,355,1,200,,2026-06-04T18:06:37.573Z
commonwealth avenue,kelton street,Commonwealth Ave,Kelton St,Commonwealth Ave and Kelton St,ok,2,"Commonwealth Ave & Kelton St, Allston, MA 02135",-71.140207500001,42.348627000003,399,1,200,,2026-06-04T18:06:38.818Z
commonwealth avenue,kenmore street,Commonwealth Ave,Kenmore St,Commonwealth Ave and Kenmore St,ok,2,"Commonwealth Ave & Kenmore St, Fenway, MA 02215",-71.094978000001,42.348807000003,378,1,200,,2026-06-04T18:06:39.999Z
commonwealth avenue,lake street,Commonwealth Ave,Lake St,Commonwealth Ave and Lake St,ok,2,"Commonwealth Ave & Lake St, Brighton, MA 02135",-71.166145500001,42.340104000003,564,1,200,,2026-06-04T18:06:41.384Z
commonwealth avenue,massachusetts avenue,Commonwealth Ave,Massachusetts Ave,Commonwealth Ave and Massachusetts Ave,ok,2,"Commonwealth Ave & Massachusetts Ave, Back Bay, MA 02115",-71.088705000001,42.349266000003,412,1,200,,2026-06-04T18:06:42.434Z
commonwealth avenue,street thomas moore road,Commonwealth Ave,St Thomas Moore Rd,Commonwealth Ave and St Thomas Moore Rd,ok,1,"Commonwealth Ave & Saint Thomas More Rd, Brighton, MA 02467",-71.166127500001,42.339924000003,357,1,200,,2026-06-04T18:06:43.581Z
commonwealth avenue,warren street,Commonwealth Ave,Warren St,Commonwealth Ave and Warren St,ok,1,"Commonwealth Ave & Warren St, Brighton, MA 02135",-71.140383000001,42.348690000003,355,1,200,,2026-06-04T18:06:44.780Z
commonwealth avenue,washington street,Commonwealth Ave,Washington St,Commonwealth Ave and Washington St,ok,2,"Commonwealth Ave & Washington St, Brighton, MA 02135",-71.143141500001,42.343884000003,334,1,200,,2026-06-04T18:06:45.958Z
commonwealth avenue underpass,commonwealth avenue,Commonwealth Ave Underpass,Commonwealth Ave,Commonwealth Ave Underpass and Commonwealth Ave,ok,2,"Commonwealth Ave & Commonwealth Ct, Brighton, MA 02135",-71.140824000001,42.346422000003,433,1,200,,2026-06-04T18:06:47.260Z
concord square,columbus avenue,Concord Sq,Columbus Ave,Concord Sq and Columbus Ave,ok,1,"Concord Sq & Columbus Ave, South End, MA 02118",-71.079835500001,42.342183000003,275,1,200,,2026-06-04T18:06:48.301Z
concord square,tremont street,Concord Sq,Tremont St,Concord Sq and Tremont St,ok,1,"Concord Sq & Tremont St, South End, MA 02118",-71.078067000001,42.340527000003,310,1,200,,2026-06-04T18:06:49.537Z
concord street,bunker hill street,Concord St,Bunker Hill St,Concord St and Bunker Hill St,ok,1,"Concord St & Bunker Hill St, Charlestown, MA 02129",-71.060629500001,42.378318000003,397,1,200,,2026-06-04T18:06:50.824Z
concord street,monument square,Concord St,Monument Sq,Concord St and Monument Sq,ok,1,"Concord St & Monument Sq, Charlestown, MA 02129",-71.061237000001,42.377157000003,283,1,200,,2026-06-04T18:06:51.910Z
condor street,east eagle street,Condor St,East Eagle St,Condor St and East Eagle St,ok,1,"Condor St & E Eagle St, East Boston, MA 02128",-71.028589500001,42.381342000003,375,1,200,,2026-06-04T18:06:53.204Z
condor street,meridian street,Condor St,Meridian St,Condor St and Meridian St,ok,1,"Condor St & Meridian St, East Boston, MA 02128",-71.039308500001,42.382611000003,271,1,200,,2026-06-04T18:06:54.302Z
congress street,atlantic avenue,Congress St,Atlantic Ave,Congress St and Atlantic Ave,ok,1,"Congress St & Atlantic Ave, Downtown, MA 02110",-71.053609500001,42.353694000003,312,1,200,,2026-06-04T18:06:55.544Z
congress street,dorchester avenue,Congress St,Dorchester Ave,Congress St and Dorchester Ave,ok,1,"Congress St & Dorchester Ave, Downtown, MA 02210",-71.052246000001,42.352344000003,476,1,200,,2026-06-04T18:06:56.908Z
congress street,east service road,Congress St,East Service Road,Congress St and East Service Road,ok,1,"Congress St & W Service Rd, South Boston Waterfront, MA 02210",-71.047206000001,42.349563000003,531,1,200,,2026-06-04T18:06:58.164Z
congress street,state street,Congress St,State St,Congress St and State St,ok,1,"Congress St & State St, Downtown, MA 02109",-71.056809000001,42.358869000003,391,1,200,,2026-06-04T18:06:59.227Z
congress street,sudbury street,Congress St,Sudbury St,Congress St and Sudbury St,ok,2,"Congress St & Sudbury St, Downtown, MA 02108",-71.058537000001,42.362415000003,329,1,200,,2026-06-04T18:07:00.364Z
congress street,water street,Congress St,Water St,Congress St and Water St,ok,1,"Congress St & Water St, Downtown, MA 02109",-71.056399500001,42.357591000003,610,1,200,,2026-06-04T18:07:01.846Z
constitution road,faunce road,Constitution Rd,Faunce Rd,Constitution Rd and Faunce Rd,ok,1,"Constitution Rd & Faunce Rd, Mattapan, MA 02126",-71.089398000001,42.272388000003,273,1,200,,2026-06-04T18:07:02.710Z
cook street,bunker hill street,Cook St,Bunker Hill St,Cook St and Bunker Hill St,ok,1,"Cook St & Bunker Hill St, Charlestown, MA 02129",-71.064490500001,42.379875000003,324,1,200,,2026-06-04T18:07:03.961Z
cook street,medford street,Cook St,Medford St,Cook St and Medford St,ok,1,"Cook St & Medford St, Charlestown, MA 02129",-71.063271000001,42.381504000003,325,1,200,,2026-06-04T18:07:05.163Z
cooper street,north washington street,Cooper St,North Washington St,Cooper St and North Washington St,ok,1,"Cooper St & N Washington St, North End, MA 02113",-71.058222000001,42.364395000003,353,1,200,,2026-06-04T18:07:06.392Z
cooper street,salem street,Cooper St,Salem St,Cooper St and Salem St,ok,1,"Cooper St & Salem St, North End, MA 02113",-71.055549000001,42.364377000003,479,1,200,,2026-06-04T18:07:07.720Z
copeland park,copeland street,Copeland Park,Copeland St,Copeland Park and Copeland St,ok,1,"Copeland Park & Copeland St, Roxbury, MA 02119",-71.079610500001,42.323013000003,468,1,200,,2026-06-04T18:07:08.909Z
copeland street,moreland street,Copeland St,Moreland St,Copeland St and Moreland St,ok,1,"Copeland St & Moreland St, Roxbury, MA 02119",-71.078796000001,42.323805000003,393,1,200,,2026-06-04T18:07:10.034Z
copeland street,warren street,Copeland St,Warren St,Copeland St and Warren St,ok,1,"Copeland St & Warren St, Roxbury, MA 02119",-71.081901000001,42.321726000003,295,1,200,,2026-06-04T18:07:11.137Z
copenger street,parker hill avenue,Copenger St,Parker Hill Avenue,Copenger St and Parker Hill Avenue,ok,1,"Copenger St & Parker Hill Ave, Mission Hill, MA 02120",-71.109580500001,42.332013000003,308,1,200,,2026-06-04T18:07:12.350Z
copley street,school street,Copley St,School St,Copley St and School St,ok,1,"Copley St & School St, Jamaica Plain, MA 02119",-71.101089000001,42.316542000003,281,1,200,,2026-06-04T18:07:13.523Z
cordis street,high street,Cordis St,High St,Cordis St and High St,ok,1,"Cordis St & High St, Charlestown, MA 02129",-71.062456500001,42.376167000003,497,1,200,,2026-06-04T18:07:14.941Z
cordis street,warren street,Cordis St,Warren St,Cordis St and Warren St,ok,1,"Cordis St & Warren St, Charlestown, MA 02129",-71.063104500001,42.374718000003,347,1,200,,2026-06-04T18:07:15.995Z
corey road,cummings road,Corey Rd,Cummings Rd,Corey Rd and Cummings Rd,ok,1,"Corey Rd & Cummings Rd, Brighton, MA 02135",-71.142444000001,42.340239000003,293,1,200,,2026-06-04T18:07:17.140Z
corey road,washington street,Corey Rd,Washington St,Corey Rd and Washington St,ok,1,"Corey Rd & Washington St, Brighton, MA 02135",-71.140428000001,42.342408000003,397,1,200,,2026-06-04T18:07:18.444Z
corey street,medford street,Corey St,Medford St,Corey St and Medford St,ok,1,"Corey St & Medford St, Charlestown, MA 02129",-71.055909000001,42.379128000003,414,1,200,,2026-06-04T18:07:19.662Z
corey street,moulton street,Corey St,Moulton St,Corey St and Moulton St,ok,1,"Corey St & Moulton St, Charlestown, MA 02129",-71.056314000001,42.377058000003,319,1,200,,2026-06-04T18:07:20.768Z
cornwall street,amory street,Cornwall St,Amory St,Cornwall St and Amory St,ok,1,"Cornwall St & Amory St, Jamaica Plain, MA 02130",-71.105611500001,42.312636000003,375,1,200,,2026-06-04T18:07:22.024Z
cornwall street,washington street,Cornwall St,Washington St,Cornwall St and Washington St,ok,1,"Cornwall St & Washington St, Jamaica Plain, MA 02130",-71.102542500001,42.311502000003,344,1,200,,2026-06-04T18:07:23.195Z
corona street,bowdoin street,Corona St,Bowdoin St,Corona St and Bowdoin St,ok,1,"Corona St & Bowdoin St, Dorchester, MA 02124",-71.072046000001,42.300693000003,500,1,200,,2026-06-04T18:07:24.551Z
corona street,geneva avenue,Corona St,Geneva Ave,Corona St and Geneva Ave,ok,1,"Corona St & Geneva Ave, Dorchester, MA 02122",-71.068405500001,42.301620000003,350,1,200,,2026-06-04T18:07:25.604Z
corwin street,arcadia street,Corwin St,Arcadia St,Corwin St and Arcadia St,ok,1,"Corwin St & Arcadia St, Dorchester, MA 02122",-71.061921000001,42.301674000003,442,1,200,,2026-06-04T18:07:26.894Z
corwin street,westville street,Corwin St,Westville St,Corwin St and Westville St,ok,1,"Corwin St & Westville St, Dorchester, MA 02122",-71.062326000001,42.302304000003,2494,1,200,,2026-06-04T18:07:30.147Z
cottage street,marginal street,Cottage St,Marginal St,Cottage St and Marginal St,ok,1,"Cottage St & Marginal St, East Boston, MA 02128",-71.036824500001,42.365727000003,396,1,200,,2026-06-04T18:07:30.545Z
cottage street,porter street,Cottage St,Porter St,Cottage St and Porter St,ok,1,"Cottage St & Porter St, East Boston, MA 02128",-71.031955500001,42.370686000003,369,1,200,,2026-06-04T18:07:31.720Z
cotting street,lomasney way,Cotting St,Lomasney Way,Cotting St and Lomasney Way,ok,1,"Cotting St & Lomasney Way, West End, MA 02114",-71.064364500001,42.365223000003,358,1,200,,2026-06-04T18:07:32.907Z
cotting street,nashua street,Cotting St,Nashua St,Cotting St and Nashua St,ok,1,"Cotting St & Nashua St, West End, MA 02114",-71.064121500001,42.365331000003,354,1,200,,2026-06-04T18:07:34.105Z
countryside drive,morton street,Countryside Dr,Morton St,Countryside Dr and Morton St,ok,1,"Countryside Dr & Morton St, Mattapan, MA 02126",-71.076861000001,42.277050000003,319,1,200,,2026-06-04T18:07:35.270Z
court square,court street,Court Sq,Court St,Court Sq and Court St,ok,1,"Court Sq & Court St, Downtown, MA 02108",-71.058955500001,42.359103000003,450,1,200,,2026-06-04T18:07:36.599Z
court street,tremont street,Court St,Tremont St,Court St and Tremont St,ok,1,"Court St & Tremont St, Downtown, MA 02108",-71.059477500001,42.359265000003,378,1,200,,2026-06-04T18:07:37.730Z
court street,washington street,Court St,Washington St,Court St and Washington St,ok,1,"Court St & Washington St, Downtown, MA 02108",-71.057799000001,42.358833000003,408,1,200,,2026-06-04T18:07:38.959Z
courtland road,harvard street,Courtland Rd,Harvard St,Courtland Rd and Harvard St,ok,1,"Courtland Rd & Harvard St, Mattapan, MA 02126",-71.096053500001,42.286086000003,408,1,200,,2026-06-04T18:07:40.161Z
courtland road,morton street,Courtland Rd,Morton St,Courtland Rd and Morton St,ok,1,"Courtland Rd & Morton St, Mattapan, MA 02126",-71.093533500001,42.286482000003,277,1,200,,2026-06-04T18:07:41.232Z
covington street,columbia road,Covington St,Columbia Rd,Covington St and Columbia Rd,ok,1,"Covington St & Columbia Rd, South Boston, MA 02127",-71.046175500001,42.330456000003,450,1,200,,2026-06-04T18:07:42.606Z
covington street,east eighth street,Covington St,East Eighth St,Covington St and East Eighth St,ok,1,"Covington St & E Eighth St, South Boston, MA 02127",-71.046193500001,42.331284000003,420,1,200,,2026-06-04T18:07:43.778Z
cragmere terrace,gladeside avenue,Cragmere Ter,Gladeside Ave,Cragmere Ter and Gladeside Ave,ok,1,"Cragmere Ter & Gladeside Ave, Mattapan, MA 02126",-71.086216500001,42.274098000003,363,1,200,,2026-06-04T18:07:44.923Z
cragmere terrace,ridgeview avenue,Cragmere Ter,Ridgeview Ave,Cragmere Ter and Ridgeview Ave,ok,1,"Cragmere Ter & Ridgeview Ave, Mattapan, MA 02126",-71.084911500001,42.273477000003,306,1,200,,2026-06-04T18:07:46.066Z
cranston street,sheridan street,Cranston St,Sheridan St,Cranston St and Sheridan St,ok,2,"Cranston St & Sheridan St, Jamaica Plain, MA 02130",-71.108874000001,42.321798000003,376,1,200,,2026-06-04T18:07:47.338Z
crawford street,elm hill avenue,Crawford St,Elm Hill Ave,Crawford St and Elm Hill Ave,ok,1,"Crawford St & Elm Hill Ave, Roxbury, MA 02121",-71.085865500001,42.311682000003,334,1,200,,2026-06-04T18:07:48.495Z
crawford street,humboldt avenue,Crawford St,Humboldt Ave,Crawford St and Humboldt Ave,ok,1,"Crawford St & Humboldt Ave, Roxbury, MA 02121",-71.089398000001,42.313275000003,313,1,200,,2026-06-04T18:07:49.677Z
crawford street,warren street,Crawford St,Warren St,Crawford St and Warren St,ok,1,"Crawford St & Warren St, Roxbury, MA 02121",-71.083255500001,42.310602000003,384,1,200,,2026-06-04T18:07:50.948Z
creighton street,centre street,Creighton St,Centre St,Creighton St and Centre St,ok,1,"Creighton St & Centre St, Jamaica Plain, MA 02130",-71.108491500001,42.322365000003,398,1,200,,2026-06-04T18:07:52.167Z
creighton street,day street,Creighton St,Day St,Creighton St and Day St,ok,1,"Creighton St & Day St, Jamaica Plain, MA 02130",-71.108244000001,42.324489000003,382,1,200,,2026-06-04T18:07:53.353Z
crescent avenue,dorchester avenue,Crescent Ave,Dorchester Ave,Crescent Ave and Dorchester Ave,ok,1,"Crescent Ave & Dorchester Ave, Dorchester, MA 02125",-71.056737000001,42.318666000003,477,1,200,,2026-06-04T18:07:54.644Z
crescent avenue,sydney street,Crescent Ave,Sydney St,Crescent Ave and Sydney St,ok,1,"Crescent Ave & Sydney St, Dorchester, MA 02125",-71.052736500001,42.319314000003,577,1,200,,2026-06-04T18:07:55.946Z
cresthill road,parson street,Cresthill Rd,Parson St,Cresthill Rd and Parson St,ok,2,"Cresthill Rd & Parsons St, Brighton, MA 02135",-71.156934000001,42.356358000003,523,1,200,,2026-06-04T18:07:57.092Z
cresthill road,parsons street,Cresthill Rd,Parsons St,Cresthill Rd and Parsons St,ok,2,"Cresthill Rd & Parsons St, Brighton, MA 02135",-71.156934000001,42.356358000003,318,1,200,,2026-06-04T18:07:58.089Z
creston street,blue hill avenue,Creston St,Blue Hill Ave,Creston St and Blue Hill Ave,ok,1,"Creston St & Blue Hill Ave, Roxbury, MA 02121",-71.080101000001,42.312699000003,300,1,200,,2026-06-04T18:07:59.275Z
creston street,normandy street,Creston St,Normandy St,Creston St and Normandy St,ok,1,"Creston St & Normandy St, Dorchester, MA 02121",-71.077936500001,42.311637000003,390,1,200,,2026-06-04T18:08:00.563Z
crestwood park,townsend street,Crestwood Park,Townsend St,Crestwood Park and Townsend St,ok,2,"Crestwood Park & Townsend St, Roxbury, MA 02121",-71.088714000001,42.317775000003,312,1,200,,2026-06-04T18:08:01.686Z
cross street,atlantic,Cross St,Atlantic,Cross St and Atlantic,ok,1,"Cross St & Atlantic Ave, Downtown, MA 02110",-71.052799500001,42.360930000003,441,1,200,,2026-06-04T18:08:03.017Z
cross street,bartlett street,Cross St,Bartlett St,Cross St and Bartlett St,ok,1,"Cross St & Bartlett St, Charlestown, MA 02129",-71.062150500001,42.377454000003,980,1,200,,2026-06-04T18:08:04.756Z
cross street,high street,Cross St,High St,Cross St and High St,ok,1,"Cross St & High St, Charlestown, MA 02129",-71.062915500001,42.376329000003,313,1,200,,2026-06-04T18:08:05.290Z
cross street,n. washington,Cross St,N. Washington,Cross St and N. Washington,ok,1,"Cross St & N Washington St, North End, MA 02113",-71.058222000001,42.364395000003,293,1,200,,2026-06-04T18:08:06.472Z
cross street,north washington,Cross St,North Washington,Cross St and North Washington,ok,2,"Cross St & N Washington St, North End, MA 02113",-71.058222000001,42.364395000003,308,1,200,,2026-06-04T18:08:07.687Z
crossman street,babson street,Crossman St,Babson St,Crossman St and Babson St,ok,1,"Crossman St & Babson St, Mattapan, MA 02126",-71.092017000001,42.274053000003,362,1,200,,2026-06-04T18:08:08.944Z
crossman street,west selden street,Crossman St,West Selden St,Crossman St and West Selden St,ok,1,"Crossman St & W Selden St, Mattapan, MA 02126",-71.089879500001,42.273027000003,472,1,200,,2026-06-04T18:08:10.253Z
cumberland street,huntington avenue,Cumberland St,Huntington Ave,Cumberland St and Huntington Ave,ok,1,"Cumberland St & Huntington Ave, Back Bay, MA 02115",-71.082999000001,42.344307000003,382,1,200,,2026-06-04T18:08:11.369Z
cummings road,commonwealth avenue,Cummings Rd,Commonwealth Ave,Cummings Rd and Commonwealth Ave,ok,1,"Cummings Rd & Commonwealth Ave, Brighton, MA 02135",-71.145076500001,42.341805000003,492,1,200,,2026-06-04T18:08:12.674Z
cummings road,corey road,Cummings Rd,Corey Rd,Cummings Rd and Corey Rd,ok,1,"Cummings Rd & Corey Rd, Brighton, MA 02135",-71.142444000001,42.340239000003,278,1,200,,2026-06-04T18:08:13.662Z
cunard street,columbus avenue,Cunard St,Columbus Ave,Cunard St and Columbus Ave,ok,1,"Cunard St & Columbus Ave, Roxbury, MA 02120",-71.086711500001,42.337080000003,649,1,200,,2026-06-04T18:08:15.235Z
cunard street,tremont street,Cunard St,Tremont St,Cunard St and Tremont St,ok,1,"Cunard St & Tremont St, Roxbury, MA 02120",-71.085924000001,42.336270000003,343,1,200,,2026-06-04T18:08:16.131Z
cunningham street,hartford street,Cunningham St,Hartford St,Cunningham St and Hartford St,ok,1,"Cunningham St & Hartford St, Roxbury, MA 02125",-71.073153000001,42.314229000003,594,1,200,,2026-06-04T18:08:17.582Z
cunningham street,howard street,Cunningham St,Howard St,Cunningham St and Howard St,ok,1,"Cunningham St & Howard Ave, Roxbury, MA 02125",-71.075232000001,42.314391000003,338,1,200,,2026-06-04T18:08:18.526Z
curtis street,chaucer street,Curtis St,Chaucer St,Curtis St and Chaucer St,ok,1,"Curtis St & Chaucer St, East Boston, MA 02128",-71.021178000001,42.383061000003,447,1,200,,2026-06-04T18:08:19.836Z
curtis street,saratoga street,Curtis St,Saratoga St,Curtis St and Saratoga St,ok,1,"Curtis St & Saratoga St, East Boston, MA 02128",-71.020764000001,42.382440000003,678,1,200,,2026-06-04T18:08:21.269Z
cushing avenue,columbia road,Cushing Ave,Columbia Rd,Cushing Ave and Columbia Rd,ok,1,"Cushing Ave & Columbia Rd, Dorchester, MA 02125",-71.065521000001,42.316740000003,324,1,200,,2026-06-04T18:08:22.117Z
cushing avenue,sawyer avenue,Cushing Ave,Sawyer Ave,Cushing Ave and Sawyer Ave,ok,2,"Cushing Ave & Sawyer Ave, Dorchester, MA 02125",-71.063298000001,42.313707000003,422,1,200,,2026-06-04T18:08:23.413Z
custom house street,broad street,Custom House St,Broad St,Custom House St and Broad St,ok,1,"Custom House St & Broad St, Downtown, MA 02110",-71.053294500001,42.357681000003,691,1,200,,2026-06-04T18:08:24.883Z
custom house street,india street,Custom House St,India St,Custom House St and India St,ok,1,"Custom House St & India St, Downtown, MA 02109",-71.052813000001,42.358275000003,382,1,200,,2026-06-04T18:08:25.775Z
d street,old colony avenue,D St,Old Colony Ave,D St and Old Colony Ave,ok,1,"D St & Old Colony Ave, South Boston, MA 02127",-71.055292500001,42.335055000003,291,1,200,,2026-06-04T18:08:26.884Z
d street,west broadway,D St,West Broadway,D St and West Broadway,ok,1,"D St & W Broadway, South Boston, MA 02127",-71.050833000001,42.338817000003,300,1,200,,2026-06-04T18:08:28.095Z
d street,west eighth street,D St,West Eighth St,D St and West Eighth St,ok,1,"D St & W Eighth St, South Boston, MA 02127",-71.054667000001,42.335586000003,293,1,200,,2026-06-04T18:08:29.290Z
d street,west first street,D St,West First St,D St and West First St,ok,1,"D St & W First St, South Boston Waterfront, MA 02127",-71.048610000001,42.340716000003,396,1,200,,2026-06-04T18:08:30.592Z
dacia street,brookford street,Dacia St,Brookford Street,Dacia St and Brookford Street,ok,1,"Dacia St & Brookford St, Roxbury, MA 02125",-71.076024000001,42.318423000003,401,1,200,,2026-06-04T18:08:31.800Z
dacia street,quincy street,Dacia St,Quincy Street,Dacia St and Quincy Street,ok,1,"Dacia St & Quincy St, Dorchester, MA 02125",-71.077698000001,42.314049000003,295,1,200,,2026-06-04T18:08:32.893Z
dakota street,geneva avenue,Dakota St,Geneva Ave,Dakota St and Geneva Ave,ok,1,"Dakota St & Geneva Ave, Dorchester, MA 02124",-71.066223000001,42.300324000003,337,1,200,,2026-06-04T18:08:34.136Z
dakota street,washington street,Dakota St,Washington St,Dakota St and Washington St,ok,1,"Dakota St & Washington St, Dorchester, MA 02124",-71.073031500001,42.298488000003,318,1,200,,2026-06-04T18:08:35.318Z
dale street,warren street,Dale St,Warren St,Dale St and Warren St,ok,1,"Dale St & Warren St, Roxbury, MA 02119",-71.081797500001,42.320754000003,328,1,200,,2026-06-04T18:08:36.528Z
dale street,washington street,Dale St,Washington St,Dale St and Washington St,ok,1,"Dale St & Washington St, Roxbury, MA 02119",-71.089533000001,42.323445000003,281,1,200,,2026-06-04T18:08:37.683Z
dalrymple street,boylston street,Dalrymple St,Boylston St,Dalrymple St and Boylston St,ok,1,"Dalrymple St & Boylston St, Jamaica Plain, MA 02130",-71.102502000001,42.315534000003,309,1,200,,2026-06-04T18:08:38.913Z
dalrymple street,egleston street,Dalrymple St,Egleston St,Dalrymple St and Egleston St,ok,1,"Dalrymple St & Egleston St, Jamaica Plain, MA 02130",-71.100679500001,42.314499000003,432,1,200,,2026-06-04T18:08:40.237Z
dalton street,belvidere street,Dalton St,Belvidere St,Dalton St and Belvidere St,ok,1,"Dalton St & Belvidere St, Back Bay, MA 02199",-71.084421000001,42.346062000003,273,1,200,,2026-06-04T18:08:41.277Z
dalton street,boylston street,Dalton St,Boylston St,Dalton St and Boylston St,ok,1,"Dalton St & Boylston St, Back Bay, MA 02115",-71.085600000001,42.347871000003,331,1,200,,2026-06-04T18:08:42.537Z
damrell street,dorchester avenue,Damrell St,Dorchester Ave,Damrell St and Dorchester Ave,ok,1,"Damrell St & Dorchester Ave, South Boston, MA 02127",-71.057016000001,42.333471000003,467,1,200,,2026-06-04T18:08:43.872Z
damrell street,old colony avenue,Damrell St,Old Colony Ave,Damrell St and Old Colony Ave,ok,1,"Damrell St & Old Colony Ave, South Boston, MA 02127",-71.053582500001,42.332256000003,328,1,200,,2026-06-04T18:08:44.935Z
danforth street,paul gore street,Danforth St,Paul Gore St,Danforth St and Paul Gore St,ok,1,"Danforth St & Paul Gore St, Jamaica Plain, MA 02130",-71.104927500001,42.318099000003,366,1,200,,2026-06-04T18:08:46.172Z
danforth street,wyman street,Danforth St,Wyman St,Danforth St and Wyman St,ok,1,"Danforth St & Wyman St, Jamaica Plain, MA 02130",-71.103960000001,42.319215000003,384,1,200,,2026-06-04T18:08:47.394Z
dania street,cookson terrace,Dania St,Cookson Ter,Dania St and Cookson Ter,ok,1,"Dania St & Cookson Ter, Mattapan, MA 02126",-71.089510500001,42.271524000003,415,1,200,,2026-06-04T18:08:48.628Z
dania street,faunce road,Dania St,Faunce Rd,Dania St and Faunce Rd,ok,1,"Dania St & Faunce Rd, Mattapan, MA 02126",-71.089443000001,42.272649000003,427,1,200,,2026-06-04T18:08:49.837Z
darling street,calumet street,Darling St,Calumet St,Darling St and Calumet St,ok,1,"Darling St & Calumet St, Mission Hill, MA 02120",-71.105611500001,42.332409000003,335,1,200,,2026-06-04T18:08:50.947Z
darling street,hillside street,Darling St,Hillside St,Darling St and Hillside St,ok,1,"Darling St & Hillside St, Mission Hill, MA 02120",-71.105872500001,42.331194000003,407,1,200,,2026-06-04T18:08:52.220Z
darlington street,norfolk street,Darlington St,Norfolk St,Darlington St and Norfolk St,ok,1,"Darlington St & Norfolk St, Dorchester, MA 02124",-71.075565000001,42.288624000003,270,1,200,,2026-06-04T18:08:53.283Z
darlington street,southern avenue,Darlington St,Southern Ave,Darlington St and Southern Ave,ok,1,"Darlington St & Southern Ave, Dorchester, MA 02124",-71.076091500001,42.289947000003,493,1,200,,2026-06-04T18:08:54.708Z
dartmouth place,dartmouth street,Dartmouth Pl,Dartmouth St,Dartmouth Pl and Dartmouth St,ok,1,"Dartmouth Pl & Dartmouth St, South End, MA 02116",-71.074710000001,42.344802000003,273,1,200,,2026-06-04T18:08:55.692Z
dartmouth place,warren avenue,Dartmouth Pl,Warren Ave,Dartmouth Pl and Warren Ave,ok,1,"Dartmouth Pl & Warren Ave, South End, MA 02116",-71.072707500001,42.344784000003,384,1,200,,2026-06-04T18:08:57.003Z
dartmouth street,beacon street,Dartmouth St,Beacon St,Dartmouth St and Beacon St,ok,1,"Dartmouth St & Beacon St, Back Bay, MA 02116",-71.079093000001,42.353658000003,408,1,200,,2026-06-04T18:08:58.227Z
dartmouth street,boylston street,Dartmouth St,Boylston St,Dartmouth St and Boylston St,ok,1,"Dartmouth St & Boylston St, Back Bay, MA 02116",-71.077320000001,42.350103000003,331,1,200,,2026-06-04T18:08:59.355Z
dartmouth street,columbus avenue,Dartmouth St,Columbus Ave,Dartmouth St and Columbus Ave,ok,1,"Dartmouth St & Columbus Ave, South End, MA 02116",-71.075254500001,42.345882000003,473,1,200,,2026-06-04T18:09:00.697Z
dartmouth street,commonwealth avenue,Dartmouth St,Commonwealth Ave,Dartmouth St and Commonwealth Ave,ok,2,"Dartmouth St & Commonwealth Ave, Back Bay, MA 02116",-71.078319000001,42.352056000003,306,1,200,,2026-06-04T18:09:01.729Z
dartmouth street,huntington avenue,Dartmouth St,Huntington Ave,Dartmouth St and Huntington Ave,ok,2,"Dartmouth St & Huntington Ave, Back Bay, MA 02116",-71.077266000001,42.349113000003,403,1,200,,2026-06-04T18:09:03.028Z
dartmouth street,stuart street,Dartmouth St,Stuart St,Dartmouth St and Stuart St,ok,2,"Dartmouth St & Stuart St, Back Bay, MA 02116",-71.076870000001,42.348186000003,334,1,200,,2026-06-04T18:09:04.159Z
dartmouth street,sw corridor path,Dartmouth St,SW Corridor Path,Dartmouth St and SW Corridor Path,no_match,0,,,,142,1,200,,2026-06-04T18:09:05.167Z
dartmouth street,tremont street,Dartmouth St,Tremont St,Dartmouth St and Tremont St,ok,1,"Dartmouth St & Tremont St, South End, MA 02118",-71.073747000001,42.342840000003,391,1,200,,2026-06-04T18:09:06.617Z
davern avenue,columbia road,Davern Ave,Columbia Rd,Davern Ave and Columbia Rd,ok,1,"Davern Ave & Columbia Rd, Dorchester, MA 02125",-71.066623500001,42.315660000003,274,1,200,,2026-06-04T18:09:07.702Z
davern avenue,virginia street,Davern Ave,Virginia St,Davern Ave and Virginia St,ok,1,"Davern Ave & Virginia St, Dorchester, MA 02125",-71.067861000001,42.316218000003,473,1,200,,2026-06-04T18:09:09.123Z
davidson avenue,richfield street,Davidson Ave,Richfield St,Davidson Ave and Richfield St,ok,1,"Davidson Ave & Richfield St, Dorchester, MA 02125",-71.070300000001,42.306444000003,334,1,200,,2026-06-04T18:09:10.165Z
davitt street,savin hill avenue,Davitt St,Savin Hill Ave,Davitt St and Savin Hill Ave,ok,1,"Davitt St & Savin Hill Ave, Dorchester, MA 02125",-71.049622500001,42.312573000003,825,1,200,,2026-06-04T18:09:11.857Z
dawes street,east cottage street,Dawes St,East Cottage St,Dawes St and East Cottage St,ok,1,"Dawes St & E Cottage St, Dorchester, MA 02125",-71.060112000001,42.319296000003,518,1,200,,2026-06-04T18:09:12.752Z
dawes street,willis street,Dawes St,Willis St,Dawes St and Willis St,ok,1,"Dawes St & Willis St, Dorchester, MA 02125",-71.060755500001,42.318153000003,369,1,200,,2026-06-04T18:09:13.803Z
dawson street,mallet street,Dawson St,Mallet St,Dawson St and Mallet St,ok,1,"Dawson St & Mallet St, Dorchester, MA 02124",-71.058622500001,42.290253000003,370,1,200,,2026-06-04T18:09:15.003Z
dawson street,monsignor patrick j lydon way,Dawson St,Monsignor Patrick J Lydon Way,Dawson St and Monsignor Patrick J Lydon Way,ok,1,"Dawson St & Monsignor Patrick J. Lydon Way, Dorchester, MA 02124",-71.058244500001,42.289452000003,398,1,200,,2026-06-04T18:09:16.233Z
day street,minden street,Day St,Minden St,Day St and Minden St,ok,1,"Day St & Minden St, Jamaica Plain, MA 02130",-71.107456500001,42.325515000003,350,1,200,,2026-06-04T18:09:17.386Z
day street,perkins street,Day St,Perkins St,Day St and Perkins St,ok,1,"Day St & Perkins St, Jamaica Plain, MA 02130",-71.109985500001,42.322023000003,268,1,200,,2026-06-04T18:09:18.503Z
dayton street,clementine park,Dayton St,Clementine Park,Dayton St and Clementine Park,ok,1,"Dayton St & Clementine Park, Dorchester, MA 02124",-71.065651500001,42.293304000003,332,1,200,,2026-06-04T18:09:19.771Z
dayton street,nixon street,Dayton St,Nixon St,Dayton St and Nixon St,ok,1,"Dayton St & Nixon St, Dorchester, MA 02124",-71.064927000001,42.293421000003,407,1,200,,2026-06-04T18:09:21.046Z
decatur street,border street,Decatur St,Border St,Decatur St and Border St,ok,1,"Decatur St & Border St, East Boston, MA 02128",-71.041180500001,42.373008000003,342,1,200,,2026-06-04T18:09:22.184Z
decatur street,havre street,Decatur St,Havre St,Decatur St and Havre St,ok,1,"Decatur St & Havre St, East Boston, MA 02128",-71.039155500001,42.372126000003,1399,1,200,,2026-06-04T18:09:24.438Z
decatur street,medford street,Decatur St,Medford St,Decatur St and Medford St,ok,1,"Decatur St & Medford St, Charlestown, MA 02129",-71.053465500001,42.378696000003,524,1,200,,2026-06-04T18:09:24.964Z
decatur street,vine street,Decatur St,Vine St,Decatur St and Vine St,ok,1,"Decatur St & Vine St, Charlestown, MA 02129",-71.055697500001,42.376500000003,372,1,200,,2026-06-04T18:09:26.013Z
deckard street,humboldt avenue,Deckard St,Humboldt Ave,Deckard St and Humboldt Ave,ok,1,"Deckard St & Humboldt Ave, Roxbury, MA 02121",-71.086914000001,42.316380000003,879,1,200,,2026-06-04T18:09:27.722Z
deckard street,warren street,Deckard St,Warren St,Deckard St and Warren St,ok,1,"Deckard St & Warren St, Roxbury, MA 02121",-71.083305000001,42.315381000003,382,1,200,,2026-06-04T18:09:28.425Z
deer street,roach street,Deer St,Roach St,Deer St and Roach St,ok,1,"Deer St & Roach St, Dorchester, MA 02125",-71.058658500001,42.310701000003,324,1,200,,2026-06-04T18:09:29.568Z
deer street,savin hill avenue,Deer St,Savin Hill Ave,Deer St and Savin Hill Ave,ok,1,"Deer St & Savin Hill Ave, Dorchester, MA 02125",-71.058100500001,42.312861000003,288,1,200,,2026-06-04T18:09:30.734Z
deering road,blue hill avenue,Deering Rd,Blue Hill Ave,Deering Rd and Blue Hill Ave,ok,1,"Deering Rd & Blue Hill Ave, Mattapan, MA 02126",-71.091810000001,42.283521000003,337,1,200,,2026-06-04T18:09:31.982Z
deering road,harvard street,Deering Rd,Harvard St,Deering Rd and Harvard St,ok,1,Deering Rd & Harvard St,-71.09631732593724,42.28581393749572,135,1,200,,2026-06-04T19:43:37.222Z
delford street,archdale road,Delford St,Archdale Rd,Delford St and Archdale Rd,ok,1,"Delford St & Archdale Rd, Roslindale, MA 02131",-71.120763000001,42.292404000003,625,1,200,,2026-06-04T18:09:50.465Z
delhi street,crossman street,Delhi St,Crossman St,Delhi St and Crossman St,ok,1,"Delhi St & Crossman St, Mattapan, MA 02126",-71.091909000001,42.274062000003,316,1,200,,2026-06-04T18:09:51.366Z
delle avenue,parker street,Delle Ave,Parker St,Delle Ave and Parker St,ok,1,"Delle Ave & Parker St, Mission Hill, MA 02120",-71.097664500001,42.330699000003,268,1,200,,2026-06-04T18:09:52.513Z
denby road,cambridge street,Denby Rd,Cambridge St,Denby Rd and Cambridge St,ok,1,"Denby Rd & Cambridge St, Allston, MA 02134",-71.134407000001,42.354837000003,315,1,200,,2026-06-04T18:09:53.759Z
denby road,rugg road,Denby Rd,Rugg Rd,Denby Rd and Rugg Rd,ok,1,"Denby Rd & Rugg Rd, Allston, MA 02134",-71.135325000001,42.356007000003,344,1,200,,2026-06-04T18:09:54.989Z
dennis street,dudley street,Dennis St,Dudley St,Dennis St and Dudley St,ok,1,"Dennis St & Dudley St, Roxbury, MA 02119",-71.073918000001,42.323760000003,288,1,200,,2026-06-04T18:09:56.134Z
dennis street,woodville street,Dennis St,Woodville St,Dennis St and Woodville St,ok,1,"Dennis St & Woodville St, Roxbury, MA 02119",-71.076226500001,42.321429000003,359,1,200,,2026-06-04T18:09:57.405Z
dennison street,walnut avenue,Dennison St,Walnut Ave,Dennison St and Walnut Ave,ok,1,"Dennison St & Walnut Ave, Roxbury, MA 02119",-71.092314000001,42.316920000003,642,1,200,,2026-06-04T18:09:58.891Z
denny street,savin hill avenue,Denny St,Savin Hill Ave,Denny St and Savin Hill Ave,ok,1,"Denny St & Savin Hill Ave, Dorchester, MA 02125",-71.050644000001,42.309567000003,275,1,200,,2026-06-04T18:09:59.730Z
denny street,springdale street,Denny St,Springdale St,Denny St and Springdale St,ok,1,"Denny St & Springdale St, Dorchester, MA 02125",-71.051481000001,42.308577000003,376,1,200,,2026-06-04T18:10:01.028Z
derne street,bowdoin street,Derne St,Bowdoin St,Derne St and Bowdoin St,ok,2,"Derne St & Bowdoin St, Beacon Hill, MA 02114",-71.062875000001,42.359373000003,314,1,200,,2026-06-04T18:10:02.167Z
derne street,hancock street,Derne St,Hancock St,Derne St and Hancock St,ok,1,"Derne St & Hancock St, Beacon Hill, MA 02114",-71.064373500001,42.359373000003,455,1,200,,2026-06-04T18:10:03.510Z
desmond road,bradford road,Desmond Rd,Bradford Rd,Desmond Rd and Bradford Rd,no_match,0,,,,126,1,200,,2026-06-04T18:10:04.382Z
desmond road,river street,Desmond Rd,River St,Desmond Rd and River St,ok,1,"Desmond Rd & River St, Mattapan, MA 02126",-71.079705000001,42.271479000003,343,1,200,,2026-06-04T18:10:05.800Z
devens street,main street,Devens St,Main St,Devens St and Main St,ok,1,"Devens St & Main St, Charlestown, MA 02129",-71.063237250001,42.373926000003,616,1,200,,2026-06-04T18:10:07.273Z
devens street,rutherford avenue,Devens St,Rutherford Ave,Devens St and Rutherford Ave,ok,1,"Devens St & Rutherford Ave, Charlestown, MA 02129",-71.064139500001,42.373359000003,340,1,200,,2026-06-04T18:10:08.198Z
dever street,bowdoin street,Dever St,Bowdoin St,Dever St and Bowdoin St,ok,1,"Dever St & Bowdoin St, Dorchester, MA 02122",-71.069467500001,42.304437000003,328,1,200,,2026-06-04T18:10:09.386Z
devine way,dorchester avenue,Devine Way,Dorchester Ave,Devine Way and Dorchester Ave,ok,1,Dorchester Ave & General William H Devine Way,-71.05692305709601,42.32857995678561,125,1,200,,2026-06-04T23:46:20.458Z
devine way,old colony avenue,Devine Way,Old Colony Ave,Devine Way and Old Colony Ave,ok,1,General William H Devine Way & Old Colony Ave,-71.0525725712339,42.328620046670345,237,1,200,,2026-06-04T23:46:21.897Z
devon street,blue hill avenue,Devon St,Blue Hill Ave,Devon St and Blue Hill Ave,ok,1,"Devon St & Blue Hill Ave, Dorchester, MA 02121",-71.081568000001,42.310836000003,283,1,200,,2026-06-04T18:10:12.945Z
devon street,vaughan avenue,Devon St,Vaughan Ave,Devon St and Vaughan Ave,ok,1,"Devon St & Vaughan Ave, Dorchester, MA 02121",-71.075223000001,42.307029000003,366,1,200,,2026-06-04T18:10:14.229Z
devon street,warren street,Devon St,Warren St,Devon St and Warren St,ok,1,"Devon St & Warren St, Roxbury, MA 02121",-71.083053000001,42.311340000003,327,1,200,,2026-06-04T18:10:15.389Z
devonshire street,franklin street,Devonshire St,Franklin St,Devonshire St and Franklin St,ok,1,"Devonshire St & Franklin St, Downtown, MA 02110",-71.057317500001,42.355458000003,276,1,200,,2026-06-04T18:10:16.541Z
devonshire street,state street,Devonshire St,State St,Devonshire St and State St,ok,1,"Devonshire St & State St, Downtown, MA 02109",-71.056809000001,42.358869000003,485,1,200,,2026-06-04T18:10:17.953Z
devonshire street,summer street,Devonshire St,Summer St,Devonshire St and Summer St,ok,1,"Devonshire St & Summer St, Downtown, MA 02110",-71.058001500001,42.353685000003,571,1,200,,2026-06-04T18:10:19.239Z
dewar street,dorchester avenue,Dewar St,Dorchester Ave,Dewar St and Dorchester Ave,ok,1,"Dewar St & Dorchester Ave, Dorchester, MA 02125",-71.057889000001,42.309963000003,319,1,200,,2026-06-04T18:10:20.188Z
dewitt drive,shawmut avenue,Dewitt Dr,Shawmut Ave,Dewitt Dr and Shawmut Ave,ok,2,"Dewitt Dr & Shawmut Ave, Roxbury, MA 02120",-71.084700000001,42.331239000003,1367,1,200,,2026-06-04T18:10:22.436Z
dewolf street,downer avenue,Dewolf St,Downer Ave,Dewolf St and Downer Ave,ok,1,"Dewolf St & Downer Ave, Dorchester, MA 02125",-71.060292000001,42.311277000003,385,1,200,,2026-06-04T18:10:22.822Z
dewolf street,hancock street,Dewolf St,Hancock St,Dewolf St and Hancock St,ok,1,"Dewolf St & Hancock St, Dorchester, MA 02125",-71.060922000001,42.310296000003,353,1,200,,2026-06-04T18:10:23.992Z
dickens street,adams street,Dickens St,Adams St,Dickens St and Adams St,ok,1,"Dickens St & Adams St, Dorchester, MA 02122",-71.059230000001,42.300612000003,275,1,200,,2026-06-04T18:10:25.114Z
dickens street,clayton street,Dickens St,Clayton St,Dickens St and Clayton St,ok,1,"Dickens St & Clayton St, Dorchester, MA 02122",-71.056057500001,42.301368000003,518,1,200,,2026-06-04T18:10:26.558Z
ditson street,charles street,Ditson St,Charles St,Ditson St and Charles St,ok,1,"Ditson St & Charles St, Dorchester, MA 02122",-71.063379000001,42.300153000003,334,1,200,,2026-06-04T18:10:27.576Z
ditson street,westville street,Ditson St,Westville St,Ditson St and Westville St,ok,1,"Ditson St & Westville St, Dorchester, MA 02122",-71.064306000001,42.301782000003,321,1,200,,2026-06-04T18:10:28.764Z
dixwell street,columbus avenue,Dixwell St,Columbus Ave,Dixwell St and Columbus Ave,ok,1,"Dixwell St & Columbus Ave, Jamaica Plain, MA 02119",-71.097313500001,42.314841000003,336,1,200,,2026-06-04T18:10:29.980Z
dixwell street,school street,Dixwell St,School St,Dixwell St and School St,ok,1,"Dixwell St & School St, Jamaica Plain, MA 02119",-71.098425000001,42.313878000003,273,1,200,,2026-06-04T18:10:31.116Z
don street,callender street,Don St,Callender St,Don St and Callender St,ok,1,"Don St & Callender St, Dorchester, MA 02124",-71.086369500001,42.287733000003,378,1,200,,2026-06-04T18:10:32.421Z
don street,woodrow avenue,Don St,Woodrow Ave,Don St and Woodrow Ave,ok,1,"Don St & Woodrow Ave, Dorchester, MA 02124",-71.085978000001,42.286734000003,332,1,200,,2026-06-04T18:10:33.577Z
donald road,blue hill avenue,Donald Rd,Blue Hill Ave,Donald Rd and Blue Hill Ave,ok,1,"Donald Rd & Blue Hill Ave, Dorchester, MA 02124",-71.089501500001,42.290415000003,275,1,200,,2026-06-04T18:10:34.722Z
donald road,harvard street,Donald Rd,Harvard St,Donald Rd and Harvard St,ok,1,"Donald Rd & Harvard St, Dorchester, MA 02124",-71.090680500001,42.291495000003,273,1,200,,2026-06-04T18:10:35.920Z
donwood terrace,gladeside avenue,Donwood Ter,Gladeside Ave,Donwood Ter and Gladeside Ave,ok,1,"Donwood Ter & Gladeside Ave, Mattapan, MA 02126",-71.085685500001,42.274692000003,313,1,200,,2026-06-04T18:10:37.161Z
donwood terrace,ridgeview avenue,Donwood Ter,Ridgeview Ave,Donwood Ter and Ridgeview Ave,ok,1,"Donwood Ter & Ridgeview Ave, Mattapan, MA 02126",-71.084466000001,42.274008000003,448,1,200,,2026-06-04T18:10:38.496Z
dorchester avenue,adams street,Dorchester Ave,Adams St,Dorchester Ave and Adams St,ok,2,"Dorchester Ave & Adams St, Dorchester, MA 02122",-71.059806000001,42.301512000003,471,1,200,,2026-06-04T18:10:39.721Z
dorchester avenue,congress street,Dorchester Ave,Congress St,Dorchester Ave and Congress St,ok,1,"Dorchester Ave & Congress St, Downtown, MA 02210",-71.052246000001,42.352344000003,322,1,200,,2026-06-04T18:10:40.773Z
dorchester avenue,dorchester avenue,Dorchester Ave,Dorchester Ave,Dorchester Ave and Dorchester Ave,ok,1,"Dorchester Ave & Dorchester St, South Boston, MA 02127",-71.057011500001,42.329511000003,426,1,200,,2026-06-04T18:10:42.078Z
dorchester avenue,freeport street,Dorchester Ave,Freeport St,Dorchester Ave and Freeport St,ok,1,"Dorchester Ave & Freeport St, Dorchester, MA 02125",-71.058411000001,42.307668000003,339,1,200,,2026-06-04T18:10:43.193Z
dorchester avenue,hancock street,Dorchester Ave,Hancock St,Dorchester Ave and Hancock St,ok,1,"Dorchester Ave & Hancock St, Dorchester, MA 02125",-71.058339000001,42.308010000003,562,1,200,,2026-06-04T18:10:44.617Z
dorchester avenue,kemp street,Dorchester Ave,Kemp St,Dorchester Ave and Kemp St,ok,1,"Dorchester Ave & Kemp St, South Boston, MA 02127",-71.056885500001,42.326847000003,348,1,200,,2026-06-04T18:10:45.602Z
dorchester avenue,old colony avenue,Dorchester Ave,Old Colony Ave,Dorchester Ave and Old Colony Ave,ok,2,"Dorchester Ave & Old Colony Ave, South Boston, MA 02127",-71.057128500001,42.337989000003,313,1,200,,2026-06-04T18:10:46.768Z
dorchester avenue,summer street,Dorchester Ave,Summer St,Dorchester Ave and Summer St,ok,1,"Dorchester Ave & Summer St, Downtown, MA 02210",-71.052862500001,42.351390000003,311,1,200,,2026-06-04T18:10:47.967Z
dorchester avenue,talbot avenue,Dorchester Ave,Talbot Ave,Dorchester Ave and Talbot Ave,ok,1,Dorchester Ave & Talbot Ave,-71.06416833837896,42.286248946689426,117,1,200,,2026-06-04T19:43:37.341Z
dorchester avenue,von hillern street,Dorchester Ave,Von Hillern St,Dorchester Ave and Von Hillern St,ok,1,"Dorchester Ave & Von Hillern St, Dorchester, MA 02125",-71.056876500001,42.325974000003,523,1,200,,2026-06-04T18:11:06.140Z
dorchester avenue,washington street,Dorchester Ave,Washington St,Dorchester Ave and Washington St,ok,1,"Dorchester Ave & Washington St, Dorchester, MA 02124",-71.068000500001,42.272217000003,328,1,200,,2026-06-04T18:11:07.146Z
dorchester avenue,west broadway,Dorchester Ave,West Broadway,Dorchester Ave and West Broadway,ok,2,"Dorchester Ave & W Broadway, South Boston, MA 02127",-71.057169000001,42.342867000003,464,1,200,,2026-06-04T18:11:08.483Z
dorchester street,dorchester avenue,Dorchester St,Dorchester Ave,Dorchester St and Dorchester Ave,ok,1,"Dorchester St & Dorchester Ave, South Boston, MA 02127",-71.057011500001,42.329511000003,451,1,200,,2026-06-04T18:11:09.673Z
dorchester street,east broadway,Dorchester St,East Broadway,Dorchester St and East Broadway,ok,1,"Dorchester St & E Broadway, South Boston, MA 02127",-71.045518500001,42.335460000003,310,1,200,,2026-06-04T18:11:10.731Z
dorchester street,east eighth street,Dorchester St,East Eighth St,Dorchester St and East Eighth St,ok,1,"Dorchester St & E Eighth St, South Boston, MA 02127",-71.051040000001,42.332814000003,287,1,200,,2026-06-04T18:11:11.909Z
dorchester street,east first street,Dorchester St,East First St,Dorchester St and East First St,ok,1,"Dorchester St & E First St, South Boston, MA 02127",-71.042454000001,42.338034000003,352,1,200,,2026-06-04T18:11:13.177Z
dorchester street,old colony avenue,Dorchester St,Old Colony Ave,Dorchester St and Old Colony Ave,ok,1,"Dorchester St & Old Colony Ave, South Boston, MA 02127",-71.053191000001,42.331626000003,687,1,200,,2026-06-04T18:11:14.711Z
dorchester street,west broadway,Dorchester St,West Broadway,Dorchester St and West Broadway,ok,1,"Dorchester St & W Broadway, South Boston, MA 02127",-71.045518500001,42.335460000003,349,1,200,,2026-06-04T18:11:15.574Z
doris street,auckland street,Doris St,Auckland St,Doris St and Auckland St,ok,1,"Doris St & Auckland St, Dorchester, MA 02125",-71.055900000001,42.313293000003,336,1,200,,2026-06-04T18:11:16.761Z
doris street,dorchester avenue,Doris St,Dorchester Ave,Doris St and Dorchester Ave,ok,1,"Doris St & Dorchester Ave, Dorchester, MA 02125",-71.057097000001,42.313491000003,323,1,200,,2026-06-04T18:11:17.949Z
doris street,treadway road,Doris St,Treadway Rd,Doris St and Treadway Rd,ok,1,"Doris St & Treadway Rd, Dorchester, MA 02125",-71.058222000001,42.313608000003,277,1,200,,2026-06-04T18:11:19.104Z
dorr street,highland street,Dorr St,Highland St,Dorr St and Highland St,ok,1,"Dorr St & Highland St, Roxbury, MA 02119",-71.092561500001,42.327657000003,269,1,200,,2026-06-04T18:11:20.296Z
dorr street,lambert avenue,Dorr St,Lambert Ave,Dorr St and Lambert Ave,ok,1,"Dorr St & Lambert Ave, Roxbury, MA 02119",-71.090680500001,42.326865000003,362,1,200,,2026-06-04T18:11:21.590Z
dorrance street,arlington avenue,Dorrance St,Arlington Ave,Dorrance St and Arlington Ave,ok,1,"Dorrance St & Arlington Ave, Charlestown, MA 02129",-71.074840500001,42.387237000003,456,1,200,,2026-06-04T18:11:22.887Z
dorrance street,main street,Dorrance St,Main St,Dorrance St and Main St,ok,1,"Dorrance St & Main St, Charlestown, MA 02129",-71.076136500001,42.385698000003,319,1,200,,2026-06-04T18:11:23.952Z
douglas street,columbia road,Douglas St,Columbia Rd,Douglas St and Columbia Rd,ok,1,"Douglas St & Columbia Rd, South Boston, MA 02127",-71.042751000001,42.330510000003,391,1,200,,2026-06-04T18:11:25.225Z
douglas street,east eighth street,Douglas St,East Eighth St,Douglas St and East Eighth St,ok,1,"Douglas St & E Eighth St, South Boston, MA 02127",-71.042778000001,42.331347000003,489,1,200,,2026-06-04T18:11:26.522Z
downer avenue,pleasant street,Downer Ave,Pleasant St,Downer Ave and Pleasant St,ok,1,"Downer Ave & Pleasant St, Dorchester, MA 02125",-71.059383000001,42.311043000003,384,1,200,,2026-06-04T18:11:27.619Z
downer avenue,sawyer avenue,Downer Ave,Sawyer Ave,Downer Ave and Sawyer Ave,ok,1,"Downer Ave & Sawyer Ave, Dorchester, MA 02125",-71.062150500001,42.312618000003,305,1,200,,2026-06-04T18:11:28.742Z
dracut street,bruce street,Dracut St,Bruce St,Dracut St and Bruce St,ok,1,"Dracut St & Bruce St, Dorchester, MA 02124",-71.059842000001,42.287958000003,334,1,200,,2026-06-04T18:11:29.972Z
dracut street,dorchester avenue,Dracut St,Dorchester Ave,Dracut St and Dorchester Ave,ok,1,"Dracut St & Dorchester Ave, Dorchester, MA 02124",-71.063986500001,42.286914000003,311,1,200,,2026-06-04T18:11:31.151Z
draper street,arcadia street,Draper St,Arcadia St,Draper St and Arcadia St,ok,1,"Draper St & Arcadia St, Dorchester, MA 02122",-71.063059500001,42.301413000003,351,1,200,,2026-06-04T18:11:32.393Z
draper street,bowdoin street,Draper St,Bowdoin St,Draper St and Bowdoin St,ok,1,"Draper St & Bowdoin St, Dorchester, MA 02122",-71.066502000001,42.306723000003,390,1,200,,2026-06-04T18:11:33.632Z
drayton avenue,bodwell street,Drayton Ave,Bodwell St,Drayton Ave and Bodwell St,ok,1,"Drayton Ave & Bodwell St, Dorchester, MA 02125",-71.069940000001,42.312528000003,332,1,200,,2026-06-04T18:11:34.775Z
drayton avenue,quincy street,Drayton Ave,Quincy St,Drayton Ave and Quincy St,ok,1,"Drayton Ave & Quincy St, Dorchester, MA 02125",-71.070948000001,42.311628000003,367,1,200,,2026-06-04T18:11:36.011Z
drummond street,glenway street,Drummond St,Glenway St,Drummond St and Glenway St,ok,1,"Drummond St & Glenway St, Dorchester, MA 02121",-71.083741500001,42.300927000003,386,1,200,,2026-06-04T18:11:37.231Z
drummond street,mclellan street,Drummond St,McLellan St,Drummond St and McLellan St,ok,1,"Drummond St & Mclellan St, Dorchester, MA 02121",-71.084713500001,42.300423000003,271,1,200,,2026-06-04T18:11:38.316Z
dudley street,centre street,Dudley St,Centre St,Dudley St and Centre St,ok,1,"Dudley St & Centre St, Roxbury, MA 02119",-71.091463500001,42.330051000003,521,1,200,,2026-06-04T18:11:39.768Z
dudley street,guild row,Dudley St,Guild Row,Dudley St and Guild Row,ok,1,"Dudley St & Guild Row, Roxbury, MA 02119",-71.086063500001,42.329025000003,333,1,200,,2026-06-04T18:11:40.780Z
dudley street,hampden street,Dudley St,Hampden St,Dudley St and Hampden St,ok,1,"Dudley St & Hampden St, Roxbury, MA 02119",-71.075335500001,42.326154000003,328,1,200,,2026-06-04T18:11:41.977Z
dudley street,harrison avenue,Dudley St,Harrison Ave,Dudley St and Harrison Ave,ok,1,"Dudley St & Harrison Ave, Roxbury, MA 02119",-71.082747000001,42.328602000003,282,1,200,,2026-06-04T18:11:43.130Z
duke street,ormond street,Duke St,Ormond St,Duke St and Ormond St,ok,1,"Duke St & Ormond St, Mattapan, MA 02126",-71.093403000001,42.281793000003,321,1,200,,2026-06-04T18:11:44.370Z
duke street,wellington hill street,Duke St,Wellington Hill St,Duke St and Wellington Hill St,ok,1,"Duke St & Wellington Hill St, Mattapan, MA 02126",-71.095729500001,42.281478000003,333,1,200,,2026-06-04T18:11:45.587Z
dumas street,mascot street,Dumas St,Mascot St,Dumas St and Mascot St,ok,1,"Dumas St & Mascot St, Dorchester, MA 02124",-71.084727000001,42.284763000003,270,1,200,,2026-06-04T18:11:46.720Z
dumas street,willowwood street,Dumas St,Willowwood St,Dumas St and Willowwood St,ok,1,"Dumas St & Willowwood St, Dorchester, MA 02124",-71.086207500001,42.284565000003,352,1,200,,2026-06-04T18:11:48.002Z
duncan street,greenwich street,Duncan St,Greenwich St,Duncan St and Greenwich St,ok,1,"Duncan St & Greenwich St, Dorchester, MA 02122",-71.058789000001,42.303339000003,272,1,200,,2026-06-04T18:11:49.123Z
duncan street,leonard street,Duncan St,Leonard St,Duncan St and Leonard St,ok,1,"Duncan St & Leonard St, Dorchester, MA 02122",-71.057857500001,42.301665000003,341,1,200,,2026-06-04T18:11:50.394Z
duncklee street,harriet street,Duncklee St,Harriet St,Duncklee St and Harriet St,ok,1,"Duncklee St & Harriet St, Brighton, MA 02135",-71.157186000001,42.353379000003,364,1,200,,2026-06-04T18:11:51.618Z
duncklee street,madeline street,Duncklee St,Madeline St,Duncklee St and Madeline St,ok,1,"Duncklee St & Madeline St, Brighton, MA 02135",-71.156133000001,42.354216000003,360,1,200,,2026-06-04T18:11:52.814Z
dunford street,cobden street,Dunford St,Cobden St,Dunford St and Cobden St,ok,1,"Dunford St & Cobden St, Roxbury, MA 02119",-71.094928500001,42.317154000003,393,1,200,,2026-06-04T18:11:54.048Z
dunkeld street,fayston street,Dunkeld St,Fayston St,Dunkeld St and Fayston St,ok,1,"Dunkeld St & Fayston St, Dorchester, MA 02121",-71.075875500001,42.312438000003,349,1,200,,2026-06-04T18:11:55.206Z
dunkeld street,quincy street,Dunkeld St,Quincy St,Dunkeld St and Quincy St,ok,1,"Dunkeld St & Quincy St, Dorchester, MA 02125",-71.075385000001,42.313140000003,415,1,200,,2026-06-04T18:11:56.473Z
dunlap street,washington street,Dunlap St,Washington St,Dunlap St and Washington St,ok,1,"Dunlap St & Washington St, Dorchester, MA 02124",-71.071857000001,42.293295000003,361,1,200,,2026-06-04T18:11:57.621Z
dunlap street,whitfield street,Dunlap St,Whitfield St,Dunlap St and Whitfield St,ok,1,"Dunlap St & Whitfield St, Dorchester, MA 02124",-71.074746000001,42.292431000003,307,1,200,,2026-06-04T18:11:58.766Z
dunreath street,aspen street,Dunreath St,Aspen St,Dunreath St and Aspen St,ok,1,"Dunreath St & Aspen St, Roxbury, MA 02119",-71.080042500001,42.323508000003,369,1,200,,2026-06-04T18:12:00.031Z
dunreath street,warren street,Dunreath St,Warren St,Dunreath St and Warren St,ok,1,"Dunreath St & Warren St, Roxbury, MA 02119",-71.082234000001,42.322689000003,307,1,200,,2026-06-04T18:12:01.170Z
dunstable street,main street,Dunstable St,Main St,Dunstable St and Main St,ok,2,"Dunstable St & Main St, Charlestown, MA 02129",-71.067654000001,42.378066000003,410,1,200,,2026-06-04T18:12:02.475Z
durham street,street botolph street,Durham St,St Botolph St,Durham St and St Botolph St,ok,1,"Durham St & Saint Botolph St, Back Bay, MA 02115",-71.081541000001,42.344289000003,350,1,200,,2026-06-04T18:12:03.615Z
duxbury road,river street,Duxbury Rd,River St,Duxbury Rd and River St,ok,1,"Duxbury Rd & River St, Mattapan, MA 02126",-71.080587000001,42.271389000003,327,1,200,,2026-06-04T18:12:04.794Z
dwight street,shawmut avenue,Dwight St,Shawmut Ave,Dwight St and Shawmut Ave,ok,1,"Dwight St & Shawmut Ave, South End, MA 02118",-71.067717000001,42.343839000003,403,1,200,,2026-06-04T18:12:06.072Z
dwight street,tremont street,Dwight St,Tremont St,Dwight St and Tremont St,ok,1,"Dwight St & Tremont St, South End, MA 02116",-71.070205500001,42.344874000003,340,1,200,,2026-06-04T18:12:07.210Z
dyer street,capen street,Dyer St,Capen St,Dyer St and Capen St,ok,1,"Dyer St & Capen St, Dorchester, MA 02124",-71.080753500001,42.283323000003,324,1,200,,2026-06-04T18:12:08.399Z
dyer street,evans street,Dyer St,Evans St,Dyer St and Evans St,ok,1,"Dyer St & Evans St, Dorchester, MA 02124",-71.079358500001,42.282594000003,332,1,200,,2026-06-04T18:12:09.603Z
east berkeley street,albany street,East Berkeley St,Albany St,East Berkeley St and Albany St,ok,1,"E Berkeley St & Albany St, South End, MA 02118",-71.062497000001,42.342993000003,292,1,200,,2026-06-04T18:12:10.764Z
east berkeley street,washington street,East Berkeley St,Washington St,East Berkeley St and Washington St,ok,1,"E Berkeley St & Washington St, South End, MA 02118",-71.065948500001,42.343947000003,374,1,200,,2026-06-04T18:12:12.046Z
east broadway,dorchester street,East Broadway,Dorchester St,East Broadway and Dorchester St,ok,1,"E Broadway & Dorchester St, South Boston, MA 02127",-71.045518500001,42.335460000003,316,1,200,,2026-06-04T18:12:13.190Z
east broadway,farragut road,East Broadway,Farragut Rd,East Broadway and Farragut Rd,ok,1,"E Broadway & Farragut Rd, South Boston, MA 02127",-71.025061500001,42.335811000003,345,1,200,,2026-06-04T18:12:14.419Z
east broadway,i street,East Broadway,I St,East Broadway and I St,ok,1,"E Broadway & I St, South Boston, MA 02127",-71.039934000001,42.335568000003,425,1,200,,2026-06-04T18:12:15.699Z
east broadway,l street,East Broadway,L St,East Broadway and L St,ok,1,"E Broadway & L St, South Boston, MA 02127",-71.035425000001,42.335640000003,383,1,200,,2026-06-04T18:12:16.860Z
east brookline street,albany street,East Brookline St,Albany St,East Brookline St and Albany St,ok,1,"E Brookline St & Albany St, South End, MA 02118",-71.068999500001,42.336711000003,333,1,200,,2026-06-04T18:12:18.011Z
east brookline street,washington street,East Brookline St,Washington St,East Brookline St and Washington St,ok,1,"E Brookline St & Washington St, South End, MA 02118",-71.072496000001,42.339609000003,276,1,200,,2026-06-04T18:12:19.153Z
east canton street,albany street,East Canton St,Albany St,East Canton St and Albany St,ok,1,"E Canton St & Albany St, South End, MA 02118",-71.068342500001,42.337179000003,460,1,200,,2026-06-04T18:12:20.538Z
east canton street,harrison avenue,East Canton St,Harrison Ave,East Canton St and Harrison Ave,ok,1,"E Canton St & Harrison Ave, South End, MA 02118",-71.070327000001,42.338817000003,294,1,200,,2026-06-04T18:12:21.573Z
east concord street,albany street,East Concord St,Albany St,East Concord St and Albany St,ok,1,"E Concord St & Albany St, South End, MA 02118",-71.071429500001,42.334983000003,274,1,200,,2026-06-04T18:12:22.754Z
east concord street,washington street,East Concord St,Washington St,East Concord St and Washington St,ok,1,"E Concord St & Washington St, South End, MA 02118",-71.074948500001,42.337926000003,337,1,200,,2026-06-04T18:12:24.017Z
east cottage street,columbia road,East Cottage St,Columbia Rd,East Cottage St and Columbia Rd,ok,2,"E Cottage St & Columbia Rd, Dorchester, MA 02125",-71.061939000001,42.320331000003,393,1,200,,2026-06-04T18:12:25.275Z
east cottage street,dorchester avenue,East Cottage St,Dorchester Ave,East Cottage St and Dorchester Ave,ok,1,"E Cottage St & Dorchester Ave, Dorchester, MA 02125",-71.056737000001,42.318522000003,285,1,200,,2026-06-04T18:12:26.369Z
east cottage street,dudley street,East Cottage St,Dudley St,East Cottage St and Dudley St,ok,1,"E Cottage St & Dudley St, Roxbury, MA 02119",-71.072208000001,42.321375000003,273,1,200,,2026-06-04T18:12:27.558Z
east cottage street,pleasant street,East Cottage St,Pleasant St,East Cottage St and Pleasant St,ok,1,"E Cottage St & Pleasant St, Dorchester, MA 02125",-71.058820500001,42.318666000003,386,1,200,,2026-06-04T18:12:28.873Z
east dedham street,albany street,East Dedham St,Albany St,East Dedham St and Albany St,ok,1,"E Dedham St & Albany St, South End, MA 02118",-71.067658500001,42.337665000003,328,1,200,,2026-06-04T18:12:30.016Z
east dedham street,harrison avenue,East Dedham St,Harrison Ave,East Dedham St and Harrison Ave,ok,1,"E Dedham St & Harrison Ave, South End, MA 02118",-71.069679000001,42.339330000003,294,1,200,,2026-06-04T18:12:31.182Z
east eagle street,chelsea street,East Eagle St,Chelsea St,East Eagle St and Chelsea St,ok,1,"E Eagle St & Chelsea St, East Boston, MA 02128",-71.025556500001,42.381288000003,390,1,200,,2026-06-04T18:12:32.480Z
east eagle street,glendon street,East Eagle St,Glendon St,East Eagle St and Glendon St,ok,1,"E Eagle St & Glendon St, East Boston, MA 02128",-71.030268000001,42.381342000003,347,1,200,,2026-06-04T18:12:33.638Z
east eagle street,putnam street,East Eagle St,Putnam St,East Eagle St and Putnam St,ok,1,"E Eagle St & Putnam St, East Boston, MA 02128",-71.033418000001,42.381360000003,351,1,200,,2026-06-04T18:12:34.843Z
east eighth street,dorchester street,East Eighth St,Dorchester St,East Eighth St and Dorchester St,ok,1,"E Eighth St & Dorchester St, South Boston, MA 02127",-71.051040000001,42.332814000003,629,1,200,,2026-06-04T18:12:36.321Z
east eighth street,g street,East Eighth St,G St,East Eighth St and G St,ok,1,"E Eighth St & G St, South Boston, MA 02127",-71.044110000001,42.331329000003,329,1,200,,2026-06-04T18:12:37.223Z
east eighth street,k street,East Eighth St,K St,East Eighth St and K St,ok,1,"E Eighth St & K St, South Boston, MA 02127",-71.037297000001,42.331455000003,297,1,200,,2026-06-04T18:12:38.392Z
east eighth street,o street,East Eighth St,O St,East Eighth St and O St,ok,1,"E Eighth St & O St, South Boston, MA 02127",-71.029350000001,42.331621500003,286,1,200,,2026-06-04T18:12:39.582Z
east fifth street,farragut road,East Fifth St,Farragut Rd,East Fifth St and Farragut Rd,ok,1,"E Fifth St & Farragut Rd, South Boston, MA 02127",-71.025012000001,42.334128000003,309,1,200,,2026-06-04T18:12:40.805Z
east fifth street,g street,East Fifth St,G St,East Fifth St and G St,ok,1,"E Fifth St & G St, South Boston, MA 02127",-71.044195500001,42.333795000003,374,1,200,,2026-06-04T18:12:42.072Z
east fifth street,k street,East Fifth St,K St,East Fifth St and K St,ok,1,"E Fifth St & K St, South Boston, MA 02127",-71.037378000001,42.333921000003,418,1,200,,2026-06-04T18:12:43.316Z
east first street,farragut road,East First St,Farragut Rd,East First St and Farragut Rd,ok,1,"E First St & Farragut Rd, South Boston, MA 02127",-71.025124500001,42.338340000003,375,1,200,,2026-06-04T18:12:44.475Z
east first street,summer street,East First St,Summer St,East First St and Summer St,ok,1,"E First St & Summer St, South Boston, MA 02127",-71.035497000001,42.338151000003,384,1,200,,2026-06-04T18:12:45.685Z
east first street,west first street,East First St,West First St,East First St and West First St,ok,1,"E First St & W First St, South Boston, MA 02127",-71.044402500001,42.337998000003,286,1,200,,2026-06-04T18:12:46.788Z
east fourth street,dorchester street,East Fourth St,Dorchester St,East Fourth St and Dorchester St,ok,1,"E Fourth St & Dorchester St, South Boston, MA 02127",-71.046810000001,42.334956000003,296,1,200,,2026-06-04T18:12:47.999Z
east fourth street,farragut road,East Fourth St,Farragut Rd,East Fourth St and Farragut Rd,ok,1,"E Fourth St & Farragut Rd, South Boston, MA 02127",-71.025034500001,42.334947000003,371,1,200,,2026-06-04T18:12:49.276Z
east fourth street,g street,East Fourth St,G St,East Fourth St and G St,ok,1,"E Fourth St & G St, South Boston, MA 02127",-71.044236000001,42.334587000003,320,1,200,,2026-06-04T18:12:50.426Z
east fourth street,k street,East Fourth St,K St,East Fourth St and K St,ok,1,"E Fourth St & K St, South Boston, MA 02127",-71.037400500001,42.334749000003,367,1,200,,2026-06-04T18:12:51.675Z
east lenox street,fellows street,East Lenox St,Fellows St,East Lenox St and Fellows St,ok,1,"E Lenox St & Fellows St, Roxbury, MA 02118",-71.076127500001,42.332805000003,278,1,200,,2026-06-04T18:12:52.787Z
east lenox street,washington street,East Lenox St,Washington St,East Lenox St and Washington St,ok,1,"E Lenox St & Washington St, Roxbury, MA 02118",-71.078796000001,42.335055000003,279,1,200,,2026-06-04T18:12:53.989Z
east newton street,albany at,East Newton St,Albany At,East Newton St and Albany At,ok,1,"E Newton St & Albany St, South End, MA 02118",-71.070088500001,42.335937000003,330,1,200,,2026-06-04T18:12:55.241Z
east newton street,albany street,East Newton St,Albany St,East Newton St and Albany St,ok,1,"E Newton St & Albany St, South End, MA 02118",-71.070088500001,42.335937000003,312,1,200,,2026-06-04T18:12:56.423Z
east newton street,washington street,East Newton St,Washington St,East Newton St and Washington St,ok,1,"E Newton St & Washington St, South End, MA 02118",-71.073643500001,42.338898000003,324,1,200,,2026-06-04T18:12:57.635Z
east ninth street,dorchester street,East Ninth St,Dorchester St,East Ninth St and Dorchester St,ok,1,"E Ninth St & Dorchester St, South Boston, MA 02127",-71.051679000001,42.332418000003,299,1,200,,2026-06-04T18:12:58.812Z
east ninth street,mercer street,East Ninth St,Mercer St,East Ninth St and Mercer St,ok,1,"E Ninth St & Mercer St, South Boston, MA 02127",-71.049487500001,42.331077000003,390,1,200,,2026-06-04T18:13:00.103Z
east second street,dorchester street,East Second St,Dorchester St,East Second St and Dorchester St,ok,1,"E Second St & Dorchester St, South Boston, MA 02127",-71.043403500001,42.337197000003,359,1,200,,2026-06-04T18:13:01.274Z
east second street,farragut road,East Second St,Farragut Rd,East Second St and Farragut Rd,ok,1,"E Second St & Farragut Rd, South Boston, MA 02127",-71.025106500001,42.337503000003,403,1,200,,2026-06-04T18:13:02.519Z
east second street,l street,East Second St,L St,East Second St and L St,ok,1,"E Second St & L St, South Boston, MA 02127",-71.035474500001,42.337332000003,329,1,200,,2026-06-04T18:13:03.647Z
east second street,m street,East Second St,M St,East Second St and M St,ok,1,"E Second St & M St, South Boston, MA 02127",-71.033395500001,42.337368000003,338,1,200,,2026-06-04T18:13:04.856Z
east second street,north street,East Second St,N St,East Second St and N St,ok,1,"E Second St & N St, South Boston, MA 02127",-71.031321000001,42.337404000003,589,1,200,,2026-06-04T18:13:06.309Z
east seventh street,columbia road,East Seventh St,Columbia Rd,East Seventh St and Columbia Rd,ok,1,"E Seventh St & Columbia Rd, South Boston, MA 02127",-71.027604000001,42.332427000003,351,1,200,,2026-06-04T18:13:07.272Z
east seventh street,g street,East Seventh St,G St,East Seventh St and G St,ok,1,"E Seventh St & G St, South Boston, MA 02127",-71.044137000001,42.332148000003,302,1,200,,2026-06-04T18:13:08.423Z
east seventh street,k street,East Seventh St,K St,East Seventh St and K St,ok,1,"E Seventh St & K St, South Boston, MA 02127",-71.037324000001,42.332274000003,390,1,200,,2026-06-04T18:13:09.712Z
east sixth street,farragut road,East Sixth St,Farragut Rd,East Sixth St and Farragut Rd,ok,1,"E Sixth St & Farragut Rd, South Boston, MA 02127",-71.024998500001,42.333309000003,495,1,200,,2026-06-04T18:13:11.019Z
east sixth street,g street,East Sixth St,G St,East Sixth St and G St,ok,1,"E Sixth St & G St, South Boston, MA 02127",-71.044182000001,42.332976000003,281,1,200,,2026-06-04T18:13:12.007Z
east sixth street,k street,East Sixth St,K St,East Sixth St and K St,ok,1,"E Sixth St & K St, South Boston, MA 02127",-71.037355500001,42.333093000003,424,1,200,,2026-06-04T18:13:13.349Z
east sixth street,l street,East Sixth St,L St,East Sixth St and L St,ok,1,"E Sixth St & L St, South Boston, MA 02127",-71.035308000001,42.333138000003,361,1,200,,2026-06-04T18:13:14.488Z
east springfield street,harrison avenue,East Springfield St,Harrison Ave,East Springfield St and Harrison Ave,ok,1,"E Springfield St & Harrison Ave, South End, MA 02118",-71.074489500001,42.335469000003,521,1,200,,2026-06-04T18:13:15.849Z
east springfield street,washington street,East Springfield St,Washington St,East Springfield St and Washington St,ok,1,"E Springfield St & Washington St, South End, MA 02118",-71.076316500001,42.336990000003,353,1,200,,2026-06-04T18:13:16.882Z
east street,adams street,East St,Adams St,East St and Adams St,ok,1,"East St & Adams St, Dorchester, MA 02122",-71.062699500001,42.307506000003,398,1,200,,2026-06-04T18:13:18.129Z
east street,atlantic avenue,East St,Atlantic Ave,East St and Atlantic Ave,ok,1,"East St & Atlantic Ave, Leather District, MA 02111",-71.056219500001,42.351237000003,310,1,200,,2026-06-04T18:13:19.241Z
east street,dorchester avenue,East St,Dorchester Ave,East St and Dorchester Ave,ok,1,"East St & Dorchester Ave, Dorchester, MA 02125",-71.058433500001,42.307569000003,350,1,200,,2026-06-04T18:13:20.482Z
east street,old colony avenue,E St,Old Colony Ave,E St and Old Colony Ave,ok,1,"E St & Old Colony Ave, South Boston, MA 02127",-71.054437500001,42.333669000003,270,1,200,,2026-06-04T18:13:21.603Z
east street,south street,East St,South St,East St and South St,ok,1,"East St & South St, Leather District, MA 02111",-71.057245500001,42.351669000003,273,1,200,,2026-06-04T18:13:22.806Z
east street,west broadway,E St,West Broadway,E St and West Broadway,ok,1,"E St & W Broadway, South Boston, MA 02127",-71.049294000001,42.337818000003,338,1,200,,2026-06-04T18:13:24.072Z
east street,west eighth street,E St,West Eighth St,E St and West Eighth St,ok,1,"E St & W Eighth St, South Boston, MA 02127",-71.053155000001,42.334515000003,288,1,200,,2026-06-04T18:13:25.225Z
east street,west first street,E St,West First St,E St and West First St,ok,1,"E St & W First St, South Boston Waterfront, MA 02127",-71.047066500001,42.339717000003,354,1,200,,2026-06-04T18:13:26.489Z
east third street,farragut road,East Third St,Farragut Rd,East Third St and Farragut Rd,ok,1,"E Third St & Farragut Rd, South Boston, MA 02127",-71.025084000001,42.336675000003,296,1,200,,2026-06-04T18:13:27.634Z
east third street,g street,East Third St,G St,East Third St and G St,ok,1,"E Third St & G St, South Boston, MA 02127",-71.044290000001,42.336351000003,319,1,200,,2026-06-04T18:13:28.857Z
east third street,l street,East Third St,L St,East Third St and L St,ok,1,"E Third St & L St, South Boston, MA 02127",-71.035452000001,42.336513000003,359,1,200,,2026-06-04T18:13:30.100Z
east third street,m street,East Third St,M St,East Third St and M St,ok,1,"E Third St & M St, South Boston, MA 02127",-71.033377500001,42.336549000003,369,1,200,,2026-06-04T18:13:31.310Z
east third street,north street,East Third St,N St,East Third St and N St,ok,1,"E Third St & N St, South Boston, MA 02127",-71.031307500001,42.336576000003,384,1,200,,2026-06-04T18:13:32.526Z
eastman street,columbia road,Eastman St,Columbia Rd,Eastman St and Columbia Rd,ok,1,"Eastman St & Columbia Rd, Dorchester, MA 02125",-71.063158500001,42.319206000003,341,1,200,,2026-06-04T18:13:33.684Z
eastman street,elder street,Eastman St,Elder St,Eastman St and Elder St,ok,1,"Eastman St & Elder St, Dorchester, MA 02125",-71.064310500001,42.320529000003,285,1,200,,2026-06-04T18:13:34.829Z
eden street,main street,Eden St,Main St,Eden St and Main St,ok,1,"Eden St & Main St, Charlestown, MA 02129",-71.068468500001,42.378795000003,347,1,200,,2026-06-04T18:13:36.093Z
eden street,russell street,Eden St,Russell St,Eden St and Russell St,ok,1,"Eden St & Russell St, Charlestown, MA 02129",-71.067213000001,42.380109000003,287,1,200,,2026-06-04T18:13:37.234Z
edge hill street,gay head street,Edge Hill St,Gay Head St,Edge Hill St and Gay Head St,ok,1,"Edge Hill St & Gay Head St, Jamaica Plain, MA 02130",-71.105355000001,42.323967000003,270,1,200,,2026-06-04T18:13:38.418Z
edge hill street,round hill street,Edge Hill St,Round Hill St,Edge Hill St and Round Hill St,ok,1,"Edge Hill St & Round Hill St, Jamaica Plain, MA 02130",-71.107339500001,42.324678000003,271,1,200,,2026-06-04T18:13:39.619Z
edgerly road,haviland street,Edgerly Rd,Haviland St,Edgerly Rd and Haviland St,ok,1,"Edgerly Rd & Haviland St, Fenway, MA 02115",-71.088219000001,42.346413000003,275,1,200,,2026-06-04T18:13:40.826Z
edgerly road,westland avenue,Edgerly Rd,Westland Ave,Edgerly Rd and Westland Ave,ok,2,"Edgerly Rd & Westland Ave, Fenway, MA 02115",-71.086918500001,42.343803000003,396,1,200,,2026-06-04T18:13:42.148Z
edgewood street,blue hill avenue,Edgewood St,Blue Hill Ave,Edgewood St and Blue Hill Ave,ok,1,"Edgewood St & Blue Hill Ave, Roxbury, MA 02119",-71.077995000001,42.317316000003,318,1,200,,2026-06-04T18:13:43.270Z
edgewood street,warren street,Edgewood St,Warren St,Edgewood St and Warren St,ok,1,"Edgewood St & Warren St, Roxbury, MA 02119",-71.081478000001,42.319044000003,382,1,200,,2026-06-04T18:13:44.534Z
edison green,dorchester avenue,Edison Green,Dorchester Ave,Edison Green and Dorchester Ave,ok,2,"Edison Grn & Dorchester Ave, Dorchester, MA 02125",-71.056768500001,42.319881000003,304,1,200,,2026-06-04T18:13:45.657Z
edison green,pond street,Edison Green,Pond St,Edison Green and Pond St,ok,1,"Edison Grn & Pond St, Dorchester, MA 02125",-71.059180500001,42.319278000003,369,1,200,,2026-06-04T18:13:46.923Z
edwin street,dorchester avenue,Edwin St,Dorchester Ave,Edwin St and Dorchester Ave,ok,1,"Edwin St & Dorchester Ave, Dorchester, MA 02124",-71.063487000001,42.288714000003,416,1,200,,2026-06-04T18:13:48.171Z
edwin street,florida street,Edwin St,Florida St,Edwin St and Florida St,ok,1,"Edwin St & Florida St, Dorchester, MA 02124",-71.059189500001,42.289776000003,363,1,200,,2026-06-04T18:13:49.319Z
egleston street,boylston street,Egleston St,Boylston St,Egleston St and Boylston St,ok,1,"Egleston St & Boylston St, Jamaica Plain, MA 02130",-71.101188000001,42.313986000003,421,1,200,,2026-06-04T18:13:50.578Z
egleston street,school street,Egleston St,School St,Egleston St and School St,ok,1,"Egleston St & School St, Jamaica Plain, MA 02119",-71.100058500001,42.315075000003,268,1,200,,2026-06-04T18:13:51.626Z
egremont road,cummings road,Egremont Rd,Cummings Rd,Egremont Rd and Cummings Rd,ok,1,"Egremont Rd & Cummings Rd, Brighton, MA 02135",-71.144842500001,42.340896000003,340,1,200,,2026-06-04T18:13:52.899Z
egremont road,washington street,Egremont Rd,Washington St,Egremont Rd and Washington St,ok,1,"Egremont Rd & Washington St, Brighton, MA 02135",-71.141521500001,42.342975000003,315,1,200,,2026-06-04T18:13:54.076Z
eighth street,first avenue,Eighth St,First Ave,Eighth St and First Ave,ok,1,"Eighth St & First Ave, Charlestown, MA 02129",-71.053528500001,42.375483000003,315,1,200,,2026-06-04T18:13:55.278Z
elder street,columbia road,Elder St,Columbia Rd,Elder St and Columbia Rd,ok,1,"Elder St & Columbia Rd, Dorchester, MA 02125",-71.062546500001,42.319908000003,360,1,200,,2026-06-04T18:13:56.523Z
elder street,humphreys street,Elder St,Humphreys St,Elder St and Humphreys St,ok,1,"Elder St & Humphreys St, Dorchester, MA 02125",-71.065494000001,42.320682000003,390,1,200,,2026-06-04T18:13:57.754Z
eldon street,rosseter street,Eldon St,Rosseter St,Eldon St and Rosseter St,ok,1,"Eldon St & Rosseter St, Dorchester, MA 02121",-71.077000500001,42.304338000003,356,1,200,,2026-06-04T18:13:58.920Z
eldon street,washington street,Eldon St,Washington St,Eldon St and Washington St,ok,1,"Eldon St & Washington St, Dorchester, MA 02121",-71.078224500001,42.302952000003,640,1,200,,2026-06-04T18:14:00.406Z
eldora street,hillside street,Eldora St,Hillside St,Eldora St and Hillside St,ok,1,"Eldora St & Hillside St, Mission Hill, MA 02120",-71.107195500001,42.331545000003,295,1,200,,2026-06-04T18:14:01.260Z
eldora street,sunset street,Eldora St,Sunset St,Eldora St and Sunset St,ok,1,"Eldora St & Sunset St, Mission Hill, MA 02120",-71.108518500001,42.331509000003,333,1,200,,2026-06-04T18:14:02.500Z
eleanor street,cambridge street,Eleanor St,Cambridge St,Eleanor St and Cambridge St,ok,1,"Eleanor St & Cambridge St, Allston, MA 02135",-71.142984000001,42.351633000003,354,1,200,,2026-06-04T18:14:03.723Z
eleanor street,ridgemont street,Eleanor St,Ridgemont St,Eleanor St and Ridgemont St,ok,1,"Eleanor St & Ridgemont St, Allston, MA 02134",-71.142831000001,42.351102000003,337,1,200,,2026-06-04T18:14:04.906Z
eliot place,stuart street,Eliot Pl,Stuart St,Eliot Pl and Stuart St,ok,1,"Eliot Pl & Stuart St, Downtown, MA 02116",-71.064495000001,42.351075000003,2652,1,200,,2026-06-04T18:14:08.424Z
elizabeth street,norfolk street,Elizabeth St,Norfolk St,Elizabeth St and Norfolk St,ok,1,"Elizabeth St & Norfolk St, Mattapan, MA 02126",-71.088462000001,42.280110000003,1395,1,200,,2026-06-04T18:14:09.821Z
ellington street,blue hill avenue,Ellington St,Blue Hill Ave,Ellington St and Blue Hill Ave,ok,1,"Ellington St & Blue Hill Ave, Dorchester, MA 02121",-71.085240000001,42.302889000003,404,1,200,,2026-06-04T18:14:10.226Z
ellington street,greenwood street,Ellington St,Greenwood St,Ellington St and Greenwood St,ok,1,"Ellington St & Greenwood St, Dorchester, MA 02121",-71.079358500001,42.302259000003,565,1,200,,2026-06-04T18:14:11.588Z
ellsworth street,dorchester avenue,Ellsworth St,Dorchester Avenue,Ellsworth St and Dorchester Avenue,ok,1,"Ellsworth St & Dorchester Ave, Dorchester, MA 02122",-71.058973500001,42.305193000003,638,1,200,,2026-06-04T18:14:12.862Z
ellsworth street,freeport street,Ellsworth St,Freeport Street,Ellsworth St and Freeport Street,ok,1,"Ellsworth St & Freeport St, Dorchester, MA 02122",-71.057425500001,42.305526000003,397,1,200,,2026-06-04T18:14:13.822Z
elm hill avenue,seaver street,Elm Hill Ave,Seaver St,Elm Hill Ave and Seaver St,ok,2,"Elm Hill Ave & Seaver St, Roxbury, MA 02121",-71.089101000001,42.307569000003,352,1,200,,2026-06-04T18:14:14.978Z
elm hill avenue,warren street,Elm Hill Ave,Warren St,Elm Hill Ave and Warren St,ok,1,"Elm Hill Ave & Warren St, Roxbury, MA 02121",-71.083543500001,42.313095000003,327,1,200,,2026-06-04T18:14:16.154Z
elm hill park,warren street,Elm Hill Park,Warren St,Elm Hill Park and Warren St,ok,1,"Elm Hill Park & Warren St, Roxbury, MA 02121",-71.083359000001,42.312834000003,337,1,200,,2026-06-04T18:14:17.365Z
elm street,bunker hill street,Elm St,Bunker Hill St,Elm St and Bunker Hill St,ok,1,"Elm St & Bunker Hill St, Charlestown, MA 02129",-71.062627500001,42.379020000003,330,1,200,,2026-06-04T18:14:18.559Z
elm street,high street,Elm St,High St,Elm St and High St,ok,1,"Elm St & High St, Charlestown, MA 02129",-71.064207000001,42.376842000003,275,1,200,,2026-06-04T18:14:19.704Z
elm street,medford street,Elm St,Medford St,Elm St and Medford St,ok,1,"Elm St & Medford St, Charlestown, MA 02129",-71.061376500001,42.380694000003,868,1,200,,2026-06-04T18:14:21.501Z
elmhurst street,norfolk street,Elmhurst St,Norfolk St,Elmhurst St and Norfolk St,ok,1,"Elmhurst St & Norfolk St, Dorchester, MA 02124",-71.076267000001,42.288345000003,339,1,200,,2026-06-04T18:14:22.171Z
elmhurst street,southern avenue,Elmhurst St,Southern Ave,Elmhurst St and Southern Ave,ok,1,"Elmhurst St & Southern Ave, Dorchester, MA 02124",-71.076879000001,42.289758000003,301,1,200,,2026-06-04T18:14:23.335Z
elmwood street,malcolm x boulevard,Elmwood St,Malcolm X Blvd,Elmwood St and Malcolm X Blvd,ok,1,"Elmwood St & Malcolm X Blvd, Roxbury, MA 02120",-71.093781000001,42.331338000003,404,1,200,,2026-06-04T18:14:24.639Z
elmwood street,roxbury street,Elmwood St,Roxbury St,Elmwood St and Roxbury St,ok,1,"Elmwood St & Roxbury St, Roxbury, MA 02119",-71.094546000001,42.330312000003,268,1,200,,2026-06-04T18:14:25.705Z
elton street,dorchester avenue,Elton St,Dorchester Ave,Elton St and Dorchester Ave,ok,1,"Elton St & Dorchester Ave, Dorchester, MA 02125",-71.056993500001,42.313950000003,298,1,200,,2026-06-04T18:14:26.935Z
elton street,sagamore street,Elton St,Sagamore St,Elton St and Sagamore St,ok,1,"Elton St & Sagamore St, Dorchester, MA 02125",-71.055045000001,42.313608000003,439,1,200,,2026-06-04T18:14:28.278Z
elven road,brookway road,Elven Rd,Brookway Rd,Elven Rd and Brookway Rd,ok,1,"Elven Rd & Brookway Rd, Roslindale, MA 02131",-71.119381500001,42.293097000003,382,1,200,,2026-06-04T18:14:29.422Z
elven road,washington street,Elven Rd,Washington St,Elven Rd and Washington St,ok,1,"Elven Rd & Washington St, Roslindale, MA 02131",-71.120416500001,42.293691000003,384,1,200,,2026-06-04T18:14:30.626Z
emerson street,dorchester street,Emerson St,Dorchester St,Emerson St and Dorchester St,ok,1,"Emerson St & Dorchester St, South Boston, MA 02127",-71.043961500001,42.336738000003,506,1,200,,2026-06-04T18:14:31.948Z
emerson street,east broadway,Emerson St,East Broadway,Emerson St and East Broadway,ok,1,"Emerson St & E Broadway, South Boston, MA 02127",-71.039934000001,42.335568000003,539,1,200,,2026-06-04T18:14:33.184Z
emerson street,l street,Emerson St,L St,Emerson St and L St,ok,1,"Emerson St & L St, South Boston, MA 02127",-71.035344000001,42.334389000003,547,1,200,,2026-06-04T18:14:34.393Z
emerson street,m street,Emerson St,M St,Emerson St and M St,ok,1,"Emerson St & M St, South Boston, MA 02127",-71.033314500001,42.334641000003,291,1,200,,2026-06-04T18:14:35.338Z
emery road,cambridge street,Emery Rd,Cambridge St,Emery Rd and Cambridge St,ok,1,"Emery Rd & Cambridge St, Allston, MA 02134",-71.135721000001,42.354288000003,528,1,200,,2026-06-04T18:14:36.775Z
emery road,rugg road,Emery Rd,Rugg Rd,Emery Rd and Rugg Rd,ok,1,"Emery Rd & Rugg Rd, Allston, MA 02134",-71.135689500001,42.355305000003,589,1,200,,2026-06-04T18:14:38.036Z
emmet street,east second street,Emmet St,East Second St,Emmet St and East Second St,ok,1,"Emmet St & E Second St, South Boston, MA 02127",-71.038728000001,42.337278000003,571,1,200,,2026-06-04T18:14:39.219Z
emmet street,east third street,Emmet St,East Third St,Emmet St and East Third St,ok,1,"Emmet St & E Third St, South Boston, MA 02127",-71.038701000001,42.336459000003,366,1,200,,2026-06-04T18:14:40.215Z
emmons street,chelsea street,Emmons St,Chelsea St,Emmons St and Chelsea St,ok,1,"Emmons St & Chelsea St, East Boston, MA 02128",-71.037769500001,42.370776000003,323,1,200,,2026-06-04T18:14:41.374Z
emmons street,paris street,Emmons St,Paris St,Emmons St and Paris St,ok,1,"Emmons St & Paris St, East Boston, MA 02128",-71.038786500001,42.371424000003,548,1,200,,2026-06-04T18:14:42.801Z
endicott street,cross street,Endicott St,Cross St,Endicott St and Cross St,ok,1,"Endicott St & Cross St, North End, MA 02113",-71.057191500001,42.363387000003,334,1,200,,2026-06-04T18:14:43.792Z
endicott street,north washington street,Endicott St,North Washington St,Endicott St and North Washington St,ok,1,"Endicott St & N Washington St, North End, MA 02114",-71.058528000001,42.366906000003,288,1,200,,2026-06-04T18:14:44.944Z
englewood avenue,brookline town line,Englewood Ave,Brookline Town Line,Englewood Ave and Brookline Town Line,no_match,0,,,,139,1,200,,2026-06-04T18:14:45.997Z
englewood avenue,chestnut hill avenue,Englewood Ave,Chestnut Hill Ave,Englewood Ave and Chestnut Hill Ave,ok,1,"Englewood Ave & Chestnut Hill Ave, Brighton, MA 02135",-71.152281000001,42.337179000003,374,1,200,,2026-06-04T18:14:47.433Z
englewood avenue,sutherland road,Englewood Ave,Sutherland Rd,Englewood Ave and Sutherland Rd,ok,1,"Englewood Ave & Sutherland Rd, Brighton, MA 02135",-71.149837500001,42.337683000003,303,1,200,,2026-06-04T18:14:48.564Z
ennis road,school street,Ennis Rd,School St,Ennis Rd and School St,ok,1,"Ennis Rd & School St, Jamaica Plain, MA 02119",-71.097318000001,42.313185000003,274,1,200,,2026-06-04T18:14:49.736Z
erie street,glenway street,Erie St,Glenway Street,Erie St and Glenway Street,ok,1,"Erie St & Glenway St, Dorchester, MA 02121",-71.083741500001,42.300927000003,386,1,200,,2026-06-04T18:14:51.048Z
erie street,washington street,Erie St,Washington Street,Erie St and Washington Street,ok,1,"Erie St & Washington St, Dorchester, MA 02121",-71.078548500001,42.303384000003,344,1,200,,2026-06-04T18:14:52.208Z
ernst street,bragdon street,Ernst St,Bragdon St,Ernst St and Bragdon St,ok,1,"Ernst St & Bragdon St, Jamaica Plain, MA 02119",-71.098929000001,42.318693000003,498,1,200,,2026-06-04T18:14:53.572Z
ernst street,west walnut park,Ernst St,West Walnut Park,Ernst St and West Walnut Park,ok,1,"Ernst St & W Walnut Park, Jamaica Plain, MA 02119",-71.099779500001,42.317964000003,296,1,200,,2026-06-04T18:14:54.564Z
esmond street,blue hill avenue,Esmond St,Blue Hill Ave,Esmond St and Blue Hill Ave,ok,1,"Esmond St & Blue Hill Ave, Roxbury, MA 02121",-71.086572000001,42.299568000003,369,1,200,,2026-06-04T18:14:55.840Z
esmond street,harvard avenue,Esmond St,Harvard Ave,Esmond St and Harvard Ave,ok,1,"Esmond St & Harvard St, Dorchester, MA 02121",-71.083386000001,42.296112000003,314,1,200,,2026-06-04T18:14:56.985Z
essex street,atlantic avenue,Essex St,Atlantic Ave,Essex St and Atlantic Ave,ok,1,"Essex St & Atlantic Ave, Leather District, MA 02111",-71.055909000001,42.351795000003,315,1,200,,2026-06-04T18:14:58.189Z
essex street,new rutherford avenue,Essex St,New Rutherford Ave,Essex St and New Rutherford Ave,ok,1,"Essex St & Rutherford Ave, Charlestown, MA 02129",-71.070732000001,42.379587000003,352,1,200,,2026-06-04T18:14:59.431Z
essex street,tibbetts town way,Essex St,Tibbetts Town Way,Essex St and Tibbetts Town Way,ok,1,"Essex St & Tibbett's Town Way, Charlestown, MA 02129",-71.069026500001,42.378903000003,301,1,200,,2026-06-04T18:15:00.578Z
essex street,washington street,Essex St,Washington St,Essex St and Washington St,ok,1,"Essex St & Washington St, Chinatown, MA 02116",-71.062609500001,42.352380000003,345,1,200,,2026-06-04T18:15:01.829Z
estabrook road,dewitt drive,Estabrook Rd,Dewitt Dr,Estabrook Rd and Dewitt Dr,ok,1,"Estabrook Rd & Dewitt Dr, Roxbury, MA 02120",-71.085348000001,42.332301000003,328,1,200,,2026-06-04T18:15:03.011Z
estabrook road,shawmut avenue,Estabrook Rd,Shawmut Ave,Estabrook Rd and Shawmut Ave,ok,1,"Estabrook Rd & Shawmut Ave, Roxbury, MA 02119",-71.084205000001,42.331824000003,355,1,200,,2026-06-04T18:15:04.238Z
estella street,harvard street,Estella St,Harvard St,Estella St and Harvard St,ok,1,"Estella St & Harvard St, Mattapan, MA 02126",-71.095410000001,42.286761000003,389,1,200,,2026-06-04T18:15:05.476Z
estella street,morton street,Estella St,Morton St,Estella St and Morton St,ok,2,"Estella St & Morton St, Dorchester, MA 02124",-71.093623500001,42.287040000003,383,1,200,,2026-06-04T18:15:06.670Z
estes avenue,wilrose street,Estes Ave,Wilrose St,Estes Ave and Wilrose St,ok,1,"Estes Ave & Wilrose St, Dorchester, MA 02121",-71.072608500001,42.307128000003,282,1,200,,2026-06-04T18:15:07.773Z
estey street,fisher avenue,Estey St,Fisher Ave,Estey St and Fisher Ave,ok,1,"Estey St & Fisher Ave, Mission Hill, MA 02120",-71.107330500001,42.328467000003,322,1,200,,2026-06-04T18:15:09.014Z
estey street,lawn street,Estey St,Lawn St,Estey St and Lawn St,ok,1,"Estey St & Lawn St, Mission Hill, MA 02130",-71.107902000001,42.327738000003,271,1,200,,2026-06-04T18:15:10.166Z
estrella street,centre street,Estrella St,Centre St,Estrella St and Centre St,ok,1,"Estrella St & Centre St, Jamaica Plain, MA 02130",-71.102889000001,42.322923000003,279,1,200,,2026-06-04T18:15:11.375Z
estrella street,priesing street,Estrella St,Priesing St,Estrella St and Priesing St,ok,1,"Estrella St & Priesing St, Jamaica Plain, MA 02130",-71.102803500001,42.321960000003,305,1,200,,2026-06-04T18:15:12.603Z
euclid street,washington street,Euclid St,Washington St,Euclid St and Washington St,ok,1,"Euclid St & Washington St, Dorchester, MA 02124",-71.071119000001,42.288705000003,322,1,200,,2026-06-04T18:15:13.821Z
euclid street,withington street,Euclid St,Withington St,Euclid St and Withington St,ok,1,"Euclid St & Withington St, Dorchester, MA 02124",-71.072748000001,42.288264000003,285,1,200,,2026-06-04T18:15:14.985Z
eunice street,bowdoin street,Eunice St,Bowdoin St,Eunice St and Bowdoin St,ok,1,"Eunice St & Bowdoin St, Dorchester, MA 02122",-71.069778000001,42.304221000003,301,1,200,,2026-06-04T18:15:16.203Z
eustis street,magazine street,Eustis St,Magazine St,Eustis St and Magazine St,ok,1,"Eustis St & Magazine St, Roxbury, MA 02119",-71.073207000001,42.325722000003,310,1,200,,2026-06-04T18:15:17.413Z
eustis street,washington street,Eustis St,Washington St,Eustis St and Washington St,ok,1,"Eustis St & Washington St, Roxbury, MA 02119",-71.081703000001,42.331959000003,351,1,200,,2026-06-04T18:15:18.654Z
eutaw street,border street,Eutaw St,Border St,Eutaw St and Border St,ok,1,"Eutaw St & Border St, East Boston, MA 02128",-71.040024000001,42.378642000003,331,1,200,,2026-06-04T18:15:19.837Z
eutaw street,white street,Eutaw St,White St,Eutaw St and White St,ok,1,"Eutaw St & White St, East Boston, MA 02128",-71.034102000001,42.380532000003,347,1,200,,2026-06-04T18:15:21.053Z
evandale terrace,savin hill avenue,Evandale Ter,Savin Hill Ave,Evandale Ter and Savin Hill Ave,ok,1,"Evandale Ter & Savin Hill Ave, Dorchester, MA 02125",-71.047174500001,42.311025000003,327,1,200,,2026-06-04T18:15:22.234Z
evans street,milton street,Evans St,Milton St,Evans St and Milton St,ok,1,"Evans St & Milton Ave, Dorchester, MA 02124",-71.076271500001,42.283170000003,417,1,200,,2026-06-04T18:15:23.527Z
evans street,morton street,Evans St,Morton St,Evans St and Morton St,ok,1,"Evans St & Morton St, Dorchester, MA 02124",-71.084587500001,42.280848000003,337,1,200,,2026-06-04T18:15:24.650Z
evelyn street,blue hill avenue,Evelyn St,Blue Hill Ave,Evelyn St and Blue Hill Ave,ok,1,"Evelyn St & Blue Hill Ave, Mattapan, MA 02126",-71.092728000001,42.280119000003,285,1,200,,2026-06-04T18:15:25.800Z
evelyn street,norfolk street,Evelyn St,Norfolk St,Evelyn St and Norfolk St,ok,1,"Evelyn St & Norfolk St, Mattapan, MA 02126",-71.089933500001,42.278589000003,360,1,200,,2026-06-04T18:15:27.077Z
everett avenue,jerome street,Everett Ave,Jerome St,Everett Ave and Jerome St,ok,1,"Everett Ave & Jerome St, Dorchester, MA 02125",-71.063397000001,42.314535000003,312,1,200,,2026-06-04T18:15:28.232Z
everett avenue,stoughton street,Everett Ave,Stoughton St,Everett Ave and Stoughton St,ok,1,"Everett Ave & Stoughton St, Dorchester, MA 02125",-71.062722000001,42.316011000003,357,1,200,,2026-06-04T18:15:29.475Z
everett street,braintree street,Everett St,Braintree St,Everett St and Braintree St,ok,1,"Everett St & Braintree St, Allston, MA 02134",-71.138079000001,42.356574000003,300,1,200,,2026-06-04T18:15:30.618Z
everett street,jeffries street,Everett St,Jeffries St,Everett St and Jeffries St,ok,1,"Everett St & Jeffries St, East Boston, MA 02128",-71.029345500001,42.365178000003,324,1,200,,2026-06-04T18:15:31.845Z
everett street,north beacon street,Everett St,North Beacon St,Everett St and North Beacon St,ok,1,"Everett St & N Beacon St, Allston, MA 02134",-71.139060000001,42.353802000003,413,1,200,,2026-06-04T18:15:33.137Z
everett street,orleans street,Everett St,Orleans St,Everett St and Orleans St,ok,1,"Everett St & Orleans St, East Boston, MA 02128",-71.037486000001,42.368724000003,675,1,200,,2026-06-04T18:15:34.600Z
evergreen street,day street,Evergreen St,Day St,Evergreen St and Day St,ok,1,"Evergreen St & Day St, Jamaica Plain, MA 02130",-71.109139500001,42.323823000003,349,1,200,,2026-06-04T18:15:35.475Z
evergreen street,south huntington avenue,Evergreen St,South Huntington Ave,Evergreen St and South Huntington Ave,ok,1,"Evergreen St & S Huntington Ave, Jamaica Plain, MA 02130",-71.112249000001,42.324561000003,358,1,200,,2026-06-04T18:15:36.685Z
everton street,geneva avenue,Everton St,Geneva Ave,Everton St and Geneva Ave,ok,1,"Everton St & Geneva Ave, Dorchester, MA 02121",-71.072059500001,42.304005000003,328,1,200,,2026-06-04T18:15:37.857Z
everton street,olney street,Everton St,Olney St,Everton St and Olney St,ok,1,"Everton St & Olney St, Dorchester, MA 02121",-71.073274500001,42.305355000003,333,1,200,,2026-06-04T18:15:39.065Z
exeter street,beacon street,Exeter St,Beacon St,Exeter St and Beacon St,ok,1,"Exeter St & Beacon St, Back Bay, MA 02116",-71.081262000001,42.353073000003,333,1,200,,2026-06-04T18:15:40.265Z
exeter street,boylston street,Exeter St,Boylston St,Exeter St and Boylston St,ok,1,"Exeter St & Boylston St, Back Bay, MA 02116",-71.079498000001,42.349518000003,306,1,200,,2026-06-04T18:15:41.440Z
exeter street,commonwealth avenue,Exeter St,Commonwealth Ave,Exeter St and Commonwealth Ave,ok,2,"Exeter St & Commonwealth Ave, Back Bay, MA 02116",-71.080470000001,42.351471000003,307,1,200,,2026-06-04T18:15:42.642Z
f street,west broadway,F St,West Broadway,F St and West Broadway,ok,1,"F St & W Broadway, South Boston, MA 02127",-71.047755000001,42.336819000003,274,1,200,,2026-06-04T18:15:43.810Z
f street,west eighth street,F St,West Eighth St,F St and West Eighth St,ok,1,"F St & W Eighth St, South Boston, MA 02127",-71.051796000001,42.333408000003,287,1,200,,2026-06-04T18:15:45.025Z
f street,west first street,F St,West First St,F St and West First St,ok,1,"F St & W First St, South Boston, MA 02127",-71.045514000001,42.338709000003,362,1,200,,2026-06-04T18:15:46.301Z
fabyan street,blue hill avenue,Fabyan St,Blue Hill Ave,Fabyan St and Blue Hill Ave,ok,1,"Fabyan St & Blue Hill Ave, Dorchester, MA 02124",-71.089978500001,42.288993000003,290,1,200,,2026-06-04T18:15:47.432Z
fabyan street,harvard street,Fabyan St,Harvard St,Fabyan St and Harvard St,ok,1,"Fabyan St & Harvard St, Dorchester, MA 02124",-71.091891000001,42.290424000003,275,1,200,,2026-06-04T18:15:48.618Z
fairbanks street,faneuil street,Fairbanks St,Faneuil St,Fairbanks St and Faneuil St,ok,1,"Fairbanks St & Faneuil St, Brighton, MA 02135",-71.162910000001,42.352416000003,486,1,200,,2026-06-04T18:15:50.030Z
fairbanks street,washington street,Fairbanks St,Washington St,Fairbanks St and Washington St,ok,1,"Fairbanks St & Washington St, Brighton, MA 02135",-71.163112500001,42.349032000003,319,1,200,,2026-06-04T18:15:51.062Z
fairfield street,beacon street,Fairfield St,Beacon St,Fairfield St and Beacon St,ok,1,"Fairfield St & Beacon St, Back Bay, MA 02116",-71.083543500001,42.352461000003,286,1,200,,2026-06-04T18:15:52.231Z
fairfield street,boylston street,Fairfield St,Boylston St,Fairfield St and Boylston St,ok,1,"Fairfield St & Boylston St, Back Bay, MA 02199",-71.081802000001,42.348897000003,323,1,200,,2026-06-04T18:15:53.469Z
fairfield street,commonwealth avenue,Fairfield St,Commonwealth Ave,Fairfield St and Commonwealth Ave,ok,2,"Fairfield St & Commonwealth Ave, Back Bay, MA 02116",-71.082760500001,42.350850000003,348,1,200,,2026-06-04T18:15:54.696Z
fairland street,moreland street,Fairland St,Moreland St,Fairland St and Moreland St,ok,1,"Fairland St & Moreland St, Roxbury, MA 02119",-71.079592500001,42.324156000003,352,1,200,,2026-06-04T18:15:55.901Z
fairland street,mt pleasant avenue,Fairland St,Mt Pleasant Ave,Fairland St and Mt Pleasant Ave,ok,1,"Fairland St & Mount Pleasant Ave, Roxbury, MA 02119",-71.077743000001,42.325587000003,336,1,200,,2026-06-04T18:15:57.087Z
fairmount street,morton street,Fairmount St,Morton St,Fairmount St and Morton St,ok,1,"Fairmount St & Morton St, Dorchester, MA 02124",-71.080353000001,42.278985000003,289,1,200,,2026-06-04T18:15:58.241Z
fairmount street,washington street,Fairmount St,Washington St,Fairmount St and Washington St,ok,1,"Fairmount St & Washington St, Dorchester, MA 02124",-71.070961500001,42.281280000003,513,1,200,,2026-06-04T18:15:59.668Z
falcon street,border street,Falcon St,Border St,Falcon St and Border St,ok,1,"Falcon St & Border St, East Boston, MA 02128",-71.040334500001,42.381990000003,319,1,200,,2026-06-04T18:16:00.672Z
falcon street,glendon street,Falcon St,Glendon St,Falcon St and Glendon St,ok,1,"Falcon St & Glendon St, East Boston, MA 02128",-71.030268000001,42.381972000003,272,1,200,,2026-06-04T18:16:01.825Z
faneuil street,market street,Faneuil St,Market St,Faneuil St and Market St,ok,1,"Faneuil St & Market St, Brighton, MA 02135",-71.149959000001,42.354801000003,287,1,200,,2026-06-04T18:16:03.041Z
faneuil street,oak square avenue,Faneuil St,Oak Square Ave,Faneuil St and Oak Square Ave,ok,1,"Faneuil St & Oak Square Ave, Brighton, MA 02135",-71.163625500001,42.352317000003,321,1,200,,2026-06-04T18:16:04.278Z
faneuil street,south hobbart street,Faneuil St,South Hobbart St,Faneuil St and South Hobbart St,ok,1,"Faneuil St & S Hobart St, Brighton, MA 02135",-71.158072500001,42.354081000003,330,1,200,,2026-06-04T18:16:05.489Z
farragut road,east broadway,Farragut Rd,East Broadway,Farragut Rd and East Broadway,ok,1,"Farragut Rd & E Broadway, South Boston, MA 02127",-71.025061500001,42.335811000003,328,1,200,,2026-06-04T18:16:06.690Z
farragut road,east first street,Farragut Rd,East First St,Farragut Rd and East First St,ok,1,"Farragut Rd & E First St, South Boston, MA 02127",-71.025124500001,42.338340000003,322,1,200,,2026-06-04T18:16:07.884Z
farragut road,william j. day boulevard,Farragut Rd,William J. Day Blvd,Farragut Rd and William J. Day Blvd,ok,1,"Farragut Rd & William J Day Blvd, South Boston, MA 02127",-71.024917500001,42.332985000003,333,1,200,,2026-06-04T18:16:09.095Z
farrington avenue,harvard avenue,Farrington Ave,Harvard Ave,Farrington Ave and Harvard Ave,ok,1,"Farrington Ave & Harvard Ave, Allston, MA 02134",-71.132395500001,42.354216000003,298,1,200,,2026-06-04T18:16:10.262Z
farrington avenue,linden street,Farrington Ave,Linden St,Farrington Ave and Linden St,ok,1,"Farrington Ave & Linden St, Allston, MA 02134",-71.130411000001,42.354549000003,324,1,200,,2026-06-04T18:16:11.491Z
father francis j gilday street,east concord street,Father Francis J Gilday St,East Concord St,Father Francis J Gilday St and East Concord St,ok,1,"Father Francis J Gilday St & E Concord St, South End, MA 02118",-71.074030500001,42.337152000003,333,1,200,,2026-06-04T18:16:12.702Z
father francis j gilday street,east newton street,Father Francis J Gilday St,East Newton St,Father Francis J Gilday St and East Newton St,ok,1,"Father Francis J Gilday St & E Newton St, South End, MA 02118",-71.072653500001,42.338079000003,271,1,200,,2026-06-04T18:16:13.843Z
faunce road,dania street,Faunce Rd,Dania St,Faunce Rd and Dania St,ok,1,"Faunce Rd & Dania St, Mattapan, MA 02126",-71.089443000001,42.272649000003,269,1,200,,2026-06-04T18:16:15.041Z
faunce road,fremont street,Faunce Rd,Fremont St,Faunce Rd and Fremont St,ok,1,"Faunce Rd & Fremont St, Mattapan, MA 02126",-71.091454500001,42.270705000003,336,1,200,,2026-06-04T18:16:16.309Z
fawndale road,granfield avenue,Fawndale Rd,Granfield Ave,Fawndale Rd and Granfield Ave,ok,1,"Fawndale Rd & Granfield Ave, Roslindale, MA 02131",-71.120929500001,42.289299000003,364,1,200,,2026-06-04T18:16:17.539Z
fawndale road,washington street,Fawndale Rd,Washington St,Fawndale Rd and Washington St,ok,1,"Fawndale Rd & Washington St, Roslindale, MA 02131",-71.123589000001,42.290694000003,368,1,200,,2026-06-04T18:16:18.743Z
fayston street,blue hill avenue,Fayston St,Blue Hill Ave,Fayston St and Blue Hill Ave,ok,1,"Fayston St & Blue Hill Ave, Roxbury, MA 02121",-71.079178500001,42.314049000003,270,1,200,,2026-06-04T18:16:19.846Z
fayston street,mascoma street,Fayston St,Mascoma St,Fayston St and Mascoma St,ok,1,"Fayston St & Mascoma St, Dorchester, MA 02121",-71.075124000001,42.312069000003,269,1,200,,2026-06-04T18:16:21.049Z
federal street,high street,Federal St,High St,Federal St and High St,ok,1,"Federal St & High St, Downtown, MA 02110",-71.056179000001,42.353640000003,291,1,200,,2026-06-04T18:16:22.271Z
federal street,milk street,Federal St,Milk St,Federal St and Milk St,ok,1,"Federal St & Milk St, Downtown, MA 02109",-71.056746000001,42.356781000003,295,1,200,,2026-06-04T18:16:23.477Z
fenelon street,merrill street,Fenelon St,Merrill St,Fenelon St and Merrill St,ok,1,"Fenelon St & Merrill St, Dorchester, MA 02121",-71.079939000001,42.303258000003,318,1,200,,2026-06-04T18:16:24.704Z
fenelon street,washington street,Fenelon St,Washington St,Fenelon St and Washington St,ok,1,"Fenelon St & Washington St, Dorchester, MA 02121",-71.078818500001,42.303762000003,295,1,200,,2026-06-04T18:16:25.878Z
feneno terrace,brainerd road,Feneno Ter,Brainerd Rd,Feneno Ter and Brainerd Rd,ok,1,"Feneno Ter & Brainerd Rd, Allston, MA 02134",-71.132310000001,42.348123000003,365,1,200,,2026-06-04T18:16:27.149Z
feneno terrace,brookline town line,Feneno Ter,Brookline Town Line,Feneno Ter and Brookline Town Line,no_match,0,,,,136,1,200,,2026-06-04T18:16:28.123Z
fenton street,clayton street,Fenton St,Clayton St,Fenton St and Clayton St,ok,1,"Fenton St & Clayton St, Dorchester, MA 02122",-71.056242000001,42.303681000003,285,1,200,,2026-06-04T18:16:29.474Z
fenton street,duncan street,Fenton St,Duncan St,Fenton St and Duncan St,ok,1,"Fenton St & Duncan St, Dorchester, MA 02122",-71.058474000001,42.302790000003,368,1,200,,2026-06-04T18:16:30.757Z
fenway,boylston street,Fenway,Boylston St,Fenway and Boylston St,ok,3,"Fenway & Boylston St, Fenway, MA 02215",-71.091202500001,42.346485000003,408,1,200,,2026-06-04T18:16:31.999Z
fenway,riverway,Fenway,Riverway,Fenway and Riverway,ok,1,"Fenway & Riverway, Fenway, MA 02215",-71.103244500001,42.342759000003,320,1,200,,2026-06-04T18:16:33.111Z
fenwood road,brookline avenue,Fenwood Rd,Brookline Ave,Fenwood Rd and Brookline Ave,ok,1,"Fenwood Rd & Brookline Ave, Longwood, MA 02215",-71.109783000001,42.336468000003,275,1,200,,2026-06-04T18:16:34.269Z
fenwood road,huntington avenue,Fenwood Rd,Huntington Ave,Fenwood Rd and Huntington Ave,ok,1,"Fenwood Rd & Huntington Ave, Mission Hill, MA 02115",-71.105616000001,42.333795000003,342,1,200,,2026-06-04T18:16:35.537Z
fernboro street,intervale street,Fernboro St,Intervale St,Fernboro St and Intervale St,ok,1,"Fernboro St & Intervale St, Dorchester, MA 02121",-71.077756500001,42.310674000003,318,1,200,,2026-06-04T18:16:36.717Z
fernboro street,lawrence avenue,Fernboro St,Lawrence Ave,Fernboro St and Lawrence Ave,ok,1,"Fernboro St & Lawrence Ave, Dorchester, MA 02121",-71.076685500001,42.311871000003,318,1,200,,2026-06-04T18:16:37.917Z
ferndale street,norfolk street,Ferndale St,Norfolk St,Ferndale St and Norfolk St,ok,1,"Ferndale St & Norfolk St, Dorchester, MA 02124",-71.077095000001,42.288174000003,264,1,200,,2026-06-04T18:16:39.065Z
ferndale street,southern avenue,Ferndale St,Southern Ave,Ferndale St and Southern Ave,ok,1,"Ferndale St & Southern Ave, Dorchester, MA 02124",-71.077684500001,42.289569000003,280,1,200,,2026-06-04T18:16:40.284Z
fessenden street,blue hill avenue,Fessenden St,Blue Hill Ave,Fessenden St and Blue Hill Ave,ok,1,"Fessenden St & Blue Hill Ave, Mattapan, MA 02126",-71.093002500001,42.279300000003,321,1,200,,2026-06-04T18:16:41.524Z
fessenden street,norfolk street,Fessenden St,Norfolk St,Fessenden St and Norfolk St,ok,1,"Fessenden St & Norfolk St, Mattapan, MA 02126",-71.091045000001,42.277815000003,287,1,200,,2026-06-04T18:16:42.691Z
fifield street,church street,Fifield St,Church St,Fifield St and Church St,ok,1,"Fifield St & Church St, Dorchester, MA 02122",-71.063271000001,42.308532000003,322,1,200,,2026-06-04T18:16:43.928Z
fifield street,winter street,Fifield St,Winter St,Fifield St and Winter St,ok,1,"Fifield St & Winter St, Dorchester, MA 02122",-71.062605000001,42.309621000003,272,1,200,,2026-06-04T18:16:45.079Z
first avenue,fifth street,First Ave,Fifth St,First Ave and Fifth St,ok,1,"First Ave & Fifth St, Charlestown, MA 02129",-71.055202500001,42.374475000003,273,1,200,,2026-06-04T18:16:46.281Z
first avenue,sixteenth street,First Ave,Sixteenth St,First Ave and Sixteenth St,ok,1,"First Ave & Sixteenth St, Charlestown, MA 02129",-71.049609000001,42.377949000003,272,1,200,,2026-06-04T18:16:47.481Z
firth road,florence street,Firth Rd,Florence St,Firth Rd and Florence St,ok,1,"Firth Rd & Florence St, Roslindale, MA 02131",-71.123346000001,42.287184000003,405,1,200,,2026-06-04T18:16:48.816Z
firth road,washington street,Firth Rd,Washington St,Firth Rd and Washington St,ok,1,"Firth Rd & Washington St, Roslindale, MA 02131",-71.125798500001,42.288624000003,344,1,200,,2026-06-04T18:16:49.960Z
fisher avenue,parker hill avenue,Fisher Ave,Parker Hill Ave,Fisher Ave and Parker Hill Ave,ok,1,"Fisher Ave & Parker Hill Ave, Mission Hill, MA 02120",-71.108536500001,42.330618000003,331,1,200,,2026-06-04T18:16:51.149Z
fisher avenue,parker street,Fisher Ave,Parker St,Fisher Ave and Parker St,ok,1,"Fisher Ave & Parker St, Mission Hill, MA 02120",-71.099649000001,42.327108000003,293,1,200,,2026-06-04T18:16:52.314Z
fiske terrace,brainerd road,Fiske Ter,Brainerd Rd,Fiske Ter and Brainerd Rd,ok,1,"Fiske Ter & Brainerd Rd, Allston, MA 02134",-71.130820500001,42.348834000003,271,1,200,,2026-06-04T18:16:53.493Z
fiske terrace,brookline town line,Fiske Ter,Brookline Town Line,Fiske Ter and Brookline Town Line,no_match,0,,,,125,1,200,,2026-06-04T18:16:54.548Z
fleet street,commercial street,Fleet St,Commercial St,Fleet St and Commercial St,ok,1,"Fleet St & Commercial St, North End, MA 02109",-71.051071500001,42.363990000003,342,1,200,,2026-06-04T18:16:55.967Z
fleet street,hanover street,Fleet St,Hanover St,Fleet St and Hanover St,ok,1,"Fleet St & Hanover St, North End, MA 02113",-71.053470000001,42.364782000003,339,1,200,,2026-06-04T18:16:57.167Z
flint street,norfolk street,Flint St,Norfolk St,Flint St and Norfolk St,ok,1,"Flint St & Norfolk St, Mattapan, MA 02126",-71.087310000001,42.281289000003,285,1,200,,2026-06-04T18:16:58.315Z
florence street,cummins highway,Florence St,Cummins Hwy,Florence St and Cummins Hwy,ok,1,"Florence St & Cummins Hwy, Roslindale, MA 02131",-71.126104500001,42.285168000003,279,1,200,,2026-06-04T18:16:59.511Z
florence street,firth road,Florence St,Firth Rd,Florence St and Firth Rd,ok,1,"Florence St & Firth Rd, Roslindale, MA 02131",-71.123346000001,42.287184000003,399,1,200,,2026-06-04T18:17:00.834Z
florence street,poplar street,Florence St,Poplar St,Florence St and Poplar St,ok,1,"Florence St & Poplar St, Roslindale, MA 02131",-71.128705500001,42.284970000003,333,1,200,,2026-06-04T18:17:01.973Z
florida street,ashmont street,Florida St,Ashmont St,Florida St and Ashmont St,ok,1,"Florida St & Ashmont St, Dorchester, MA 02124",-71.058186000001,42.287355000003,327,1,200,,2026-06-04T18:17:03.164Z
florida street,king street,Florida St,King St,Florida St and King St,ok,1,"Florida St & King St, Dorchester, MA 02122",-71.060400000001,42.292350000003,267,1,200,,2026-06-04T18:17:04.306Z
floyd street,blue hill avenue,Floyd St,Blue Hill Ave,Floyd St and Blue Hill Ave,ok,1,"Floyd St & Blue Hill Ave, Dorchester, MA 02124",-71.089339500001,42.290334000003,362,1,200,,2026-06-04T18:17:05.604Z
floyd street,callender street,Floyd St,Callender St,Floyd St and Callender St,ok,1,"Floyd St & Callender St, Dorchester, MA 02124",-71.084551500001,42.288039000003,305,1,200,,2026-06-04T18:17:06.747Z
follen street,street botolph street,Follen St,St Botolph St,Follen St and St Botolph St,ok,1,"Follen St & Saint Botolph St, Back Bay, MA 02116",-71.080240500001,42.345351000003,267,1,200,,2026-06-04T18:17:07.912Z
folsom street,dudley street,Folsom St,Dudley St,Folsom St and Dudley St,ok,1,"Folsom St & Dudley St, Roxbury, MA 02125",-71.070669000001,42.319548000003,274,1,200,,2026-06-04T18:17:09.118Z
folsom street,robin hood street,Folsom St,Robin Hood St,Folsom St and Robin Hood St,ok,1,"Folsom St & Robin Hood St, Roxbury, MA 02125",-71.072037000001,42.317739000003,349,1,200,,2026-06-04T18:17:10.396Z
forbes street,centre street,Forbes St,Centre St,Forbes St and Centre St,ok,1,"Forbes St & Centre St, Jamaica Plain, MA 02130",-71.108329500001,42.322401000003,357,1,200,,2026-06-04T18:17:11.607Z
forbes street,chestnut avenue,Forbes St,Chestnut Ave,Forbes St and Chestnut Ave,ok,1,"Forbes St & Chestnut Ave, Jamaica Plain, MA 02130",-71.105143500001,42.319269000003,276,1,200,,2026-06-04T18:17:12.726Z
fordham road,brighton avenue,Fordham Rd,Brighton Av,Fordham Rd and Brighton Av,ok,1,"Fordham Rd & Brighton Ave, Allston, MA 02134",-71.127702000001,42.352434000003,350,1,200,,2026-06-04T18:17:14.010Z
fordham road,commonwealth avenue,Fordham Rd,Commonwealth Ave,Fordham Rd and Commonwealth Ave,ok,1,"Fordham Rd & Commonwealth Ave, Allston, MA 02134",-71.128089000001,42.350679000003,356,1,200,,2026-06-04T18:17:15.216Z
forest hills street,arborway,Forest Hills St,Arborway,Forest Hills St and Arborway,ok,1,"Forest Hills St & Arborway, Jamaica Plain, MA 02130",-71.107051500001,42.300855000003,359,1,200,,2026-06-04T18:17:16.422Z
forest hills street,washington street,Forest Hills St,Washington St,Forest Hills St and Washington St,ok,1,"Forest Hills St & Washington St, Jamaica Plain, MA 02130",-71.101723500001,42.312321000003,794,1,200,,2026-06-04T18:17:18.060Z
forest street,mt pleasant avenue,Forest St,Mt Pleasant Ave,Forest St and Mt Pleasant Ave,ok,2,"Forest St & Mount Pleasant Ave, Roxbury, MA 02119",-71.079394500001,42.327837000003,527,1,200,,2026-06-04T18:17:18.994Z
forsyth street,hemenway street,Forsyth St,Hemenway St,Forsyth St and Hemenway St,ok,1,"Forsyth St & Hemenway St, Fenway, MA 02115",-71.091252000001,42.340815000003,380,1,200,,2026-06-04T18:17:20.048Z
forsyth street,huntington avenue,Forsyth St,Huntington Ave,Forsyth St and Huntington Ave,ok,1,"Forsyth St & Huntington Ave, Fenway, MA 02115",-71.090635500001,42.339762000003,323,1,200,,2026-06-04T18:17:21.193Z
forsyth way,fenway,Forsyth Way,Fenway,Forsyth Way and Fenway,ok,3,"Forsyth Way & Fenway, Fenway, MA 02115",-71.093736000001,42.340779000003,365,1,200,,2026-06-04T18:17:22.435Z
forsyth way,huntington avenue,Forsyth Way,Huntington Ave,Forsyth Way and Huntington Ave,ok,1,"Forsyth Way & Huntington Ave, Fenway, MA 02115",-71.092332000001,42.339087000003,1631,1,200,,2026-06-04T18:17:24.904Z
foster street,charter street,Foster St,Charter St,Foster St and Charter St,ok,1,"Foster St & Charter St, North End, MA 02113",-71.054514000001,42.367149000003,327,1,200,,2026-06-04T18:17:25.233Z
foster street,commercial street,Foster St,Commercial St,Foster St and Commercial St,ok,1,"Foster St & Commercial St, North End, MA 02109",-71.054023500001,42.367743000003,266,1,200,,2026-06-04T18:17:26.374Z
foster street,commonwealth avenue,Foster St,Commonwealth Ave,Foster St and Commonwealth Ave,ok,1,"Foster St & Commonwealth Ave, Brighton, MA 02135",-71.159760000001,42.340068000003,324,1,200,,2026-06-04T18:17:27.632Z
foster street,surrey street,Foster St,Surrey St,Foster St and Surrey St,ok,1,"Foster St & Surrey St, Brighton, MA 02135",-71.156920500001,42.350904000003,372,1,200,,2026-06-04T18:17:28.882Z
foster street,washington street,Foster St,Washington St,Foster St and Washington St,ok,1,"Foster St & Washington St, Brighton, MA 02135",-71.157109500001,42.349050000003,333,1,200,,2026-06-04T18:17:30.046Z
fottler road,hiawatha road,Fottler Rd,Hiawatha Rd,Fottler Rd and Hiawatha Rd,ok,1,"Fottler Rd & Hiawatha Rd, Mattapan, MA 02126",-71.096719500001,42.277644000003,319,1,200,,2026-06-04T18:17:31.236Z
fottler road,walk hill street,Fottler Rd,Walk Hill St,Fottler Rd and Walk Hill St,ok,1,"Fottler Rd & Walk Hill St, Mattapan, MA 02126",-71.095410000001,42.278643000003,324,1,200,,2026-06-04T18:17:32.441Z
foundry street,dorchester avenue,Foundry St,Dorchester Ave,Foundry St and Dorchester Ave,ok,2,"Foundry St & Dorchester Ave, South Boston, MA 02127",-71.057268000001,42.344730000003,346,1,200,,2026-06-04T18:17:33.665Z
foundry street,west fourth street,Foundry St,West Fourth St,Foundry St and West Fourth St,ok,1,"Foundry St & W Fourth St, South Boston, MA 02127",-71.058775500001,42.342039000003,381,1,200,,2026-06-04T18:17:34.900Z
fountain street,circuit street,Fountain St,Circuit St,Fountain St and Circuit St,ok,1,"Fountain St & Circuit St, Roxbury, MA 02119",-71.084826000001,42.323742000003,327,1,200,,2026-06-04T18:17:36.048Z
fountain street,regent street,Fountain St,Regent St,Fountain St and Regent St,ok,1,"Fountain St & Regent St, Roxbury, MA 02119",-71.084812500001,42.325119000003,631,1,200,,2026-06-04T18:17:37.556Z
fowler street,glenway street,Fowler St,Glenway St,Fowler St and Glenway St,ok,1,"Fowler St & Glenway St, Dorchester, MA 02121",-71.082823500001,42.300414000003,396,1,200,,2026-06-04T18:17:38.521Z
fowler street,greenwood street,Fowler St,Greenwood St,Fowler St and Greenwood St,ok,1,"Fowler St & Greenwood St, Dorchester, MA 02121",-71.079723000001,42.301269000003,328,1,200,,2026-06-04T18:17:39.655Z
fowler street,mclellan street,Fowler St,McLellan St,Fowler St and McLellan St,ok,1,"Fowler St & Mclellan St, Dorchester, MA 02121",-71.083903500001,42.299730000003,359,1,200,,2026-06-04T18:17:40.889Z
fox street,adams street,Fox St,Adams St,Fox St and Adams St,ok,1,"Fox St & Adams St, Dorchester, MA 02122",-71.062209000001,42.306822000003,301,1,200,,2026-06-04T18:17:42.032Z
fox street,mount ida road,Fox St,Mount Ida Rd,Fox St and Mount Ida Rd,ok,1,"Fox St & Mount Ida Rd, Dorchester, MA 02122",-71.064895500001,42.305931000003,287,1,200,,2026-06-04T18:17:43.221Z
francis street,brookline avenue,Francis St,Brookline Ave,Francis St and Brookline Ave,ok,1,"Francis St & Brookline Ave, Longwood, MA 02215",-71.109297000001,42.337017000003,553,1,200,,2026-06-04T18:17:44.689Z
francis street,huntington avenue,Francis St,Huntington Ave,Francis St and Huntington Ave,ok,1,"Francis St & Huntington Ave, Mission Hill, MA 02115",-71.105004000001,42.334155000003,340,1,200,,2026-06-04T18:17:45.677Z
frankfort street,maverick street,Frankfort St,Maverick St,Frankfort St and Maverick St,ok,1,"Frankfort St & Maverick St, East Boston, MA 02128",-71.036172000001,42.368949000003,325,1,200,,2026-06-04T18:17:46.867Z
frankfort street,porter street,Frankfort St,Porter St,Frankfort St and Porter St,ok,1,"Frankfort St & Porter St, East Boston, MA 02128",-71.033215500001,42.371487000003,322,1,200,,2026-06-04T18:17:48.066Z
franklin street,broad street,Franklin St,Broad St,Franklin St and Broad St,ok,1,"Franklin St & Broad St, Downtown, MA 02110",-71.052691500001,42.357447000003,339,1,200,,2026-06-04T18:17:49.284Z
franklin street,cambridge street,Franklin St,Cambridge St,Franklin St and Cambridge St,ok,1,"Franklin St & Cambridge St, Allston, MA 02134",-71.132764500001,42.355530000003,278,1,200,,2026-06-04T18:17:50.424Z
franklin street,devonshire street,Franklin St,Devonshire St,Franklin St and Devonshire St,ok,1,"Franklin St & Devonshire St, Downtown, MA 02110",-71.057317500001,42.355458000003,335,1,200,,2026-06-04T18:17:51.682Z
franklin street,hawley street,Franklin St,Hawley St,Franklin St and Hawley St,ok,1,"Franklin St & Hawley St, Downtown, MA 02108",-71.058915000001,42.355737000003,294,1,200,,2026-06-04T18:17:52.844Z
franklin street,high street,Franklin St,High St,Franklin St and High St,ok,1,"Franklin St & High St, Charlestown, MA 02129",-71.066668500001,42.378687000003,334,1,200,,2026-06-04T18:17:54.083Z
franklin street,main street,Franklin St,Main St,Franklin St and Main St,ok,1,"Franklin St & Main St, Charlestown, MA 02129",-71.067528000001,42.377949000003,346,1,200,,2026-06-04T18:17:55.299Z
franklin street,washington street,Franklin St,Washington St,Franklin St and Washington St,ok,1,"Franklin St & Washington St, Downtown, MA 02108",-71.059446000001,42.356358000003,343,1,200,,2026-06-04T18:17:56.494Z
frawley street,hillside street,Frawley St,Hillside St,Frawley St and Hillside St,ok,1,"Frawley St & Hillside St, Mission Hill, MA 02120",-71.108019000001,42.331761000003,271,1,200,,2026-06-04T18:17:57.626Z
frawley street,huntington avenue,Frawley St,Huntington Ave,Frawley St and Huntington Ave,ok,1,"Frawley St & Huntington Ave, Mission Hill, MA 02115",-71.107897500001,42.333264000003,274,1,200,,2026-06-04T18:17:58.831Z
frederick street,lark street,Frederick St,Lark St,Frederick St and Lark St,ok,1,"Frederick St & Lark St, South Boston, MA 02127",-71.053704000001,42.333237000003,338,1,200,,2026-06-04T18:18:00.100Z
frederick street,west ninth street,Frederick St,West Ninth St,Frederick St and West Ninth St,ok,1,"Frederick St & W Ninth St, South Boston, MA 02127",-71.053074000001,42.333660000003,291,1,200,,2026-06-04T18:18:01.253Z
freeland street,standard street,Freeland St,Standard St,Freeland St and Standard St,ok,1,"Freeland St & Standard St, Mattapan, MA 02126",-71.079070500001,42.273612000003,327,1,200,,2026-06-04T18:18:02.491Z
freeport street,clayton street,Freeport St,Clayton St,Freeport St and Clayton St,ok,1,"Freeport St & Clayton St, Dorchester, MA 02122",-71.055999000001,42.304545000003,446,1,200,,2026-06-04T18:18:03.813Z
freeport street,dorchester avenue,Freeport St,Dorchester Ave,Freeport St and Dorchester Ave,ok,1,"Freeport St & Dorchester Ave, Dorchester, MA 02125",-71.058411000001,42.307668000003,268,1,200,,2026-06-04T18:18:04.836Z
freeport street,morrissey william t boulevard,Freeport St,Morrissey  William T Blvd,Freeport St and Morrissey  William T Blvd,ok,8,"Freeport St & William T Morrissey Blvd, Dorchester, MA 02125",-71.049469500001,42.300846000003,499,1,200,,2026-06-04T18:18:06.271Z
fremont street,blue hill avenue,Fremont St,Blue Hill Ave,Fremont St and Blue Hill Ave,ok,1,"Fremont St & Blue Hill Ave, Mattapan, MA 02126",-71.093524500001,42.271821000003,348,1,200,,2026-06-04T18:18:07.320Z
fremont street,river street,Fremont St,River St,Fremont St and River St,ok,1,"Fremont St & River St, Mattapan, MA 02126",-71.090068500001,42.269958000003,287,1,200,,2026-06-04T18:18:08.459Z
friend street,causeway street,Friend St,Causeway St,Friend St and Causeway St,ok,1,"Friend St & Causeway St, West End, MA 02114",-71.061768000001,42.365142000003,356,1,200,,2026-06-04T18:18:09.730Z
friend street,market street,Friend St,Market St,Friend St and Market St,no_match,0,,,,124,1,200,,2026-06-04T18:18:10.697Z
frontenac street,blue hill avenue,Frontenac St,Blue Hill Ave,Frontenac St and Blue Hill Ave,ok,1,"Frontenac St & Blue Hill Ave, Dorchester, MA 02124",-71.091189000001,42.284817000003,327,1,200,,2026-06-04T18:18:12.103Z
frontenac street,lucerne street,Frontenac St,Lucerne St,Frontenac St and Lucerne St,ok,1,"Frontenac St & Lucerne St, Dorchester, MA 02124",-71.089308000001,42.284466000003,293,1,200,,2026-06-04T18:18:13.270Z
fruit street,charles street,Fruit St,Charles St,Fruit St and Charles St,ok,1,"Fruit St & Charles St, West End, MA 02114",-71.070669000001,42.362523000003,292,1,200,,2026-06-04T18:18:14.469Z
fruit street,north grove street,Fruit St,North Grove St,Fruit St and North Grove St,ok,1,"Fruit St & N Grove St, West End, MA 02114",-71.068644000001,42.362181000003,896,1,200,,2026-06-04T18:18:16.277Z
fuller street,brookline town line,Fuller St,Brookline Town Line,Fuller St and Brookline Town Line,no_match,0,,,,122,1,200,,2026-06-04T18:18:16.703Z
fuller street,commonwealth avenue,Fuller St,Commonwealth Ave,Fuller St and Commonwealth Ave,ok,2,"Fuller St & Commonwealth Ave, Allston, MA 02215",-71.125164000001,42.351624000003,370,1,200,,2026-06-04T18:18:18.154Z
fuller street,dorchester avenue,Fuller St,Dorchester Ave,Fuller St and Dorchester Ave,ok,1,"Fuller St & Dorchester Ave, Dorchester, MA 02124",-71.064792000001,42.284034000003,315,1,200,,2026-06-04T18:18:19.300Z
fuller street,morton street,Fuller St,Morton St,Fuller St and Morton St,ok,1,"Fuller St & Morton St, Dorchester, MA 02124",-71.081572500001,42.279768000003,306,1,200,,2026-06-04T18:18:20.493Z
fuller street,washington street,Fuller St,Washington St,Fuller St and Washington St,ok,1,"Fuller St & Washington St, Dorchester, MA 02124",-71.071258500001,42.282036000003,359,1,200,,2026-06-04T18:18:21.747Z
fulton street,cross street,Fulton St,Cross St,Fulton St and Cross St,ok,1,"Fulton St & Cross St, Downtown, MA 02109",-71.053920000001,42.361560000003,539,1,200,,2026-06-04T18:18:23.132Z
fulton street,lewis street,Fulton St,Lewis St,Fulton St and Lewis St,ok,1,"Fulton St & Lewis St, North End, MA 02109",-71.051886000001,42.363477000003,444,1,200,,2026-06-04T18:18:24.236Z
g street,columbia road,G St,Columbia Rd,G St and Columbia Rd,ok,1,"G St & Columbia Rd, South Boston, MA 02127",-71.044092000001,42.330492000003,421,1,200,,2026-06-04T18:18:25.423Z
g street,east third street,G St,East Third St,G St and East Third St,ok,1,"G St & E Third St, South Boston, MA 02127",-71.044290000001,42.336351000003,347,1,200,,2026-06-04T18:18:26.549Z
gainsborough street,hemenway street,Gainsborough St,Hemenway St,Gainsborough St and Hemenway St,ok,1,"Gainsborough St & Hemenway St, Fenway, MA 02115",-71.090266500001,42.342642000003,302,1,200,,2026-06-04T18:18:27.707Z
gainsborough street,huntington avenue,Gainsborough St,Huntington Ave,Gainsborough St and Huntington Ave,ok,1,"Gainsborough St & Huntington Ave, Fenway, MA 02115",-71.086576500001,42.341517000003,294,1,200,,2026-06-04T18:18:28.902Z
gallivan boulevard,morton street,Gallivan Blvd,Morton St,Gallivan Blvd and Morton St,ok,1,"Gallivan Blvd & Morton St, Dorchester, MA 02124",-71.079466500001,42.278670000003,337,1,200,,2026-06-04T18:18:30.148Z
gallivan boulevard,neponset avenue,Gallivan Blvd,Neponset Ave,Gallivan Blvd and Neponset Ave,ok,3,"Gallivan Blvd & Neponset Ave, Dorchester, MA 02122",-71.043444000001,42.285294000003,383,1,200,,2026-06-04T18:18:31.395Z
gallivan boulevard,washington street,Gallivan Blvd,Washington St,Gallivan Blvd and Washington St,ok,2,"Gallivan Blvd & Washington St, Mattapan, MA 02124",-71.070075000001,42.278625000003,404,1,200,,2026-06-04T18:18:32.618Z
gannett street,gaston street,Gannett St,Gaston St,Gannett St and Gaston St,ok,1,"Gannett St & Gaston St, Roxbury, MA 02121",-71.081379000001,42.313680000003,275,1,200,,2026-06-04T18:18:33.692Z
gannett street,holborn street,Gannett St,Holborn St,Gannett St and Holborn St,ok,1,"Gannett St & Holborn St, Roxbury, MA 02121",-71.081946000001,42.314994000003,361,1,200,,2026-06-04T18:18:34.981Z
garden court street,fleet,Garden Court St,Fleet,Garden Court St and Fleet,ok,1,"Garden Court St & Fleet St, North End, MA 02113",-71.053173000001,42.364674000003,280,1,200,,2026-06-04T18:18:36.101Z
garden court street,north square,Garden Court St,North Square,Garden Court St and North Square,ok,1,"Garden Court St & North Sq, North End, MA 02113",-71.053443000001,42.364062000003,298,1,200,,2026-06-04T18:18:37.320Z
garden street,cambridge street,Garden St,Cambridge St,Garden St and Cambridge St,ok,1,"Garden St & Cambridge St, Beacon Hill, MA 02114",-71.066974500001,42.361128000003,366,1,200,,2026-06-04T18:18:38.590Z
garden street,myrtle street,Garden St,Myrtle St,Garden St and Myrtle St,ok,1,"Garden St & Myrtle St, Beacon Hill, MA 02114",-71.066826000001,42.359319000003,302,1,200,,2026-06-04T18:18:39.728Z
gardner street,babcock street,Gardner St,Babcock St,Gardner St and Babcock St,ok,1,"Gardner St & Babcock St, Allston, MA 02134",-71.121051000001,42.352893000003,320,1,200,,2026-06-04T18:18:40.950Z
gardner street,centre street,Gardner St,Centre St,Gardner St and Centre St,ok,1,"Gardner St & Centre St, Roxbury, MA 02119",-71.093916000001,42.329448000003,319,1,200,,2026-06-04T18:18:42.152Z
gardner street,harvard avenue,Gardner St,Harvard Ave,Gardner St and Harvard Ave,ok,1,"Gardner St & Harvard Ave, Allston, MA 02134",-71.132188500001,42.353460000003,356,1,200,,2026-06-04T18:18:43.390Z
gardner street,roxbury street,Gardner St,Roxbury St,Gardner St and Roxbury St,ok,1,"Gardner St & Roxbury St, Roxbury, MA 02119",-71.094546000001,42.330312000003,351,1,200,,2026-06-04T18:18:44.588Z
garrison street,huntington avenue,Garrison St,Huntington Ave,Garrison St and Huntington Ave,ok,1,"Garrison St & Huntington Ave, Back Bay, MA 02116",-71.080303500001,42.346395000003,279,1,200,,2026-06-04T18:18:45.717Z
gartland street,forest hills street,Gartland St,Forest Hills St,Gartland St and Forest Hills St,no_match,0,,,,128,1,200,,2026-06-04T18:18:46.768Z
gartland street,washington street,Gartland St,Washington St,Gartland St and Washington St,ok,1,"Gartland St & Washington St, Jamaica Plain, MA 02130",-71.107051500001,42.306921000003,338,1,200,,2026-06-04T18:18:48.179Z
gaston street,blue hill avenue,Gaston St,Blue Hill Ave,Gaston St and Blue Hill Ave,ok,1,"Gaston St & Blue Hill Ave, Roxbury, MA 02121",-71.079700500001,42.313221000003,502,1,200,,2026-06-04T18:18:49.545Z
gaston street,warren street,Gaston St,Warren St,Gaston St and Warren St,ok,1,"Gaston St & Warren St, Roxbury, MA 02121",-71.083651500001,42.313563000003,296,1,200,,2026-06-04T18:18:50.541Z
gates street,dorchester street,Gates St,Dorchester St,Gates St and Dorchester St,ok,1,"Gates St & Dorchester St, South Boston, MA 02127",-71.048286000001,42.334200000003,268,1,200,,2026-06-04T18:18:51.716Z
gates street,east eighth street,Gates St,East Eighth St,Gates St and East Eighth St,ok,1,"Gates St & E Eighth St, South Boston, MA 02127",-71.048209500001,42.331230000003,294,1,200,,2026-06-04T18:18:52.941Z
gates street,telegraph street,Gates St,Telegraph St,Gates St and Telegraph St,ok,1,"Gates St & Telegraph St, South Boston, MA 02127",-71.048254500001,42.332949000003,282,1,200,,2026-06-04T18:18:54.131Z
gay head street,centre street,Gay Head St,Centre St,Gay Head St and Centre St,ok,1,"Gay Head St & Centre St, Jamaica Plain, MA 02130",-71.105175000001,42.322698000003,339,1,200,,2026-06-04T18:18:55.390Z
gay head street,minden street,Gay Head St,Minden St,Gay Head St and Minden St,ok,1,"Gay Head St & Minden St, Jamaica Plain, MA 02130",-71.104900500001,42.325074000003,2473,1,200,,2026-06-04T18:18:58.726Z
gayland street,judson street,Gayland St,Judson St,Gayland St and Judson St,ok,1,"Gayland St & Judson St, Roxbury, MA 02125",-71.075110500001,42.319980000003,340,1,200,,2026-06-04T18:18:59.069Z
gayland street,west cottage street,Gayland St,West Cottage St,Gayland St and West Cottage St,ok,1,"Gayland St & W Cottage St, Roxbury, MA 02119",-71.076676500001,42.320484000003,1002,1,200,,2026-06-04T18:19:00.933Z
gaylord street,chamberlain street,Gaylord St,Chamberlain St,Gaylord St and Chamberlain St,ok,1,"Gaylord St & Chamberlain St, Dorchester, MA 02124",-71.074791000001,42.298146000003,313,1,200,,2026-06-04T18:19:01.444Z
gaylord street,washington street,Gaylord St,Washington St,Gaylord St and Washington St,ok,1,"Gaylord St & Washington St, Dorchester, MA 02124",-71.073126000001,42.298650000003,292,1,200,,2026-06-04T18:19:02.630Z
geneva avenue,blue hill avenue,Geneva Ave,Blue Hill Ave,Geneva Ave and Blue Hill Ave,ok,1,"Geneva Ave & Blue Hill Ave, Dorchester, MA 02121",-71.082958500001,42.308685000003,336,1,200,,2026-06-04T18:19:03.872Z
geneva avenue,bowdoin street,Geneva Ave,Bowdoin Street,Geneva Ave and Bowdoin Street,ok,1,"Geneva Ave & Bowdoin St, Dorchester, MA 02121",-71.071546500001,42.303438000003,374,1,200,,2026-06-04T18:19:05.111Z
geneva avenue,columbia road,Geneva Ave,Columbia Road,Geneva Ave and Columbia Road,ok,1,"Geneva Ave & Columbia Rd, Dorchester, MA 02121",-71.078395500001,42.306165000003,328,1,200,,2026-06-04T18:19:06.266Z
geneva avenue,park street,Geneva Ave,Park Street,Geneva Ave and Park Street,ok,1,"Geneva Ave & Park St, Dorchester, MA 02124",-71.062465500001,42.298101000003,317,1,200,,2026-06-04T18:19:07.457Z
george r visconti road,chelsea street,George R Visconti Rd,Chelsea St,George R Visconti Rd and Chelsea St,ok,1,"George R. Visconti Rd & Chelsea St, East Boston, MA 02128",-71.035038000001,42.373125000003,289,1,200,,2026-06-04T18:19:08.630Z
george r visconti road,havre street,George R Visconti Rd,Havre St,George R Visconti Rd and Havre St,ok,1,"George R. Visconti Rd & Havre St, East Boston, MA 02128",-71.036919000001,42.374061000003,289,1,200,,2026-06-04T18:19:09.830Z
george street,clifton street,George St,Clifton St,George St and Clifton St,ok,1,"George St & Clifton St, Roxbury, MA 02119",-71.071177500001,42.323976000003,566,1,200,,2026-06-04T18:19:11.309Z
george street,magazine street,George St,Magazine St,George St and Magazine St,ok,1,"George St & Magazine St, Roxbury, MA 02119",-71.072667000001,42.326037000003,352,1,200,,2026-06-04T18:19:12.296Z
georgia street,blue hill avenue,Georgia St,Blue Hill Avenue,Georgia St and Blue Hill Avenue,ok,1,"Georgia St & Blue Hill Ave, Roxbury, MA 02121",-71.082828000001,42.309342000003,286,1,200,,2026-06-04T18:19:13.432Z
georgia street,elm hill street,Georgia St,Elm Hill Street,Georgia St and Elm Hill Street,ok,1,"Georgia St & Elm Hill Ave, Roxbury, MA 02121",-71.086491000001,42.310818000003,347,1,200,,2026-06-04T18:19:14.696Z
germania street,brookside avenue,Germania St,Brookside Ave,Germania St and Brookside Ave,ok,1,"Germania St & Brookside Ave, Jamaica Plain, MA 02130",-71.102664000001,42.314175000003,332,1,200,,2026-06-04T18:19:15.883Z
germania street,haverford street,Germania St,Haverford St,Germania St and Haverford St,ok,1,"Germania St & Haverford St, Jamaica Plain, MA 02130",-71.101395000001,42.313770000003,472,1,200,,2026-06-04T18:19:17.224Z
gilmer street,hillsboro road,Gilmer St,Hillsboro Rd,Gilmer St and Hillsboro Rd,ok,1,"Gilmer St & Hillsboro Rd, Mattapan, MA 02126",-71.096656500001,42.282576000003,399,1,200,,2026-06-04T18:19:18.354Z
gilmer street,westmore road,Gilmer St,Westmore Rd,Gilmer St and Westmore Rd,ok,1,"Gilmer St & Westmore Rd, Mattapan, MA 02126",-71.097768000001,42.283107000003,294,1,200,,2026-06-04T18:19:19.449Z
gladeside avenue,donwood terrace,Gladeside Ave,Donwood Ter,Gladeside Ave and Donwood Ter,ok,1,"Gladeside Ave & Donwood Ter, Mattapan, MA 02126",-71.085685500001,42.274692000003,308,1,200,,2026-06-04T18:19:20.668Z
gladeside avenue,river street,Gladeside Ave,River St,Gladeside Ave and River St,ok,1,"Gladeside Ave & River St, Mattapan, MA 02126",-71.087692500001,42.270255000003,321,1,200,,2026-06-04T18:19:21.880Z
gleason street,bradshaw street,Gleason St,Bradshaw St,Gleason St and Bradshaw St,ok,1,"Gleason St & Bradshaw St, Dorchester, MA 02121",-71.082315000001,42.298812000003,393,1,200,,2026-06-04T18:19:23.154Z
gleason street,harvard avenue,Gleason St,Harvard Ave,Gleason St and Harvard Ave,ok,1,"Gleason St & Harvard St, Dorchester, MA 02124",-71.081343000001,42.296310000003,278,1,200,,2026-06-04T18:19:24.241Z
glen road,franklin park,Glen Rd,Franklin Park,Glen Rd and Franklin Park,ok,1,"Glen Ln & Franklin Park Rd, Roxbury, MA 02121",-71.087377500001,42.302250000003,283,1,200,,2026-06-04T18:19:25.446Z
glen road,washington street,Glen Rd,Washington St,Glen Rd and Washington St,ok,1,"Glen Rd & Washington St, Jamaica Plain, MA 02130",-71.104572000001,42.309441000003,526,1,200,,2026-06-04T18:19:26.893Z
glen street,glendale street,Glen St,Glendale St,Glen St and Glendale St,ok,1,"Glen St & Glendale St, Dorchester, MA 02125",-71.067465000001,42.312834000003,444,1,200,,2026-06-04T18:19:28.012Z
glen street,trull street,Glen St,Trull St,Glen St and Trull St,ok,1,"Glen St & Trull St, Dorchester, MA 02125",-71.066178000001,42.312177000003,330,1,200,,2026-06-04T18:19:29.100Z
glenarm street,seaver street,Glenarm St,Seaver Street,Glenarm St and Seaver Street,ok,1,"Glenarm St & Seaver St, Dorchester, MA 02121",-71.081343000001,42.303465000003,371,1,200,,2026-06-04T18:19:30.341Z
glenarm street,washington street,Glenarm St,Washington Street,Glenarm St and Washington Street,ok,1,"Glenarm St & Washington St, Dorchester, MA 02121",-71.079579000001,42.304635000003,572,1,200,,2026-06-04T18:19:31.743Z
glendale street,bird street,Glendale St,Bird St,Glendale St and Bird St,ok,1,"Glendale St & Bird St, Dorchester, MA 02125",-71.069944500001,42.313626000003,333,1,200,,2026-06-04T18:19:32.705Z
glendale street,columbia road,Glendale St,Columbia Rd,Glendale St and Columbia Rd,ok,1,"Glendale St & Columbia Rd, Dorchester, MA 02125",-71.068495500001,42.312735000003,543,1,200,,2026-06-04T18:19:34.115Z
glendale street,hancock street,Glendale St,Hancock St,Glendale St and Hancock St,ok,1,"Glendale St & Hancock St, Dorchester, MA 02125",-71.065210500001,42.313572000003,456,1,200,,2026-06-04T18:19:35.229Z
glendon street,condor street,Glendon St,Condor St,Glendon St and Condor St,ok,1,"Glendon St & Condor St, East Boston, MA 02128",-71.030263500001,42.382584000003,406,1,200,,2026-06-04T18:19:36.382Z
glendon street,east eagle street,Glendon St,East Eagle St,Glendon St and East Eagle St,ok,1,"Glendon St & E Eagle St, East Boston, MA 02128",-71.030268000001,42.381342000003,813,1,200,,2026-06-04T18:19:37.991Z
glenhill road,tiverton road,Glenhill Rd,Tiverton Rd,Glenhill Rd and Tiverton Rd,ok,1,"Glenhill Rd & Tiverton Rd, Mattapan, MA 02126",-71.081626500001,42.278607000003,369,1,200,,2026-06-04T18:19:38.750Z
glenrose road,adams street,Glenrose Rd,Adams St,Glenrose Rd and Adams St,ok,1,"Glenrose Rd & Adams St, Dorchester, MA 02122",-71.057362500001,42.291927000003,474,1,200,,2026-06-04T18:19:40.056Z
glenrose road,street mark's road,Glenrose Rd,St Mark's Rd,Glenrose Rd and St Mark's Rd,ok,1,"Glenrose Rd & Saint Marks Rd, Dorchester, MA 02124",-71.059441500001,42.291819000003,500,1,200,,2026-06-04T18:19:41.284Z
glenville avenue,allston street,Glenville Ave,Allston St,Glenville Ave and Allston St,ok,1,"Glenville Ave & Allston St, Allston, MA 02134",-71.137206000001,42.349275000003,449,1,200,,2026-06-04T18:19:42.434Z
glenville avenue,harvard avenue,Glenville Ave,Harvard Ave,Glenville Ave and Harvard Ave,ok,1,"Glenville Ave & Harvard Ave, Allston, MA 02134",-71.131450500001,42.351174000003,548,1,200,,2026-06-04T18:19:43.736Z
glenville avenue,spofford road,Glenville Ave,Spofford Rd,Glenville Ave and Spofford Rd,ok,1,"Glenville Ave & Spofford Rd, Allston, MA 02134",-71.133480000001,42.350202000003,505,1,200,,2026-06-04T18:19:44.894Z
glenway street,blue hill avenue,Glenway St,Blue Hill Ave,Glenway St and Blue Hill Ave,ok,1,"Glenway St & Blue Hill Ave, Dorchester, MA 02121",-71.085559500001,42.301872000003,610,1,200,,2026-06-04T18:19:46.202Z
glenway street,bradshaw street,Glenway St,Bradshaw St,Glenway St and Bradshaw St,ok,1,"Glenway St & Bradshaw St, Dorchester, MA 02121",-71.081437500001,42.299001000003,334,1,200,,2026-06-04T18:19:47.129Z
glenway street,harvard street,Glenway St,Harvard St,Glenway St and Harvard St,ok,1,"Glenway St & Harvard St, Dorchester, MA 02121",-71.080470000001,42.296391000003,337,1,200,,2026-06-04T18:19:48.335Z
gloucester street,beacon street,Gloucester St,Beacon St,Gloucester St and Beacon St,ok,1,"Gloucester St & Beacon St, Back Bay, MA 02115",-71.085501000001,42.351930000003,286,1,200,,2026-06-04T18:19:49.488Z
gloucester street,boylston street,Gloucester St,Boylston St,Gloucester St and Boylston St,ok,1,"Gloucester St & Boylston St, Back Bay, MA 02115",-71.083755000001,42.348375000003,298,1,200,,2026-06-04T18:19:50.698Z
gloucester street,commonwealth avenue,Gloucester St,Commonwealth Ave,Gloucester St and Commonwealth Ave,ok,2,"Gloucester St & Commonwealth Ave, Back Bay, MA 02115",-71.084713500001,42.350328000003,337,1,200,,2026-06-04T18:19:51.936Z
glover court,woodward street,Glover Ct,Woodward St,Glover Ct and Woodward St,ok,1,"Glover Ct & Woodward St, South Boston, MA 02127",-71.055972000001,42.331248000003,327,1,200,,2026-06-04T18:19:53.129Z
goodale road,blue hill avenue,Goodale Rd,Blue Hill Ave,Goodale Rd and Blue Hill Ave,ok,1,"Goodale Rd & Blue Hill Ave, Mattapan, MA 02126",-71.092134000001,42.282549000003,380,1,200,,2026-06-04T18:19:54.384Z
goodale road,wellington hill street,Goodale Rd,Wellington Hill St,Goodale Rd and Wellington Hill St,ok,1,"Goodale Rd & Wellington Hill St, Mattapan, MA 02126",-71.095144500001,42.284484000003,456,1,200,,2026-06-04T18:19:55.662Z
goodenough street,north beacon street,Goodenough St,North Beacon St,Goodenough St and North Beacon St,ok,1,"Goodenough St & N Beacon St, Brighton, MA 02135",-71.153671500001,42.357393000003,306,1,200,,2026-06-04T18:19:56.713Z
gordon street,amory street,Gordon St,Amory St,Gordon St and Amory St,ok,1,"Gordon St & Amory St, Jamaica Plain, MA 02130",-71.107330500001,42.309999000003,321,1,200,,2026-06-04T18:19:57.930Z
gordon street,cambridge street,Gordon St,Cambridge St,Gordon St and Cambridge St,ok,1,"Gordon St & Cambridge St, Allston, MA 02134",-71.140270500001,42.352560000003,391,1,200,,2026-06-04T18:19:59.204Z
gordon street,commonwealth avenue,Gordon St,Commonwealth Ave,Gordon St and Commonwealth Ave,ok,1,"Gordon St & Commonwealth Ave, Allston, MA 02135",-71.139703500001,42.349032000003,364,1,200,,2026-06-04T18:20:00.379Z
gordon street,seaverns avenue,Gordon St,Seaverns Ave,Gordon St and Seaverns Ave,ok,1,"Gordon St & Seaverns Ave, Jamaica Plain, MA 02130",-71.108941500001,42.310629000003,356,1,200,,2026-06-04T18:20:01.572Z
gore street,parker street,Gore St,Parker St,Gore St and Parker St,ok,1,"Gore St & Parker St, Mission Hill, MA 02120",-71.097507000001,42.330996000003,309,1,200,,2026-06-04T18:20:02.728Z
gore street,terrace street,Gore St,Terrace St,Gore St and Terrace St,ok,1,"Gore St & Terrace St, Mission Hill, MA 02120",-71.096562000001,42.330771000003,327,1,200,,2026-06-04T18:20:03.947Z
gorham street,brainerd road,Gorham St,Brainerd Rd,Gorham St and Brainerd Rd,ok,1,"Gorham St & Brainerd Rd, Allston, MA 02134",-71.132184000001,42.348186000003,345,1,200,,2026-06-04T18:20:05.167Z
gorham street,commonwealth avenue,Gorham St,Commonwealth Ave,Gorham St and Commonwealth Ave,ok,1,"Gorham St & Commonwealth Ave, Allston, MA 02134",-71.133169500001,42.349320000003,292,1,200,,2026-06-04T18:20:06.313Z
gove street,bremen street,Gove St,Bremen St,Gove St and Bremen St,ok,1,"Gove St & Bremen St, East Boston, MA 02128",-71.036559000001,42.370920000003,336,1,200,,2026-06-04T18:20:07.558Z
gove street,chelsea street,Gove St,Chelsea St,Gove St and Chelsea St,ok,1,"Gove St & Chelsea St, East Boston, MA 02128",-71.037166500001,42.371298000003,330,1,200,,2026-06-04T18:20:08.755Z
gove street,geneva street,Gove St,Geneva St,Gove St and Geneva St,ok,1,"Gove St & Geneva St, East Boston, MA 02128",-71.032698000001,42.369165000003,369,1,200,,2026-06-04T18:20:09.993Z
gove street,havre street,Gove St,Havre St,Gove St and Havre St,ok,1,"Gove St & Havre St, East Boston, MA 02128",-71.038872000001,42.372396000003,270,1,200,,2026-06-04T18:20:11.098Z
gove street,orleans street,Gove St,Orleans St,Gove St and Orleans St,ok,1,"Gove St & Orleans St, East Boston, MA 02128",-71.035546500001,42.370551000003,543,1,200,,2026-06-04T18:20:12.572Z
grace street,roslin street,Grace St,Roslin St,Grace St and Roslin St,ok,1,"Grace St & Roslin St, Dorchester, MA 02124",-71.070264000001,42.286329000003,291,1,200,,2026-06-04T18:20:13.522Z
grace street,walton street,Grace St,Walton St,Grace St and Walton St,ok,1,"Grace St & Walton St, Dorchester, MA 02124",-71.070327000001,42.287274000003,264,1,200,,2026-06-04T18:20:14.697Z
grafton street,buttonwood street,Grafton St,Buttonwood St,Grafton St and Buttonwood St,ok,1,"Grafton St & Buttonwood St, Dorchester, MA 02125",-71.055828000001,42.319881000003,344,1,200,,2026-06-04T18:20:15.979Z
grafton street,dorchester avenue,Grafton St,Dorchester Ave,Grafton St and Dorchester Ave,ok,1,"Grafton St & Dorchester Ave, Dorchester, MA 02125",-71.056768500001,42.319881000003,339,1,200,,2026-06-04T18:20:17.177Z
grampian way,savin hill avenue,Grampian Way,Savin Hill Ave,Grampian Way and Savin Hill Ave,ok,2,"Grampian Way & Savin Hill Ave, Dorchester, MA 02125",-71.051985000001,42.310413000003,347,1,200,,2026-06-04T18:20:18.385Z
granada park,school street,Granada Park,School St,Granada Park and School St,ok,1,"Granada Park & School St, Jamaica Plain, MA 02119",-71.097979500001,42.313590000003,286,1,200,,2026-06-04T18:20:19.527Z
granfield avenue,fawndale road,Granfield Ave,Fawndale Rd,Granfield Ave and Fawndale Rd,ok,1,"Granfield Ave & Fawndale Rd, Roslindale, MA 02131",-71.120929500001,42.289299000003,283,1,200,,2026-06-04T18:20:20.723Z
granfield avenue,washington street,Granfield Ave,Washington St,Granfield Ave and Washington St,ok,1,"Granfield Ave & Washington St, Roslindale, MA 02131",-71.124129000001,42.290208000003,271,1,200,,2026-06-04T18:20:21.912Z
granger street,clayton street,Granger St,Clayton St,Granger St and Clayton St,ok,1,"Granger St & Clayton St, Dorchester, MA 02122",-71.056327500001,42.302970000003,274,1,200,,2026-06-04T18:20:23.118Z
granger street,duncan street,Granger St,Duncan St,Granger St and Duncan St,ok,1,"Granger St & Duncan St, Dorchester, MA 02122",-71.058163500001,42.302223000003,329,1,200,,2026-06-04T18:20:24.373Z
grant street,crescent avenue,Grant St,Crescent Ave,Grant St and Crescent Ave,ok,1,"Grant St & Crescent Ave, Dorchester, MA 02125",-71.055180000001,42.318927000003,287,1,200,,2026-06-04T18:20:25.533Z
grant street,harborview street,Grant St,Harborview St,Grant St and Harborview St,ok,1,"Grant St & Harbor View St, Dorchester, MA 02125",-71.055607500001,42.317379000003,365,1,200,,2026-06-04T18:20:26.812Z
gray street,berkeley street,Gray St,Berkeley St,Gray St and Berkeley St,ok,1,"Gray St & Berkeley St, South End, MA 02116",-71.070417000001,42.345873000003,404,1,200,,2026-06-04T18:20:28.054Z
gray street,clarendon street,Gray St,Clarendon St,Gray St and Clarendon St,ok,1,"Gray St & Clarendon St, South End, MA 02116",-71.072541000001,42.345279000003,583,1,200,,2026-06-04T18:20:29.436Z
green street,amory street,Green St,Amory St,Green St and Amory St,ok,1,"Green St & Amory St, Jamaica Plain, MA 02130",-71.107006500001,42.310476000003,302,1,200,,2026-06-04T18:20:30.356Z
green street,bunker hill street,Green St,Bunker Hill St,Green St and Bunker Hill St,ok,1,"Green St & Bunker Hill St, Charlestown, MA 02129",-71.061808500001,42.378723000003,548,1,200,,2026-06-04T18:20:31.805Z
green street,centre street,Green St,Centre St,Green St and Centre St,ok,1,"Green St & Centre St, Jamaica Plain, MA 02130",-71.114098500001,42.313230000003,301,1,200,,2026-06-04T18:20:32.758Z
green street,main street,Green St,Main St,Green St and Main St,ok,1,"Green St & Main St, Charlestown, MA 02129",-71.064450000001,42.375564000003,293,1,200,,2026-06-04T18:20:33.951Z
greenbrier street,bowdoin street,Greenbrier St,Bowdoin St,Greenbrier St and Bowdoin St,ok,1,"Greenbrier St & Bowdoin St, Dorchester, MA 02121",-71.072631000001,42.299730000003,293,1,200,,2026-06-04T18:20:35.155Z
greenbrier street,park street,Greenbrier St,Park St,Greenbrier St and Park St,ok,1,"Greenbrier St & Park St, Dorchester, MA 02124",-71.070268500001,42.295986000003,275,1,200,,2026-06-04T18:20:36.339Z
greendale road,courtland road,Greendale Rd,Courtland Rd,Greendale Rd and Courtland Rd,ok,1,"Greendale Rd & Courtland Rd, Mattapan, MA 02126",-71.095428000001,42.286167000003,298,1,200,,2026-06-04T18:20:37.561Z
greendale road,wellington hill street,Greendale Rd,Wellington Hill St,Greendale Rd and Wellington Hill St,ok,1,"Greendale Rd & Wellington Hill St, Mattapan, MA 02126",-71.093020500001,42.284934000003,1341,1,200,,2026-06-04T18:20:39.806Z
greenheys street,magnolia street,Greenheys St,Magnolia St,Greenheys St and Magnolia St,ok,1,"Greenheys St & Magnolia St, Dorchester, MA 02121",-71.074044000001,42.311160000003,447,1,200,,2026-06-04T18:20:40.254Z
greenheys street,mascoma street,Greenheys St,Mascoma St,Greenheys St and Mascoma St,ok,1,"Greenheys St & Mascoma St, Dorchester, MA 02121",-71.075326500001,42.311844000003,356,1,200,,2026-06-04T18:20:41.366Z
greenley place,green street,Greenley Pl,Green St,Greenley Pl and Green St,ok,1,"Greenley Pl & Green St, Jamaica Plain, MA 02130",-71.105409000001,42.309792000003,289,1,200,,2026-06-04T18:20:42.499Z
greenmount street,dorchester avenue,Greenmount St,Dorchester Ave,Greenmount St and Dorchester Ave,ok,1,"Greenmount St & Dorchester Ave, Dorchester, MA 02125",-71.057889000001,42.309963000003,318,1,200,,2026-06-04T18:20:43.731Z
greenmount street,pleasant street,Greenmount St,Pleasant St,Greenmount St and Pleasant St,ok,1,"Greenmount St & Pleasant St, Dorchester, MA 02125",-71.059585500001,42.310548000003,352,1,200,,2026-06-04T18:20:44.969Z
greenock street,blue hill avenue,Greenock St,Blue Hill Ave,Greenock St and Blue Hill Ave,ok,1,"Greenock St & Blue Hill Ave, Dorchester, MA 02124",-71.089708500001,42.289776000003,364,1,200,,2026-06-04T18:20:46.181Z
greenock street,harvard street,Greenock St,Harvard St,Greenock St and Harvard St,ok,1,"Greenock St & Harvard St, Dorchester, MA 02124",-71.091225000001,42.291063000003,364,1,200,,2026-06-04T18:20:47.382Z
greenville street,dudley street,Greenville St,Dudley St,Greenville St and Dudley St,ok,1,"Greenville St & Dudley St, Roxbury, MA 02119",-71.080897500001,42.328503000003,274,1,200,,2026-06-04T18:20:48.495Z
greenville street,winthrop street,Greenville St,Winthrop St,Greenville St and Winthrop St,ok,1,"Greenville St & Winthrop St, Roxbury, MA 02119",-71.080308000001,42.326001000003,272,1,200,,2026-06-04T18:20:49.696Z
greenwich court,greenwich street,Greenwich Ct,Greenwich St,Greenwich Ct and Greenwich St,ok,1,"Greenwich Ct & Greenwich St, Roxbury, MA 02120",-71.083813500001,42.335694000003,510,1,200,,2026-06-04T18:20:51.136Z
greenwich park,claremont street,Greenwich Park,Claremont St,Greenwich Park and Claremont St,ok,1,"Greenwich Park & Claremont St, South End, MA 02118",-71.081212500001,42.343101000003,920,1,200,,2026-06-04T18:20:52.748Z
greenwich park,columbus avenue,Greenwich Park,Columbus Ave,Greenwich Park and Columbus Ave,ok,1,"Greenwich Park & Columbus Ave, South End, MA 02118",-71.079835500001,42.342183000003,343,1,200,,2026-06-04T18:20:53.372Z
greenwich street,clayton street,Greenwich St,Clayton St,Greenwich St and Clayton St,ok,1,"Greenwich St & Clayton St, Dorchester, MA 02122",-71.056026000001,42.304464000003,350,1,200,,2026-06-04T18:20:54.581Z
greenwich street,dorchester avenue,Greenwich St,Dorchester Ave,Greenwich St and Dorchester Ave,ok,1,"Greenwich St & Dorchester Ave, Dorchester, MA 02122",-71.059450500001,42.303087000003,742,1,200,,2026-06-04T18:20:56.177Z
greenwich street,warwick street,Greenwich St,Warwick St,Greenwich St and Warwick St,ok,1,"Greenwich St & Warwick St, Roxbury, MA 02120",-71.084326500001,42.335964000003,1407,1,200,,2026-06-04T18:20:58.039Z
greenwich street,westminster street,Greenwich St,Westminster St,Greenwich St and Westminster St,ok,1,"Greenwich St & Westminster St, Roxbury, MA 02120",-71.083147500001,42.335352000003,358,1,200,,2026-06-04T18:20:58.398Z
greenwood street,erie street,Greenwood St,Erie Street,Greenwood St and Erie Street,ok,1,"Greenwood St & Erie St, Dorchester, MA 02121",-71.079039000001,42.303006000003,3408,1,200,,2026-06-04T18:21:02.651Z
greenwood street,harvard street,Greenwood St,Harvard Street,Greenwood St and Harvard Street,ok,1,"Greenwood St & Harvard St, Dorchester, MA 02121",-71.079453000001,42.296607000003,304,1,200,,2026-06-04T18:21:02.958Z
greylock road,allston street,Greylock Rd,Allston St,Greylock Rd and Allston St,ok,1,"Greylock Rd & Allston St, Allston, MA 02134",-71.136148500001,42.350805000003,275,1,200,,2026-06-04T18:21:04.129Z
greylock road,glenville avenue,Greylock Rd,Glenville Ave,Greylock Rd and Glenville Ave,ok,1,"Greylock Rd & Glenville Ave, Allston, MA 02134",-71.133772500001,42.350076000003,333,1,200,,2026-06-04T18:21:05.390Z
gridley street,high street,Gridley St,High St,Gridley St and High St,ok,1,"Gridley St & High St, Downtown, MA 02110",-71.054289000001,42.354990000003,274,1,200,,2026-06-04T18:21:06.533Z
gridley street,purchase street,Gridley St,Purchase St,Gridley St and Purchase St,ok,1,"Gridley St & Purchase St, Downtown, MA 02110",-71.053681500001,42.354369000003,1389,1,200,,2026-06-04T18:21:08.850Z
griggs street,brainerd road,Griggs St,Brainerd Rd,Griggs St and Brainerd Rd,ok,1,"Griggs St & Brainerd Rd, Allston, MA 02134",-71.133241500001,42.347682000003,417,1,200,,2026-06-04T18:21:09.270Z
griggs street,commonwealth avenue,Griggs St,Commonwealth Ave,Griggs St and Commonwealth Ave,ok,1,"Griggs St & Commonwealth Ave, Allston, MA 02134",-71.134218000001,42.348825000003,339,1,200,,2026-06-04T18:21:10.392Z
grimes street,west eighth street,Grimes St,West Eighth St,Grimes St and West Eighth St,ok,1,"Grimes St & W Eighth St, South Boston, MA 02127",-71.052129000001,42.333678000003,281,1,200,,2026-06-04T18:21:11.535Z
grimes street,west seventh street,Grimes St,West Seventh St,Grimes St and West Seventh St,ok,1,"Grimes St & W Seventh St, South Boston, MA 02127",-71.051139000001,42.334506000003,971,1,200,,2026-06-04T18:21:13.426Z
grotto glen road,day street,Grotto Glen Rd,Day St,Grotto Glen Rd and Day St,ok,1,"Grotto Glen Rd & Day St, Jamaica Plain, MA 02130",-71.107650000001,42.325389000003,286,1,200,,2026-06-04T18:21:13.943Z
grotto glen road,nira avenue,Grotto Glen Rd,Nira Ave,Grotto Glen Rd and Nira Ave,ok,1,"Grotto Glen Rd & Nira Ave, Jamaica Plain, MA 02130",-71.1091767144,42.325755973361,322,1,200,,2026-06-04T18:21:15.184Z
grove street,cambridge street,Grove St,Cambridge St,Grove St and Cambridge St,ok,1,"Grove St & Cambridge St, Beacon Hill, MA 02114",-71.068752000001,42.361083000003,508,1,200,,2026-06-04T18:21:16.571Z
grove street,myrtle street,Grove St,Myrtle St,Grove St and Myrtle St,ok,1,"Grove St & Myrtle St, Beacon Hill, MA 02114",-71.068594500001,42.359283000003,528,1,200,,2026-06-04T18:21:17.793Z
groveland street,maryknoll street,Groveland St,Maryknoll St,Groveland St and Maryknoll St,ok,1,"Groveland St & Maryknoll St, Mattapan, MA 02126",-71.077630500001,42.273792000003,409,1,200,,2026-06-04T18:21:18.876Z
groveland street,river street,Groveland St,River St,Groveland St and River St,ok,1,"Groveland St & River St, Mattapan, MA 02126",-71.077221000001,42.271551000003,357,1,200,,2026-06-04T18:21:20.027Z
grovenor road,centre street,Grovenor Rd,Centre St,Grovenor Rd and Centre St,ok,1,"Grovenor Rd & Centre St, Jamaica Plain, MA 02130",-71.114107500001,42.314166000003,335,1,200,,2026-06-04T18:21:21.205Z
grovenor road,pond street,Grovenor Rd,Pond St,Grovenor Rd and Pond St,ok,1,"Grovenor Rd & Pond St, Jamaica Plain, MA 02130",-71.114931000001,42.314877000003,275,1,200,,2026-06-04T18:21:22.348Z
guild street,lambert avenue,Guild St,Lambert Ave,Guild St and Lambert Ave,ok,1,"Guild St & Lambert Ave, Roxbury, MA 02119",-71.090100000001,42.327324000003,380,1,200,,2026-06-04T18:21:23.654Z
guild street,washington street,Guild St,Washington St,Guild St and Washington St,ok,1,"Guild St & Washington St, Roxbury, MA 02119",-71.087697000001,42.326190000003,362,1,200,,2026-06-04T18:21:24.837Z
gurney street,parker street,Gurney St,Parker St,Gurney St and Parker St,ok,1,"Gurney St & Parker St, Mission Hill, MA 02120",-71.096422500001,42.332778000003,308,1,200,,2026-06-04T18:21:25.984Z
gurney street,tremont street,Gurney St,Tremont St,Gurney St and Tremont St,ok,1,"Gurney St & Tremont St, Mission Hill, MA 02120",-71.096107500001,42.331644000003,293,1,200,,2026-06-04T18:21:27.173Z
gustin street,mitchell street,Gustin St,Mitchell St,Gustin St and Mitchell St,ok,1,"Gustin St & Mitchell St, South Boston, MA 02127",-71.052925500001,42.332238000003,364,1,200,,2026-06-04T18:21:28.446Z
gustin street,old colony avenue,Gustin St,Old Colony Ave,Gustin St and Old Colony Ave,ok,1,"Gustin St & Old Colony Ave, South Boston, MA 02127",-71.053582500001,42.332445000003,367,1,200,,2026-06-04T18:21:29.649Z
h street,columbia road,H St,Columbia Rd,H St and Columbia Rd,ok,1,"H St & Columbia Rd, South Boston, MA 02127",-71.041405500001,42.330537000003,361,1,200,,2026-06-04T18:21:30.845Z
h street,east broadway,H St,East Broadway,H St and East Broadway,ok,1,"H St & E Broadway, South Boston, MA 02127",-71.041567500001,42.335532000003,335,1,200,,2026-06-04T18:21:32.021Z
h street,east first street,H St,East First St,H St and East First St,ok,1,"H St & E First St, South Boston, MA 02127",-71.041612500001,42.338052000003,309,1,200,,2026-06-04T18:21:33.196Z
hadassah way,boylston street,Hadassah Way,Boylston St,Hadassah Way and Boylston St,ok,1,"Hadassah Way & Boylston St, Beacon Hill, MA 02116",-71.069202000001,42.352299000003,484,1,200,,2026-06-04T18:21:34.572Z
hadassah way,park plz,Hadassah Way,Park Plz,Hadassah Way and Park Plz,ok,1,"Hadassah Way & Park Plz, Downtown, MA 02116",-71.068941000001,42.351588000003,311,1,200,,2026-06-04T18:21:35.600Z
hadley street,parker street,Hadley St,Parker St,Hadley St and Parker St,ok,1,"Hadley St & Parker St, Charlestown, MA 02129",-71.079534000001,42.382530000003,314,1,200,,2026-06-04T18:21:36.805Z
hadley street,somerville town line,Hadley St,Somerville Town Line,Hadley St and Somerville Town Line,no_match,0,,,,161,1,200,,2026-06-04T18:21:37.854Z
hagar street,eliot street,Hagar St,Eliot St,Hagar St and Eliot St,ok,1,"Hagar St & Eliot St, Jamaica Plain, MA 02130",-71.116393500001,42.310575000003,279,1,200,,2026-06-04T18:21:39.173Z
hagar street,thomas street,Hagar St,Thomas St,Hagar St and Thomas St,ok,1,"Hagar St & Thomas St, Jamaica Plain, MA 02130",-71.115669000001,42.311061000003,621,1,200,,2026-06-04T18:21:40.717Z
halborn street,delhi street,Halborn St,Delhi St,Halborn St and Delhi St,ok,1,"Halborn St & Delhi St, Mattapan, MA 02126",-71.089870500001,42.275844000003,261,1,200,,2026-06-04T18:21:41.559Z
halborn street,west selden street,Halborn St,West Selden St,Halborn St and West Selden St,ok,1,"Halborn St & W Selden St, Mattapan, MA 02126",-71.088115500001,42.274962000003,390,1,200,,2026-06-04T18:21:42.892Z
haley street,dennison street,Haley St,Dennison St,Haley St and Dennison St,ok,1,"Haley St & Dennison St, Roxbury, MA 02119",-71.092786500001,42.317442000003,500,1,200,,2026-06-04T18:21:44.202Z
haley street,harrishof street,Haley St,Harrishof St,Haley St and Harrishof St,ok,1,"Haley St & Harrishof St, Roxbury, MA 02119",-71.092111500001,42.318045000003,287,1,200,,2026-06-04T18:21:45.189Z
half moon street,lingard street,Half Moon St,Lingard St,Half Moon St and Lingard St,ok,1,"Half Moon St & Lingard St, Dorchester, MA 02125",-71.071744500001,42.316947000003,283,1,200,,2026-06-04T18:21:46.387Z
half moon street,magnolia street,Half Moon St,Magnolia St,Half Moon St and Magnolia St,ok,1,"Half Moon St & Magnolia St, Dorchester, MA 02125",-71.071002000001,42.316146000003,398,1,200,,2026-06-04T18:21:47.704Z
halifax street,pond view avenue,Halifax St,Pond View Ave,Halifax St and Pond View Ave,ok,1,"Halifax St & Pond View Ave, Jamaica Plain, MA 02130",-71.115574500001,42.320547000003,359,1,200,,2026-06-04T18:21:48.866Z
halifax street,south huntington avenue,Halifax St,South Huntington Ave,Halifax St and South Huntington Ave,ok,1,"Halifax St & S Huntington Ave, Jamaica Plain, MA 02130",-71.111853000001,42.320601000003,316,1,200,,2026-06-04T18:21:50.024Z
hallam street,auckland street,Hallam St,Auckland St,Hallam St and Auckland St,ok,1,"Hallam St & Auckland St, Dorchester, MA 02125",-71.055607500001,42.314211000003,342,1,200,,2026-06-04T18:21:51.251Z
hallam street,dorchester avenue,Hallam St,Dorchester Ave,Hallam St and Dorchester Ave,ok,1,"Hallam St & Dorchester Ave, Dorchester, MA 02125",-71.056876500001,42.314445000003,289,1,200,,2026-06-04T18:21:52.400Z
hamilton street,bowdoin street,Hamilton St,Bowdoin St,Hamilton St and Bowdoin St,ok,1,"Hamilton St & Bowdoin St, Dorchester, MA 02122",-71.067010500001,42.306255000003,343,1,200,,2026-06-04T18:21:53.655Z
hamilton street,columbia road,Hamilton St,Columbia Rd,Hamilton St and Columbia Rd,ok,1,"Hamilton St & Columbia Rd, Dorchester, MA 02125",-71.072338500001,42.310224000003,301,1,200,,2026-06-04T18:21:54.814Z
hamilton street,homes avenue,Hamilton St,Homes Ave,Hamilton St and Homes Ave,ok,1,"Hamilton St & Homes Ave, Dorchester, MA 02122",-71.065327500001,42.303834000003,416,1,200,,2026-06-04T18:21:56.128Z
hamlin street,columbia road,Hamlin St,Columbia Rd,Hamlin St and Columbia Rd,ok,1,"Hamlin St & Columbia Rd, South Boston, MA 02127",-71.042139000001,42.330528000003,275,1,200,,2026-06-04T18:21:57.191Z
hamlin street,east eighth street,Hamlin St,East Eighth St,Hamlin St and East Eighth St,ok,1,"Hamlin St & E Eighth St, South Boston, MA 02127",-71.042166000001,42.331365000003,352,1,200,,2026-06-04T18:21:58.470Z
hammond street,shawmut avenue,Hammond St,Shawmut Ave,Hammond St and Shawmut Ave,ok,1,"Hammond St & Shawmut Ave, Roxbury, MA 02118",-71.081937000001,42.334443000003,320,1,200,,2026-06-04T18:21:59.640Z
hammond street,tremont street,Hammond St,Tremont St,Hammond St and Tremont St,ok,1,"Hammond St & Tremont St, Roxbury, MA 02120",-71.083962000001,42.337341000003,314,1,200,,2026-06-04T18:22:00.833Z
hancock street,cambridge street,Hancock St,Cambridge St,Hancock St and Cambridge St,ok,1,"Hancock St & Cambridge St, Beacon Hill, MA 02114",-71.064558000001,42.361155000003,331,1,200,,2026-06-04T18:22:02.053Z
hancock street,columbia road,Hancock St,Columbia Road,Hancock St and Columbia Road,ok,1,"Hancock St & Columbia Rd, Dorchester, MA 02125",-71.066412000001,42.315678000003,386,1,200,,2026-06-04T18:22:03.309Z
hancock street,dorchester avenue,Hancock St,Dorchester Ave,Hancock St and Dorchester Ave,ok,1,"Hancock St & Dorchester Ave, Dorchester, MA 02125",-71.058339000001,42.308010000003,314,1,200,,2026-06-04T18:22:04.436Z
hancock street,mount vernon street,Hancock St,Mount Vernon St,Hancock St and Mount Vernon St,ok,1,"Hancock St & Mount Vernon St, Beacon Hill, MA 02108",-71.064364500001,42.358428000003,305,1,200,,2026-06-04T18:22:05.630Z
hancock street,pleasant street,Hancock St,Pleasant St,Hancock St and Pleasant St,ok,1,"Hancock St & Pleasant St, Dorchester, MA 02125",-71.060197500001,42.309936000003,344,1,200,,2026-06-04T18:22:06.870Z
hano street,braintree street,Hano St,Braintree St,Hano St and Braintree St,ok,1,"Hano St & Braintree St, Allston, MA 02134",-71.136909000001,42.356430000003,349,1,200,,2026-06-04T18:22:08.079Z
hano street,cambridge street,Hano St,Cambridge St,Hano St and Cambridge St,ok,1,"Hano St & Cambridge St, Allston, MA 02134",-71.136310500001,42.354045000003,352,1,200,,2026-06-04T18:22:09.283Z
hanover street,blackstone street,Hanover St,Blackstone St,Hanover St and Blackstone St,ok,1,"Hanover St & Blackstone St, Downtown, MA 02109",-71.056678500001,42.362037000003,328,1,200,,2026-06-04T18:22:10.462Z
hanover street,commercial street,Hanover St,Commercial St,Hanover St and Commercial St,ok,1,"Hanover St & Commercial St, North End, MA 02113",-71.052520500001,42.367185000003,335,1,200,,2026-06-04T18:22:11.669Z
hanover street,congress street,Hanover St,Congress St,Hanover St and Congress St,ok,1,"Hanover St & Congress St, Downtown, MA 02108",-71.057583000001,42.361569000003,869,1,200,,2026-06-04T18:22:13.405Z
hanover street,cross street,Hanover St,Cross St,Hanover St and Cross St,ok,1,"Hanover St & Cross St, Downtown, MA 02113",-71.055792000001,42.362559000003,300,1,200,,2026-06-04T18:22:14.039Z
hanover street,fleet street,Hanover St,Fleet St,Hanover St and Fleet St,ok,1,"Hanover St & Fleet St, North End, MA 02113",-71.053470000001,42.364782000003,311,1,200,,2026-06-04T18:22:15.251Z
hansborough street,blue hill avenue,Hansborough St,Blue Hill Ave,Hansborough St and Blue Hill Ave,ok,1,"Hansborough St & Blue Hill Ave, Dorchester, MA 02124",-71.090343000001,42.287895000003,334,1,200,,2026-06-04T18:22:16.473Z
hansborough street,harvard street,Hansborough St,Harvard St,Hansborough St and Harvard St,ok,1,"Hansborough St & Harvard St, Dorchester, MA 02124",-71.092683000001,42.288327000003,930,1,200,,2026-06-04T18:22:18.270Z
hanson street,shawmut avenue,Hanson St,Shawmut Ave,Hanson St and Shawmut Ave,ok,1,"Hanson St & Shawmut Ave, South End, MA 02118",-71.069179500001,42.342993000003,379,1,200,,2026-06-04T18:22:18.921Z
hanson street,tremont street,Hanson St,Tremont St,Hanson St and Tremont St,ok,1,"Hanson St & Tremont St, South End, MA 02116",-71.071060500001,42.344280000003,538,1,200,,2026-06-04T18:22:20.282Z
harborview street,dorchester avenue,Harborview St,Dorchester Ave,Harborview St and Dorchester Ave,ok,1,"Harbor View St & Dorchester Ave, Dorchester, MA 02125",-71.056723500001,42.317577000003,352,1,200,,2026-06-04T18:22:21.297Z
harborview street,sydney street,Harborview St,Sydney St,Harborview St and Sydney St,ok,1,"Harbor View St & Sydney St, Dorchester, MA 02125",-71.052606000001,42.316893000003,304,1,200,,2026-06-04T18:22:22.451Z
harcourt street,street botolph street,Harcourt St,St Botolph St,Harcourt St and St Botolph St,ok,1,"Harcourt St & Saint Botolph St, Back Bay, MA 02116",-71.078985000001,42.346404000003,315,1,200,,2026-06-04T18:22:23.663Z
hardy street,east eighth street,Hardy St,East Eighth St,Hardy St and East Eighth St,ok,1,"Hardy St & E Eighth St, South Boston, MA 02127",-71.032396500001,42.331536000003,1358,1,200,,2026-06-04T18:22:25.908Z
hardy street,marine road,Hardy St,Marine Rd,Hardy St and Marine Rd,ok,1,"Hardy St & Marine Rd, South Boston, MA 02127",-71.032369500001,42.330708000003,390,1,200,,2026-06-04T18:22:26.300Z
harlem street,glenway street,Harlem St,Glenway St,Harlem St and Glenway St,ok,1,"Harlem St & Glenway St, Dorchester, MA 02121",-71.082063000001,42.299982000003,342,1,200,,2026-06-04T18:22:27.452Z
harlem street,greenwood street,Harlem St,Greenwood St,Harlem St and Greenwood St,ok,1,"Harlem St & Greenwood St, Dorchester, MA 02121",-71.079885000001,42.300441000003,303,1,200,,2026-06-04T18:22:28.617Z
harleston street,calumet street,Harleston St,Calumet St,Harleston St and Calumet St,ok,1,"Harleston St & Calumet St, Mission Hill, MA 02120",-71.102011500001,42.329583000003,340,1,200,,2026-06-04T18:22:29.855Z
harleston street,parker hill avenue,Harleston St,Parker Hill Ave,Harleston St and Parker Hill Ave,ok,1,"Harleston St & Parker Hill Ave, Mission Hill, MA 02120",-71.102308500001,42.328863000003,307,1,200,,2026-06-04T18:22:31.023Z
harlow street,folsom street,Harlow St,Folsom St,Harlow St and Folsom St,ok,1,"Harlow St & Folsom St, Roxbury, MA 02125",-71.071402500001,42.318873000003,285,1,200,,2026-06-04T18:22:32.204Z
harold street,harold park,Harold St,Harold Park,Harold St and Harold Park,ok,2,"Harold St & Harold Park, Roxbury, MA 02119",-71.088241500001,42.319395000003,339,1,200,,2026-06-04T18:22:33.460Z
harold street,hollander street,Harold St,Hollander St,Harold St and Hollander St,ok,1,"Harold St & Hollander St, Roxbury, MA 02121",-71.090433000001,42.315957000003,346,1,200,,2026-06-04T18:22:34.670Z
harold street,holworthy street,Harold St,Holworthy St,Harold St and Holworthy St,ok,1,"Harold St & Holworthy St, Roxbury, MA 02121",-71.090154000001,42.316587000003,384,1,200,,2026-06-04T18:22:35.912Z
harold street,seaver street,Harold St,Seaver St,Harold St and Seaver St,ok,2,"Harold St & Seaver St, Roxbury, MA 02121",-71.093569500001,42.312159000003,596,1,200,,2026-06-04T18:22:37.325Z
harriet street,faneuil street,Harriet St,Faneuil St,Harriet St and Faneuil St,ok,1,"Harriet St & Faneuil St, Brighton, MA 02135",-71.159004000001,42.353550000003,358,1,200,,2026-06-04T18:22:38.290Z
harriet street,parsons street,Harriet St,Parsons St,Harriet St and Parsons St,ok,1,"Harriet St & Parsons St, Brighton, MA 02135",-71.154148500001,42.352938000003,610,1,200,,2026-06-04T18:22:39.743Z
harriet street,south hobart street,Harriet St,South Hobart St,Harriet St and South Hobart St,ok,1,"Harriet St & S Hobart St, Brighton, MA 02135",-71.158081500001,42.353379000003,458,1,200,,2026-06-04T18:22:40.793Z
harrishof street,humboldt avenue,Harrishof St,Humboldt Ave,Harrishof St and Humboldt Ave,ok,1,"Harrishof St & Humboldt Ave, Roxbury, MA 02121",-71.086914000001,42.316380000003,288,1,200,,2026-06-04T18:22:41.824Z
harrishof street,walnut avenue,Harrishof St,Walnut Ave,Harrishof St and Walnut Ave,ok,1,"Harrishof St & Walnut Ave, Roxbury, MA 02119",-71.091288000001,42.317595000003,339,1,200,,2026-06-04T18:22:43.077Z
harrison avenue,east berkeley street,Harrison Ave,East Berkeley St,Harrison Ave and East Berkeley St,ok,1,"Harrison Ave & E Berkeley St, South End, MA 02118",-71.064351000001,42.343497000003,740,1,200,,2026-06-04T18:22:44.680Z
harrison avenue,east brookline street,Harrison Ave,East Brookline St,Harrison Ave and East Brookline St,ok,1,"Harrison Ave & E Brookline St, South End, MA 02118",-71.070943500001,42.338322000003,423,1,200,,2026-06-04T18:22:45.564Z
harrison avenue,east lenox street,Harrison Ave,East Lenox St,Harrison Ave and East Lenox St,ok,1,"Harrison Ave & E Lenox St, Roxbury, MA 02118",-71.077023000001,42.333597000003,331,1,200,,2026-06-04T18:22:46.677Z
harrison avenue,essex street,Harrison Ave,Essex St,Harrison Ave and Essex St,ok,1,"Harrison Ave & Essex St, Downtown, MA 02111",-71.061394500001,42.352506000003,286,1,200,,2026-06-04T18:22:47.829Z
harrison avenue,herald street,Harrison Ave,Herald St,Harrison Ave and Herald St,ok,1,"Harrison Ave & Herald St, South End, MA 02118",-71.063239500001,42.346350000003,491,1,200,,2026-06-04T18:22:49.237Z
harrison avenue,massachusetts avenue,Harrison Ave,Massachusetts Ave,Harrison Ave and Massachusetts Ave,ok,1,"Harrison Ave & Massachusetts Ave, Roxbury, MA 02118",-71.075155500001,42.334947000003,331,1,200,,2026-06-04T18:22:50.278Z
harrison avenue,melnea cass boulevard,Harrison Ave,Melnea Cass Blvd,Harrison Ave and Melnea Cass Blvd,ok,1,"Harrison Ave & Melnea Cass Blvd, Roxbury, MA 02118",-71.079399000001,42.332031000003,355,1,200,,2026-06-04T18:22:51.503Z
harrison avenue,traveler street,Harrison Ave,Traveler St,Harrison Ave and Traveler St,ok,1,"Harrison Ave & Traveler St, South End, MA 02118",-71.064013500001,42.344505000003,349,1,200,,2026-06-04T18:22:52.697Z
harrison avenue ext,harrison avenue,Harrison Avenue Ext,Harrison Ave,Harrison Avenue Ext and Harrison Ave,ok,1,"Harrison Avenue Ext & Harrison Ave, Downtown, MA 02111",-71.061394500001,42.352506000003,309,1,200,,2026-06-04T18:22:53.862Z
harrow street,hillsboro road,Harrow St,Hillsboro Rd,Harrow St and Hillsboro Rd,ok,1,"Harrow St & Hillsboro St, Dorchester, MA 02125",-71.067388500001,42.319890000003,369,1,200,,2026-06-04T18:22:55.122Z
harrow street,humphreys street,Harrow St,Humphreys St,Harrow St and Humphreys St,ok,1,"Harrow St & Humphreys St, Dorchester, MA 02125",-71.067055500001,42.319062000003,321,1,200,,2026-06-04T18:22:56.276Z
hartford street,howard street,Hartford St,Howard St,Hartford St and Howard St,ok,1,"Hartford St & Howard Ave, Roxbury, MA 02125",-71.074228500001,42.318207000003,355,1,200,,2026-06-04T18:22:57.511Z
hartford street,wayland street,Hartford St,Wayland St,Hartford St and Wayland St,ok,1,"Hartford St & Wayland St, Roxbury, MA 02125",-71.073220500001,42.313680000003,308,1,200,,2026-06-04T18:22:58.664Z
hartland street,saxton street,Hartland St,Saxton St,Hartland St and Saxton St,ok,1,"Hartland St & Saxton St, Dorchester, MA 02125",-71.053785000001,42.315264000003,315,1,200,,2026-06-04T18:22:59.871Z
hartland street,sydney street,Hartland St,Sydney St,Hartland St and Sydney St,ok,1,"Hartland St & Sydney St, Dorchester, MA 02125",-71.052538500001,42.315039000003,348,1,200,,2026-06-04T18:23:01.106Z
hartley terrace,ashford street,Hartley Ter,Ashford St,Hartley Ter and Ashford St,ok,1,"Hartley Ter & Ashford St, Allston, MA 02134",-71.125735500001,42.354441000003,558,1,200,,2026-06-04T18:23:02.520Z
hartley terrace,wadsworth street,Hartley Ter,Wadsworth St,Hartley Ter and Wadsworth St,ok,1,"Hartley Ter & Wadsworth St, Allston, MA 02134",-71.125578000001,42.354990000003,352,1,200,,2026-06-04T18:23:03.516Z
harvard avenue,brainerd road,Harvard Ave,Brainerd Road,Harvard Ave and Brainerd Road,ok,1,"Harvard Ave & Brainerd Rd, Allston, MA 02134",-71.130028500001,42.349212000003,316,1,200,,2026-06-04T18:23:04.681Z
harvard avenue,cambridge street,Harvard Ave,Cambridge St,Harvard Ave and Cambridge St,ok,1,"Harvard Ave & Cambridge St, Allston, MA 02134",-71.132764500001,42.355530000003,515,1,200,,2026-06-04T18:23:06.081Z
harvard avenue,harvard street,Harvard Ave,Harvard St,Harvard Ave and Harvard St,ok,1,"Harvard Ave & Harvard St, Dorchester, MA 02121",-71.075011500001,42.298974000003,264,1,200,,2026-06-04T18:23:07.031Z
harvard avenue,washington street,Harvard Ave,Washington St,Harvard Ave and Washington St,ok,1,"Harvard Ave & Washington St, Dorchester, MA 02121",-71.075961000001,42.300864000003,276,1,200,,2026-06-04T18:23:08.246Z
harvard square,harvard street,Harvard Sq,Harvard St,Harvard Sq and Harvard St,ok,2,"Harvard Sq & Harvard St, Charlestown, MA 02129",-71.063194500001,42.372630000003,482,1,200,,2026-06-04T18:23:09.653Z
harvard street,blue hill avenue,Harvard St,Blue Hill Ave,Harvard St and Blue Hill Ave,ok,2,"Harvard St & Blue Hill Ave, Dorchester, MA 02124",-71.088169500001,42.294447000003,372,1,200,,2026-06-04T18:23:10.745Z
harvard street,city square,Harvard St,City Sq,Harvard St and City Sq,ok,1,"Harvard St & City Sq, Charlestown, MA 02129",-71.062398000001,42.371748000003,274,1,200,,2026-06-04T18:23:11.849Z
harvard street,harrison avenue,Harvard St,Harrison Ave,Harvard St and Harrison Ave,ok,1,"Harvard St & Harrison Ave, Chinatown, MA 02111",-71.061871500001,42.349770000003,290,1,200,,2026-06-04T18:23:13.065Z
harvard street,hudson street,Harvard St,Hudson St,Harvard St and Hudson St,ok,1,"Harvard St & Hudson St, Chinatown, MA 02111",-71.060665500001,42.349257000003,343,1,200,,2026-06-04T18:23:14.320Z
harvard street,morton street,Harvard St,Morton St,Harvard St and Morton St,ok,2,Harvard St & Morton St,-71.09387491496001,42.28768461478549,105,1,200,,2026-06-04T19:43:37.448Z
harvard street,prescott street,Harvard St,Prescott St,Harvard St and Prescott St,ok,1,"Harvard St & Prescott St, Charlestown, MA 02129",-71.063293500001,42.373863000003,361,1,200,,2026-06-04T18:23:31.863Z
harvard street,tyler street,Harvard St,Tyler St,Harvard St and Tyler St,ok,1,"Harvard St & Tyler St, Chinatown, MA 02111",-71.061255000001,42.349509000003,627,1,200,,2026-06-04T18:23:33.331Z
harvard street,walk hill street,Harvard St,Walk Hill St,Harvard St and Walk Hill St,ok,1,"Harvard St & Walk Hill St, Mattapan, MA 02126",-71.099613000001,42.282324000003,337,1,200,,2026-06-04T18:23:34.243Z
harvard street,washington street,Harvard St,Washington St,Harvard St and Washington St,ok,2,"Harvard St & Washington St, Charlestown, MA 02129",-71.063185500001,42.372756000003,404,1,200,,2026-06-04T18:23:35.512Z
harwood street,lucerne street,Harwood St,Lucerne St,Harwood St and Lucerne St,ok,1,"Harwood St & Lucerne St, Dorchester, MA 02124",-71.088970500001,42.285510000003,268,1,200,,2026-06-04T18:23:36.578Z
harwood street,willowwood street,Harwood St,Willowwood St,Harwood St and Willowwood St,ok,1,"Harwood St & Willowwood St, Dorchester, MA 02124",-71.086306500001,42.286068000003,334,1,200,,2026-06-04T18:23:37.845Z
hatch street,east eighth street,Hatch St,East Eighth St,Hatch St and East Eighth St,ok,1,"Hatch St & E Eighth St, South Boston, MA 02127",-71.036028000001,42.331473000003,321,1,200,,2026-06-04T18:23:39.035Z
hatch street,marine road,Hatch St,Marine Rd,Hatch St and Marine Rd,ok,1,"Hatch St & Marine Rd, South Boston, MA 02127",-71.036001000001,42.330654000003,304,1,200,,2026-06-04T18:23:40.219Z
hathaway street,bardwell street,Hathaway St,Bardwell St,Hathaway St and Bardwell St,ok,1,"Hathaway St & Bardwell St, Jamaica Plain, MA 02130",-71.116542000001,42.308316000003,288,1,200,,2026-06-04T18:23:41.406Z
hathaway street,centre street,Hathaway St,Centre St,Hathaway St and Centre St,ok,1,"Hathaway St & Centre St, Jamaica Plain, MA 02130",-71.116744500001,42.309108000003,328,1,200,,2026-06-04T18:23:42.648Z
havelock street,blue hill avenue,Havelock St,Blue Hill Ave,Havelock St and Blue Hill Ave,ok,1,"Havelock St & Blue Hill Ave, Dorchester, MA 02124",-71.090932500001,42.286095000003,331,1,200,,2026-06-04T18:23:43.854Z
havelock street,morton street,Havelock St,Morton St,Havelock St and Morton St,ok,1,"Havelock St & Morton St, Mattapan, MA 02126",-71.093421000001,42.286509000003,916,1,200,,2026-06-04T18:23:45.637Z
haverford street,boylston street,Haverford St,Boylston St,Haverford St and Boylston St,ok,1,"Haverford St & Boylston St, Jamaica Plain, MA 02130",-71.101188000001,42.313986000003,404,1,200,,2026-06-04T18:23:46.329Z
haverford street,cornwall street,Haverford St,Cornwall St,Haverford St and Cornwall St,ok,1,"Haverford St & Cornwall St, Jamaica Plain, MA 02130",-71.103190500001,42.311736000003,346,1,200,,2026-06-04T18:23:47.473Z
haviland street,hemenway street,Haviland St,Hemenway St,Haviland St and Hemenway St,ok,1,"Haviland St & Hemenway St, Fenway, MA 02115",-71.089254000001,42.346323000003,750,1,200,,2026-06-04T18:23:49.080Z
haviland street,massachusetts avenue,Haviland St,Massachusetts Ave,Haviland St and Massachusetts Ave,ok,1,"Haviland St & Massachusetts Ave, Back Bay, MA 02115",-71.087404500001,42.346629000003,332,1,200,,2026-06-04T18:23:49.861Z
havre street,bennington street,Havre St,Bennington St,Havre St and Bennington St,ok,1,"Havre St & Bennington St, East Boston, MA 02128",-71.033674500001,42.376860000003,317,1,200,,2026-06-04T18:23:51.047Z
havre street,george r. visconti road,Havre St,George R. Visconti Rd,Havre St and George R. Visconti Rd,ok,1,"Havre St & George R. Visconti Rd, East Boston, MA 02128",-71.036919000001,42.374061000003,274,1,200,,2026-06-04T18:23:52.207Z
havre street,meridian street,Havre St,Meridian St,Havre St and Meridian St,ok,1,"Havre St & Meridian St, East Boston, MA 02128",-71.039016000001,42.372279000003,368,1,200,,2026-06-04T18:23:53.503Z
havre street,porter street,Havre St,Porter St,Havre St and Porter St,ok,1,"Havre St & Porter St, East Boston, MA 02128",-71.036869500001,42.373593000003,349,1,200,,2026-06-04T18:23:54.684Z
havre street,sumner street,Havre St,Sumner St,Havre St and Sumner St,ok,1,"Havre St & Sumner St, East Boston, MA 02128",-71.041225500001,42.369543000003,315,1,200,,2026-06-04T18:23:55.851Z
hawkins street,bowker street,Hawkins St,Bowker St,Hawkins St and Bowker St,ok,1,"Hawkins St & Bowker St, Downtown, MA 02114",-71.060161500001,42.362154000003,273,1,200,,2026-06-04T18:23:57.011Z
hawkins street,new chardon street,Hawkins St,New Chardon St,Hawkins St and New Chardon St,ok,1,"Hawkins St & New Chardon St, Downtown, MA 02114",-71.061705000001,42.362487000003,511,1,200,,2026-06-04T18:23:58.450Z
hawley place,arch street,Hawley Pl,Arch St,Hawley Pl and Arch St,ok,1,"New Hawley Pl & Arch St, Downtown, MA 02110",-71.057803500001,42.355908000003,467,1,200,,2026-06-04T18:23:59.610Z
hawley place,hawley street,Hawley Pl,Hawley St,Hawley Pl and Hawley St,ok,1,"New Hawley Pl & Hawley St, Downtown, MA 02108",-71.058573000001,42.356052000003,465,1,200,,2026-06-04T18:24:00.812Z
hawley street,franklin street,Hawley St,Franklin St,Hawley St and Franklin St,ok,1,"Hawley St & Franklin St, Downtown, MA 02108",-71.058915000001,42.355737000003,484,1,200,,2026-06-04T18:24:02.030Z
hawley street,summer street,Hawley St,Summer St,Hawley St and Summer St,ok,1,"Hawley St & Summer St, Downtown, MA 02110",-71.059765500001,42.354945000003,372,1,200,,2026-06-04T18:24:03.118Z
hayden street,fisher avenue,Hayden St,Fisher Ave,Hayden St and Fisher Ave,ok,1,"Hayden St & Fisher Ave, Mission Hill, MA 02120",-71.106471000001,42.328170000003,328,1,200,,2026-06-04T18:24:04.276Z
hayden street,lawn street,Hayden St,Lawn St,Hayden St and Lawn St,ok,1,"Hayden St & Lawn St, Mission Hill, MA 02120",-71.106876000001,42.327423000003,323,1,200,,2026-06-04T18:24:05.471Z
haymarket square,north washington street,Haymarket Sq,North Washington St,Haymarket Sq and North Washington St,ok,1,"Haymarket Sq & N Washington St, West End, MA 02114",-71.058399750001,42.363756000003,324,1,200,,2026-06-04T18:24:06.674Z
haymarket square,sudbury street,Haymarket Sq,Sudbury St,Haymarket Sq and Sudbury St,ok,1,"Haymarket Sq & Sudbury St, Downtown, MA 02113",-71.057475000001,42.362775000003,343,1,200,,2026-06-04T18:24:07.896Z
haynes street,marginal street,Haynes St,Marginal St,Haynes St and Marginal St,ok,1,"Haynes St & Marginal St, East Boston, MA 02128",-71.037324000001,42.365952000003,327,1,200,,2026-06-04T18:24:09.084Z
haynes street,orleans street,Haynes St,Orleans St,Haynes St and Orleans St,ok,1,"Haynes St & Orleans St, East Boston, MA 02128",-71.038818000001,42.367068000003,358,1,200,,2026-06-04T18:24:10.315Z
hayward place,harrison avenue ext,Hayward Pl,Harrison Avenue Ext,Hayward Pl and Harrison Avenue Ext,ok,1,"Hayward Pl & Harrison Avenue Ext, Downtown, MA 02111",-71.061444000001,42.353154000003,563,1,200,,2026-06-04T18:24:11.724Z
hayward place,washington street,Hayward Pl,Washington St,Hayward Pl and Washington St,ok,1,"Hayward Pl & Washington St, Downtown, MA 02111",-71.062542000001,42.353100000003,293,1,200,,2026-06-04T18:24:12.656Z
hazelwood street,townsend street,Hazelwood St,Townsend St,Hazelwood St and Townsend St,ok,1,"Hazelwood St & Townsend St, Roxbury, MA 02119",-71.085172500001,42.316776000003,328,1,200,,2026-06-04T18:24:13.894Z
hazelwood street,warren street,Hazelwood St,Warren St,Hazelwood St and Warren St,ok,1,"Hazelwood St & Warren St, Roxbury, MA 02119",-71.082504000001,42.317289000003,344,1,200,,2026-06-04T18:24:15.112Z
hazleton street,blue hill avenue,Hazleton St,Blue Hill Ave,Hazleton St and Blue Hill Ave,ok,1,"Hazleton St & Blue Hill Ave, Mattapan, MA 02126",-71.093497500001,42.278382000003,379,1,200,,2026-06-04T18:24:16.348Z
hazleton street,harvard street,Hazleton St,Harvard St,Hazleton St and Harvard St,ok,1,"Hazleton St & Harvard St, Mattapan, MA 02126",-71.099464500001,42.282477000003,342,1,200,,2026-06-04T18:24:17.513Z
heath street,parker street,Heath St,Parker St,Heath St and Parker St,ok,2,"Heath St & Parker St, Jamaica Plain, MA 02130",-71.100144000001,42.325866000003,361,1,200,,2026-06-04T18:24:18.732Z
heath street,south huntington avenue,Heath St,South Huntington Ave,Heath St and South Huntington Ave,ok,2,"Heath St & S Huntington Ave, Jamaica Plain, MA 02130",-71.110795500001,42.329016000003,350,1,200,,2026-06-04T18:24:19.922Z
hecla street,adams street,Hecla St,Adams St,Hecla St and Adams St,ok,1,"Hecla St & Adams St, Dorchester, MA 02122",-71.061952500001,42.306372000003,426,1,200,,2026-06-04T18:24:21.200Z
hecla street,dorchester avenue,Hecla St,Dorchester Ave,Hecla St and Dorchester Ave,ok,1,"Hecla St & Dorchester Ave, Dorchester, MA 02122",-71.058564000001,42.307020000003,351,1,200,,2026-06-04T18:24:22.327Z
helen street,bernard street,Helen St,Bernard St,Helen St and Bernard St,ok,1,"Helen St & Bernard St, Dorchester, MA 02124",-71.079822000001,42.293223000003,331,1,200,,2026-06-04T18:24:23.508Z
helen street,talbot avenue,Helen St,Talbot Ave,Helen St and Talbot Ave,ok,1,"Helen St & Talbot Ave, Dorchester, MA 02124",-71.081262000001,42.292944000003,391,1,200,,2026-06-04T18:24:24.771Z
hemenway street,boylston street,Hemenway St,Boylston St,Hemenway St and Boylston St,ok,1,"Hemenway St & Boylston St, Fenway, MA 02215",-71.089092000001,42.346935000003,674,1,200,,2026-06-04T18:24:26.257Z
hemenway street,forsyth way,Hemenway St,Forsyth Way,Hemenway St and Forsyth Way,ok,1,"Hemenway St & Forsyth Way, Fenway, MA 02115",-71.092570500001,42.339546000003,412,1,200,,2026-06-04T18:24:27.198Z
henchman street,charter street,Henchman St,Charter St,Henchman St and Charter St,ok,1,"Henchman St & Charter St, North End, MA 02113",-71.053969500001,42.366906000003,355,1,200,,2026-06-04T18:24:28.342Z
henchman street,commercial street,Henchman St,Commercial St,Henchman St and Commercial St,ok,1,"Henchman St & Commercial St, North End, MA 02109",-71.053398000001,42.367527000003,311,1,200,,2026-06-04T18:24:29.499Z
hendry street,bowdoin street,Hendry St,Bowdoin St,Hendry St and Bowdoin St,ok,1,"Hendry St & Bowdoin St, Dorchester, MA 02122",-71.064360000001,42.308730000003,324,1,200,,2026-06-04T18:24:30.715Z
henley street,main street,Henley St,Main St,Henley St and Main St,ok,1,"Henley St & Main St, Charlestown, MA 02129",-71.061961500001,42.372981000003,355,1,200,,2026-06-04T18:24:31.948Z
henley street,warren street,Henley St,Warren St,Henley St and Warren St,ok,1,"Henley St & Warren St, Charlestown, MA 02129",-71.060994000001,42.373089000003,659,1,200,,2026-06-04T18:24:33.453Z
henry street,maverick square,Henry St,Maverick Sq,Henry St and Maverick Sq,ok,1,"Henry St & Maverick Sq, East Boston, MA 02128",-71.039493000001,42.369399000003,292,1,200,,2026-06-04T18:24:34.288Z
henry street,paris street,Henry St,Paris St,Henry St and Paris St,ok,1,"Henry St & Paris St, East Boston, MA 02128",-71.040195000001,42.369705000003,383,1,200,,2026-06-04T18:24:35.581Z
herald street,albany street,Herald St,Albany St,Herald St and Albany St,ok,1,"Herald St & Albany St, South End, MA 02118",-71.061286500001,42.345954000003,432,1,200,,2026-06-04T18:24:36.834Z
herald street,tremont street,Herald St,Tremont St,Herald St and Tremont St,ok,1,"Herald St & Tremont St, South End, MA 02118",-71.068599000001,42.347502000003,336,1,200,,2026-06-04T18:24:37.938Z
herald street,washington street,Herald St,Washington St,Herald St and Washington St,ok,1,"Herald St & Washington St, South End, MA 02118",-71.064571500001,42.346629000003,284,1,200,,2026-06-04T18:24:39.090Z
herbert street,park street,Herbert St,Park St,Herbert St and Park St,ok,1,"Herbert St & Park St, Dorchester, MA 02124",-71.074543500001,42.295122000003,334,1,200,,2026-06-04T18:24:40.340Z
herbert street,west tremlett street,Herbert St,West Tremlett St,Herbert St and West Tremlett St,ok,1,"Herbert St & W Tremlett St, Dorchester, MA 02124",-71.074147500001,42.294114000003,294,1,200,,2026-06-04T18:24:41.501Z
hereford street,beacon street,Hereford St,Beacon St,Hereford St and Beacon St,ok,1,"Hereford St & Beacon St, Back Bay, MA 02115",-71.086995000001,42.351534000003,368,1,200,,2026-06-04T18:24:42.778Z
hereford street,boylston street,Hereford St,Boylston St,Hereford St and Boylston St,ok,1,"Hereford St & Boylston St, Back Bay, MA 02115",-71.085267000001,42.347961000003,305,1,200,,2026-06-04T18:24:43.915Z
hereford street,commonwealth avenue,Hereford St,Commonwealth Ave,Hereford St and Commonwealth Ave,ok,2,"Hereford St & Commonwealth Ave, Back Bay, MA 02115",-71.086207500001,42.349914000003,348,1,200,,2026-06-04T18:24:45.161Z
hewins street,columbia road,Hewins St,Columbia Rd,Hewins St and Columbia Rd,ok,1,"Hewins St & Columbia Rd, Dorchester, MA 02121",-71.082859500001,42.303708000003,329,1,200,,2026-06-04T18:24:46.343Z
hewins street,erie street,Hewins St,Erie St,Hewins St and Erie St,ok,1,"Hewins St & Erie St, Dorchester, MA 02121",-71.080807500001,42.302322000003,329,1,200,,2026-06-04T18:24:47.545Z
hiawatha road,blue hill avenue,Hiawatha Rd,Blue Hill Ave,Hiawatha Rd and Blue Hill Ave,ok,1,"Hiawatha Rd & Blue Hill Ave, Mattapan, MA 02126",-71.093614500001,42.276411000003,330,1,200,,2026-06-04T18:24:48.749Z
hiawatha road,fottler road,Hiawatha Rd,Fottler Rd,Hiawatha Rd and Fottler Rd,ok,1,"Hiawatha Rd & Fottler Rd, Mattapan, MA 02126",-71.096719500001,42.277644000003,353,1,200,,2026-06-04T18:24:49.974Z
higgins street,allston street,Higgins St,Allston St,Higgins St and Allston St,ok,1,"Higgins St & Allston St, Allston, MA 02134",-71.135095500001,42.352380000003,324,1,200,,2026-06-04T18:24:51.147Z
higgins street,brighton avenue,Higgins St,Brighton Av,Higgins St and Brighton Av,ok,1,"Higgins St & Brighton Ave, Allston, MA 02134",-71.135658000001,42.353379000003,364,1,200,,2026-06-04T18:24:52.389Z
high rock way,gordon street,High Rock Way,Gordon St,High Rock Way and Gordon St,ok,1,"High Rock Way & Gordon St, Allston, MA 02134",-71.140077000001,42.351633000003,325,1,200,,2026-06-04T18:24:53.552Z
high rock way,imrie road,High Rock Way,Imrie Rd,High Rock Way and Imrie Rd,ok,1,"High Rock Way & Imrie Rd, Allston, MA 02134",-71.138358000001,42.351471000003,322,1,200,,2026-06-04T18:24:54.751Z
high street,atlantic avenue,High St,Atlantic Ave,High St and Atlantic Ave,ok,1,"High St & Atlantic Ave, Downtown, MA 02110",-71.050770000001,42.356682000003,729,1,200,,2026-06-04T18:24:56.357Z
high street,church street,High St,Church St,High St and Church St,ok,1,"High St & Church St, Dorchester, MA 02122",-71.061412500001,42.308766000003,350,1,200,,2026-06-04T18:24:57.181Z
high street,federal street,High St,Federal St,High St and Federal St,ok,1,"High St & Federal St, Downtown, MA 02110",-71.056179000001,42.353640000003,455,1,200,,2026-06-04T18:24:58.487Z
high street,green street,High St,Green St,High St and Green St,ok,1,"High St & Green St, Charlestown, MA 02129",-71.063469000001,42.376518000003,432,1,200,,2026-06-04T18:24:59.668Z
high street,hancock street,High St,Hancock St,High St and Hancock St,ok,1,"High St & Hancock St, Dorchester, MA 02125",-71.060764500001,42.310233000003,301,1,200,,2026-06-04T18:25:00.739Z
high street,monument square,High St,Monument Sq,High St and Monument Sq,ok,1,"High St & Monument Sq, Charlestown, MA 02129",-71.061876000001,42.375969000003,323,1,200,,2026-06-04T18:25:01.962Z
high street,sullivan street,High St,Sullivan St,High St and Sullivan St,ok,1,"High St & Sullivan St, Charlestown, MA 02129",-71.066218500001,42.378354000003,386,1,200,,2026-06-04T18:25:03.228Z
high street,summer street,High St,Summer St,High St and Summer St,ok,1,"High St & Summer St, Downtown, MA 02110",-71.056984500001,42.353271000003,336,1,200,,2026-06-04T18:25:04.379Z
high street,walker street,High St,Walker St,High St and Walker St,ok,1,"High St & Walker St, Charlestown, MA 02129",-71.067051000001,42.378921000003,276,1,200,,2026-06-04T18:25:05.522Z
highgate street,cambridge street,Highgate St,Cambridge St,Highgate St and Cambridge St,ok,1,"Highgate St & Cambridge St, Allston, MA 02134",-71.132130000001,42.355818000003,388,1,200,,2026-06-04T18:25:06.834Z
highgate street,farrington avenue,Highgate St,Farrington Ave,Highgate St and Farrington Ave,ok,1,"Highgate St & Farrington Ave, Allston, MA 02134",-71.131414500001,42.354387000003,291,1,200,,2026-06-04T18:25:07.939Z
highland avenue,centre street,Highland Ave,Centre St,Highland Ave and Centre St,ok,1,"Highland Ave & Centre St, Roxbury, MA 02119",-71.093227500001,42.329655000003,478,1,200,,2026-06-04T18:25:09.329Z
highland avenue,linwood street,Highland Ave,Linwood St,Highland Ave and Linwood St,ok,1,"Highland Ave & Linwood St, Roxbury, MA 02119",-71.092620000001,42.328102500003,330,1,200,,2026-06-04T18:25:10.384Z
highland street,cedar street,Highland St,Cedar St,Highland St and Cedar St,ok,1,"Highland St & Cedar St, Roxbury, MA 02119",-71.092917000001,42.326874000003,285,1,200,,2026-06-04T18:25:11.541Z
highland street,centre street,Highland St,Centre St,Highland St and Centre St,ok,1,"Highland St & Centre St, Roxbury, MA 02119",-71.097705000001,42.324840000003,312,1,200,,2026-06-04T18:25:12.769Z
hildreth street,wildwood street,Hildreth St,Wildwood St,Hildreth St and Wildwood St,ok,1,"Hildreth St & Wildwood St, Dorchester, MA 02124",-71.087530500001,42.283629000003,377,1,200,,2026-06-04T18:25:14.036Z
hillsboro road,ormond street,Hillsboro Rd,Ormond St,Hillsboro Rd and Ormond St,ok,1,"Hillsboro Rd & Ormond St, Mattapan, MA 02126",-71.095099500001,42.283728000003,338,1,200,,2026-06-04T18:25:15.198Z
hillsboro road,wellington hill street,Hillsboro Rd,Wellington Hill St,Hillsboro Rd and Wellington Hill St,ok,1,"Hillsboro Rd & Wellington Hill St, Mattapan, MA 02126",-71.096553000001,42.282585000003,340,1,200,,2026-06-04T18:25:16.400Z
hillside street,parker hill avenue,Hillside St,Parker Hill Ave,Hillside St and Parker Hill Ave,ok,1,"Hillside St & Parker Hill Ave, Mission Hill, MA 02120",-71.109571500001,42.332157000003,284,1,200,,2026-06-04T18:25:17.546Z
hillside street,parker street,Hillside St,Parker St,Hillside St and Parker St,ok,1,"Hillside St & Parker St, Mission Hill, MA 02120",-71.098938000001,42.329169000003,384,1,200,,2026-06-04T18:25:18.848Z
hinckley street,bakersfield street,Hinckley St,Bakersfield St,Hinckley St and Bakersfield St,ok,1,"Hinckley St & Bakersfield St, Dorchester, MA 02125",-71.060787000001,42.317550000003,506,1,200,,2026-06-04T18:25:20.171Z
hinckley street,pleasant street,Hinckley St,Pleasant St,Hinckley St and Pleasant St,ok,1,"Hinckley St & Pleasant St, Dorchester, MA 02125",-71.059221000001,42.317262000003,321,1,200,,2026-06-04T18:25:21.189Z
hoffman street,chestnut avenue,Hoffman St,Chestnut Ave,Hoffman St and Chestnut Ave,ok,1,"Hoffman St & Chestnut Ave, Jamaica Plain, MA 02130",-71.103177000001,42.320673000003,430,1,200,,2026-06-04T18:25:22.500Z
hoffman street,lamartine street,Hoffman St,Lamartine St,Hoffman St and Lamartine St,ok,1,"Hoffman St & Lamartine St, Jamaica Plain, MA 02130",-71.102448000001,42.320331000003,280,1,200,,2026-06-04T18:25:23.550Z
holborn street,blue hill avenue,Holborn St,Blue Hill Ave,Holborn St and Blue Hill Ave,ok,1,"Holborn St & Blue Hill Ave, Roxbury, MA 02121",-71.079412500001,42.313680000003,556,1,200,,2026-06-04T18:25:25.028Z
holborn street,warren street,Holborn St,Warren St,Holborn St and Warren St,ok,1,"Holborn St & Warren St, Roxbury, MA 02121",-71.083332000001,42.315318000003,293,1,200,,2026-06-04T18:25:25.965Z
holbrook street,centre street,Holbrook St,Centre St,Holbrook St and Centre St,ok,1,"Holbrook St & Centre St, Jamaica Plain, MA 02130",-71.116425000001,42.309198000003,576,1,200,,2026-06-04T18:25:27.449Z
holbrook street,dane street,Holbrook St,Dane St,Holbrook St and Dane St,ok,1,"Holbrook St & Dane St, Jamaica Plain, MA 02130",-71.118162000001,42.311421000003,345,1,200,,2026-06-04T18:25:28.422Z
holiday street,bowdoin street,Holiday St,Bowdoin St,Holiday St and Bowdoin St,ok,1,"Holiday St & Bowdoin St, Dorchester, MA 02124",-71.071884000001,42.301818000003,324,1,200,,2026-06-04T18:25:29.603Z
holiday street,geneva avenue,Holiday St,Geneva Ave,Holiday St and Geneva Ave,ok,1,"Holiday St & Geneva Ave, Dorchester, MA 02122",-71.069548500001,42.302295000003,348,1,200,,2026-06-04T18:25:30.828Z
holiday street,topliff street,Holiday St,Topliff St,Holiday St and Topliff St,ok,1,"Holiday St & Topliff St, Dorchester, MA 02122",-71.068014000001,42.302619000003,344,1,200,,2026-06-04T18:25:32.027Z
hollander street,crawford street,Hollander St,Crawford St,Hollander St and Crawford St,ok,1,"Hollander St & Crawford St, Roxbury, MA 02121",-71.091756000001,42.316308000003,435,1,200,,2026-06-04T18:25:33.318Z
hollander street,holworthy street,Hollander St,Holworthy St,Hollander St and Holworthy St,ok,1,"Hollander St & Holworthy St, Roxbury, MA 02121",-71.088777000001,42.315849000003,283,1,200,,2026-06-04T18:25:34.368Z
holworthy street,hollander street,Holworthy St,Hollander St,Holworthy St and Hollander St,ok,1,"Holworthy St & Hollander St, Roxbury, MA 02121",-71.088777000001,42.315849000003,316,1,200,,2026-06-04T18:25:35.604Z
holworthy street,walnut avenue,Holworthy St,Walnut Ave,Holworthy St and Walnut Ave,ok,1,"Holworthy St & Walnut Ave, Roxbury, MA 02121",-71.091630000001,42.316983000003,323,1,200,,2026-06-04T18:25:36.813Z
holyoke street,carleton street,Holyoke St,Carleton St,Holyoke St and Carleton St,ok,1,"Holyoke St & Carleton St, South End, MA 02116",-71.078499000001,42.345180000003,293,1,200,,2026-06-04T18:25:37.983Z
holyoke street,columbus avenue,Holyoke St,Columbus Ave,Holyoke St and Columbus Ave,ok,1,"Holyoke St & Columbus Ave, South End, MA 02116",-71.077203000001,42.344298000003,403,1,200,,2026-06-04T18:25:39.296Z
homes avenue,bowdoin street,Homes Ave,Bowdoin St,Homes Ave and Bowdoin St,ok,1,"Homes Ave & Bowdoin St, Dorchester, MA 02121",-71.071587000001,42.302403000003,338,1,200,,2026-06-04T18:25:40.432Z
homes avenue,geneva avenue,Homes Ave,Geneva Ave,Homes Ave and Geneva Ave,ok,1,"Homes Ave & Geneva Ave, Dorchester, MA 02122",-71.070196500001,42.302682000003,284,1,200,,2026-06-04T18:25:41.582Z
homes avenue,gevena avenue,Homes Ave,Gevena Ave,Homes Ave and Gevena Ave,ok,1,"Homes Ave & Geneva Ave, Dorchester, MA 02122",-71.070196500001,42.302682000003,0,1,,,2026-06-04T23:46:23.101Z
homes avenue,mount ida road,Homes Ave,Mount Ida Rd,Homes Ave and Mount Ida Rd,ok,1,"Homes Ave & Mount Ida Rd, Dorchester, MA 02122",-71.063901000001,42.304221000003,291,1,200,,2026-06-04T18:25:43.990Z
homes avenue,topliff street,Homes Ave,Topliff St,Homes Ave and Topliff St,ok,1,"Homes Ave & Topliff St, Dorchester, MA 02122",-71.068176000001,42.303087000003,330,1,200,,2026-06-04T18:25:45.232Z
homestead street,elm hill avenue,Homestead St,Elm Hill Ave,Homestead St and Elm Hill Ave,ok,1,"Homestead St & Elm Hill Ave, Roxbury, MA 02121",-71.087242500001,42.309882000003,333,1,200,,2026-06-04T18:25:46.436Z
homestead street,walnut avenue,Homestead St,Walnut Ave,Homestead St and Walnut Ave,ok,1,"Homestead St & Walnut Ave, Roxbury, MA 02119",-71.094384000001,42.313896000003,379,1,200,,2026-06-04T18:25:47.686Z
hooper street,melville avenue,Hooper St,Melville Ave,Hooper St and Melville Ave,ok,1,"Hooper St & Melville Ave, Dorchester, MA 02124",-71.068774500001,42.294141000003,425,1,200,,2026-06-04T18:25:48.935Z
hooper street,tremlett street,Hooper St,Tremlett St,Hooper St and Tremlett St,ok,1,"Hooper St & Tremlett St, Dorchester, MA 02124",-71.069211000001,42.295041000003,395,1,200,,2026-06-04T18:25:50.106Z
hopestill street,aspinwall road,Hopestill St,Aspinwall Rd,Hopestill St and Aspinwall Rd,ok,1,"Hopestill St & Aspinwall Rd, Dorchester, MA 02124",-71.073135000001,42.291666000003,340,1,200,,2026-06-04T18:25:51.253Z
hopestill street,southern avenue,Hopestill St,Southern Ave,Hopestill St and Southern Ave,ok,1,"Hopestill St & Southern Ave, Dorchester, MA 02124",-71.072752500001,42.290748000003,372,1,200,,2026-06-04T18:25:52.488Z
hopkins street,corbet street,Hopkins St,Corbet St,Hopkins St and Corbet St,ok,1,"Hopkins St & Corbet St, Dorchester, MA 02124",-71.083678500001,42.282459000003,495,1,200,,2026-06-04T18:25:53.812Z
hopkins street,evans street,Hopkins St,Evans St,Hopkins St and Evans St,ok,1,"Hopkins St & Evans St, Dorchester, MA 02124",-71.083827000001,42.281289000003,532,1,200,,2026-06-04T18:25:55.049Z
hosmer street,blue hill avenue,Hosmer St,Blue Hill Ave,Hosmer St and Blue Hill Ave,ok,1,"Hosmer St & Blue Hill Ave, Mattapan, MA 02126",-71.092215000001,42.281667000003,310,1,200,,2026-06-04T18:25:56.030Z
hosmer street,norfolk street,Hosmer St,Norfolk St,Hosmer St and Norfolk St,ok,1,"Hosmer St & Norfolk St, Mattapan, MA 02126",-71.088601500001,42.279975000003,341,1,200,,2026-06-04T18:25:57.262Z
howard avenue,dudley street,Howard Ave,Dudley Street,Howard Ave and Dudley Street,ok,1,"Howard Ave & Dudley St, Dorchester, MA 02125",-71.071294500001,42.320187000003,455,1,200,,2026-06-04T18:25:58.578Z
howard avenue,quincy street,Howard Ave,Quincy Street,Howard Ave and Quincy Street,ok,1,"Howard Ave & Quincy St, Roxbury, MA 02125",-71.075650500001,42.313239000003,285,1,200,,2026-06-04T18:25:59.610Z
howe street,hancock street,Howe St,Hancock St,Howe St and Hancock St,ok,1,"Howe St & Hancock St, Dorchester, MA 02125",-71.063532000001,42.311997000003,713,1,200,,2026-06-04T18:26:01.240Z
howe street,howe terrace,Howe St,Howe Ter,Howe St and Howe Ter,ok,1,"Howe St & Howe Ter, Dorchester, MA 02125",-71.065336500001,42.310764000003,385,1,200,,2026-06-04T18:26:02.113Z
howe terrace,howe street,Howe Ter,Howe St,Howe Ter and Howe St,ok,1,"Howe Ter & Howe St, Dorchester, MA 02125",-71.065336500001,42.310764000003,756,1,200,,2026-06-04T18:26:03.686Z
howes street,dorchester avenue,Howes St,Dorchester Ave,Howes St and Dorchester Ave,ok,1,"Howes St & Dorchester Ave, Dorchester, MA 02125",-71.056728000001,42.317739000003,566,1,200,,2026-06-04T18:26:04.696Z
howes street,pleasant street,Howes St,Pleasant St,Howes St and Pleasant St,ok,1,"Howes St & Pleasant St, Dorchester, MA 02125",-71.058973500001,42.318135000003,372,1,200,,2026-06-04T18:26:05.704Z
howland street,elm hill avenue,Howland St,Elm Hill Ave,Howland St and Elm Hill Ave,ok,1,"Howland St & Elm Hill Ave, Roxbury, MA 02121",-71.085154500001,42.312366000003,304,1,200,,2026-06-04T18:26:06.837Z
howland street,harold street,Howland St,Harold St,Howland St and Harold St,ok,1,"Howland St & Harold St, Roxbury, MA 02121",-71.091126000001,42.314814000003,307,1,200,,2026-06-04T18:26:08.041Z
howland street,warren street,Howland St,Warren St,Howland St and Warren St,ok,1,"Howland St & Warren St, Roxbury, MA 02121",-71.083116000001,42.311187000003,284,1,200,,2026-06-04T18:26:09.218Z
hoyt street,dorchester avenue,Hoyt St,Dorchester Ave,Hoyt St and Dorchester Ave,ok,1,"Hoyt St & Dorchester Ave, Dorchester, MA 02125",-71.058316500001,42.308100000003,344,1,200,,2026-06-04T18:26:10.480Z
hubbardston road,savin hill avenue,Hubbardston Rd,Savin Hill Ave,Hubbardston Rd and Savin Hill Ave,ok,1,"Hubbardston Rd & Savin Hill Ave, Dorchester, MA 02125",-71.052511500001,42.310836000003,343,1,200,,2026-06-04T18:26:11.681Z
huckins street,blue hill avenue,Huckins St,Blue Hill Ave,Huckins St and Blue Hill Ave,ok,1,"Huckins St & Blue Hill Ave, Roxbury, MA 02119",-71.075830500001,42.324120000003,321,1,200,,2026-06-04T18:26:12.867Z
huckins street,dennis street,Huckins St,Dennis St,Huckins St and Dennis St,ok,1,"Huckins St & Dennis St, Roxbury, MA 02119",-71.074651500001,42.323211000003,351,1,200,,2026-06-04T18:26:14.097Z
hudson street,beach street,Hudson St,Beach St,Hudson St and Beach St,ok,1,"Hudson St & Beach St, Chinatown, MA 02111",-71.059878000001,42.351219000003,322,1,200,,2026-06-04T18:26:15.272Z
hudson street,harrison avenue,Hudson St,Harrison Ave,Hudson St and Harrison Ave,ok,1,"Hudson St & Harrison Ave, Chinatown, MA 02111",-71.062956000001,42.347061000003,280,1,200,,2026-06-04T18:26:16.428Z
hudson street,kneeland street,Hudson St,Kneeland St,Hudson St and Kneeland St,ok,1,"Hudson St & Kneeland St, Chinatown, MA 02111",-71.060247000001,42.350283000003,396,1,200,,2026-06-04T18:26:17.747Z
hull street,commercial street,Hull St,Commercial St,Hull St and Commercial St,ok,1,"Hull St & Commercial St, North End, MA 02109",-71.057385000001,42.367761000003,346,1,200,,2026-06-04T18:26:18.899Z
hull street,salem street,Hull St,Salem St,Hull St and Salem St,ok,1,"Hull St & Salem St, North End, MA 02113",-71.054725500001,42.366411000003,373,1,200,,2026-06-04T18:26:20.126Z
hull street,snow hill street,Hull St,Snow Hill St,Hull St and Snow Hill St,ok,1,"Hull St & Snow Hill St, North End, MA 02113",-71.056485000001,42.367077000003,276,1,200,,2026-06-04T18:26:21.229Z
humboldt avenue,seaver street,Humboldt Ave,Seaver St,Humboldt Ave and Seaver St,ok,2,"Humboldt Ave & Seaver St, Roxbury, MA 02121",-71.092143000001,42.309882000003,651,1,200,,2026-06-04T18:26:22.806Z
humboldt avenue,walnut avenue,Humboldt Ave,Walnut Ave,Humboldt Ave and Walnut Ave,ok,1,"Humboldt Ave & Walnut Ave, Roxbury, MA 02119",-71.086023000001,42.320718000003,340,1,200,,2026-06-04T18:26:23.696Z
humphreys street,dudley street,Humphreys St,Dudley Street,Humphreys St and Dudley Street,ok,1,"Humphreys St & Dudley St, Dorchester, MA 02125",-71.068293000001,42.318423000003,331,1,200,,2026-06-04T18:26:24.888Z
humphreys street,east cottage,Humphreys St,East Cottage,Humphreys St and East Cottage,ok,1,"Humphreys St & E Cottage St, Dorchester, MA 02125",-71.065386000001,42.321231000003,379,1,200,,2026-06-04T18:26:26.139Z
humphreys street,east cottage street,Humphreys St,East Cottage Street,Humphreys St and East Cottage Street,ok,1,"Humphreys St & E Cottage St, Dorchester, MA 02125",-71.065386000001,42.321231000003,291,1,200,,2026-06-04T18:26:27.251Z
hunter street,bunker hill street,Hunter St,Bunker Hill St,Hunter St and Bunker Hill St,ok,1,"Hunter St & Bunker Hill St, Charlestown, MA 02129",-71.056633500001,42.376302000003,324,1,200,,2026-06-04T18:26:28.484Z
hunter street,vine street,Hunter St,Vine St,Hunter St and Vine St,ok,1,"Hunter St & Vine St, Charlestown, MA 02129",-71.056165500001,42.376779000003,342,1,200,,2026-06-04T18:26:29.703Z
huntington avenue,dartmouth street,Huntington Ave,Dartmouth St,Huntington Ave and Dartmouth St,ok,2,"Huntington Ave & Dartmouth St, Back Bay, MA 02116",-71.077266000001,42.349113000003,524,1,200,,2026-06-04T18:26:31.085Z
huntington avenue,huntington avenue underpass,Huntington Ave,Huntington Ave Underpass,Huntington Ave and Huntington Ave Underpass,ok,1,"S Huntington Ave & Huntington Ave, Mission Hill, MA 02115",-71.112069000001,42.331986000003,320,1,200,,2026-06-04T18:26:32.081Z
huntington avenue,massachusetts avenue,Huntington Ave,Massachusetts Ave,Huntington Ave and Massachusetts Ave,ok,1,"Huntington Ave & Massachusetts Ave, Fenway, MA 02115",-71.085033000001,42.342840000003,283,1,200,,2026-06-04T18:26:33.246Z
huntington avenue,south huntington avenue,Huntington Ave,South Huntington Ave,Huntington Ave and South Huntington Ave,ok,1,"Huntington Ave & S Huntington Ave, Mission Hill, MA 02115",-71.112069000001,42.331986000003,371,1,200,,2026-06-04T18:26:34.535Z
hutchings street,elm hill avenue,Hutchings St,Elm Hill Ave,Hutchings St and Elm Hill Ave,ok,1,"Hutchings St & Elm Hill Ave, Roxbury, MA 02121",-71.087796000001,42.309135000003,353,1,200,,2026-06-04T18:26:35.719Z
hutchings street,harold street,Hutchings St,Harold St,Hutchings St and Harold St,ok,1,"Hutchings St & Harold St, Roxbury, MA 02121",-71.093160000001,42.312249000003,339,1,200,,2026-06-04T18:26:36.905Z
hyde park avenue,washington street,Hyde Park Ave,Washington St,Hyde Park Ave and Washington St,ok,1,"Hyde Park Ave & Washington St, Jamaica Plain, MA 02130",-71.113558500001,42.299946000003,333,1,200,,2026-06-04T18:26:38.100Z
i street,columbia road,I St,Columbia Rd,I St and Columbia Rd,ok,2,"I St & Columbia Rd, South Boston, MA 02127",-71.039812500001,42.330573000003,315,1,200,,2026-06-04T18:26:39.284Z
i street,east broadway,I St,East Broadway,I St and East Broadway,ok,1,"I St & E Broadway, South Boston, MA 02127",-71.039934000001,42.335568000003,308,1,200,,2026-06-04T18:26:40.478Z
i street,east first street,I St,East First St,I St and East First St,ok,1,"I St & E First St, South Boston, MA 02127",-71.039983500001,42.338079000003,309,1,200,,2026-06-04T18:26:41.679Z
idaho street,manchester street,Idaho St,Manchester St,Idaho St and Manchester St,ok,1,"Idaho St & Manchester St, Mattapan, MA 02126",-71.076739500001,42.273963000003,301,1,200,,2026-06-04T18:26:42.873Z
idaho street,river street,Idaho St,River St,Idaho St and River St,ok,1,"Idaho St & River St, Mattapan, MA 02126",-71.076294000001,42.271551000003,483,1,200,,2026-06-04T18:26:44.255Z
iffley road,walnut avenue,Iffley Rd,Walnut Ave,Iffley Rd and Walnut Ave,ok,1,"Iffley Rd & Walnut Ave, Roxbury, MA 02119",-71.097642000001,42.311718000003,332,1,200,,2026-06-04T18:26:45.305Z
iffley road,washington street,Iffley Rd,Washington St,Iffley Rd and Washington St,ok,1,"Iffley Rd & Washington St, Jamaica Plain, MA 02130",-71.101030500001,42.313032000003,274,1,200,,2026-06-04T18:26:46.448Z
imrie road,cambridge street,Imrie Rd,Cambridge St,Imrie Rd and Cambridge St,ok,1,"Imrie Rd & Cambridge St, Allston, MA 02134",-71.139001500001,42.352992000003,279,1,200,,2026-06-04T18:26:47.654Z
imrie road,high rock way,Imrie Rd,High Rock Way,Imrie Rd and High Rock Way,ok,1,"Imrie Rd & High Rock Way, Allston, MA 02134",-71.138358000001,42.351471000003,294,1,200,,2026-06-04T18:26:48.878Z
india street,atlantic avenue,India St,Atlantic Ave,India St and Atlantic Ave,ok,1,"India St & Atlantic Ave, Downtown, MA 02110",-71.051328000001,42.357888000003,315,1,200,,2026-06-04T18:26:50.098Z
india street,state street,India St,State St,India St and State St,ok,1,"India St & State St, Downtown, MA 02109",-71.054082000001,42.359274000003,315,1,200,,2026-06-04T18:26:51.300Z
intervale street,blue hill avenue,Intervale St,Blue Hill Ave,Intervale St and Blue Hill Ave,ok,1,"Intervale St & Blue Hill Ave, Dorchester, MA 02121",-71.080740000001,42.311898000003,346,1,200,,2026-06-04T18:26:52.531Z
intervale street,columbia road,Intervale St,Columbia Rd,Intervale St and Columbia Rd,ok,1,"Intervale St & Columbia Rd, Dorchester, MA 02121",-71.073967500001,42.309198000003,313,1,200,,2026-06-04T18:26:53.701Z
intervale street,warren street,Intervale St,Warren St,Intervale St and Warren St,ok,1,"Intervale St & Warren St, Roxbury, MA 02121",-71.082976500001,42.312177000003,468,1,200,,2026-06-04T18:26:55.055Z
inwood street,norton street,Inwood St,Norton St,Inwood St and Norton St,ok,1,"Inwood St & Norton St, Dorchester, MA 02125",-71.069544000001,42.306615000003,479,1,200,,2026-06-04T18:26:56.268Z
inwood street,olney street,Inwood St,Olney St,Inwood St and Olney St,ok,1,"Inwood St & Olney St, Dorchester, MA 02125",-71.069170500001,42.305409000003,359,1,200,,2026-06-04T18:26:57.349Z
iowa street,dakota street,Iowa St,Dakota St,Iowa St and Dakota St,ok,1,"Iowa St & Dakota St, Dorchester, MA 02124",-71.067483000001,42.300018000003,337,1,200,,2026-06-04T18:26:58.528Z
iowa street,westville street,Iowa St,Westville St,Iowa St and Westville St,ok,1,"Iowa St & Westville St, Dorchester, MA 02124",-71.067879000001,42.300891000003,512,1,200,,2026-06-04T18:26:59.905Z
irma street,callender street,Irma St,Callender St,Irma St and Callender St,ok,1,"Irma St & Callender St, Dorchester, MA 02124",-71.087220000001,42.288003000003,328,1,200,,2026-06-04T18:27:00.922Z
irma street,woodrow avenue,Irma St,Woodrow Ave,Irma St and Woodrow Ave,ok,1,"Irma St & Woodrow Ave, Dorchester, MA 02124",-71.087760000001,42.286338000003,355,1,200,,2026-06-04T18:27:02.148Z
iroquois street,calumet street,Iroquois St,Calumet St,Iroquois St and Calumet St,ok,1,"Iroquois St & Calumet St, Mission Hill, MA 02120",-71.102592000001,42.329718000003,325,1,200,,2026-06-04T18:27:03.319Z
iroquois street,sachem street,Iroquois St,Sachem St,Iroquois St and Sachem St,ok,1,"Iroquois St & Sachem St, Mission Hill, MA 02120",-71.107137000001,42.330870000003,314,1,200,,2026-06-04T18:27:04.508Z
irving street,cambridge street,Irving St,Cambridge St,Irving St and Cambridge St,ok,1,"Irving St & Cambridge St, Beacon Hill, MA 02114",-71.066371500001,42.361137000003,339,1,200,,2026-06-04T18:27:05.734Z
irving street,myrtle street,Irving St,Myrtle St,Irving St and Myrtle St,ok,1,"Irving St & Myrtle St, Beacon Hill, MA 02114",-71.066358000001,42.359337000003,436,1,200,,2026-06-04T18:27:07.033Z
islington street,armington street,Islington St,Armington St,Islington St and Armington St,ok,1,"Islington St & Armington St, Allston, MA 02134",-71.136634500001,42.352659000003,444,1,200,,2026-06-04T18:27:08.244Z
islington street,brighton avenue,Islington St,Brighton Av,Islington St and Brighton Av,ok,1,"Islington St & Brighton Ave, Allston, MA 02134",-71.136783000001,42.353442000003,360,1,200,,2026-06-04T18:27:09.360Z
itasca street,mattapan street,Itasca St,Mattapan St,Itasca St and Mattapan St,ok,1,"Itasca St & Mattapan St, Mattapan, MA 02126",-71.096701500001,42.278679000003,302,1,200,,2026-06-04T18:27:10.502Z
itasca street,messinger street,Itasca St,Messinger St,Itasca St and Messinger St,ok,1,"Itasca St & Messinger St, Mattapan, MA 02126",-71.101404000001,42.274557000003,328,1,200,,2026-06-04T18:27:11.729Z
jacob street,ballou avenue,Jacob St,Ballou Ave,Jacob St and Ballou Ave,ok,1,"Jacob St & Ballou Ave, Dorchester, MA 02124",-71.083723500001,42.284286000003,341,1,200,,2026-06-04T18:27:12.944Z
jacob street,jones avenue,Jacob St,Jones Ave,Jacob St and Jones Ave,ok,1,"Jacob St & Jones Ave, Dorchester, MA 02124",-71.082940500001,42.286428000003,266,1,200,,2026-06-04T18:27:14.071Z
jamaicaway,arborway,Jamaicaway,Arborway,Jamaicaway and Arborway,ok,2,"Jamaicaway & Arborway, Jamaica Plain, MA 02130",-71.122248000001,42.313338000003,432,1,200,,2026-06-04T18:27:15.436Z
jamaicaway,huntington avenue,Jamaicaway,Huntington Ave,Jamaicaway and Huntington Ave,ok,1,"Jamaicaway & Huntington Ave, Mission Hill, MA 02115",-71.112748500001,42.331815000003,474,1,200,,2026-06-04T18:27:16.680Z
jamestown terrace,dania street,Jamestown Ter,Dania St,Jamestown Ter and Dania St,ok,1,"Jamestown Ter & Dania St, Mattapan, MA 02126",-71.088520500001,42.272532000003,357,1,200,,2026-06-04T18:27:17.764Z
jeffries street,marginal street,Jeffries St,Marginal St,Jeffries St and Marginal St,ok,1,"Jeffries St & Marginal St, East Boston, MA 02128",-71.030295000001,42.363972000003,295,1,200,,2026-06-04T18:27:18.902Z
jeffries street,maverick street,Jeffries St,Maverick St,Jeffries St and Maverick St,ok,1,"Jeffries St & Maverick St, East Boston, MA 02128",-71.028873000001,42.365763000003,310,1,200,,2026-06-04T18:27:20.119Z
jenkins street,dorchester street,Jenkins St,Dorchester St,Jenkins St and Dorchester St,ok,1,"Jenkins St & Dorchester St, South Boston, MA 02127",-71.053920000001,42.331041000003,290,1,200,,2026-06-04T18:27:21.301Z
jenkins street,old colony avenue,Jenkins St,Old Colony Ave,Jenkins St and Old Colony Ave,ok,1,"Jenkins St & Old Colony Ave, South Boston, MA 02127",-71.052714000001,42.330015000003,426,1,200,,2026-06-04T18:27:22.640Z
jerome street,cushing avenue,Jerome St,Cushing Ave,Jerome St and Cushing Ave,ok,1,"Jerome St & Cushing Ave, Dorchester, MA 02125",-71.064607500001,42.314769000003,374,1,200,,2026-06-04T18:27:23.788Z
jerome street,everett avenue,Jerome St,Everett Ave,Jerome St and Everett Ave,ok,1,"Jerome St & Everett Ave, Dorchester, MA 02125",-71.063397000001,42.314535000003,388,1,200,,2026-06-04T18:27:25.004Z
jerome street,hancock street,Jerome St,Hancock St,Jerome St and Hancock St,ok,1,"Jerome St & Hancock St, Dorchester, MA 02125",-71.065876500001,42.314841000003,652,1,200,,2026-06-04T18:27:26.468Z
jersey street,boylston street,Jersey St,Boylston St,Jersey St and Boylston St,ok,1,"Jersey St & Boylston St, Fenway, MA 02215",-71.097822000001,42.344568000003,635,1,200,,2026-06-04T18:27:27.652Z
jersey street,park drive,Jersey St,Park Dr,Jersey St and Park Dr,ok,2,"Jersey St & Park Dr, Fenway, MA 02115",-71.096494500001,42.341841000003,392,1,200,,2026-06-04T18:27:28.610Z
jess street,porter street,Jess St,Porter St,Jess St and Porter St,ok,1,"Jess St & Porter St, Jamaica Plain, MA 02130",-71.103294000001,42.315588000003,302,1,200,,2026-06-04T18:27:29.724Z
joe l smith way,geneva avenue,Joe L Smith Way,Geneva Ave,Joe L Smith Way and Geneva Ave,ok,1,"Bishop Joe L Smith Way & Geneva Ave, Dorchester, MA 02121",-71.079732000001,42.307119000003,273,1,200,,2026-06-04T18:27:30.895Z
joe l smith way,washington street,Joe L Smith Way,Washington St,Joe L Smith Way and Washington St,ok,1,"Bishop Joe L Smith Way & Washington St, Dorchester, MA 02121",-71.081374500001,42.306111000003,327,1,200,,2026-06-04T18:27:32.148Z
johnny court,harrison avenue,Johnny Court,Harrison Avenue,Johnny Court and Harrison Avenue,ok,1,"Johnny Ct & Harrison Ave, Chinatown, MA 02111",-71.062650000001,42.347817000003,341,1,200,,2026-06-04T18:27:33.364Z
johnny court,harrrison avenue,Johnny Ct,Harrrison Ave,Johnny Ct and Harrrison Ave,ok,1,"Johnny Ct & Harrison Ave, Chinatown, MA 02111",-71.062650000001,42.347817000003,567,1,200,,2026-06-04T18:27:34.792Z
johnny court,maple place,Johnny Ct,Maple Place,Johnny Ct and Maple Place,ok,1,"Johnny Ct & Maple Pl, Chinatown, MA 02111",-71.063356500001,42.347979000003,332,1,200,,2026-06-04T18:27:35.758Z
johnston road,blue hill avenue,Johnston Rd,Blue Hill Ave,Johnston Rd and Blue Hill Ave,ok,1,"Johnston Rd & Blue Hill Ave, Dorchester, MA 02124",-71.090559000001,42.287238000003,362,1,200,,2026-06-04T18:27:36.988Z
johnston road,harvard street,Johnston Rd,Harvard St,Johnston Rd and Harvard St,ok,1,"Johnston Rd & Harvard St, Dorchester, MA 02124",-71.093632500001,42.287796000003,334,1,200,,2026-06-04T18:27:38.163Z
jones avenue,ballou avenue,Jones Ave,Ballou Ave,Jones Ave and Ballou Ave,ok,1,"Jones Ave & Ballou Ave, Dorchester, MA 02124",-71.081118000001,42.286806000003,398,1,200,,2026-06-04T18:27:39.429Z
jones avenue,mascot street,Jones Ave,Mascot St,Jones Ave and Mascot St,ok,1,"Jones Ave & Mascot St, Dorchester, MA 02124",-71.084632500001,42.286059000003,325,1,200,,2026-06-04T18:27:40.556Z
josephine street,ditson street,Josephine St,Ditson St,Josephine St and Ditson St,ok,1,"Josephine St & Ditson St, Dorchester, MA 02122",-71.063752500001,42.300819000003,290,1,200,,2026-06-04T18:27:41.723Z
josephine street,geneva avenue,Josephine St,Geneva Ave,Josephine St and Geneva Ave,ok,1,"Josephine St & Geneva Ave, Dorchester, MA 02122",-71.066052000001,42.300225000003,776,1,200,,2026-06-04T18:27:43.410Z
joy street,cambridge street,Joy St,Cambridge St,Joy St and Cambridge St,ok,1,"Joy St & Cambridge St, Beacon Hill, MA 02114",-71.065129500001,42.361128000003,530,1,200,,2026-06-04T18:27:44.364Z
joy street,mt vernon place,Joy St,Mt Vernon Pl,Joy St and Mt Vernon Pl,ok,1,"Joy St & Mount Vernon Pl, Beacon Hill, MA 02108",-71.065080000001,42.358005000003,293,1,200,,2026-06-04T18:27:45.327Z
judson street,brookford street,Judson St,Brookford Street,Judson St and Brookford Street,ok,1,"Judson St & Brookford St, Roxbury, MA 02125",-71.075749500001,42.318441000003,359,1,200,,2026-06-04T18:27:46.596Z
judson street,west cottage street,Judson St,West Cottage Street,Judson St and West Cottage Street,ok,1,"Judson St & W Cottage St, Roxbury, MA 02119",-71.075029500001,42.320646000003,346,1,200,,2026-06-04T18:27:47.784Z
julian street,blue hill avenue,Julian St,Blue Hill Avenue,Julian St and Blue Hill Avenue,ok,1,"Julian St & Blue Hill Ave, Roxbury, MA 02119",-71.077756500001,42.319278000003,378,1,200,,2026-06-04T18:27:49.017Z
julian street,howard street,Julian St,Howard Street,Julian St and Howard Street,ok,1,"Julian St & Howard Ave, Roxbury, MA 02125",-71.073855000001,42.318558000003,491,1,200,,2026-06-04T18:27:50.330Z
juliette street,fox street,Juliette St,Fox St,Juliette St and Fox St,ok,1,"Juliette St & Fox St, Dorchester, MA 02122",-71.062938000001,42.306534000003,530,1,200,,2026-06-04T18:27:51.570Z
juliette street,linden street,Juliette St,Linden St,Juliette St and Linden St,ok,1,"Juliette St & Linden St, Dorchester, MA 02122",-71.062308000001,42.305175000003,266,1,200,,2026-06-04T18:27:52.507Z
k street,columbia road,K St,Columbia Rd,K St and Columbia Rd,ok,1,"K St & Columbia Rd, South Boston, MA 02127",-71.037252000001,42.329727000003,322,1,200,,2026-06-04T18:27:53.764Z
k street,east broadway,K St,East Broadway,K St and East Broadway,ok,1,"K St & E Broadway, South Boston, MA 02127",-71.037414000001,42.335604000003,391,1,200,,2026-06-04T18:27:55.036Z
k street,east first street,K St,East First St,K St and East First St,ok,1,"K St & E First St, South Boston, MA 02127",-71.037499500001,42.338115000003,416,1,200,,2026-06-04T18:27:56.262Z
kane street,bellevue street,Kane St,Bellevue St,Kane St and Bellevue St,ok,1,"Kane St & Bellevue St, Dorchester, MA 02125",-71.068509000001,42.309378000003,285,1,200,,2026-06-04T18:27:57.330Z
kane street,stanley street,Kane St,Stanley St,Kane St and Stanley St,ok,1,"Kane St & Stanley St, Dorchester, MA 02125",-71.069395500001,42.309702000003,295,1,200,,2026-06-04T18:27:58.540Z
kearsarge avenue,warren street,Kearsarge Ave,Warren St,Kearsarge Ave and Warren St,ok,1,"Kearsarge Ave & Warren St, Roxbury, MA 02119",-71.083080000001,42.327459000003,283,1,200,,2026-06-04T18:27:59.728Z
kearsarge avenue,winthrop street,Kearsarge Ave,Winthrop St,Kearsarge Ave and Winthrop St,ok,1,"Kearsarge Ave & Winthrop St, Roxbury, MA 02119",-71.082058500001,42.326370000003,710,1,200,,2026-06-04T18:28:01.357Z
kelton street,commonwealth avenue,Kelton St,Commonwealth Ave,Kelton St and Commonwealth Ave,ok,2,"Kelton St & Commonwealth Ave, Allston, MA 02135",-71.140207500001,42.348627000003,424,1,200,,2026-06-04T18:28:02.273Z
kelton street,corey road,Kelton St,Corey Rd,Kelton St and Corey Rd,ok,1,"Kelton St & Corey Rd, Allston, MA 02134",-71.135617500001,42.346251000003,335,1,200,,2026-06-04T18:28:03.387Z
kendall street,lenox street,Kendall St,Lenox St,Kendall St and Lenox St,ok,1,"Kendall St & Lenox St, Roxbury, MA 02118",-71.082639000001,42.337692000003,333,1,200,,2026-06-04T18:28:04.584Z
kendall street,shawmut avenue,Kendall St,Shawmut Ave,Kendall St and Shawmut Ave,ok,1,"Kendall St & Shawmut Ave, Roxbury, MA 02118",-71.081460000001,42.334929000003,377,1,200,,2026-06-04T18:28:05.831Z
kenilworth street,dudley street,Kenilworth St,Dudley St,Kenilworth St and Dudley St,ok,2,"Kenilworth St & Dudley St, Roxbury, MA 02119",-71.088583500001,42.329367000003,348,1,200,,2026-06-04T18:28:07.002Z
kenmore street,commonwealth avenue,Kenmore St,Commonwealth Ave,Kenmore St and Commonwealth Ave,ok,2,"Kenmore St & Commonwealth Ave, Fenway, MA 02215",-71.094978000001,42.348807000003,315,1,200,,2026-06-04T18:28:08.169Z
kenmore street,newbury street,Kenmore St,Newbury St,Kenmore St and Newbury St,ok,1,"Kenmore St & Newbury St, Fenway, MA 02215",-71.094946500001,42.348042000003,375,1,200,,2026-06-04T18:28:09.430Z
kenney street,day street,Kenney St,Day St,Kenney St and Day St,ok,1,"Kenney St & Day St, Jamaica Plain, MA 02130",-71.108694000001,42.324210000003,279,1,200,,2026-06-04T18:28:10.535Z
kensington street,elmore street,Kensington St,Elmore St,Kensington St and Elmore St,ok,1,"Kensington St & Elmore St, Roxbury, MA 02119",-71.091382500001,42.320421000003,311,1,200,,2026-06-04T18:28:11.768Z
kenton road,washington street,Kenton Rd,Washington St,Kenton Rd and Washington St,ok,1,"Kenton Rd & Washington St, Jamaica Plain, MA 02130",-71.106610500001,42.307371000003,612,1,200,,2026-06-04T18:28:13.271Z
kenwood street,allston street,Kenwood St,Allston St,Kenwood St and Allston St,ok,1,"Kenwood St & Allston St, Dorchester, MA 02124",-71.067132000001,42.292935000003,334,1,200,,2026-06-04T18:28:14.196Z
kenwood street,washington street,Kenwood St,Washington St,Kenwood St and Washington St,ok,1,"Kenwood St & Washington St, Dorchester, MA 02124",-71.071722000001,42.291684000003,300,1,200,,2026-06-04T18:28:15.364Z
kerr place,dewitt drive,Kerr Pl,Dewitt Dr,Kerr Pl and Dewitt Dr,ok,1,"Kerr Pl & Dewitt Dr, Roxbury, MA 02120",-71.084331000001,42.333597000003,615,1,200,,2026-06-04T18:28:16.878Z
kerr place,sojourner truth court,Kerr Pl,Sojourner Truth Ct,Kerr Pl and Sojourner Truth Ct,ok,1,"Kerr Pl & Sojourner Truth Ct, Roxbury, MA 02120",-71.085222000001,42.333984000003,294,1,200,,2026-06-04T18:28:17.762Z
kerwin street,bernard street,Kerwin St,Bernard St,Kerwin St and Bernard St,ok,1,"Kerwin St & Bernard St, Dorchester, MA 02124",-71.080029000001,42.293808000003,303,1,200,,2026-06-04T18:28:18.968Z
kerwin street,talbot avenue,Kerwin St,Talbot Ave,Kerwin St and Talbot Ave,ok,1,"Kerwin St & Talbot Ave, Dorchester, MA 02124",-71.082558000001,42.293331000003,353,1,200,,2026-06-04T18:28:20.219Z
keswick street,beacon street,Keswick St,Beacon St,Keswick St and Beacon St,ok,1,"Keswick St & Beacon St, Fenway, MA 02215",-71.105989500001,42.346260000003,371,1,200,,2026-06-04T18:28:21.439Z
keswick street,medfield street,Keswick St,Medfield St,Keswick St and Medfield St,ok,1,"Keswick St & Medfield St, Fenway, MA 02215",-71.105589000001,42.345441000003,611,1,200,,2026-06-04T18:28:22.881Z
kilby street,milk street,Kilby St,Milk St,Kilby St and Milk St,ok,2,"Kilby St & Milk St, Downtown, MA 02110",-71.055112500001,42.357204000003,375,1,200,,2026-06-04T18:28:23.846Z
kilby street,state street,Kilby St,State St,Kilby St and State St,ok,1,"Kilby St & State St, Downtown, MA 02109",-71.055900000001,42.358995000003,297,1,200,,2026-06-04T18:28:24.970Z
kilmarnock street,park drive,Kilmarnock St,Park Dr,Kilmarnock St and Park Dr,ok,2,"Kilmarnock St & Park Dr, Fenway, MA 02215",-71.098425000001,42.340770000003,326,1,200,,2026-06-04T18:28:26.200Z
kilmarnock street,van ness street,Kilmarnock St,Van Ness St,Kilmarnock St and Van Ness St,ok,1,"Kilmarnock St & Van Ness St, Fenway, MA 02215",-71.100472500001,42.344694000003,308,1,200,,2026-06-04T18:28:27.382Z
kilsyth road,brookline town line,Kilsyth Rd,Brookline Town Line,Kilsyth Rd and Brookline Town Line,no_match,0,,,,155,1,200,,2026-06-04T18:28:28.429Z
kilsyth road,lanark road,Kilsyth Rd,Lanark Rd,Kilsyth Rd and Lanark Rd,ok,2,"Kilsyth Rd & Lanark Rd, Brighton, MA 02135",-71.146737000001,42.340275000003,437,1,200,,2026-06-04T18:28:29.913Z
kilsyth terrace,kilsyth road,Kilsyth Ter,Kilsyth Rd,Kilsyth Ter and Kilsyth Rd,ok,1,"Kilsyth Ter & Kilsyth Rd, Brighton, MA 02135",-71.147056500001,42.339231000003,295,1,200,,2026-06-04T18:28:30.971Z
kimball street,dorchester avenue,Kimball St,Dorchester Ave,Kimball St and Dorchester Ave,ok,1,"Kimball St & Dorchester Ave, Dorchester, MA 02122",-71.059194000001,42.304212000003,351,1,200,,2026-06-04T18:28:32.230Z
kimball street,freeport street,Kimball St,Freeport St,Kimball St and Freeport St,ok,1,"Kimball St & Freeport St, Dorchester, MA 02122",-71.056917000001,42.305121000003,417,1,200,,2026-06-04T18:28:33.496Z
king street,malcolm x boulevard,King St,Malcolm X Blvd,King St and Malcolm X Blvd,ok,1,"King St & Malcolm X Blvd, Roxbury, MA 02120",-71.092890000001,42.331284000003,397,1,200,,2026-06-04T18:28:34.677Z
king street,roxbury street,King St,Roxbury St,King St and Roxbury St,ok,1,"King St & Roxbury St, Roxbury, MA 02120",-71.092552500001,42.330186000003,419,1,200,,2026-06-04T18:28:35.900Z
kingsboro park,centre street,Kingsboro Park,Centre St,Kingsboro Park and Centre St,ok,1,"Kingsboro Park & Centre St, Jamaica Plain, MA 02130",-71.112388500001,42.318459000003,385,1,200,,2026-06-04T18:28:37.065Z
kingsdale street,standish street,Kingsdale St,Standish St,Kingsdale St and Standish St,ok,1,"Kingsdale St & Standish St, Dorchester, MA 02124",-71.079120000001,42.295392000003,391,1,200,,2026-06-04T18:28:38.272Z
kingsdale street,wales street,Kingsdale St,Wales St,Kingsdale St and Wales St,ok,1,"Kingsdale St & Wales St, Dorchester, MA 02124",-71.083588500001,42.294420000003,311,1,200,,2026-06-04T18:28:39.393Z
kingston street,edinboro street,Kingston St,Edinboro St,Kingston St and Edinboro St,ok,1,"Kingston St & Edinboro St, Chinatown, MA 02111",-71.059590000001,42.351642000003,353,1,200,,2026-06-04T18:28:40.637Z
kingston street,summer street,Kingston St,Summer St,Kingston St and Summer St,ok,1,"Kingston St & Summer St, Downtown, MA 02110",-71.058604500001,42.354090000003,352,1,200,,2026-06-04T18:28:41.838Z
kinross road,commonwealth avenue,Kinross Rd,Commonwealth Ave,Kinross Rd and Commonwealth Ave,ok,1,"Kinross Rd & Commonwealth Ave, Brighton, MA 02135",-71.150364000001,42.340905000003,335,1,200,,2026-06-04T18:28:43.020Z
kinross road,sutherland road,Kinross Rd,Sutherland Rd,Kinross Rd and Sutherland Rd,ok,1,"Kinross Rd & Sutherland Rd, Brighton, MA 02135",-71.148370500001,42.339906000003,363,1,200,,2026-06-04T18:28:44.249Z
kirkwood road,chestnut hill avenue,Kirkwood Rd,Chestnut Hill Ave,Kirkwood Rd and Chestnut Hill Ave,ok,1,"Kirkwood Rd & Chestnut Hill Ave, Brighton, MA 02135",-71.155705500001,42.340248000003,336,1,200,,2026-06-04T18:28:45.423Z
kirkwood road,foster street,Kirkwood Rd,Foster St,Kirkwood Rd and Foster St,ok,1,"Kirkwood Rd & Foster St, Brighton, MA 02135",-71.158918500001,42.341553000003,335,1,200,,2026-06-04T18:28:46.623Z
knapp street,knapp street,Knapp St,Knapp St,Knapp St and Knapp St,no_match,0,,,,155,1,200,,2026-06-04T18:28:47.644Z
knapp street,kneeland street,Knapp St,Kneeland St,Knapp St and Kneeland St,ok,1,"Knapp St & Kneeland St, Chinatown, MA 02111",-71.062186500001,42.350796000003,492,1,200,,2026-06-04T18:28:49.182Z
kneeland street,atlantic avenue,Kneeland St,Atlantic Ave,Kneeland St and Atlantic Ave,ok,1,"Kneeland St & Atlantic Ave, Leather District, MA 02111",-71.057056500001,42.349536000003,539,1,200,,2026-06-04T18:28:50.429Z
kneeland street,washington street,Kneeland St,Washington St,Kneeland St and Washington St,ok,1,"Kneeland St & Washington St, Downtown, MA 02116",-71.063014500001,42.350931000003,305,1,200,,2026-06-04T18:28:51.395Z
knowlton street,east eighth street,Knowlton St,East Eighth St,Knowlton St and East Eighth St,ok,1,"Knowlton St & E Eighth St, South Boston, MA 02127",-71.049820500001,42.332040000003,516,1,200,,2026-06-04T18:28:52.807Z
knowlton street,telegraph street,Knowlton St,Telegraph St,Knowlton St and Telegraph St,ok,1,"Knowlton St & Telegraph St, South Boston, MA 02127",-71.049807000001,42.332949000003,412,1,200,,2026-06-04T18:28:53.902Z
l street,columbia road,L St,Columbia Rd,L St and Columbia Rd,ok,1,"L St & Columbia Rd, South Boston, MA 02127",-71.035200000001,42.329538000003,471,1,200,,2026-06-04T18:28:55.161Z
l street,east broadway,L St,East Broadway,L St and East Broadway,ok,1,"L St & E Broadway, South Boston, MA 02127",-71.035425000001,42.335640000003,298,1,200,,2026-06-04T18:28:56.189Z
l street,east second street,L St,East Second St,L St and East Second St,ok,1,"L St & E Second St, South Boston, MA 02127",-71.035474500001,42.337332000003,316,1,200,,2026-06-04T18:28:57.407Z
la grange street,tremont street,La Grange St,Tremont St,La Grange St and Tremont St,ok,1,"Lagrange St & Tremont St, Downtown, MA 02116",-71.064724500001,42.351687000003,343,1,200,,2026-06-04T18:28:58.635Z
la grange street,washington street,La Grange St,Washington St,La Grange St and Washington St,ok,2,"Lagrange St & Washington St, Chinatown, MA 02116",-71.062821000001,42.351498000003,359,1,200,,2026-06-04T18:28:59.851Z
lake shore road,kenrick street,Lake Shore Rd,Kenrick St,Lake Shore Rd and Kenrick St,ok,1,"Lake Shore Rd & Kenrick St, Brighton, MA 02135",-71.169331500001,42.346764000003,414,1,200,,2026-06-04T18:29:01.107Z
lake shore road,lake street,Lake Shore Rd,Lake St,Lake Shore Rd and Lake St,ok,1,"Lake Shore Rd & Lake St, Brighton, MA 02135",-71.162869500001,42.345414000003,361,1,200,,2026-06-04T18:29:02.256Z
lamartine street,boylston street,Lamartine St,Boylston St,Lamartine St and Boylston St,ok,1,"Lamartine St & Boylston St, Jamaica Plain, MA 02130",-71.104900500001,42.317028000003,278,1,200,,2026-06-04T18:29:03.375Z
lamartine street,centre street,Lamartine St,Centre St,Lamartine St and Centre St,ok,1,"Lamartine St & Centre St, Jamaica Plain, MA 02130",-71.100576000001,42.322824000003,349,1,200,,2026-06-04T18:29:04.646Z
lamartine street,mozart street,Lamartine St,Mozart St,Lamartine St and Mozart St,ok,1,"Lamartine St & Mozart St, Jamaica Plain, MA 02130",-71.103163500001,42.319440000003,294,1,200,,2026-06-04T18:29:05.791Z
lambert avenue,cedar street,Lambert Ave,Cedar St,Lambert Ave and Cedar St,ok,1,"Lambert Ave & Cedar St, Roxbury, MA 02119",-71.091801000001,42.325992000003,560,1,200,,2026-06-04T18:29:07.259Z
lambert avenue,dudley street,Lambert Ave,Dudley St,Lambert Ave and Dudley St,ok,1,"Lambert Ave & Dudley St, Roxbury, MA 02119",-71.088583500001,42.329367000003,418,1,200,,2026-06-04T18:29:08.319Z
lambert street,highland street,Lambert St,Highland St,Lambert St and Highland St,ok,1,"Lambert St & Highland St, Roxbury, MA 02119",-71.091999000001,42.328674000003,361,1,200,,2026-06-04T18:29:09.462Z
lambert street,lambert avenue,Lambert St,Lambert Ave,Lambert St and Lambert Ave,ok,1,"Lambert St & Lambert Ave, Roxbury, MA 02119",-71.089816500001,42.327747000003,402,1,200,,2026-06-04T18:29:10.704Z
lamson street,maverick street,Lamson St,Maverick St,Lamson St and Maverick St,ok,1,"Lamson St & Maverick St, East Boston, MA 02128",-71.032014000001,42.367140000003,465,1,200,,2026-06-04T18:29:11.967Z
lamson street,webster street,Lamson St,Webster St,Lamson St and Webster St,ok,1,"Lamson St & Webster St, East Boston, MA 02128",-71.033607000001,42.365241000003,359,1,200,,2026-06-04T18:29:13.063Z
lanark road,colliston road,Lanark Rd,Colliston Rd,Lanark Rd and Colliston Rd,ok,1,"Lanark Rd & Colliston Rd, Brighton, MA 02135",-71.145864000001,42.339420000003,478,1,200,,2026-06-04T18:29:14.382Z
lanark road,kinross road,Lanark Rd,Kinross Rd,Lanark Rd and Kinross Rd,ok,1,"Lanark Rd & Kinross Rd, Brighton, MA 02135",-71.149194000001,42.340329000003,492,1,200,,2026-06-04T18:29:15.598Z
lanark road,sutherland road,Lanark Rd,Sutherland Rd,Lanark Rd and Sutherland Rd,ok,1,"Lanark Rd & Sutherland Rd, Brighton, MA 02135",-71.147601000001,42.340608000003,303,1,200,,2026-06-04T18:29:16.609Z
lancaster street,causeway street,Lancaster St,Causeway St,Lancaster St and Causeway St,ok,1,"Lancaster St & Causeway St, West End, MA 02114",-71.062884000001,42.364512000003,939,1,200,,2026-06-04T18:29:18.445Z
lancaster street,merrimac street,Lancaster St,Merrimac St,Lancaster St and Merrimac St,ok,1,"Lancaster St & Merrimac St, West End, MA 02114",-71.062132500001,42.363666000003,854,1,200,,2026-06-04T18:29:19.560Z
landor road,blue hill avenue,Landor Rd,Blue Hill Ave,Landor Rd and Blue Hill Ave,ok,1,"Landor Rd & Blue Hill Ave, Mattapan, MA 02126",-71.091688500001,42.283278000003,353,1,200,,2026-06-04T18:29:20.260Z
landor road,leston street,Landor Rd,Leston St,Landor Rd and Leston St,ok,1,"Landor Rd & Leston St, Mattapan, MA 02126",-71.090284500001,42.283143000003,330,1,200,,2026-06-04T18:29:21.437Z
langford park,copeland street,Langford Park,Copeland St,Langford Park and Copeland St,ok,1,"Langford Park & Copeland St, Roxbury, MA 02119",-71.080074000001,42.322644000003,300,1,200,,2026-06-04T18:29:22.608Z
lansdowne street,brookline avenue,Lansdowne St,Brookline Ave,Lansdowne St and Brookline Ave,ok,1,"Lansdowne St & Brookline Ave, Fenway, MA 02215",-71.098551000001,42.347178000003,457,1,200,,2026-06-04T18:29:23.964Z
lansdowne street,ipswich street,Lansdowne St,Ipswich St,Lansdowne St and Ipswich St,ok,1,"Lansdowne St & Ipswich St, Fenway, MA 02215",-71.094339000001,42.347187000003,409,1,200,,2026-06-04T18:29:25.119Z
larchmont street,greenbrier street,Larchmont St,Greenbrier St,Larchmont St and Greenbrier St,ok,1,"Larchmont St & Greenbrier St, Dorchester, MA 02124",-71.070520500001,42.296895000003,387,1,200,,2026-06-04T18:29:26.298Z
larchmont street,waldeck street,Larchmont St,Waldeck St,Larchmont St and Waldeck St,ok,1,"Larchmont St & Waldeck St, Dorchester, MA 02124",-71.066718000001,42.297534000003,378,1,200,,2026-06-04T18:29:27.490Z
lark street,west eighth street,Lark St,West Eighth St,Lark St and West Eighth St,ok,1,"Lark St & W Eighth St, South Boston, MA 02127",-71.052367500001,42.333867000003,362,1,200,,2026-06-04T18:29:28.675Z
lark street,west ninth street,Lark St,West Ninth St,Lark St and West Ninth St,ok,1,"Lark St & W Ninth St, South Boston, MA 02127",-71.052876000001,42.333507000003,334,1,200,,2026-06-04T18:29:29.848Z
laurel street,catawba street,Laurel St,Catawba St,Laurel St and Catawba St,ok,1,"Laurel St & Catawba St, Roxbury, MA 02119",-71.085010500001,42.320295000003,669,1,200,,2026-06-04T18:29:31.384Z
laurel street,cedar street,Laurel St,Cedar St,Laurel St and Cedar St,ok,1,"Laurel St & Cedar St, Charlestown, MA 02129",-71.062006500001,42.376779000003,353,1,200,,2026-06-04T18:29:32.270Z
laurel street,humboldt avenue,Laurel St,Humboldt Ave,Laurel St and Humboldt Ave,ok,1,"Laurel St & Humboldt Ave, Roxbury, MA 02119",-71.085982500001,42.319818000003,734,1,200,,2026-06-04T18:29:33.855Z
laurel street,monument square,Laurel St,Monument Sq,Laurel St and Monument Sq,ok,1,"Laurel St & Monument Sq, Charlestown, MA 02129",-71.061534000001,42.376617000003,589,1,200,,2026-06-04T18:29:34.908Z
lauriat street,callender street,Lauriat St,Callender St,Lauriat St and Callender St,ok,1,"Lauriat St & Callender St, Dorchester, MA 02124",-71.080645500001,42.288921000003,335,1,200,,2026-06-04T18:29:35.856Z
lauriat street,woodrow avenue,Lauriat St,Woodrow Ave,Lauriat St and Woodrow Ave,ok,1,"Lauriat St & Woodrow Ave, Dorchester, MA 02124",-71.080281000001,42.288012000003,397,1,200,,2026-06-04T18:29:37.119Z
lawn street,bucknam street,Lawn St,Bucknam St,Lawn St and Bucknam St,ok,1,"Lawn St & Bucknam St, Mission Hill, MA 02120",-71.104171500001,42.326748000003,400,1,200,,2026-06-04T18:29:38.323Z
lawn street,estey street,Lawn St,Estey St,Lawn St and Estey St,ok,1,"Lawn St & Estey St, Mission Hill, MA 02130",-71.107902000001,42.327738000003,359,1,200,,2026-06-04T18:29:39.483Z
lawnwood place,main street,Lawnwood Pl,Main St,Lawnwood Pl and Main St,ok,1,"Lawnwood Pl & Main St, Charlestown, MA 02129",-71.066241000001,42.376869000003,353,1,200,,2026-06-04T18:29:40.678Z
lawrence avenue,blue hill avenue,Lawrence Ave,Blue Hill Ave,Lawrence Ave and Blue Hill Ave,ok,1,"Lawrence Ave & Blue Hill Ave, Roxbury, MA 02121",-71.079520500001,42.313509000003,380,1,200,,2026-06-04T18:29:41.905Z
lawrence avenue,magnolia street,Lawrence Ave,Magnolia St,Lawrence Ave and Magnolia St,ok,1,"Lawrence Ave & Magnolia St, Dorchester, MA 02121",-71.074480500001,42.310602000003,504,1,200,,2026-06-04T18:29:43.231Z
lawrence street,austin street,Lawrence St,Austin St,Lawrence St and Austin St,ok,1,"Lawrence St & Austin St, Charlestown, MA 02129",-71.065444500001,42.374988000003,357,1,200,,2026-06-04T18:29:44.286Z
lawrence street,berkeley street,Lawrence St,Berkeley St,Lawrence St and Berkeley St,ok,1,"Lawrence St & Berkeley St, South End, MA 02116",-71.070813000001,42.346692000003,274,1,200,,2026-06-04T18:29:45.403Z
lawrence street,dartmouth street,Lawrence St,Dartmouth St,Lawrence St and Dartmouth St,ok,1,"Lawrence St & Dartmouth St, South End, MA 02116",-71.075079000001,42.345549000003,294,1,200,,2026-06-04T18:29:46.624Z
lawrence street,union street,Lawrence St,Union St,Lawrence St and Union St,ok,1,"Lawrence St & Union St, Charlestown, MA 02129",-71.064882000001,42.374151000003,347,1,200,,2026-06-04T18:29:47.878Z
leahaven road,meadowbank avenue,Leahaven Rd,Meadowbank Ave,Leahaven Rd and Meadowbank Ave,ok,1,"Leahaven Rd & Meadowbank Ave, Mattapan, MA 02126",-71.082013500001,42.270066000003,486,1,200,,2026-06-04T18:29:49.218Z
leahaven road,river street,Leahaven Rd,River St,Leahaven Rd and River St,ok,1,"Leahaven Rd & River St, Mattapan, MA 02126",-71.082238500001,42.271335000003,308,1,200,,2026-06-04T18:29:50.240Z
leamington road,commonwealth avenue,Leamington Rd,Commonwealth Ave,Leamington Rd and Commonwealth Ave,ok,1,"Leamington Rd & Commonwealth Ave, Brighton, MA 02135",-71.148690000001,42.341814000003,405,1,200,,2026-06-04T18:29:51.539Z
leamington road,wallingford road,Leamington Rd,Wallingford Rd,Leamington Rd and Wallingford Rd,ok,1,"Leamington Rd & Wallingford Rd, Brighton, MA 02135",-71.151525000001,42.341832000003,378,1,200,,2026-06-04T18:29:52.714Z
lebanon street,alexander street,Lebanon St,Alexander St,Lebanon St and Alexander St,ok,1,"Lebanon St & Alexander St, Dorchester, MA 02125",-71.069526000001,42.317793000003,351,1,200,,2026-06-04T18:29:53.887Z
lebanon street,magnolia street,Lebanon St,Magnolia St,Lebanon St and Magnolia St,ok,1,"Lebanon St & Magnolia St, Dorchester, MA 02125",-71.070165000001,42.317937000003,385,1,200,,2026-06-04T18:29:55.121Z
ledgebrook road,meadowbank avenue,Ledgebrook Rd,Meadowbank Ave,Ledgebrook Rd and Meadowbank Ave,ok,1,"Ledgebrook Rd & Meadowbank Ave, Mattapan, MA 02126",-71.083264500001,42.269724000003,396,1,200,,2026-06-04T18:29:56.333Z
ledgebrook road,river street,Ledgebrook Rd,River St,Ledgebrook Rd and River St,ok,1,"Ledgebrook Rd & River St, Mattapan, MA 02126",-71.083750500001,42.271254000003,359,1,200,,2026-06-04T18:29:57.497Z
lee hill road,washington street,Lee Hill Rd,Washington St,Lee Hill Rd and Washington St,ok,1,"Lee Hill Rd & Washington St, Roslindale, MA 02131",-71.125960500001,42.288489000003,292,1,200,,2026-06-04T18:29:58.632Z
leeds street,dorchester avenue,Leeds St,Dorchester Ave,Leeds St and Dorchester Ave,ok,1,"Leeds St & Dorchester Ave, South Boston, MA 02127",-71.056957500001,42.330402000003,378,1,200,,2026-06-04T18:29:59.918Z
leeds street,dorchester street,Leeds St,Dorchester St,Leeds St and Dorchester St,ok,1,"Leeds St & Dorchester St, South Boston, MA 02127",-71.056376625488,42.330222719769,829,1,200,,2026-06-04T18:30:01.570Z
leeds street,woodward street,Leeds St,Woodward St,Leeds St and Woodward St,ok,1,"Leeds St & Woodward St, South Boston, MA 02127",-71.055621000001,42.330870000003,386,1,200,,2026-06-04T18:30:02.328Z
leicester street,arlington street,Leicester St,Arlington St,Leicester St and Arlington St,ok,1,"Leicester St & Arlington St, Brighton, MA 02135",-71.153581500001,42.352137000003,314,1,200,,2026-06-04T18:30:03.457Z
leicester street,washington street,Leicester St,Washington St,Leicester St and Washington St,ok,1,"Leicester St & Washington St, Brighton, MA 02135",-71.154621000001,42.349131000003,471,1,200,,2026-06-04T18:30:04.815Z
lenox street,tremont street,Lenox St,Tremont St,Lenox St and Tremont St,ok,1,"Lenox St & Tremont St, Roxbury, MA 02118",-71.082967500001,42.337899000003,295,1,200,,2026-06-04T18:30:05.839Z
lenox street,washington street,Lenox St,Washington St,Lenox St and Washington St,ok,1,"Lenox St & Washington St, Roxbury, MA 02118",-71.078796000001,42.335055000003,346,1,200,,2026-06-04T18:30:07.092Z
leonard street,adams street,Leonard St,Adams St,Leonard St and Adams St,ok,1,"Leonard St & Adams St, Dorchester, MA 02122",-71.059635000001,42.301260000003,609,1,200,,2026-06-04T18:30:08.556Z
leonard street,clayton street,Leonard St,Clayton St,Leonard St and Clayton St,ok,1,"Leonard St & Clayton St, Dorchester, MA 02122",-71.056318500001,42.302286000003,451,1,200,,2026-06-04T18:30:09.598Z
leroy street,ditson street,Leroy St,Ditson St,Leroy St and Ditson St,ok,1,"Leroy St & Ditson St, Dorchester, MA 02122",-71.064027000001,42.301305000003,378,1,200,,2026-06-04T18:30:10.728Z
leroy street,geneva avenue,Leroy St,Geneva Ave,Leroy St and Geneva Ave,ok,1,"Leroy St & Geneva Ave, Dorchester, MA 02122",-71.066727000001,42.300630000003,310,1,200,,2026-06-04T18:30:11.861Z
lesher street,south street,Lesher St,South St,Lesher St and South St,ok,1,"Lesher St & South St, Roslindale, MA 02131",-71.123062500001,42.292935000003,461,1,200,,2026-06-04T18:30:13.212Z
lesher street,washington street,Lesher St,Washington St,Lesher St and Washington St,ok,1,"Lesher St & Washington St, Roslindale, MA 02131",-71.121928500001,42.292269000003,404,1,200,,2026-06-04T18:30:14.357Z
leston street,morton street,Leston St,Morton St,Leston St and Morton St,ok,1,"Leston St & Morton St, Dorchester, MA 02124",-71.089551000001,42.283863000003,354,1,200,,2026-06-04T18:30:15.510Z
leston street,woolson street,Leston St,Woolson St,Leston St and Woolson St,ok,1,"Leston St & Woolson St, Mattapan, MA 02126",-71.091315000001,42.282099000003,673,1,200,,2026-06-04T18:30:17.029Z
levant street,geneva avenue,Levant St,Geneva Ave,Levant St and Geneva Ave,ok,1,"Levant St & Geneva Ave, Dorchester, MA 02122",-71.070925500001,42.303105000003,424,1,200,,2026-06-04T18:30:17.983Z
levant street,topliff street,Levant St,Topliff St,Levant St and Topliff St,ok,1,"Levant St & Topliff St, Dorchester, MA 02122",-71.068360500001,42.303663000003,345,1,200,,2026-06-04T18:30:19.104Z
lexington street,border street,Lexington St,Border St,Lexington St and Border St,ok,1,"Lexington St & Border St, East Boston, MA 02128",-71.039884500001,42.377130000003,335,1,200,,2026-06-04T18:30:20.295Z
lexington street,bunker hill street,Lexington St,Bunker Hill St,Lexington St and Bunker Hill St,ok,1,"Lexington St & Bunker Hill St, Charlestown, MA 02129",-71.059117500001,42.377787000003,344,1,200,,2026-06-04T18:30:21.505Z
lexington street,east eagle street,Lexington St,East Eagle St,Lexington St and East Eagle St,ok,1,"Lexington St & E Eagle St, East Boston, MA 02128",-71.027838000001,42.381342000003,270,1,200,,2026-06-04T18:30:22.632Z
lexington street,monument square,Lexington St,Monument Sq,Lexington St and Monument Sq,ok,1,"Lexington St & Monument Sq, Charlestown, MA 02129",-71.059720500001,42.376671000003,300,1,200,,2026-06-04T18:30:23.863Z
liberty place,preble street,Liberty Pl,Preble St,Liberty Pl and Preble St,ok,1,"Liberty Pl & Preble St, South Boston, MA 02127",-71.053474500001,42.329259000003,388,1,200,,2026-06-04T18:30:25.153Z
lime street,brimmer street,Lime St,Brimmer St,Lime St and Brimmer St,ok,1,"Lime St & Brimmer St, Beacon Hill, MA 02108",-71.071861500001,42.357087000003,376,1,200,,2026-06-04T18:30:26.341Z
lime street,river street,Lime St,River St,Lime St and River St,ok,1,"Lime St & River St, Beacon Hill, MA 02108",-71.070547500001,42.357384000003,330,1,200,,2026-06-04T18:30:27.496Z
lincoln street,adams street,Lincoln St,Adams St,Lincoln St and Adams St,ok,1,"Lincoln St & Adams St, Dorchester, MA 02122",-71.058816000001,42.300000000003,292,1,200,,2026-06-04T18:30:28.660Z
lincoln street,dorchester avenue,Lincoln St,Dorchester Ave,Lincoln St and Dorchester Ave,ok,1,Dorchester Ave & Lincoln St,-71.06029821649267,42.29978448229096,104,1,200,,2026-06-04T19:43:37.554Z
lincoln street,kneeland street,Lincoln St,Kneeland St,Lincoln St and Kneeland St,ok,1,"Lincoln St & Kneeland St, Leather District, MA 02111",-71.058919500001,42.349959000003,461,1,200,,2026-06-04T18:30:45.840Z
lincoln street,summer street,Lincoln St,Summer St,Lincoln St and Summer St,ok,2,"Lincoln St & Summer St, Downtown, MA 02110",-71.057848500001,42.353586000003,525,1,200,,2026-06-04T18:30:47.107Z
lindall street,cummins highway,Lindall St,Cummins Hwy,Lindall St and Cummins Hwy,ok,1,"Lindall St & Cummins Hwy, Roslindale, MA 02131",-71.126649000001,42.285519000003,548,1,200,,2026-06-04T18:30:48.331Z
lindall street,murray hill road,Lindall St,Murray Hill Rd,Lindall St and Murray Hill Rd,ok,1,"Lindall St & Murray Hill Rd, Roslindale, MA 02131",-71.125308000001,42.286716000003,389,1,200,,2026-06-04T18:30:49.372Z
linden street,adams street,Linden St,Adams St,Linden St and Adams St,ok,1,"Linden St & Adams St, Dorchester, MA 02122",-71.061516000001,42.305391000003,391,1,200,,2026-06-04T18:30:50.577Z
linden street,brighton avenue,Linden St,Brighton Av,Linden St and Brighton Av,ok,1,"Linden St & Brighton Ave, Allston, MA 02134",-71.130204000001,42.352731000003,414,1,200,,2026-06-04T18:30:51.800Z
linden street,cambridge street,Linden St,Cambridge St,Linden St and Cambridge St,ok,1,"Linden St & Cambridge St, Allston, MA 02134",-71.131329000001,42.356043000003,392,1,200,,2026-06-04T18:30:52.980Z
linden street,dorchester avenue,Linden St,Dorchester Ave,Linden St and Dorchester Ave,ok,1,"Linden St & Dorchester Ave, Dorchester, MA 02122",-71.058789000001,42.306012000003,491,1,200,,2026-06-04T18:30:54.278Z
linden street,east fourth street,Linden St,East Fourth St,Linden St and East Fourth St,ok,1,"Linden St & E Fourth St, South Boston, MA 02127",-71.044983000001,42.334560000003,350,1,200,,2026-06-04T18:30:55.339Z
linden street,freeport street,Linden St,Freeport St,Linden St and Freeport St,ok,1,"Linden St & Freeport St, Dorchester, MA 02122",-71.057605500001,42.305967000003,378,1,200,,2026-06-04T18:30:56.566Z
linden street,juliette street,Linden St,Juliette St,Linden St and Juliette St,ok,1,"Linden St & Juliette St, Dorchester, MA 02122",-71.062308000001,42.305175000003,275,1,200,,2026-06-04T18:30:57.666Z
linden street,reedsdale street,Linden St,Reedsdale St,Linden St and Reedsdale St,ok,1,"Linden St & Reedsdale St, Allston, MA 02134",-71.129826000001,42.350904000003,288,1,200,,2026-06-04T18:30:58.880Z
linden street,thomas park,Linden St,Thomas Park,Linden St and Thomas Park,ok,1,"Linden St & Thomas Park, South Boston, MA 02127",-71.044947000001,42.333552000003,293,1,200,,2026-06-04T18:31:00.091Z
lindsey street,greenbrier street,Lindsey St,Greenbrier St,Lindsey St and Greenbrier St,ok,1,"Lindsey St & Greenbrier St, Dorchester, MA 02124",-71.070547500001,42.297075000003,361,1,200,,2026-06-04T18:31:01.356Z
lindsey street,waldeck street,Lindsey St,Waldeck St,Lindsey St and Waldeck St,ok,1,"Lindsey St & Waldeck St, Dorchester, MA 02124",-71.066277000001,42.298200000003,468,1,200,,2026-06-04T18:31:02.662Z
lingard street,hartfold street,Lingard St,Hartfold St,Lingard St and Hartfold St,ok,1,"Lingard St & Hartford St, Roxbury, MA 02125",-71.072842500001,42.316515000003,311,1,200,,2026-06-04T18:31:03.706Z
lingard street,hartford street,Lingard St,Hartford St,Lingard St and Hartford St,ok,1,"Lingard St & Hartford St, Roxbury, MA 02125",-71.072842500001,42.316515000003,880,1,200,,2026-06-04T18:31:05.476Z
lingard street,magnolia street,Lingard St,Magnolia St,Lingard St and Magnolia St,ok,1,"Lingard St & Magnolia St, Dorchester, MA 02125",-71.070718500001,42.316758000003,647,1,200,,2026-06-04T18:31:06.444Z
linvale terrace,gladeside avenue,Linvale Ter,Gladeside Ave,Linvale Ter and Gladeside Ave,ok,1,"Linvale Ter & Gladeside Ave, Mattapan, MA 02126",-71.087332500001,42.271272000003,351,1,200,,2026-06-04T18:31:07.349Z
linvale terrace,viking terrace,Linvale Ter,Viking Ter,Linvale Ter and Viking Ter,ok,1,"Linvale Ter & Viking Ter, Mattapan, MA 02126",-71.088561000001,42.271371000003,309,1,200,,2026-06-04T18:31:08.509Z
linwood square,highland avenue,Linwood Sq,Highland Ave,Linwood Sq and Highland Ave,ok,1,"Linwood Sq & Highland Ave, Roxbury, MA 02119",-71.093155500001,42.329538000003,350,1,200,,2026-06-04T18:31:09.750Z
linwood square,linwood street,Linwood Sq,Linwood St,Linwood Sq and Linwood St,ok,1,"Linwood Sq & Linwood St, Roxbury, MA 02119",-71.093880000001,42.328143000003,304,1,200,,2026-06-04T18:31:10.905Z
linwood street,centre street,Linwood St,Centre St,Linwood St and Centre St,ok,1,"Linwood St & Centre St, Roxbury, MA 02119",-71.094991500001,42.328674000003,309,1,200,,2026-06-04T18:31:12.111Z
linwood street,highland street,Linwood St,Highland St,Linwood St and Highland St,ok,1,"Linwood St & Highland St, Roxbury, MA 02119",-71.092494000001,42.327810000003,268,1,200,,2026-06-04T18:31:13.272Z
lithgow street,wainwright street,Lithgow St,Wainwright St,Lithgow St and Wainwright St,ok,1,"Lithgow St & Wainwright St, Dorchester, MA 02124",-71.067231000001,42.290766000003,284,1,200,,2026-06-04T18:31:14.489Z
lithgow street,washington street,Lithgow St,Washington St,Lithgow St and Washington St,ok,1,"Lithgow St & Washington St, Dorchester, MA 02124",-71.071330500001,42.289389000003,361,1,200,,2026-06-04T18:31:15.768Z
liverpool street,central square,Liverpool St,Central Sq,Liverpool St and Central Sq,ok,1,"Liverpool St & Central Sq, East Boston, MA 02128",-71.039295000001,42.374250000003,289,1,200,,2026-06-04T18:31:16.898Z
liverpool street,maverick street,Liverpool St,Maverick St,Liverpool St and Maverick St,ok,1,"Liverpool St & Maverick St, East Boston, MA 02128",-71.041617000001,42.371325000003,415,1,200,,2026-06-04T18:31:18.225Z
livingstone street,blue hill avenue,Livingstone St,Blue Hill Ave,Livingstone St and Blue Hill Ave,ok,1,"Livingstone St & Blue Hill Ave, Dorchester, MA 02124",-71.091000000001,42.285339000003,291,1,200,,2026-06-04T18:31:19.300Z
livingstone street,lucerne street,Livingstone St,Lucerne St,Livingstone St and Lucerne St,ok,1,"Livingstone St & Lucerne St, Dorchester, MA 02124",-71.089132500001,42.285006000003,316,1,200,,2026-06-04T18:31:20.527Z
lochstead avenue,centre street,Lochstead Ave,Centre St,Lochstead Ave and Centre St,ok,1,"Lochstead Ave & Centre St, Jamaica Plain, MA 02130",-71.113077000001,42.317487000003,459,1,200,,2026-06-04T18:31:21.873Z
lochstead avenue,jamaicaway,Lochstead Ave,Jamaicaway,Lochstead Ave and Jamaicaway,ok,1,"Lochstead Ave & Jamaicaway, Jamaica Plain, MA 02130",-71.116479000001,42.318567000003,274,1,200,,2026-06-04T18:31:22.887Z
logan street,lambert avenue,Logan St,Lambert Ave,Logan St and Lambert Ave,ok,1,"Logan St & Lambert Ave, Roxbury, MA 02119",-71.090986500001,42.326622000003,274,1,200,,2026-06-04T18:31:24.088Z
logan street,thornton street,Logan St,Thornton St,Logan St and Thornton St,ok,1,"Logan St & Thornton St, Roxbury, MA 02119",-71.089708500001,42.325740000003,432,1,200,,2026-06-04T18:31:25.447Z
lomasney way,causeway street,Lomasney Way,Causeway St,Lomasney Way and Causeway St,ok,1,"Lomasney Way & Causeway St, West End, MA 02114",-71.063482500001,42.364341000003,282,1,200,,2026-06-04T18:31:26.496Z
lomasney way,cotting street,Lomasney Way,Cotting St,Lomasney Way and Cotting St,ok,1,"Lomasney Way & Cotting St, West End, MA 02114",-71.064364500001,42.365223000003,406,1,200,,2026-06-04T18:31:27.823Z
london street,bennington street,London St,Bennington St,London St and Bennington St,ok,1,"London St & Bennington St, East Boston, MA 02128",-71.035915500001,42.376005000003,406,1,200,,2026-06-04T18:31:29.023Z
london street,george r. visconti road,London St,George R. Visconti Rd,London St and George R. Visconti Rd,ok,1,"London St & George R. Visconti Rd, East Boston, MA 02128",-71.037641250001,42.374196000003,358,1,200,,2026-06-04T18:31:30.179Z
london street,maverick street,London St,Maverick St,London St and Maverick St,ok,1,"London St & Maverick St, East Boston, MA 02128",-71.040937500001,42.371037000003,516,1,200,,2026-06-04T18:31:31.539Z
london street,porter street,London St,Porter St,London St and Porter St,ok,1,"London St & Porter St, East Boston, MA 02128",-71.037850500001,42.374295000003,273,1,200,,2026-06-04T18:31:32.498Z
long avenue,commonwealth avenue,Long Ave,Commonwealth Ave,Long Ave and Commonwealth Ave,ok,1,"Long Ave & Commonwealth Ave, Allston, MA 02134",-71.135289000001,42.348519000003,322,1,200,,2026-06-04T18:31:33.745Z
long avenue,price road,Long Ave,Price Rd,Long Ave and Price Rd,ok,1,"Long Ave & Price Rd, Allston, MA 02134",-71.135667000001,42.349968000003,340,1,200,,2026-06-04T18:31:34.963Z
longfellow street,draper street,Longfellow St,Draper St,Longfellow St and Draper St,ok,1,"Longfellow St & Draper St, Dorchester, MA 02122",-71.064148500001,42.303159000003,362,1,200,,2026-06-04T18:31:36.186Z
longfellow street,topliff street,Longfellow St,Topliff St,Longfellow St and Topliff St,ok,1,"Longfellow St & Topliff St, Dorchester, MA 02122",-71.067865500001,42.302214000003,552,1,200,,2026-06-04T18:31:37.576Z
lonsdale street,adams street,Lonsdale St,Adams St,Lonsdale St and Adams St,ok,1,"Lonsdale St & Adams St, Dorchester, MA 02122",-71.057214000001,42.291432000003,306,1,200,,2026-06-04T18:31:38.532Z
lonsdale street,dorchester avenue,Lonsdale St,Dorchester Ave,Lonsdale St and Dorchester Ave,ok,1,"Lonsdale St & Dorchester Ave, Dorchester, MA 02124",-71.063136000001,42.289956000003,289,1,200,,2026-06-04T18:31:39.716Z
loring street,west eighth street,Loring St,West Eighth St,Loring St and West Eighth St,ok,1,"Loring St & W Eighth St, South Boston, MA 02127",-71.052462000001,42.333948000003,402,1,200,,2026-06-04T18:31:41.031Z
loring street,west seventh street,Loring St,West Seventh St,Loring St and West Seventh St,ok,1,"Loring St & W Seventh St, South Boston, MA 02127",-71.051535000001,42.334749000003,329,1,200,,2026-06-04T18:31:42.158Z
lorna road,morton street,Lorna Rd,Morton St,Lorna Rd and Morton St,ok,1,"Lorna Rd & Morton St, Dorchester, MA 02124",-71.082139500001,42.280155000003,377,1,200,,2026-06-04T18:31:43.408Z
lothian road,chiswick road,Lothian Rd,Chiswick Rd,Lothian Rd and Chiswick Rd,ok,1,"Lothian Rd & Chiswick Rd, Brighton, MA 02135",-71.153779500001,42.340878000003,280,1,200,,2026-06-04T18:31:44.510Z
lothian road,strathmore road,Lothian Rd,Strathmore Rd,Lothian Rd and Strathmore Rd,ok,1,"Lothian Rd & Strathmore Rd, Brighton, MA 02135",-71.153842500001,42.339879000003,343,1,200,,2026-06-04T18:31:45.775Z
louis d brown way,corona street,Louis D Brown Way,Corona St,Louis D Brown Way and Corona St,ok,1,"Louis D Brown Way & Corona St, Dorchester, MA 02124",-71.069517000001,42.301323000003,361,1,200,,2026-06-04T18:31:46.995Z
louis d brown way,westville street,Louis D Brown Way,Westville St,Louis D Brown Way and Westville St,ok,1,"Louis D Brown Way & Westville St, Dorchester, MA 02124",-71.069179500001,42.300558000003,278,1,200,,2026-06-04T18:31:48.112Z
lubec street,gove street,Lubec St,Gove St,Lubec St and Gove St,ok,1,"Lubec St & Gove St, East Boston, MA 02128",-71.034066000001,42.369903000003,280,1,200,,2026-06-04T18:31:49.321Z
lubec street,porter street,Lubec St,Porter St,Lubec St and Porter St,ok,1,"Lubec St & Porter St, East Boston, MA 02128",-71.032662000001,42.371145000003,374,1,200,,2026-06-04T18:31:50.610Z
lucerne street,morton street,Lucerne St,Morton St,Lucerne St and Morton St,ok,1,"Lucerne St & Morton St, Dorchester, MA 02124",-71.089551000001,42.283863000003,342,1,200,,2026-06-04T18:31:51.780Z
lucerne street,stratton street,Lucerne St,Stratton St,Lucerne St and Stratton St,ok,1,"Lucerne St & Stratton St, Dorchester, MA 02124",-71.086981500001,42.289434000003,689,1,200,,2026-06-04T18:31:53.327Z
lucerne street,woodrow avenue,Lucerne St,Woodrow Ave,Lucerne St and Woodrow Ave,ok,1,"Lucerne St & Woodrow Ave, Dorchester, MA 02124",-71.088759000001,42.286113000003,291,1,200,,2026-06-04T18:31:54.129Z
lyford street,stratton street,Lyford St,Stratton St,Lyford St and Stratton St,ok,1,"Lyford St & Stratton St, Dorchester, MA 02124",-71.083827000001,42.288768000003,415,1,200,,2026-06-04T18:31:55.457Z
lyford street,woodrow avenue,Lyford St,Woodrow Ave,Lyford St and Woodrow Ave,ok,1,"Lyford St & Woodrow Ave, Dorchester, MA 02124",-71.083233000001,42.287346000003,403,1,200,,2026-06-04T18:31:56.642Z
lynde street,arrow street,Lynde St,Arrow St,Lynde St and Arrow St,ok,1,"Lynde St & Arrow St, Charlestown, MA 02129",-71.064549000001,42.372594000003,417,1,200,,2026-06-04T18:31:57.859Z
lynde street,new rutherford avenue,Lynde St,New Rutherford Ave,Lynde St and New Rutherford Ave,ok,1,"Lynde St & New Rutherford Ave, Charlestown, MA 02129",-71.067145500001,42.373719000003,351,1,200,,2026-06-04T18:31:58.995Z
lyndeboro street,essex street,Lyndeboro St,Essex St,Lyndeboro St and Essex St,ok,1,"Lyndeboro St & Essex St, Charlestown, MA 02129",-71.069917500001,42.379236000003,318,1,200,,2026-06-04T18:32:00.178Z
lyndeboro street,middlesex street,Lyndeboro St,Middlesex St,Lyndeboro St and Middlesex St,ok,1,"Lyndeboro St & Middlesex St, Charlestown, MA 02129",-71.070462000001,42.380046000003,295,1,200,,2026-06-04T18:32:01.340Z
lyndhurst street,mather street,Lyndhurst St,Mather St,Lyndhurst St and Mather St,ok,1,"Lyndhurst St & Mather St, Dorchester, MA 02124",-71.067357000001,42.293592000003,350,1,200,,2026-06-04T18:32:02.595Z
lyndhurst street,washington street,Lyndhurst St,Washington St,Lyndhurst St and Washington St,ok,1,"Lyndhurst St & Washington St, Dorchester, MA 02124",-71.071771500001,42.292296000003,770,1,200,,2026-06-04T18:32:04.218Z
lyon street,adams street,Lyon St,Adams St,Lyon St and Adams St,ok,1,"Lyon St & Adams St, Dorchester, MA 02122",-71.061781500001,42.306012000003,334,1,200,,2026-06-04T18:32:04.983Z
lyon street,dorchester avenue,Lyon St,Dorchester Ave,Lyon St and Dorchester Ave,ok,1,"Lyon St & Dorchester Ave, Dorchester, MA 02122",-71.058631500001,42.306723000003,571,1,200,,2026-06-04T18:32:06.425Z
m street,columbia road,M St,Columbia Rd,M St and Columbia Rd,ok,1,"M St & Columbia Rd, South Boston, MA 02127",-71.033166000001,42.330042000003,297,1,200,,2026-06-04T18:32:07.349Z
m street,east broadway,M St,East Broadway,M St and East Broadway,ok,1,"M St & E Broadway, South Boston, MA 02127",-71.033355000001,42.335676000003,309,1,200,,2026-06-04T18:32:08.562Z
m street,east first street,M St,East First St,M St and East First St,ok,1,"M St & E First St, South Boston, MA 02127",-71.033418000001,42.338187000003,335,1,200,,2026-06-04T18:32:09.789Z
madeline street,faneuil street,Madeline St,Faneuil St,Madeline St and Faneuil St,ok,1,"Madeline St & Faneuil St, Brighton, MA 02135",-71.156695500001,42.354765000003,374,1,200,,2026-06-04T18:32:11.029Z
madeline street,harriet street,Madeline St,Harriet St,Madeline St and Harriet St,ok,1,"Madeline St & Harriet St, Brighton, MA 02135",-71.155354500001,42.353127000003,356,1,200,,2026-06-04T18:32:12.212Z
madison park court,dewitt drive,Madison Park Ct,Dewitt Dr,Madison Park Ct and Dewitt Dr,ok,1,"Madison Park Ct & Dewitt Dr, Roxbury, MA 02120",-71.085789000001,42.331743000003,359,1,200,,2026-06-04T18:32:13.416Z
madison park court,shawmut avenue,Madison Park Ct,Shawmut Ave,Madison Park Ct and Shawmut Ave,ok,1,"Madison Park Ct & Shawmut Ave, Roxbury, MA 02119",-71.085199500001,42.330609000003,354,1,200,,2026-06-04T18:32:14.611Z
magazine street,dudley street,Magazine St,Dudley St,Magazine St and Dudley St,ok,1,"Magazine St & Dudley St, Roxbury, MA 02119",-71.074921500001,42.325227000003,414,1,200,,2026-06-04T18:32:15.872Z
magazine street,massachusetts avenue,Magazine St,Massachusetts Ave,Magazine St and Massachusetts Ave,ok,1,"Magazine St & Massachusetts Ave, South Boston, MA 02118",-71.067906000001,42.328044000003,297,1,200,,2026-06-04T18:32:16.956Z
magnolia street,dudley street,Magnolia St,Dudley St,Magnolia St and Dudley St,ok,1,"Magnolia St & Dudley St, Dorchester, MA 02125",-71.069692500001,42.318963000003,360,1,200,,2026-06-04T18:32:18.218Z
magnolia street,intervale street,Magnolia St,Intervale St,Magnolia St and Intervale St,ok,1,"Magnolia St & Intervale St, Dorchester, MA 02121",-71.075223000001,42.309684000003,407,1,200,,2026-06-04T18:32:19.465Z
magnolia street,quincy street,Magnolia St,Quincy St,Magnolia St and Quincy St,ok,1,"Magnolia St & Quincy St, Roxbury, MA 02125",-71.073184500001,42.312240000003,361,1,200,,2026-06-04T18:32:20.620Z
mahler road,washington street,Mahler Rd,Washington St,Mahler Rd and Washington St,ok,1,"Mahler Rd & Washington St, Roslindale, MA 02131",-71.120263500001,42.293835000003,291,1,200,,2026-06-04T18:32:21.751Z
main street,austin street,Main St,Austin St,Main St and Austin St,ok,2,"Main St & Austin St, Charlestown, MA 02129",-71.064450000001,42.375564000003,373,1,200,,2026-06-04T18:32:23.032Z
main street,medford street,Main St,Medford St,Main St and Medford St,ok,1,"Main St & Medford St, Charlestown, MA 02129",-71.071740000001,42.383466000003,282,1,200,,2026-06-04T18:32:24.143Z
main street,sullivan square,Main St,Sullivan Square,Main St and Sullivan Square,ok,2,"Main St & Sullivan Sq, Charlestown, MA 02129",-71.072991000001,42.384105000003,321,1,200,,2026-06-04T18:32:25.383Z
main street,warren street,Main St,Warren St,Main St and Warren St,ok,1,"Main St & Warren St, Charlestown, MA 02129",-71.063833500001,42.375042000003,339,1,200,,2026-06-04T18:32:26.600Z
malbert road,washington street,Malbert Rd,Washington St,Malbert Rd and Washington St,ok,1,"Malbert Rd & Washington St, Brighton, MA 02135",-71.158666500001,42.348933000003,290,1,200,,2026-06-04T18:32:27.753Z
malcolm x boulevard,roxbury street,Malcolm X Blvd,Roxbury St,Malcolm X Blvd and Roxbury St,ok,2,"Malcolm X Blvd & Roxbury St, Roxbury, MA 02119",-71.088268500001,42.330627000003,324,1,200,,2026-06-04T18:32:28.988Z
malcolm x boulevard,tremont street,Malcolm X Blvd,Tremont St,Malcolm X Blvd and Tremont St,ok,2,"Malcolm X Blvd & Tremont St, Roxbury, MA 02120",-71.094591000001,42.331446000003,466,1,200,,2026-06-04T18:32:30.330Z
malden street,albany street,Malden St,Albany St,Malden St and Albany St,ok,1,"Malden St & Albany St, South End, MA 02118",-71.065521000001,42.339186000003,639,1,200,,2026-06-04T18:32:31.704Z
malden street,harrison avenue,Malden St,Harrison Ave,Malden St and Harrison Ave,ok,1,"Malden St & Harrison Ave, South End, MA 02118",-71.068603500001,42.340185000003,355,1,200,,2026-06-04T18:32:32.621Z
mallard avenue,millet street,Mallard Ave,Millet St,Mallard Ave and Millet St,ok,1,"Mallard Ave & Millet St, Dorchester, MA 02124",-71.076001500001,42.291288000003,367,1,200,,2026-06-04T18:32:33.834Z
mallard avenue,new england avenue,Mallard Ave,New England Ave,Mallard Ave and New England Ave,ok,1,"Mallard Ave & New England Ave, Dorchester, MA 02124",-71.077896000001,42.290847000003,364,1,200,,2026-06-04T18:32:35.032Z
mallet street,adams street,Mallet St,Adams St,Mallet St and Adams St,ok,1,"Mallet St & Adams St, Dorchester, MA 02122",-71.056647000001,42.290757000003,460,1,200,,2026-06-04T18:32:36.330Z
mallet street,florida street,Mallet St,Florida St,Mallet St and Florida St,ok,1,"Mallet St & Florida St, Dorchester, MA 02124",-71.059324500001,42.290082000003,284,1,200,,2026-06-04T18:32:37.356Z
mallon road,bowdoin avenue,Mallon Rd,Bowdoin Ave,Mallon Rd and Bowdoin Ave,ok,1,"Mallon Rd & Bowdoin Ave, Dorchester, MA 02121",-71.075961000001,42.302061000003,281,1,200,,2026-06-04T18:32:38.553Z
mallon road,rosseter street,Mallon Rd,Rosseter St,Mallon Rd and Rosseter St,ok,1,"Mallon Rd & Rosseter St, Dorchester, MA 02121",-71.073733500001,42.303033000003,473,1,200,,2026-06-04T18:32:39.945Z
malvern street,ashford street,Malvern St,Ashford St,Malvern St and Ashford St,ok,1,"Malvern St & Ashford St, Allston, MA 02134",-71.124736500001,42.354288000003,326,1,200,,2026-06-04T18:32:40.999Z
malvern street,brighton avenue,Malvern St,Brighton Av,Malvern St and Brighton Av,ok,1,"Malvern St & Brighton Ave, Allston, MA 02134",-71.125227000001,42.352119000003,515,1,200,,2026-06-04T18:32:42.390Z
mamelon circle,river street,Mamelon Cir,River St,Mamelon Cir and River St,ok,2,"Mamelon Cir & River St, Mattapan, MA 02126",-71.089812000001,42.270084000003,421,1,200,,2026-06-04T18:32:43.496Z
manchester street,temple street,Manchester St,Temple St,Manchester St and Temple St,ok,1,"Manchester St & Temple St, Mattapan, MA 02126",-71.073049500001,42.274746000003,403,1,200,,2026-06-04T18:32:44.678Z
manton terrace,brainerd road,Manton Ter,Brainerd Rd,Manton Ter and Brainerd Rd,ok,1,"Manton Ter & Brainerd Rd, Allston, MA 02134",-71.131572000001,42.348474000003,310,1,200,,2026-06-04T18:32:45.786Z
manton terrace,brookline town line,Manton Ter,Brookline Town Line,Manton Ter and Brookline Town Line,ok,1,"Canton Pl & W Brookline St, South End, MA 02118",-71.075637000001,42.342300000003,1294,1,200,,2026-06-04T18:32:47.970Z
maple street,georgia street,Maple St,Georgia Street,Maple St and Georgia Street,ok,1,"Maple St & Georgia St, Roxbury, MA 02121",-71.084754000001,42.310161000003,511,1,200,,2026-06-04T18:32:48.482Z
maple street,oak street,Maple St,Oak St,Maple St and Oak St,ok,2,"Maple St & Oak St, Hyde Park, MA 02136",-71.122387500001,42.255234000003,528,1,200,,2026-06-04T18:32:49.702Z
maple street,pine street,Maple St,Pine St,Maple St and Pine St,ok,1,"Maple St & Pine St, Hyde Park, MA 02136",-71.122234500001,42.253677000003,344,1,200,,2026-06-04T18:32:50.718Z
maple street,seaver street,Maple St,Seaver Street,Maple St and Seaver Street,ok,2,"Maple St & Seaver St, Roxbury, MA 02121",-71.087454000001,42.306669000003,305,1,200,,2026-06-04T18:32:51.879Z
marbury terrace,amory street,Marbury Ter,Amory St,Marbury Ter and Amory St,ok,1,"Marbury Ter & Amory St, Jamaica Plain, MA 02119",-71.101759500001,42.317757000003,319,1,200,,2026-06-04T18:32:53.095Z
marden avenue,willowwood street,Marden Ave,Willowwood St,Marden Ave and Willowwood St,ok,1,"Marden Ave & Willowwood St, Dorchester, MA 02124",-71.086351500001,42.284907000003,466,1,200,,2026-06-04T18:32:54.444Z
marginal road,arlington street,Marginal Rd,Arlington St,Marginal Rd and Arlington St,ok,1,"Marginal Rd & Arlington St, Bay Village, MA 02116",-71.069179500001,42.348078000003,347,1,200,,2026-06-04T18:32:55.526Z
marginal road,harrison avenue,Marginal Rd,Harrison Ave,Marginal Rd and Harrison Ave,ok,1,"Marginal Rd & Harrison Ave, Chinatown, MA 02111",-71.062956000001,42.347061000003,315,1,200,,2026-06-04T18:32:56.695Z
marginal road,washington street,Marginal Rd,Washington St,Marginal Rd and Washington St,ok,1,"Marginal Rd & Washington St, Chinatown, MA 02116",-71.064414000001,42.347331000003,298,1,200,,2026-06-04T18:32:57.879Z
marginal street,jeffries street,Marginal St,Jeffries St,Marginal St and Jeffries St,ok,1,"Marginal St & Jeffries St, East Boston, MA 02128",-71.030295000001,42.363972000003,322,1,200,,2026-06-04T18:32:59.104Z
marginal street,lewis street,Marginal St,Lewis St,Marginal St and Lewis St,ok,1,"Marginal St & Lewis St, East Boston, MA 02128",-71.040834000001,42.367482000003,616,1,200,,2026-06-04T18:33:00.601Z
marginal street,orleans street,Marginal St,Orleans St,Marginal St and Orleans St,ok,1,"Marginal St & Orleans St, East Boston, MA 02128",-71.039088000001,42.366726000003,279,1,200,,2026-06-04T18:33:01.465Z
marginal street,south bremen street,Marginal St,South Bremen St,Marginal St and South Bremen St,ok,1,"Marginal St & S Bremen St, East Boston, MA 02128",-71.039974500001,42.367113000003,276,1,200,,2026-06-04T18:33:02.661Z
marie street,mount ida road,Marie St,Mount Ida Rd,Marie St and Mount Ida Rd,ok,1,"Marie St & Mount Ida Rd, Dorchester, MA 02122",-71.064562500001,42.305400000003,336,1,200,,2026-06-04T18:33:03.933Z
marie street,percival street,Marie St,Percival St,Marie St and Percival St,ok,1,"Marie St & Percival St, Dorchester, MA 02122",-71.063397000001,42.305715000003,293,1,200,,2026-06-04T18:33:05.081Z
marine road,columbia road,Marine Rd,Columbia Rd,Marine Rd and Columbia Rd,ok,2,"Marine Rd & Columbia Rd, South Boston, MA 02127",-71.039812500001,42.330573000003,312,1,200,,2026-06-04T18:33:06.301Z
marine road,k street,Marine Rd,K St,Marine Rd and K St,ok,1,"Marine Rd & K St, South Boston, MA 02127",-71.037274500001,42.330627000003,342,1,200,,2026-06-04T18:33:07.533Z
marine road,l street,Marine Rd,L St,Marine Rd and L St,ok,1,"Marine Rd & L St, South Boston, MA 02127",-71.035236000001,42.330663000003,729,1,200,,2026-06-04T18:33:09.120Z
marion street,bremen street,Marion St,Bremen St,Marion St and Bremen St,ok,1,"Marion St & Bremen St, East Boston, MA 02128",-71.032801500001,42.374133000003,278,1,200,,2026-06-04T18:33:09.869Z
marion street,chelsea street,Marion St,Chelsea St,Marion St and Chelsea St,ok,1,"Marion St & Chelsea St, East Boston, MA 02128",-71.033413500001,42.374511000003,678,1,200,,2026-06-04T18:33:11.469Z
marion street,meridian street,Marion St,Meridian St,Marion St and Meridian St,ok,1,"Marion St & Meridian St, East Boston, MA 02128",-71.039263500001,42.380946000003,570,1,200,,2026-06-04T18:33:12.561Z
marion street,princeton street,Marion St,Princeton St,Marion St and Princeton St,ok,1,"Marion St & Princeton St, East Boston, MA 02128",-71.036676000001,42.377265000003,427,1,200,,2026-06-04T18:33:13.620Z
market street,henshaw street,Market St,Henshaw St,Market St and Henshaw St,ok,1,"Market St & Henshaw St, Brighton, MA 02135",-71.152965000001,42.350049000003,460,1,200,,2026-06-04T18:33:14.854Z
market street,north beacon street,Market St,North Beacon St,Market St and North Beacon St,ok,1,"Market St & N Beacon St, Brighton, MA 02135",-71.149104000001,42.356169000003,265,1,200,,2026-06-04T18:33:15.860Z
market street,washington street,Market St,Washington St,Market St and Washington St,ok,2,"Market St & Washington St, Brighton, MA 02135",-71.153428500001,42.349104000003,603,1,200,,2026-06-04T18:33:17.400Z
marlborough street,arlington street,Marlborough St,Arlington St,Marlborough St and Arlington St,ok,1,"Marlborough St & Arlington St, Beacon Hill, MA 02116",-71.072064000001,42.354657000003,281,1,200,,2026-06-04T18:33:18.278Z
marlborough street,massachusetts avenue,Marlborough St,Massachusetts Ave,Marlborough St and Massachusetts Ave,ok,1,"Marlborough St & Massachusetts Ave, Back Bay, MA 02115",-71.089101000001,42.350058000003,264,1,200,,2026-06-04T18:33:19.462Z
marlowe street,park street,Marlowe St,Park St,Marlowe St and Park St,ok,1,"Marlowe St & Park St, Dorchester, MA 02124",-71.063802000001,42.297732000003,479,1,200,,2026-06-04T18:33:20.879Z
marlowe street,vinson street,Marlowe St,Vinson St,Marlowe St and Vinson St,ok,1,"Marlowe St & Vinson St, Dorchester, MA 02124",-71.064270000001,42.298650000003,292,1,200,,2026-06-04T18:33:21.893Z
marmion street,cornwall street,Marmion St,Cornwall St,Marmion St and Cornwall St,ok,1,"Marmion St & Cornwall St, Jamaica Plain, MA 02130",-71.103816000001,42.311943000003,311,1,200,,2026-06-04T18:33:23.111Z
marmion street,germania street,Marmion St,Germania St,Marmion St and Germania St,ok,1,"Marmion St & Germania St, Jamaica Plain, MA 02130",-71.102065500001,42.313977000003,312,1,200,,2026-06-04T18:33:24.313Z
marshfield street,clifton street,Marshfield St,Clifton St,Marshfield St and Clifton St,ok,1,"Marshfield St & Clifton St, Roxbury, MA 02119",-71.070543000001,42.322410000003,648,1,200,,2026-06-04T18:33:25.850Z
marshfield street,norfolk avenue,Marshfield St,Norfolk Ave,Marshfield St and Norfolk Ave,ok,1,"Marshfield St & Norfolk Ave, Roxbury, MA 02119",-71.067685500001,42.323481000003,415,1,200,,2026-06-04T18:33:26.816Z
martha road,charles street,Martha Rd,Charles St,Martha Rd and Charles St,ok,1,"Martha Rd & Charles St, West End, MA 02114",-71.067708000001,42.366384000003,352,1,200,,2026-06-04T18:33:27.954Z
martha road,lomasney way,Martha Rd,Lomasney Way,Martha Rd and Lomasney Way,ok,1,"Martha Rd & Lomasney Way, West End, MA 02114",-71.064661500001,42.365529000003,305,1,200,,2026-06-04T18:33:29.106Z
martin luther king boulevard,warren street,Martin Luther King Blvd,Warren St,Martin Luther King Blvd and Warren St,ok,1,"Martin Luther King Jr Blvd & Warren St, Roxbury, MA 02119",-71.082148500001,42.317946000003,352,1,200,,2026-06-04T18:33:30.354Z
martin luther king boulevard,washington street,Martin Luther King Blvd,Washington St,Martin Luther King Blvd and Washington St,ok,1,"Martin Luther King Jr Blvd & Washington St, Roxbury, MA 02119",-71.092111500001,42.321555000003,403,1,200,,2026-06-04T18:33:31.608Z
marvin street,shawmut avenue,Marvin St,Shawmut Ave,Marvin St and Shawmut Ave,ok,1,"Marvin St & Shawmut Ave, Roxbury, MA 02119",-71.085393000001,42.330375000003,426,1,200,,2026-06-04T18:33:32.831Z
marvin street,washington street,Marvin St,Washington St,Marvin St and Washington St,ok,1,"Marvin St & Washington St, Roxbury, MA 02119",-71.084461500001,42.329898000003,364,1,200,,2026-06-04T18:33:33.969Z
maryknoll street,manchester street,Maryknoll St,Manchester St,Maryknoll St and Manchester St,ok,1,"Maryknoll St & Manchester St, Mattapan, MA 02126",-71.077630500001,42.273792000003,344,1,200,,2026-06-04T18:33:35.151Z
maryknoll street,morton street,Maryknoll St,Morton St,Maryknoll St and Morton St,ok,1,"Maryknoll St & Morton St, Mattapan, MA 02126",-71.077239000001,42.277221000003,282,1,200,,2026-06-04T18:33:36.290Z
maryknoll terrace,maryknoll street,Maryknoll Ter,Maryknoll St,Maryknoll Ter and Maryknoll St,ok,1,"Maryknoll Ter & Maryknoll St, Mattapan, MA 02126",-71.078418000001,42.275709000003,296,1,200,,2026-06-04T18:33:37.506Z
maryland street,bay street,Maryland St,Bay St,Maryland St and Bay St,ok,1,"Maryland St & Bay St, Dorchester, MA 02125",-71.055607500001,42.310980000003,514,1,200,,2026-06-04T18:33:38.925Z
maryland street,savin hill avenue,Maryland St,Savin Hill Ave,Maryland St and Savin Hill Ave,ok,1,"Maryland St & Savin Hill Ave, Dorchester, MA 02125",-71.055036000001,42.312357000003,359,1,200,,2026-06-04T18:33:39.973Z
mascoma street,lawrence avenue,Mascoma St,Lawrence Ave,Mascoma St and Lawrence Ave,ok,1,"Mascoma St & Lawrence Ave, Dorchester, MA 02121",-71.075821500001,42.311367000003,493,1,200,,2026-06-04T18:33:41.312Z
mascoma street,quincy street,Mascoma St,Quincy St,Mascoma St and Quincy St,ok,1,"Mascoma St & Quincy St, Roxbury, MA 02125",-71.074602000001,42.312834000003,415,1,200,,2026-06-04T18:33:42.429Z
mascot street,ballou avenue,Mascot St,Ballou Ave,Mascot St and Ballou Ave,ok,1,"Mascot St & Ballou Ave, Dorchester, MA 02124",-71.084362500001,42.283737000003,392,1,200,,2026-06-04T18:33:43.608Z
mascot street,mountain avenue,Mascot St,Mountain Ave,Mascot St and Mountain Ave,ok,1,"Mascot St & Mountain Ave, Dorchester, MA 02124",-71.085559500001,42.286239000003,327,1,200,,2026-06-04T18:33:44.744Z
mason street,avery street,Mason St,Avery St,Mason St and Avery St,ok,1,"Mason St & Avery St, Downtown, MA 02111",-71.063779500001,42.353307000003,332,1,200,,2026-06-04T18:33:45.949Z
mason street,west street,Mason St,West St,Mason St and West St,ok,1,"Mason St & West St, Downtown, MA 02111",-71.062672500001,42.354846000003,336,1,200,,2026-06-04T18:33:47.155Z
massachusetts avenue,allstate road,Massachusetts Ave,Allstate Rd,Massachusetts Ave and Allstate Rd,ok,1,"Massachusetts Ave & Allstate Rd, Dorchester, MA 02125",-71.065206000001,42.324813000003,332,1,200,,2026-06-04T18:33:48.352Z
massachusetts avenue,back street,Massachusetts Ave,Back St,Massachusetts Ave and Back St,ok,1,"Massachusetts Ave & Back St, Back Bay, MA 02116",-71.089735500001,42.351372000003,325,1,200,,2026-06-04T18:33:49.546Z
massachusetts avenue,columbia road,Massachusetts Ave,Columbia Rd,Massachusetts Ave and Columbia Rd,ok,1,"Massachusetts Ave & Columbia Rd, Dorchester, MA 02125",-71.061579000001,42.320547000003,688,1,200,,2026-06-04T18:33:51.110Z
massachusetts avenue,melnea cass boulevard,Massachusetts Ave,Melnea Cass Blvd,Massachusetts Ave and Melnea Cass Blvd,ok,1,"Massachusetts Ave & Melnea Cass Blvd, Roxbury, MA 02119",-71.072280000001,42.332625000003,341,1,200,,2026-06-04T18:33:51.963Z
massachusetts avenue,proctor street,Massachusetts Ave,Proctor St,Massachusetts Ave and Proctor St,ok,1,"Massachusetts Ave & Proctor St, South Boston, MA 02118",-71.067514500001,42.327576000003,330,1,200,,2026-06-04T18:33:53.153Z
massachusetts avenue,street botolph street,Massachusetts Ave,St Botolph St,Massachusetts Ave and St Botolph St,ok,1,"Massachusetts Ave & Saint Botolph St, Back Bay, MA 02115",-71.084070000001,42.342192000003,326,1,200,,2026-06-04T18:33:54.351Z
mather street,dorchester avenue,Mather St,Dorchester Ave,Mather St and Dorchester Ave,ok,1,"Mather St & Dorchester Ave, Dorchester, MA 02122",-71.061817500001,42.294573000003,347,1,200,,2026-06-04T18:33:55.575Z
mather street,lyndhurst street,Mather St,Lyndhurst St,Mather St and Lyndhurst St,ok,1,"Mather St & Lyndhurst St, Dorchester, MA 02124",-71.067357000001,42.293592000003,295,1,200,,2026-06-04T18:33:56.723Z
mattapan street,almont street,Mattapan St,Almont St,Mattapan St and Almont St,ok,1,"Mattapan St & Almont St, Mattapan, MA 02126",-71.098200000001,42.280290000003,387,1,200,,2026-06-04T18:33:58.016Z
mattapan street,blue hill avenue,Mattapan St,Blue Hill Ave,Mattapan St and Blue Hill Ave,ok,1,"Mattapan St & Blue Hill Ave, Mattapan, MA 02126",-71.093614500001,42.276483000003,407,1,200,,2026-06-04T18:33:59.239Z
matthews street,congress street,Matthews St,Congress St,Matthews St and Congress St,ok,1,"Matthews St & Congress St, Downtown, MA 02110",-71.054887500001,42.354873000003,362,1,200,,2026-06-04T18:34:00.392Z
matthews street,federal street,Matthews St,Federal St,Matthews St and Federal St,ok,1,"Matthews St & Federal St, Downtown, MA 02110",-71.056341000001,42.354549000003,472,1,200,,2026-06-04T18:34:01.704Z
maverick street,chelsea street,Maverick St,Chelsea St,Maverick St and Chelsea St,ok,1,"Maverick St & Chelsea St, East Boston, MA 02128",-71.038719000001,42.370056000003,380,1,200,,2026-06-04T18:34:02.812Z
maverick street,jeffries street,Maverick St,Jeffries St,Maverick St and Jeffries St,ok,1,"Maverick St & Jeffries St, East Boston, MA 02128",-71.028873000001,42.365763000003,405,1,200,,2026-06-04T18:34:04.038Z
maverick street,meridian street,Maverick St,Meridian St,Maverick St and Meridian St,ok,1,"Maverick St & Meridian St, East Boston, MA 02128",-71.038912500001,42.370155000003,338,1,200,,2026-06-04T18:34:05.174Z
maverick street,new street,Maverick St,New St,Maverick St and New St,ok,1,"Maverick St & New St, East Boston, MA 02128",-71.042944500001,42.371910000003,295,1,200,,2026-06-04T18:34:06.330Z
maxwell street,milton street,Maxwell St,Milton St,Maxwell St and Milton St,ok,1,"Maxwell St & Milton Ave, Dorchester, MA 02124",-71.076168000001,42.282558000003,365,1,200,,2026-06-04T18:34:07.603Z
maxwell street,nelson street,Maxwell St,Nelson St,Maxwell St and Nelson St,ok,1,"Maxwell St & Nelson St, Dorchester, MA 02124",-71.082022500001,42.281307000003,426,1,200,,2026-06-04T18:34:08.863Z
maybrook street,glenway street,Maybrook St,Glenway St,Maybrook St and Glenway St,ok,1,"Maybrook St & Glenway St, Dorchester, MA 02121",-71.081343000001,42.298758000003,358,1,200,,2026-06-04T18:34:09.995Z
maybrook street,greenwood street,Maybrook St,Greenwood St,Maybrook St and Greenwood St,ok,1,"Maybrook St & Greenwood St, Dorchester, MA 02121",-71.079826500001,42.299055000003,838,1,200,,2026-06-04T18:34:11.676Z
maybury street,holborn street,Maybury St,Holborn St,Maybury St and Holborn St,ok,1,"Maybury St & Holborn St, Roxbury, MA 02121",-71.081680500001,42.314940000003,704,1,200,,2026-06-04T18:34:12.744Z
maybury street,quincy street,Maybury St,Quincy St,Maybury St and Quincy St,ok,1,"Maybury St & Quincy St, Roxbury, MA 02119",-71.081010000001,42.315777000003,406,1,200,,2026-06-04T18:34:13.648Z
mayfield street,bakersfield street,Mayfield St,Bakersfield St,Mayfield St and Bakersfield St,ok,1,"Mayfield St & Bakersfield St, Dorchester, MA 02125",-71.060953500001,42.317019000003,327,1,200,,2026-06-04T18:34:14.769Z
mayfield street,dorchester avenue,Mayfield St,Dorchester Ave,Mayfield St and Dorchester Ave,ok,1,"Mayfield St & Dorchester Ave, Dorchester, MA 02125",-71.056692000001,42.316317000003,284,1,200,,2026-06-04T18:34:15.927Z
maywood street,blue hill avenue,Maywood St,Blue Hill Ave,Maywood St and Blue Hill Ave,ok,1,"Maywood St & Blue Hill Ave, Roxbury, MA 02119",-71.078233500001,42.315876000003,285,1,200,,2026-06-04T18:34:17.129Z
maywood street,warren street,Maywood St,Warren St,Maywood St and Warren St,ok,1,"Maywood St & Warren St, Roxbury, MA 02119",-71.081806500001,42.318279000003,483,1,200,,2026-06-04T18:34:18.529Z
mckinley square,central street,McKinley Sq,Central St,McKinley Sq and Central St,ok,1,"McKinley Sq & Central St, Downtown, MA 02109",-71.053213500001,42.358851000003,392,1,200,,2026-06-04T18:34:19.638Z
mckinley square,state street,McKinley Sq,State St,McKinley Sq and State St,ok,1,"McKinley Sq & State St, Downtown, MA 02109",-71.053335000001,42.359373000003,637,1,200,,2026-06-04T18:34:21.085Z
mclellan street,blue hill avenue,McLellan St,Blue Hill Ave,McLellan St and Blue Hill Ave,ok,1,"Mclellan St & Blue Hill Ave, Roxbury, MA 02121",-71.085924000001,42.301386000003,349,1,200,,2026-06-04T18:34:21.999Z
mclellan street,bradshaw street,McLellan St,Bradshaw St,McLellan St and Bradshaw St,ok,1,"Mclellan St & Bradshaw St, Dorchester, MA 02121",-71.082940500001,42.298686000003,345,1,200,,2026-06-04T18:34:23.195Z
mead street,bunker hill street,Mead St,Bunker Hill St,Mead St and Bunker Hill St,ok,1,"Mead St & Bunker Hill St, Charlestown, MA 02129",-71.067190500001,42.381225000003,317,1,200,,2026-06-04T18:34:24.368Z
mead street,main street,Mead St,Main St,Mead St and Main St,ok,1,"Mead St & Main St, Charlestown, MA 02129",-71.069085000001,42.379398000003,533,1,200,,2026-06-04T18:34:25.785Z
mead street,mead street,Mead St,Mead St,Mead St and Mead St,ok,2,"N Mead St & Mead St, Charlestown, MA 02129",-71.067132000001,42.381198000003,325,1,200,,2026-06-04T18:34:26.779Z
mead street,russell street,Mead St,Russell St,Mead St and Russell St,ok,1,"Mead St & Russell St, Charlestown, MA 02129",-71.067924000001,42.380514000003,420,1,200,,2026-06-04T18:34:28.074Z
meadowbank avenue,river street,Meadowbank Ave,River St,Meadowbank Ave and River St,ok,1,"Meadowbank Ave & River St, Mattapan, MA 02126",-71.081433000001,42.271344000003,486,1,200,,2026-06-04T18:34:29.341Z
medfield street,brookline town line,Medfield St,Brookline Town Line,Medfield St and Brookline Town Line,no_match,0,,,,153,1,200,,2026-06-04T18:34:30.208Z
medfield street,park drive,Medfield St,Park Dr,Medfield St and Park Dr,ok,1,"Medfield St & Park Dr, Fenway, MA 02215",-71.104621500001,42.345693000003,405,1,200,,2026-06-04T18:34:31.662Z
medford street,causeway street,Medford St,Causeway St,Medford St and Causeway St,ok,1,"Medford St & Causeway St, West End, MA 02114",-71.059432500001,42.366411000003,312,1,200,,2026-06-04T18:34:32.771Z
medford street,chelsea street,Medford St,Chelsea St,Medford St and Chelsea St,ok,1,"Medford St & Chelsea St, Charlestown, MA 02129",-71.052948000001,42.378435000003,295,1,200,,2026-06-04T18:34:33.953Z
medford street,main street,Medford St,Main St,Medford St and Main St,ok,1,"Medford St & Main St, Charlestown, MA 02129",-71.071740000001,42.383466000003,400,1,200,,2026-06-04T18:34:35.260Z
medford street,north washington street,Medford St,North Washington St,Medford St and North Washington St,ok,1,"Medford St & N Washington St, North End, MA 02113",-71.058393000001,42.365466000003,471,1,200,,2026-06-04T18:34:36.534Z
melbourne street,centre street,Melbourne St,Centre St,Melbourne St and Centre St,ok,1,"Melbourne St & Centre St, Dorchester, MA 02124",-71.066191500001,42.291855000003,386,1,200,,2026-06-04T18:34:37.647Z
melbourne street,welles avenue,Melbourne St,Welles Ave,Melbourne St and Welles Ave,ok,1,"Melbourne St & Welles Ave, Dorchester, MA 02124",-71.065318500001,42.289533000003,412,1,200,,2026-06-04T18:34:38.873Z
melton road,nottinghill road,Melton Rd,Nottinghill Rd,Melton Rd and Nottinghill Rd,ok,1,"Melton Rd & Nottinghill Rd, Brighton, MA 02135",-71.150067000001,42.344559000003,382,1,200,,2026-06-04T18:34:40.046Z
melton road,wallingford road,Melton Rd,Wallingford Rd,Melton Rd and Wallingford Rd,ok,1,"Melton Rd & Wallingford Rd, Brighton, MA 02135",-71.150935500001,42.343227000003,359,1,200,,2026-06-04T18:34:41.222Z
melville avenue,dorchester avenue,Melville Ave,Dorchester Ave,Melville Ave and Dorchester Ave,ok,1,"Melville Ave & Dorchester Ave, Dorchester, MA 02122",-71.061367500001,42.296112000003,300,1,200,,2026-06-04T18:34:42.365Z
melville avenue,washington street,Melville Ave,Washington St,Melville Ave and Washington St,ok,1,"Melville Ave & Washington St, Dorchester, MA 02124",-71.071857000001,42.293295000003,356,1,200,,2026-06-04T18:34:43.621Z
melvinside terrace,deer street,Melvinside Ter,Deer St,Melvinside Ter and Deer St,ok,1,"Melvinside Ter & Deer St, Dorchester, MA 02125",-71.058262500001,42.312132000003,286,1,200,,2026-06-04T18:34:44.751Z
melvinside terrace,dorchester avenue,Melvinside Ter,Dorchester Ave,Melvinside Ter and Dorchester Ave,ok,1,"Melvinside Ter & Dorchester Ave, Dorchester, MA 02125",-71.057425500001,42.312033000003,394,1,200,,2026-06-04T18:34:46.060Z
mendell way,dalrymple street,Mendell Way,Dalrymple St,Mendell Way and Dalrymple St,ok,1,"Mendell Way & Dalrymple St, Jamaica Plain, MA 02130",-71.101822500001,42.315858000003,327,1,200,,2026-06-04T18:34:47.194Z
mendell way,school street,Mendell Way,School St,Mendell Way and School St,ok,1,"Mendell Way & School St, Jamaica Plain, MA 02130",-71.100963000001,42.316290000003,360,1,200,,2026-06-04T18:34:48.429Z
menton street,groveland street,Menton St,Groveland St,Menton St and Groveland St,ok,1,"Menton St & Groveland St, Mattapan, MA 02126",-71.077387500001,42.273126000003,294,1,200,,2026-06-04T18:34:49.564Z
menton street,standard street,Menton St,Standard St,Menton St and Standard St,ok,1,"Menton St & Standard St, Mattapan, MA 02126",-71.078710500001,42.272847000003,432,1,200,,2026-06-04T18:34:50.903Z
mercer street,columbia road,Mercer St,Columbia Rd,Mercer St and Columbia Rd,ok,1,"Mercer St & Columbia Rd, South Boston, MA 02127",-71.050279500001,42.330258000003,382,1,200,,2026-06-04T18:34:52.055Z
mercer street,dorchester street,Mercer St,Dorchester St,Mercer St and Dorchester St,ok,1,"Mercer St & Dorchester St, South Boston, MA 02127",-71.049037500001,42.333858000003,296,1,200,,2026-06-04T18:34:53.171Z
mercer street,east eighth street,Mercer St,East Eighth St,Mercer St and East Eighth St,ok,1,"Mercer St & E Eighth St, South Boston, MA 02127",-71.049010500001,42.331536000003,386,1,200,,2026-06-04T18:34:54.461Z
merchants row,chatham street,Merchants Row,Chatham St,Merchants Row and Chatham St,ok,1,"Merchants Row & Chatham St, Downtown, MA 02109",-71.055679500001,42.359544000003,373,1,200,,2026-06-04T18:34:55.649Z
merchants row,state street,Merchants Row,State St,Merchants Row and State St,ok,1,"Merchants Row & State St, Downtown, MA 02109",-71.055463500001,42.359076000003,337,1,200,,2026-06-04T18:34:56.815Z
meridian street,condor street,Meridian St,Condor St,Meridian St and Condor St,ok,1,"Meridian St & Condor St, East Boston, MA 02128",-71.039308500001,42.382611000003,395,1,200,,2026-06-04T18:34:58.072Z
meridian street,saratoga street,Meridian St,Saratoga St,Meridian St and Saratoga St,ok,1,"Meridian St & Saratoga St, East Boston, MA 02128",-71.039106000001,42.375591000003,283,1,200,,2026-06-04T18:34:59.162Z
merill street,erie street,Merill St,Erie Street,Merill St and Erie Street,ok,1,"Merrill St & Erie St, Dorchester, MA 02121",-71.079439500001,42.302862000003,331,1,200,,2026-06-04T18:35:00.411Z
merill street,glenarm street,Merill St,Glenarm Street,Merill St and Glenarm Street,ok,1,"Merrill St & Glenarm St, Dorchester, MA 02121",-71.080708500001,42.303897000003,332,1,200,,2026-06-04T18:35:01.613Z
merola park,cookson terrace,Merola Park,Cookson Ter,Merola Park and Cookson Ter,ok,1,"Merola Park & Cookson Ter, Mattapan, MA 02126",-71.090748000001,42.272163000003,348,1,200,,2026-06-04T18:35:02.830Z
merola park,west selden street,Merola Park,West Selden St,Merola Park and West Selden St,ok,1,"Merola Park & W Selden St, Mattapan, MA 02126",-71.089879500001,42.273027000003,336,1,200,,2026-06-04T18:35:04.021Z
merriam street,brookside avenue,Merriam St,Brookside Ave,Merriam St and Brookside Ave,ok,1,"Merriam St & Brookside Ave, Jamaica Plain, MA 02130",-71.103100500001,42.313698000003,460,1,200,,2026-06-04T18:35:05.343Z
merriam street,minton street,Merriam St,Minton St,Merriam St and Minton St,ok,1,"Merriam St & Minton St, Jamaica Plain, MA 02130",-71.104216500001,42.313320000003,352,1,200,,2026-06-04T18:35:06.434Z
merrimac street,new chardon street,Merrimac St,New Chardon St,Merrimac St and New Chardon St,ok,2,"Merrimac St & New Chardon St, Downtown, MA 02114",-71.060580000001,42.362820000003,342,1,200,,2026-06-04T18:35:07.625Z
merrimac street,portland street,Merrimac St,Portland St,Merrimac St and Portland St,ok,1,"Merrimac St & Portland St, West End, MA 02114",-71.060724000001,42.363315000003,271,1,200,,2026-06-04T18:35:08.755Z
michigan avenue,columbia road,Michigan Ave,Columbia Rd,Michigan Ave and Columbia Rd,ok,1,"Michigan Ave & Columbia Rd, Dorchester, MA 02121",-71.084340000001,42.303361500003,733,1,200,,2026-06-04T18:35:10.417Z
michigan avenue,erie street,Michigan Ave,Erie St,Michigan Ave and Erie St,ok,1,"Michigan Ave & Erie St, Dorchester, MA 02121",-71.082252000001,42.301710000003,787,1,200,,2026-06-04T18:35:11.673Z
middle street,dorchester avenue,Middle St,Dorchester Ave,Middle St and Dorchester Ave,ok,1,"Middle St & Dorchester Ave, South Boston, MA 02127",-71.056998000001,42.332427000003,858,1,200,,2026-06-04T18:35:12.944Z
middle street,dorchester street,Middle St,Dorchester St,Middle St and Dorchester St,ok,1,"Middle St & Dorchester St, South Boston, MA 02127",-71.054514000001,42.330861000003,509,1,200,,2026-06-04T18:35:13.798Z
middlesex street,lyndeboro street,Middlesex St,Lyndeboro St,Middlesex St and Lyndeboro St,ok,1,"Middlesex St & Lyndeboro St, Charlestown, MA 02129",-71.070462000001,42.380046000003,358,1,200,,2026-06-04T18:35:14.846Z
middlesex street,main street,Middlesex St,Main St,Middlesex St and Main St,ok,1,"Middlesex St & Main St, Charlestown, MA 02129",-71.069976000001,42.380307000003,361,1,200,,2026-06-04T18:35:16.052Z
middleton street,norfolk street,Middleton St,Norfolk St,Middleton St and Norfolk St,ok,1,"Middleton St & Norfolk St, Dorchester, MA 02124",-71.086203000001,42.282306000003,355,1,200,,2026-06-04T18:35:17.247Z
middleton street,theodore street,Middleton St,Theodore St,Middleton St and Theodore St,ok,1,"Middleton St & Theodore St, Dorchester, MA 02124",-71.087233500001,42.284529000003,548,1,200,,2026-06-04T18:35:18.640Z
midland street,bay street,Midland St,Bay St,Midland St and Bay St,ok,1,"Midland St & Bay St, Dorchester, MA 02125",-71.054838000001,42.310800000003,366,1,200,,2026-06-04T18:35:19.659Z
midland street,savin hill avenue,Midland St,Savin Hill Ave,Midland St and Savin Hill Ave,ok,1,"Midland St & Savin Hill Ave, Dorchester, MA 02125",-71.054365500001,42.311970000003,288,1,200,,2026-06-04T18:35:20.784Z
mildred avenue,babson street,Mildred Ave,Babson St,Mildred Ave and Babson St,ok,1,"Mildred Ave & Babson St, Mattapan, MA 02126",-71.092345500001,42.275439000003,417,1,200,,2026-06-04T18:35:22.114Z
mildred avenue,norfolk street,Mildred Ave,Norfolk St,Mildred Ave and Norfolk St,ok,1,"Mildred Ave & Norfolk St, Mattapan, MA 02126",-71.091045000001,42.277815000003,482,1,200,,2026-06-04T18:35:23.380Z
miles street,bragdon street,Miles St,Bragdon St,Miles St and Bragdon St,ok,1,"Miles St & Bragdon St, Jamaica Plain, MA 02119",-71.099667000001,42.319080000003,700,1,200,,2026-06-04T18:35:24.798Z
miles street,west walnut park,Miles St,West Walnut Park,Miles St and West Walnut Park,ok,1,"Miles St & W Walnut Park, Jamaica Plain, MA 02119",-71.100396000001,42.318450000003,314,1,200,,2026-06-04T18:35:25.613Z
milford street,shawmut avenue,Milford St,Shawmut Ave,Milford St and Shawmut Ave,ok,1,"Milford St & Shawmut Ave, South End, MA 02118",-71.068432500001,42.343416000003,330,1,200,,2026-06-04T18:35:26.829Z
milford street,tremont street,Milford St,Tremont St,Milford St and Tremont St,ok,1,"Milford St & Tremont St, South End, MA 02116",-71.070565500001,42.344550000003,380,1,200,,2026-06-04T18:35:28.080Z
milk street,atlantic avenue,Milk St,Atlantic Ave,Milk St and Atlantic Ave,ok,1,"Milk St & Atlantic Ave, Downtown, MA 02110",-71.051575500001,42.358779000003,339,1,200,,2026-06-04T18:35:29.241Z
milk street,washington street,Milk St,Washington St,Milk St and Washington St,ok,1,"Milk St & Washington St, Downtown, MA 02109",-71.058744000001,42.356988000003,275,1,200,,2026-06-04T18:35:30.377Z
millet street,park street,Millet St,Park St,Millet St and Park St,ok,1,"Millet St & Park St, Dorchester, MA 02124",-71.077266000001,42.294609000003,714,1,200,,2026-06-04T18:35:32.018Z
millet street,southern avenue,Millet St,Southern Ave,Millet St and Southern Ave,ok,1,"Millet St & Southern Ave, Dorchester, MA 02124",-71.075524500001,42.290082000003,337,1,200,,2026-06-04T18:35:32.846Z
millet street,talbot avenue,Millet St,Talbot Ave,Millet St and Talbot Ave,ok,1,"Millet St & Talbot Ave, Dorchester, MA 02124",-71.076114000001,42.291432000003,342,1,200,,2026-06-04T18:35:34.048Z
millmont street,highland avenue,Millmont St,Highland Ave,Millmont St and Highland Ave,ok,1,"Millmont St & Highland Ave, Roxbury, MA 02119",-71.092494000001,42.328332000003,411,1,200,,2026-06-04T18:35:35.317Z
millmont street,lambert avenue,Millmont St,Lambert Ave,Millmont St and Lambert Ave,ok,1,"Millmont St & Lambert Ave, Roxbury, MA 02119",-71.090100000001,42.327324000003,332,1,200,,2026-06-04T18:35:36.439Z
mills street,dale street,Mills St,Dale St,Mills St and Dale St,ok,1,"Mills St & Dale St, Roxbury, MA 02119",-71.083651500001,42.320709000003,398,1,200,,2026-06-04T18:35:37.707Z
mills street,rockland street,Mills St,Rockland St,Mills St and Rockland St,ok,1,"Mills St & Rockland St, Roxbury, MA 02119",-71.083233000001,42.321924000003,303,1,200,,2026-06-04T18:35:38.815Z
milton avenue,norfolk street,Milton Ave,Norfolk St,Milton Ave and Norfolk St,ok,1,"Milton Ave & Norfolk St, Dorchester, MA 02124",-71.078854500001,42.287130000003,318,1,200,,2026-06-04T18:35:40.031Z
milton avenue,woodrow avenue,Milton Ave,Woodrow Ave,Milton Ave and Woodrow Ave,ok,1,"Milton Ave & Woodrow Ave, Dorchester, MA 02124",-71.078850000001,42.288102000003,984,1,200,,2026-06-04T18:35:41.896Z
minden street,day street,Minden St,Day St,Minden St and Day St,ok,1,"Minden St & Day St, Jamaica Plain, MA 02130",-71.107456500001,42.325515000003,317,1,200,,2026-06-04T18:35:42.430Z
minden street,walden street,Minden St,Walden St,Minden St and Walden St,ok,1,"Minden St & Walden St, Jamaica Plain, MA 02130",-71.104315500001,42.324975000003,419,1,200,,2026-06-04T18:35:43.733Z
miner street,beacon street,Miner St,Beacon St,Miner St and Beacon St,ok,1,"Miner St & Beacon St, Fenway, MA 02215",-71.103303000001,42.347088000003,305,1,200,,2026-06-04T18:35:44.820Z
miner street,mbta,Miner St,MBTA,Miner St and MBTA,no_match,0,,,,278,1,200,,2026-06-04T18:35:45.995Z
minton street,amory street,Minton St,Amory St,Minton St and Amory St,ok,1,"Minton St & Amory St, Jamaica Plain, MA 02130",-71.105215500001,42.313572000003,951,1,200,,2026-06-04T18:35:47.867Z
minton street,brookside avenue,Minton St,Brookside Ave,Minton St and Brookside Ave,ok,1,"Minton St & Brookside Ave, Jamaica Plain, MA 02130",-71.103609000001,42.313113000003,340,1,200,,2026-06-04T18:35:48.457Z
mission street,huntington avenue,Mission St,Huntington Ave,Mission St and Huntington Ave,ok,1,"Mission St & Huntington Ave, Mission Hill, MA 02115",-71.107065000001,42.333273000003,738,1,200,,2026-06-04T18:35:50.057Z
mission street,stockwell street,Mission St,Stockwell St,Mission St and Stockwell St,ok,1,"Mission St & Stockwell St, Mission Hill, MA 02115",-71.107267500001,42.332148000003,762,1,200,,2026-06-04T18:35:51.283Z
mitchell street,old colony avenue,Mitchell St,Old Colony Ave,Mitchell St and Old Colony Ave,ok,1,"Mitchell St & Old Colony Ave, South Boston, MA 02127",-71.053303500001,42.331995000003,366,1,200,,2026-06-04T18:35:52.088Z
mitchell street,west ninth street,Mitchell St,West Ninth St,Mitchell St and West Ninth St,ok,1,"Mitchell St & W Ninth St, South Boston, MA 02127",-71.052052500001,42.332832000003,1307,1,200,,2026-06-04T18:35:54.228Z
mohawk street,devine way,Mohawk St,Devine Way,Mohawk St and Devine Way,ok,1,General William H Devine Way & Mohawk St,-71.05570843938553,42.32858007353017,121,1,200,,2026-06-04T23:46:23.226Z
mohawk street,preble street,Mohawk St,Preble St,Mohawk St and Preble St,ok,1,"Mohawk St & Preble St, South Boston, MA 02127",-71.055729000001,42.329313000003,398,1,200,,2026-06-04T18:35:55.828Z
monadnock street,bird street,Monadnock St,Bird St,Monadnock St and Bird St,ok,1,"Monadnock St & Bird St, Dorchester, MA 02125",-71.069233500001,42.314535000003,344,1,200,,2026-06-04T18:35:56.974Z
monadnock street,dudley street,Monadnock St,Dudley St,Monadnock St and Dudley St,ok,1,"Monadnock St & Dudley St, Dorchester, MA 02125",-71.067289500001,42.318009000003,412,1,200,,2026-06-04T18:35:58.244Z
monastery road,colbourne road,Monastery Rd,Colbourne Rd,Monastery Rd and Colbourne Rd,ok,2,"Monastery Rd & Colborne Rd, Brighton, MA 02135",-71.147790000001,42.344244000003,368,1,200,,2026-06-04T18:35:59.400Z
monastery road,washington street,Monastery Rd,Washington St,Monastery Rd and Washington St,ok,1,"Monastery Rd & Washington St, Brighton, MA 02135",-71.146269000001,42.346116000003,372,1,200,,2026-06-04T18:36:00.606Z
monks street,east seventh street,Monks St,East Seventh St,Monks St and East Seventh St,ok,1,"Monks St & E Seventh St, South Boston, MA 02127",-71.032563000001,42.332355000003,353,1,200,,2026-06-04T18:36:01.788Z
monks street,east sixth street,Monks St,East Sixth St,Monks St and East Sixth St,ok,1,"Monks St & E Sixth St, South Boston, MA 02127",-71.032585500001,42.333183000003,597,1,200,,2026-06-04T18:36:03.232Z
monmouth street,brooks street,Monmouth St,Brooks St,Monmouth St and Brooks St,ok,1,"Monmouth St & Brooks St, East Boston, MA 02128",-71.036104500001,42.380523000003,365,1,200,,2026-06-04T18:36:04.201Z
monmouth street,meridian street,Monmouth St,Meridian St,Monmouth St and Meridian St,ok,1,"Monmouth St & Meridian St, East Boston, MA 02128",-71.039218500001,42.379398000003,292,1,200,,2026-06-04T18:36:05.330Z
monsignor albert a jacobbe road,clipper ship lane,Monsignor Albert A Jacobbe Rd,Clipper Ship Ln,Monsignor Albert A Jacobbe Rd and Clipper Ship Ln,ok,1,"Monsignor Albert A. Jacobbe Rd & Clipper Ship Ln, East Boston, MA 02128",-71.041491000001,42.368697000003,318,1,200,,2026-06-04T18:36:06.556Z
monsignor patrick j lydon way,adams street,Monsignor Patrick J Lydon Way,Adams St,Monsignor Patrick J Lydon Way and Adams St,ok,1,"Monsignor Patrick J. Lydon Way & Adams St, Dorchester, MA 02122",-71.056147500001,42.289983000003,353,1,200,,2026-06-04T18:36:07.791Z
monsignor patrick j lydon way,dorchester avenue,Monsignor Patrick J Lydon Way,Dorchester Ave,Monsignor Patrick J Lydon Way and Dorchester Ave,ok,1,"Monsignor Patrick J. Lydon Way & Dorchester Ave, Dorchester, MA 02124",-71.063644500001,42.288120000003,328,1,200,,2026-06-04T18:36:08.974Z
monsignor reynolds way,harrison avenue,Monsignor Reynolds Way,Harrison Ave,Monsignor Reynolds Way and Harrison Ave,ok,1,"Monsignor Reynolds Way & Harrison Ave, South End, MA 02118",-71.068684500001,42.340131000003,328,1,200,,2026-06-04T18:36:10.168Z
monsignor reynolds way,washington street,Monsignor Reynolds Way,Washington St,Monsignor Reynolds Way and Washington St,ok,1,"Monsignor Reynolds Way & Washington St, South End, MA 02118",-71.070790500001,42.340743000003,333,1,200,,2026-06-04T18:36:11.373Z
monson street,sturbridge street,Monson St,Sturbridge St,Monson St and Sturbridge St,ok,1,"Monson St & Sturbridge St, Mattapan, MA 02126",-71.074341000001,42.272361000003,374,1,200,,2026-06-04T18:36:12.615Z
monson street,temple street,Monson St,Temple St,Monson St and Temple St,ok,1,"Monson St & Temple St, Mattapan, MA 02126",-71.072347500001,42.272748000003,392,1,200,,2026-06-04T18:36:13.836Z
montebello road,brookside avenue,Montebello Rd,Brookside Ave,Montebello Rd and Brookside Ave,ok,1,"Montebello Rd & Brookside Ave, Jamaica Plain, MA 02130",-71.103496500001,42.313230000003,302,1,200,,2026-06-04T18:36:14.947Z
montebello road,walnut avenue,Montebello Rd,Walnut Ave,Montebello Rd and Walnut Ave,ok,1,"Montebello Rd & Walnut Ave, Roxbury, MA 02130",-71.097862500001,42.311070000003,289,1,200,,2026-06-04T18:36:16.135Z
montello street,arcadia street,Montello St,Arcadia St,Montello St and Arcadia St,ok,1,"Montello St & Arcadia St, Dorchester, MA 02122",-71.060985000001,42.301917000003,375,1,200,,2026-06-04T18:36:17.422Z
montello street,robinson street,Montello St,Robinson St,Montello St and Robinson St,ok,1,"Montello St & Robinson St, Dorchester, MA 02122",-71.061475500001,42.302943000003,334,1,200,,2026-06-04T18:36:18.584Z
montfern avenue,faneuil street,Montfern Ave,Faneuil St,Montfern Ave and Faneuil St,ok,1,"Montfern Ave & Faneuil St, Brighton, MA 02135",-71.164305000001,42.352209000003,312,1,200,,2026-06-04T18:36:19.764Z
montfern avenue,washington street,Montfern Ave,Washington St,Montfern Ave and Washington St,ok,1,"Montfern Ave & Washington St, Brighton, MA 02135",-71.164710000001,42.349914000003,312,1,200,,2026-06-04T18:36:20.966Z
montgomery street,clarendon street,Montgomery St,Clarendon St,Montgomery St and Clarendon St,ok,1,"Montgomery St & Clarendon St, South End, MA 02116",-71.071992000001,42.344136000003,331,1,200,,2026-06-04T18:36:22.187Z
montgomery street,west canton street,Montgomery St,West Canton St,Montgomery St and West Canton St,ok,1,"Montgomery St & W Canton St, South End, MA 02116",-71.075385000001,42.343227000003,440,1,200,,2026-06-04T18:36:23.495Z
montrose street,moreland street,Montrose St,Moreland St,Montrose St and Moreland St,ok,1,"Montrose St & Moreland St, Roxbury, MA 02119",-71.079592500001,42.324156000003,284,1,200,,2026-06-04T18:36:24.541Z
montrose street,warren street,Montrose St,Warren St,Montrose St and Warren St,ok,1,"Montrose St & Warren St, Roxbury, MA 02119",-71.082436500001,42.323256000003,321,1,200,,2026-06-04T18:36:25.779Z
monument avenue,main street,Monument Ave,Main St,Monument Ave and Main St,ok,1,"Monument Ave & Main St, Charlestown, MA 02129",-71.062614000001,42.373647000003,335,1,200,,2026-06-04T18:36:26.995Z
monument avenue,monument square,Monument Ave,Monument Sq,Monument Ave and Monument Sq,ok,1,"Monument Ave & Monument Sq, Charlestown, MA 02129",-71.061160500001,42.375717000003,393,1,200,,2026-06-04T18:36:28.255Z
monument court,winthrop street,Monument Ct,Winthrop St,Monument Ct and Winthrop St,ok,1,"Monument Ct & Winthrop St, Charlestown, MA 02129",-71.060314500001,42.375258000003,361,1,200,,2026-06-04T18:36:29.423Z
monument square,high street,Monument Sq,High St,Monument Sq and High St,ok,1,"Monument Sq & High St, Charlestown, MA 02129",-71.061876000001,42.375969000003,359,1,200,,2026-06-04T18:36:30.621Z
monument square,monument avenue,Monument Sq,Monument Ave,Monument Sq and Monument Ave,ok,1,"Monument Sq & Monument Ave, Charlestown, MA 02129",-71.061160500001,42.375717000003,375,1,200,,2026-06-04T18:36:31.839Z
monument square,monument street,Monument Sq,Monument St,Monument Sq and Monument St,ok,1,"Monument Sq & Monument St, Charlestown, MA 02129",-71.060458500001,42.376923000003,283,1,200,,2026-06-04T18:36:32.948Z
monument street,bunker hill street,Monument St,Bunker Hill St,Monument St and Bunker Hill St,ok,1,"Monument St & Bunker Hill St, Charlestown, MA 02129",-71.059864500001,42.378048000003,278,1,200,,2026-06-04T18:36:34.143Z
monument street,medford street,Monument St,Medford St,Monument St and Medford St,ok,1,"Monument St & Medford St, Charlestown, MA 02129",-71.058946500001,42.379677000003,973,1,200,,2026-06-04T18:36:36.040Z
monument street,monument square,Monument St,Monument Sq,Monument St and Monument Sq,ok,1,"Monument St & Monument Sq, Charlestown, MA 02129",-71.060458500001,42.376923000003,641,1,200,,2026-06-04T18:36:36.907Z
moon street,fleet,Moon St,Fleet,Moon St and Fleet,ok,1,"Moon St & Fleet St, North End, MA 02109",-71.052367500001,42.364395000003,472,1,200,,2026-06-04T18:36:37.938Z
moon street,north square,Moon St,North Square,Moon St and North Square,ok,1,"Moon St & North Sq, North End, MA 02113",-71.053087500001,42.363945000003,297,1,200,,2026-06-04T18:36:38.965Z
moore street,saratoga street,Moore St,Saratoga St,Moore St and Saratoga St,ok,1,"Moore St & Saratoga St, East Boston, MA 02128",-71.018779500001,42.383178000003,370,1,200,,2026-06-04T18:36:40.242Z
mora street,milton avenue,Mora St,Milton Ave,Mora St and Milton Ave,ok,1,"Mora St & Milton Ave, Dorchester, MA 02124",-71.075965500001,42.281658000003,335,1,200,,2026-06-04T18:36:41.406Z
mora street,washington street,Mora St,Washington St,Mora St and Washington St,ok,1,"Mora St & Washington St, Dorchester, MA 02124",-71.071339500001,42.282549000003,652,1,200,,2026-06-04T18:36:42.923Z
moraine street,centre street,Moraine St,Centre St,Moraine St and Centre St,ok,1,"Moraine St & Centre St, Jamaica Plain, MA 02130",-71.111659500001,42.319530000003,346,1,200,,2026-06-04T18:36:43.818Z
moraine street,jamaicaway,Moraine St,Jamaicaway,Moraine St and Jamaicaway,ok,1,"Moraine St & Jamaicaway, Jamaica Plain, MA 02130",-71.116974000001,42.320205000003,558,1,200,,2026-06-04T18:36:45.232Z
moreland street,blue hill avenue,Moreland St,Blue Hill Ave,Moreland St and Blue Hill Ave,ok,1,"Moreland St & Blue Hill Ave, Roxbury, MA 02119",-71.076676500001,42.322887000003,301,1,200,,2026-06-04T18:36:46.178Z
moreland street,brook avenue,Moreland St,Brook Ave,Moreland St and Brook Ave,ok,1,"Moreland St & Brook Ave, Roxbury, MA 02119",-71.074021500001,42.322086000003,274,1,200,,2026-06-04T18:36:47.349Z
moreland street,warren street,Moreland St,Warren St,Moreland St and Warren St,ok,1,"Moreland St & Warren St, Roxbury, MA 02119",-71.083453500001,42.325992000003,357,1,200,,2026-06-04T18:36:48.631Z
morrill street,bakersfield street,Morrill St,Bakersfield St,Morrill St and Bakersfield St,ok,1,"Morrill St & Bakersfield St, Dorchester, MA 02125",-71.061142500001,42.316479000003,578,1,200,,2026-06-04T18:36:50.055Z
morrill street,pleasant street,Morrill St,Pleasant St,Morrill St and Pleasant St,ok,1,"Morrill St & Pleasant St, Dorchester, MA 02125",-71.059558500001,42.316209000003,419,1,200,,2026-06-04T18:36:51.096Z
morris street,marion street,Morris St,Marion St,Morris St and Marion St,ok,1,"Morris St & Marion St, East Boston, MA 02128",-71.033931000001,42.374853000003,518,1,200,,2026-06-04T18:36:52.396Z
morris street,putnam street,Morris St,Putnam St,Morris St and Putnam St,ok,1,"Morris St & Putnam St, East Boston, MA 02128",-71.031042000001,42.377346000003,347,1,200,,2026-06-04T18:36:53.424Z
morse street,ronald street,Morse St,Ronald St,Morse St and Ronald St,ok,1,"Morse St & Ronald St, Dorchester, MA 02121",-71.078071500001,42.304662000003,350,1,200,,2026-06-04T18:36:54.629Z
morse street,washington street,Morse St,Washington St,Morse St and Washington St,ok,1,"Morse St & Washington St, Dorchester, MA 02121",-71.078962500001,42.303951000003,324,1,200,,2026-06-04T18:36:55.805Z
morton street,american legion highway,Morton St,American Legion Hwy,Morton St and American Legion Hwy,ok,3,"Morton St & American Legion Hwy, Mattapan, MA 02131",-71.095877000001,42.29189166667,553,1,200,,2026-06-04T18:36:57.236Z
morton street,blue hill avenue,Morton St,Blue Hill Ave,Morton St and Blue Hill Ave,ok,1,"Morton St & Blue Hill Ave, Dorchester, MA 02124",-71.091549000001,42.284295000003,281,1,200,,2026-06-04T18:36:58.165Z
morton street,harvard street,Morton St,Harvard St,Morton St and Harvard St,ok,2,Harvard St & Morton St,-71.09387491496001,42.28768461478549,109,1,200,,2026-06-04T19:43:37.664Z
morton street,south street,Morton St,South St,Morton St and South St,no_match,0,,,,167,1,200,,2026-06-04T18:37:15.316Z
morton street,washington street,Morton St,Washington St,Morton St and Washington St,ok,1,"Morton St & Washington St, Mattapan, MA 02124",-71.070160500001,42.273819000003,332,1,200,,2026-06-04T18:37:16.681Z
moseley street,crescent avenue,Moseley St,Crescent Ave,Moseley St and Crescent Ave,ok,1,"Moseley St & Crescent Ave, Dorchester, MA 02125",-71.055549000001,42.318918000003,298,1,200,,2026-06-04T18:37:17.847Z
moseley street,sydney street,Moseley St,Sydney St,Moseley St and Sydney St,ok,1,"Moseley St & Sydney St, Dorchester, MA 02125",-71.054113500001,42.320871000003,353,1,200,,2026-06-04T18:37:19.106Z
mosgrove avenue,south street,Mosgrove Ave,South St,Mosgrove Ave and South St,ok,1,"Mosgrove Ave & South St, Roslindale, MA 02131",-71.123526000001,42.292422000003,377,1,200,,2026-06-04T18:37:20.330Z
mosgrove avenue,washington street,Mosgrove Ave,Washington St,Mosgrove Ave and Washington St,ok,1,"Mosgrove Ave & Washington St, Roslindale, MA 02131",-71.122450500001,42.291792000003,316,1,200,,2026-06-04T18:37:21.470Z
moulton street,bunker hill street,Moulton St,Bunker Hill St,Moulton St and Bunker Hill St,ok,1,"Moulton St & Bunker Hill St, Charlestown, MA 02129",-71.056840500001,42.376545000003,275,1,200,,2026-06-04T18:37:22.633Z
moulton street,vine street,Moulton St,Vine St,Moulton St and Vine St,ok,1,"Moulton St & Vine St, Charlestown, MA 02129",-71.056489500001,42.376932000003,543,1,200,,2026-06-04T18:37:24.101Z
moultrie street,allston street,Moultrie St,Allston St,Moultrie St and Allston St,ok,1,"Moultrie St & Allston St, Dorchester, MA 02124",-71.066934000001,42.292359000003,281,1,200,,2026-06-04T18:37:25.040Z
moultrie street,washington street,Moultrie St,Washington St,Moultrie St and Washington St,ok,1,"Moultrie St & Washington St, Dorchester, MA 02124",-71.071686000001,42.290964000003,336,1,200,,2026-06-04T18:37:26.295Z
mount bowdoin terrace,eldon street,Mount Bowdoin Ter,Eldon St,Mount Bowdoin Ter and Eldon St,ok,1,"Mount Bowdoin Ter & Eldon St, Dorchester, MA 02121",-71.077225500001,42.303987000003,306,1,200,,2026-06-04T18:37:27.469Z
mount bowdoin terrace,mallon road,Mount Bowdoin Ter,Mallon Rd,Mount Bowdoin Ter and Mallon Rd,ok,1,"Mount Bowdoin Ter & Mallon Rd, Dorchester, MA 02121",-71.074525500001,42.302565000003,416,1,200,,2026-06-04T18:37:28.779Z
mount ida road,bowdoin street,Mount Ida Rd,Bowdoin St,Mount Ida Rd and Bowdoin St,ok,1,"Mount Ida Rd & Bowdoin St, Dorchester, MA 02122",-71.065804500001,42.307371000003,353,1,200,,2026-06-04T18:37:29.917Z
mount ida road,robinson street,Mount Ida Rd,Robinson St,Mount Ida Rd and Robinson St,ok,1,"Mount Ida Rd & Robinson St, Dorchester, MA 02122",-71.062731000001,42.302628000003,576,1,200,,2026-06-04T18:37:31.340Z
mountain avenue,ballou avenue,Mountain Ave,Ballou Ave,Mountain Ave and Ballou Ave,ok,1,"Mountain Ave & Ballou Ave, Dorchester, MA 02124",-71.085055500001,42.283467000003,455,1,200,,2026-06-04T18:37:32.420Z
mountain avenue,woodrow avenue,Mountain Ave,Woodrow Ave,Mountain Ave and Woodrow Ave,ok,1,"Mountain Ave & Woodrow Ave, Dorchester, MA 02124",-71.085780000001,42.286779000003,268,1,200,,2026-06-04T18:37:33.434Z
mountfort street,beacon street,Mountfort St,Beacon St,Mountfort St and Beacon St,ok,1,"Mountfort St & Beacon St, Fenway, MA 02215",-71.101863000001,42.347574000003,496,1,200,,2026-06-04T18:37:34.865Z
mountfort street,st. mary's street,Mountfort St,St. Mary's St,Mountfort St and St. Mary's St,ok,1,"Mountfort St & Saint Mary's St, None, MA 02215",-71.106856054922,42.348571414411,539,1,200,,2026-06-04T18:37:36.107Z
mozart street,centre street,Mozart St,Centre St,Mozart St and Centre St,ok,1,"Mozart St & Centre St, Jamaica Plain, MA 02130",-71.104887000001,42.322725000003,276,1,200,,2026-06-04T18:37:37.046Z
mozart street,lamartine street,Mozart St,Lamartine St,Mozart St and Lamartine St,ok,1,"Mozart St & Lamartine St, Jamaica Plain, MA 02130",-71.103163500001,42.319440000003,337,1,200,,2026-06-04T18:37:38.308Z
mt everett street,hamilton street,Mt Everett St,Hamilton St,Mt Everett St and Hamilton St,ok,1,"Mount Everett St & Hamilton St, Dorchester, MA 02125",-71.071015500001,42.309189000003,297,1,200,,2026-06-04T18:37:39.470Z
mt everett street,quincy street,Mt Everett St,Quincy St,Mt Everett St and Quincy St,ok,1,"Mount Everett St & Quincy St, Dorchester, MA 02125",-71.069580000001,42.311088000003,399,1,200,,2026-06-04T18:37:40.774Z
mt hood road,commonwealth avenue,Mt Hood Rd,Commonwealth Ave,Mt Hood Rd and Commonwealth Ave,ok,1,"Mount Hood Rd & Commonwealth Ave, Brighton, MA 02135",-71.144118000001,42.342273000003,337,1,200,,2026-06-04T18:37:41.912Z
mt hood road,corey road,Mt Hood Rd,Corey Rd,Mt Hood Rd and Corey Rd,ok,1,"Mount Hood Rd & Corey Rd, Brighton, MA 02135",-71.141580000001,42.341508000003,274,1,200,,2026-06-04T18:37:43.052Z
mt pleasant avenue,dudley street,Mt Pleasant Ave,Dudley St,Mt Pleasant Ave and Dudley St,ok,2,"Mount Pleasant Ave & Dudley St, Roxbury, MA 02119",-71.079286500001,42.328512000003,763,1,200,,2026-06-04T18:37:44.742Z
mt vernon,hancock street,Mt Vernon,Hancock St,Mt Vernon and Hancock St,ok,1,"Mount Vernon St & Hancock St, Beacon Hill, MA 02108",-71.064364500001,42.358428000003,288,1,200,,2026-06-04T18:37:45.468Z
mt vernon,joy street,Mt Vernon,Joy St,Mt Vernon and Joy St,ok,3,"Mount Vernon St & Joy St, Beacon Hill, MA 02108",-71.065080000001,42.358356000003,441,1,200,,2026-06-04T18:37:46.823Z
mt vernon street,buttonwood street,Mt Vernon St,Buttonwood St,Mt Vernon St and Buttonwood St,ok,1,"Mount Vernon St & Buttonwood St, Dorchester, MA 02125",-71.055864000001,42.321636000003,350,1,200,,2026-06-04T18:37:47.932Z
mt vernon street,charles street,Mt Vernon St,Charles St,Mt Vernon St and Charles St,ok,1,"Mount Vernon St & Charles St, Beacon Hill, MA 02114",-71.070295500001,42.357780000003,551,1,200,,2026-06-04T18:37:49.332Z
mt vernon street,dorchester avenue,Mt Vernon St,Dorchester Ave,Mt Vernon St and Dorchester Ave,ok,1,"Mount Vernon St & Dorchester Ave, Dorchester, MA 02125",-71.056800000001,42.321627000003,311,1,200,,2026-06-04T18:37:50.292Z
mt vernon street,joy street,Mt Vernon St,Joy St,Mt Vernon St and Joy St,ok,1,"Mount Vernon St & Joy St, Beacon Hill, MA 02108",-71.065080000001,42.358356000003,358,1,200,,2026-06-04T18:37:51.538Z
mt vernon street,lowney way,Mt Vernon St,Lowney Way,Mt Vernon St and Lowney Way,ok,1,"Mount Vernon St & Lowney Way, Charlestown, MA 02129",-71.058037500001,42.374403000003,336,1,200,,2026-06-04T18:37:52.718Z
mt vernon street,river street,Mt Vernon St,River St,Mt Vernon St and River St,ok,1,"Mount Vernon St & River St, Beacon Hill, MA 02108",-71.070714000001,42.357690000003,305,1,200,,2026-06-04T18:37:53.886Z
mulvey street,mattapan street,Mulvey St,Mattapan St,Mulvey St and Mattapan St,ok,1,"Mulvey St & Mattapan St, Mattapan, MA 02126",-71.097066000001,42.279012000003,328,1,200,,2026-06-04T18:37:55.110Z
mulvey street,walk hill street,Mulvey St,Walk Hill St,Mulvey St and Walk Hill St,ok,1,"Mulvey St & Walk Hill St, Mattapan, MA 02126",-71.096283000001,42.279489000003,279,1,200,,2026-06-04T18:37:56.264Z
munroe street,humboldt avenue,Munroe St,Humboldt Ave,Munroe St and Humboldt Ave,ok,1,"Munroe St & Humboldt Ave, Roxbury, MA 02119",-71.086221000001,42.318243000003,268,1,200,,2026-06-04T18:37:57.452Z
munroe street,walnut avenue,Munroe St,Walnut Ave,Munroe St and Walnut Ave,ok,1,"Munroe St & Walnut Ave, Roxbury, MA 02119",-71.090226000001,42.319224000003,403,1,200,,2026-06-04T18:37:58.787Z
murray hill road,florence street,Murray Hill Rd,Florence St,Murray Hill Rd and Florence St,ok,1,"Murray Hill Rd & Florence St, Roslindale, MA 02131",-71.124498000001,42.286239000003,275,1,200,,2026-06-04T18:37:59.877Z
murray hill road,washington street,Murray Hill Rd,Washington St,Murray Hill Rd and Washington St,ok,1,"Murray Hill Rd & Washington St, Roslindale, MA 02131",-71.126865000001,42.287634000003,368,1,200,,2026-06-04T18:38:01.167Z
myrtle street,centre street,Myrtle St,Centre St,Myrtle St and Centre St,ok,1,"Myrtle St & Centre St, Jamaica Plain, MA 02130",-71.114098500001,42.313230000003,296,1,200,,2026-06-04T18:38:02.296Z
myrtle street,hancock street,Myrtle St,Hancock St,Myrtle St and Hancock St,ok,1,"Myrtle St & Hancock St, Beacon Hill, MA 02114",-71.064373500001,42.359373000003,362,1,200,,2026-06-04T18:38:03.564Z
myrtle street,pond street,Myrtle St,Pond St,Myrtle St and Pond St,ok,1,"Myrtle St & Pond St, Jamaica Plain, MA 02130",-71.115687000001,42.315138000003,328,1,200,,2026-06-04T18:38:04.730Z
myrtle street,revere street,Myrtle St,Revere St,Myrtle St and Revere St,ok,1,"Myrtle St & Revere St, Beacon Hill, MA 02114",-71.069737500001,42.359499000003,638,1,200,,2026-06-04T18:38:06.243Z
mystic street,bunker hill street,Mystic St,Bunker Hill St,Mystic St and Bunker Hill St,ok,1,"Mystic St & Bunker Hill St, Charlestown, MA 02129",-71.063158500001,42.379209000003,461,1,200,,2026-06-04T18:38:07.264Z
mystic street,medford street,Mystic St,Medford St,Mystic St and Medford St,ok,1,"Mystic St & Medford St, Charlestown, MA 02129",-71.061849000001,42.380892000003,679,1,200,,2026-06-04T18:38:08.684Z
naples street,brookline line,Naples St,Brookline line,Naples St and Brookline line,no_match,0,,,,158,1,200,,2026-06-04T18:38:09.368Z
naples street,commonwealth avenue,Naples St,Commonwealth Ave,Naples St and Commonwealth Ave,ok,1,"Naples Rd & Commonwealth Ave, Allston, MA 02215",-71.123422500001,42.351939000003,380,1,200,,2026-06-04T18:38:10.788Z
nashua street,charles street,Nashua St,Charles St,Nashua St and Charles St,ok,1,"Nashua St & Charles St, West End, MA 02114",-71.067672000001,42.366433500003,990,1,200,,2026-06-04T18:38:12.597Z
nashua street,cotting street,Nashua St,Cotting St,Nashua St and Cotting St,ok,1,"Nashua St & Cotting St, West End, MA 02114",-71.064121500001,42.365331000003,615,1,200,,2026-06-04T18:38:13.422Z
national street,east fourth street,National St,East Fourth St,National St and East Fourth St,ok,1,"National St & E Fourth St, South Boston, MA 02127",-71.046693000001,42.334884000003,355,1,200,,2026-06-04T18:38:14.363Z
national street,thomas park,National St,Thomas Park,National St and Thomas Park,ok,1,"National St & Thomas Park, South Boston, MA 02127",-71.046666000001,42.333462000003,342,1,200,,2026-06-04T18:38:15.550Z
navillus terrace,winter street,Navillus Ter,Winter St,Navillus Ter and Winter St,ok,1,"Navillus Ter & Winter St, Dorchester, MA 02122",-71.062560000001,42.310125000003,461,1,200,,2026-06-04T18:38:16.871Z
nazing street,blue hill avenue,Nazing St,Blue Hill Avenue,Nazing St and Blue Hill Avenue,ok,1,"Nazing St & Blue Hill Ave, Dorchester, MA 02121",-71.084619000001,42.306120000003,325,1,200,,2026-06-04T18:38:17.934Z
nazing street,maple street,Nazing St,Maple Street,Nazing St and Maple Street,ok,1,"Nazing St & Maple St, Roxbury, MA 02121",-71.087049000001,42.307173000003,354,1,200,,2026-06-04T18:38:19.166Z
nelson street,norfolk street,Nelson St,Norfolk St,Nelson St and Norfolk St,ok,1,"Nelson St & Norfolk St, Dorchester, MA 02124",-71.083318500001,42.283449000003,303,1,200,,2026-06-04T18:38:20.315Z
nelson street,seldon street,Nelson St,Seldon St,Nelson St and Seldon St,ok,1,"Nelson St & Selden St, Dorchester, MA 02124",-71.081635500001,42.280632000003,521,1,200,,2026-06-04T18:38:21.734Z
neponset avenue,canterbury street,Neponset Ave,Canterbury St,Neponset Ave and Canterbury St,ok,1,"Neponset Ave & Canterbury St, Jamaica Plain, MA 02131",-71.110534500001,42.286968000003,498,1,200,,2026-06-04T18:38:22.915Z
neponset avenue,freeport street,Neponset Ave,Freeport St,Neponset Ave and Freeport St,ok,1,"Neponset Ave & Freeport St, Dorchester, MA 02122",-71.048477250001,42.290577000003,483,1,200,,2026-06-04T18:38:24.100Z
neponset avenue,gallivan boulevard,Neponset Ave,Gallivan Blvd,Neponset Ave and Gallivan Blvd,ok,3,"Neponset Ave & Gallivan Blvd, Dorchester, MA 02122",-71.043444000001,42.285294000003,489,1,200,,2026-06-04T18:38:25.307Z
neponset avenue,hyde park avenue,Neponset Ave,Hyde Park Ave,Neponset Ave and Hyde Park Ave,ok,1,"Neponset Ave & Hyde Park Ave, Jamaica Plain, MA 02131",-71.118742500001,42.286410000003,290,1,200,,2026-06-04T18:38:26.309Z
neponset avenue,parkman street,Neponset Ave,Parkman St,Neponset Ave and Parkman St,ok,1,"Neponset Ave & Parkman St, Dorchester, MA 02122",-71.056431000001,42.297345000003,426,1,200,,2026-06-04T18:38:27.645Z
new chardon street,cambridge street,New Chardon St,Cambridge St,New Chardon St and Cambridge St,ok,1,"New Chardon St & Cambridge St, Downtown, MA 02114",-71.062866000001,42.361191000003,359,1,200,,2026-06-04T18:38:28.780Z
new chardon street,north washington street,New Chardon St,North Washington St,New Chardon St and North Washington St,ok,1,"New Chardon St & N Washington St, West End, MA 02114",-71.058406500001,42.363855000003,293,1,200,,2026-06-04T18:38:29.915Z
new england avenue,norfolk street,New England Ave,Norfolk St,New England Ave and Norfolk St,ok,1,"New England Ave & Norfolk St, Dorchester, MA 02124",-71.077882500001,42.288003000003,321,1,200,,2026-06-04T18:38:31.144Z
new england avenue,talbot avenue,New England Ave,Talbot Ave,New England Ave and Talbot Ave,ok,1,"New England Ave & Talbot Ave, Dorchester, MA 02124",-71.077180500001,42.291747000003,291,1,200,,2026-06-04T18:38:32.314Z
new rutherford avenue,rutherford avenue,New Rutherford Ave,Rutherford Ave,New Rutherford Ave and Rutherford Ave,ok,3,"New Rutherford Ave & Rutherford Ave, Charlestown, MA 02129",-71.069233500001,42.376941000003,372,1,200,,2026-06-04T18:38:33.598Z
new rutherford avenue,sullivan square,New Rutherford Ave,Sullivan Square,New Rutherford Ave and Sullivan Square,ok,2,"Rutherford Ave & Sullivan Sq, Charlestown, MA 02129",-71.073778500001,42.383925000003,374,1,200,,2026-06-04T18:38:34.797Z
new street,maverick street,New St,Maverick St,New St and Maverick St,ok,1,"New St & Maverick St, East Boston, MA 02128",-71.042944500001,42.371910000003,441,1,200,,2026-06-04T18:38:36.065Z
new street,sumner street,New St,Sumner St,New St and Sumner St,ok,1,"New St & Sumner St, East Boston, MA 02128",-71.043961500001,42.370731000003,371,1,200,,2026-06-04T18:38:37.196Z
newbury street,arlington street,Newbury St,Arlington St,Newbury St and Arlington St,ok,1,"Newbury St & Arlington St, Back Bay, MA 02116",-71.071096500001,42.352686000003,357,1,200,,2026-06-04T18:38:38.386Z
newbury street,brookline avenue,Newbury St,Brookline Ave,Newbury St and Brookline Ave,ok,1,"Newbury St & Brookline Ave, Fenway, MA 02215",-71.097430500001,42.348267000003,302,1,200,,2026-06-04T18:38:39.530Z
newbury street,charlesgate west,Newbury St,Charlesgate West,Newbury St and Charlesgate West,ok,1,"Newbury St & Charlesgate W, Fenway, MA 02215",-71.092863000001,42.348114000003,315,1,200,,2026-06-04T18:38:40.744Z
newbury street,kenmore street,Newbury St,Kenmore St,Newbury St and Kenmore St,ok,1,"Newbury St & Kenmore St, Fenway, MA 02215",-71.094946500001,42.348042000003,331,1,200,,2026-06-04T18:38:41.961Z
newbury street,massachusetts avenue,Newbury St,Massachusetts Ave,Newbury St and Massachusetts Ave,ok,1,"Newbury St & Massachusetts Ave, Back Bay, MA 02115",-71.088142500001,42.348114000003,525,1,200,,2026-06-04T18:38:43.355Z
newcomb street,harrison avenue,Newcomb St,Harrison Ave,Newcomb St and Harrison Ave,ok,1,"Newcomb St & Harrison Ave, Roxbury, MA 02118",-71.077567500001,42.333255000003,438,1,200,,2026-06-04T18:38:44.467Z
newcomb street,washington street,Newcomb St,Washington St,Newcomb St and Washington St,ok,1,"Newcomb St & Washington St, Roxbury, MA 02118",-71.079286500001,42.334623000003,1132,1,200,,2026-06-04T18:38:46.363Z
newcroft cr,river street,Newcroft Cr,River St,Newcroft Cr and River St,ok,2,"Newcroft Cir & River St, Mattapan, MA 02126",-71.084583000001,42.271101000003,355,1,200,,2026-06-04T18:38:46.787Z
newmarket square,massachusetts avenue,Newmarket Sq,Massachusetts Ave,Newmarket Sq and Massachusetts Ave,ok,1,"Newmarket Sq & Massachusetts Ave, Roxbury, MA 02118",-71.066754000001,42.326667000003,368,1,200,,2026-06-04T18:38:48.001Z
newmarket square,newmarket square,Newmarket Sq,Newmarket Sq,Newmarket Sq and Newmarket Sq,no_match,0,,,,152,1,200,,2026-06-04T18:38:48.985Z
newmarket square,southampton street,Newmarket Sq,Southampton St,Newmarket Sq and Southampton St,ok,1,"Newmarket Sq & Southampton St, South Boston, MA 02118",-71.064769500001,42.331050000003,389,1,200,,2026-06-04T18:38:50.423Z
newmarket square,theodore a. glynn way,Newmarket Sq,Theodore A. Glynn Way,Newmarket Sq and Theodore A. Glynn Way,ok,2,"Newmarket Sq & Theodore A Glynn Way, South Boston, MA 02118",-71.068914000001,42.330582000003,409,1,200,,2026-06-04T18:38:51.644Z
newport street,crescent avenue,Newport St,Crescent Ave,Newport St and Crescent Ave,ok,1,"Newport St & Crescent Ave, Dorchester, MA 02125",-71.053857000001,42.318954000003,429,1,200,,2026-06-04T18:38:52.867Z
newport street,harborview street,Newport St,Harborview St,Newport St and Harborview St,ok,1,"Newport St & Harbor View St, Dorchester, MA 02125",-71.054334000001,42.317136000003,408,1,200,,2026-06-04T18:38:54.046Z
nightingale street,bernard street,Nightingale St,Bernard St,Nightingale St and Bernard St,ok,1,"Nightingale St & Bernard St, Dorchester, MA 02124",-71.080744500001,42.295734000003,330,1,200,,2026-06-04T18:38:55.168Z
nightingale street,talbot avenue,Nightingale St,Talbot Ave,Nightingale St and Talbot Ave,ok,1,"Nightingale St & Talbot Ave, Dorchester, MA 02124",-71.086041000001,42.294357000003,346,1,200,,2026-06-04T18:38:56.384Z
niles street,parsons street,Niles St,Parsons St,Niles St and Parsons St,ok,1,"Niles St & Parsons St, Brighton, MA 02135",-71.155764000001,42.354972000003,305,1,200,,2026-06-04T18:38:57.545Z
ninth street,first avenue,Ninth St,First Ave,Ninth St and First Ave,ok,1,"Ninth St & First Ave, Charlestown, MA 02129",-71.052462000001,42.376149000003,527,1,200,,2026-06-04T18:38:58.967Z
ninth street,third avenue,Ninth St,Third Ave,Ninth St and Third Ave,ok,1,"Ninth St & Third Ave, Charlestown, MA 02129",-71.053141500001,42.376752000003,489,1,200,,2026-06-04T18:39:00.130Z
nira avenue,day street,Nira Ave,Day St,Nira Ave and Day St,ok,1,"Nira Ave & Day St, Jamaica Plain, MA 02130",-71.107879500001,42.324795000003,349,1,200,,2026-06-04T18:39:01.191Z
nira avenue,grotto glen road,Nira Ave,Grotto Glen Rd,Nira Ave and Grotto Glen Rd,ok,1,"Nira Ave & Grotto Glen Rd, Jamaica Plain, MA 02130",-71.1091767144,42.325755973361,311,1,200,,2026-06-04T18:39:02.357Z
nixon street,centre street,Nixon St,Centre St,Nixon St and Centre St,ok,1,"Nixon St & Centre St, Dorchester, MA 02124",-71.064598500001,42.292341000003,392,1,200,,2026-06-04T18:39:03.636Z
nixon street,mather street,Nixon St,Mather St,Nixon St and Mather St,ok,1,"Nixon St & Mather St, Dorchester, MA 02124",-71.065228500001,42.294204000003,490,1,200,,2026-06-04T18:39:04.935Z
nonquit street,dudley street,Nonquit St,Dudley St,Nonquit St and Dudley St,ok,1,"Nonquit St & Dudley St, Dorchester, MA 02125",-71.067973500001,42.318288000003,273,1,200,,2026-06-04T18:39:05.919Z
norfolk avenue,east cottage street,Norfolk Ave,East Cottage St,Norfolk Ave and East Cottage St,ok,1,"Norfolk Ave & E Cottage St, Dorchester, MA 02125",-71.065863000001,42.321366000003,277,1,200,,2026-06-04T18:39:07.123Z
norfolk avenue,magazine street,Norfolk Ave,Magazine St,Norfolk Ave and Magazine St,ok,1,"Norfolk Ave & Magazine St, Roxbury, MA 02119",-71.071483500001,42.326685000003,301,1,200,,2026-06-04T18:39:08.348Z
norfolk street,blue hill avenue,Norfolk St,Blue Hill Ave,Norfolk St and Blue Hill Ave,ok,1,"Norfolk St & Blue Hill Ave, Mattapan, MA 02126",-71.093619000001,42.276087000003,279,1,200,,2026-06-04T18:39:09.529Z
norfolk street,crowell street,Norfolk St,Crowell St,Norfolk St and Crowell St,ok,1,"Norfolk St & Crowell St, Dorchester, MA 02124",-71.082315000001,42.283845000003,281,1,200,,2026-06-04T18:39:10.732Z
norfolk street,highland street,Norfolk St,Highland St,Norfolk St and Highland St,ok,1,"Norfolk St & Highland St, Roxbury, MA 02119",-71.091801000001,42.328980000003,334,1,200,,2026-06-04T18:39:11.989Z
norfolk street,lambert avenue,Norfolk St,Lambert Ave,Norfolk St and Lambert Ave,ok,1,"Norfolk St & Lambert Ave, Roxbury, MA 02119",-71.089731000001,42.328179000003,347,1,200,,2026-06-04T18:39:13.201Z
norfolk street,morton street,Norfolk St,Morton St,Norfolk St and Morton St,ok,2,"Norfolk St & Morton St, Dorchester, MA 02124",-71.086941000001,42.281649000003,408,1,200,,2026-06-04T18:39:14.462Z
norfolk street,talbot avenue,Norfolk St,Talbot Ave,Norfolk St and Talbot Ave,ok,1,"Norfolk St & Talbot Ave, Dorchester, MA 02124",-71.072073000001,42.290235000003,273,1,200,,2026-06-04T18:39:15.528Z
normandy street,columbia road,Normandy St,Columbia Rd,Normandy St and Columbia Rd,ok,1,"Normandy St & Columbia Rd, Dorchester, MA 02121",-71.084043000001,42.303528000003,363,1,200,,2026-06-04T18:39:16.820Z
normandy street,geneva avenue,Normandy St,Geneva Ave,Normandy St and Geneva Ave,ok,1,"Normandy St & Geneva Ave, Dorchester, MA 02121",-71.081284500001,42.308253000003,338,1,200,,2026-06-04T18:39:17.996Z
normandy street,lawrence avenue,Normandy St,Lawrence Ave,Normandy St and Lawrence Ave,ok,1,"Normandy St & Lawrence Ave, Dorchester, MA 02121",-71.077324500001,42.312231000003,564,1,200,,2026-06-04T18:39:19.424Z
normandy street,seaver street,Normandy St,Seaver St,Normandy St and Seaver St,ok,1,"Normandy St & Seaver St, Dorchester, MA 02121",-71.083480500001,42.304860000003,331,1,200,,2026-06-04T18:39:20.395Z
normandy street,stanwood street,Normandy St,Stanwood St,Normandy St and Stanwood St,ok,1,"Normandy St & Stanwood St, Dorchester, MA 02121",-71.080267500001,42.309270000003,308,1,200,,2026-06-04T18:39:21.570Z
north bennet street,hanover street,North Bennet St,Hanover St,North Bennet St and Hanover St,ok,1,"N Bennet St & Hanover St, North End, MA 02113",-71.053470000001,42.364782000003,342,1,200,,2026-06-04T18:39:22.805Z
north bennet street,salem street,North Bennet St,Salem St,North Bennet St and Salem St,ok,1,"N Bennet St & Salem St, North End, MA 02113",-71.055063000001,42.365880000003,358,1,200,,2026-06-04T18:39:24.024Z
north grove street,cambridge street,North Grove St,Cambridge St,North Grove St and Cambridge St,ok,2,"N Grove St & Cambridge St, West End, MA 02114",-71.068702500001,42.361191000003,385,1,200,,2026-06-04T18:39:25.252Z
north margin street,endicott street,North Margin St,Endicott St,North Margin St and Endicott St,ok,1,"N Margin St & Endicott St, North End, MA 02113",-71.057470500001,42.365871000003,337,1,200,,2026-06-04T18:39:26.404Z
north margin street,stillman street,North Margin St,Stillman St,North Margin St and Stillman St,ok,1,"N Margin St & Stillman St, North End, MA 02113",-71.056638000001,42.363882000003,334,1,200,,2026-06-04T18:39:27.604Z
north street,blackstone street,North St,Blackstone St,North St and Blackstone St,ok,1,"North St & Blackstone St, Downtown, MA 02109",-71.055486000001,42.361128000003,393,1,200,,2026-06-04T18:39:28.863Z
north street,columbia road,N St,Columbia Rd,N St and Columbia Rd,ok,1,"N St & Columbia Rd, South Boston, MA 02127",-71.031132000001,42.330870000003,401,1,200,,2026-06-04T18:39:30.073Z
north street,commercial street,North St,Commercial St,North St and Commercial St,ok,1,"North St & Commercial St, North End, MA 02109",-71.051305500001,42.366186000003,307,1,200,,2026-06-04T18:39:31.179Z
north street,congress street,North St,Congress St,North St and Congress St,ok,2,"North St & Congress St, Downtown, MA 02108",-71.057281500001,42.360219000003,352,1,200,,2026-06-04T18:39:32.424Z
north street,cross street,North St,Cross St,North St and Cross St,ok,1,"North St & Cross St, Downtown, MA 02109",-71.054937000001,42.362082000003,384,1,200,,2026-06-04T18:39:33.659Z
north street,east broadway,N St,East Broadway,N St and East Broadway,ok,1,"N St & E Broadway, South Boston, MA 02127",-71.031285000001,42.335712000003,327,1,200,,2026-06-04T18:39:34.804Z
north street,east second street,N St,East Second St,N St and East Second St,ok,1,"N St & E Second St, South Boston, MA 02127",-71.031321000001,42.337404000003,355,1,200,,2026-06-04T18:39:36.032Z
north street,north square,North St,North Sq,North St and North Sq,ok,1,"North St & North Sq, North End, MA 02113",-71.053758000001,42.363369000003,286,1,200,,2026-06-04T18:39:37.164Z
north street,richmond street,North St,Richmond St,North St and Richmond St,ok,1,"North St & Richmond St, North End, MA 02109",-71.054073000001,42.363108000003,357,1,200,,2026-06-04T18:39:38.437Z
north washington street,causeway street,North Washington St,Causeway St,North Washington St and Causeway St,ok,2,"N Washington St & Causeway St, North End, MA 02114",-71.058528000001,42.366906000003,342,1,200,,2026-06-04T18:39:39.623Z
north washington street,constitution road,North Washington St,Constitution Rd,North Washington St and Constitution Rd,ok,1,"N Washington St & Constitution Rd, Charlestown, MA 02129",-71.061117750001,42.370794000003,337,1,200,,2026-06-04T18:39:40.819Z
north washington street,new chardon street,North Washington St,New Chardon St,North Washington St and New Chardon St,ok,1,"N Washington St & New Chardon St, West End, MA 02114",-71.058406500001,42.363855000003,690,1,200,,2026-06-04T18:39:42.373Z
northampton street,albany street,Northampton St,Albany St,Northampton St and Albany St,ok,1,"Northampton St & Albany St, Roxbury, MA 02119",-71.074408500001,42.332859000003,461,1,200,,2026-06-04T18:39:43.344Z
northern avenue,northern avenue,Northern Ave,Northern Ave,Northern Ave and Northern Ave,no_match,0,,,,205,1,200,,2026-06-04T18:39:44.289Z
norton street,bowdoin street,Norton St,Bowdoin St,Norton St and Bowdoin St,ok,1,"Norton St & Bowdoin St, Dorchester, MA 02122",-71.067883500001,42.305544000003,286,1,200,,2026-06-04T18:39:45.573Z
norton street,richfield street,Norton St,Richfield St,Norton St and Richfield St,ok,1,"Norton St & Richfield St, Dorchester, MA 02125",-71.070300000001,42.306444000003,351,1,200,,2026-06-04T18:39:46.838Z
norton street,speedwell street,Norton St,Speedwell St,Norton St and Speedwell St,ok,1,"Norton St & Speedwell St, Dorchester, MA 02122",-71.066772000001,42.304293000003,346,1,200,,2026-06-04T18:39:48.033Z
norway street,edgerly road,Norway St,Edgerly Rd,Norway St and Edgerly Rd,ok,1,"Norway St & Edgerly Rd, Fenway, MA 02115",-71.087620500001,42.345225000003,315,1,200,,2026-06-04T18:39:49.204Z
norway street,hemenway street,Norway St,Hemenway St,Norway St and Hemenway St,ok,1,"Norway St & Hemenway St, Fenway, MA 02115",-71.089506000001,42.345432000003,307,1,200,,2026-06-04T18:39:50.397Z
norwell street,park street,Norwell St,Park St,Norwell St and Park St,ok,1,"Norwell St & Park St, Dorchester, MA 02124",-71.078094000001,42.294438000003,834,1,200,,2026-06-04T18:39:52.126Z
norwell street,talbot avenue,Norwell St,Talbot Ave,Norwell St and Talbot Ave,ok,1,"Norwell St & Talbot Ave, Dorchester, MA 02124",-71.077180500001,42.291747000003,496,1,200,,2026-06-04T18:39:52.988Z
nottingham street,bowdoin avenue,Nottingham St,Bowdoin Ave,Nottingham St and Bowdoin Ave,ok,1,"Nottingham St & Bowdoin Ave, Dorchester, MA 02121",-71.073513000001,42.300270000003,496,1,200,,2026-06-04T18:39:54.190Z
nottingham street,bullard street,Nottingham St,Bullard St,Nottingham St and Bullard St,ok,1,"Nottingham St & Bullard St, Dorchester, MA 02121",-71.074089000001,42.301998000003,304,1,200,,2026-06-04T18:39:55.198Z
o street,columbia road,O St,Columbia Rd,O St and Columbia Rd,ok,1,"O St & Columbia Rd, South Boston, MA 02127",-71.029111500001,42.331833000003,339,1,200,,2026-06-04T18:39:56.434Z
o street,east broadway,O St,East Broadway,O St and East Broadway,ok,1,"O St & E Broadway, South Boston, MA 02127",-71.029228500001,42.335748000003,486,1,200,,2026-06-04T18:39:57.783Z
o street,east first street,O St,East First St,O St and East First St,ok,1,"O St & E First St, South Boston, MA 02127",-71.029309500001,42.338268000003,405,1,200,,2026-06-04T18:39:58.903Z
o'connell road,valley road,O'Connell Rd,Valley Rd,O'Connell Rd and Valley Rd,ok,1,"O'Connell Rd & Valley Rd, Mattapan, MA 02124",-71.067514500001,42.277716000003,311,1,200,,2026-06-04T18:40:00.013Z
o'connell road,washington street,O'Connell Rd,Washington St,O'Connell Rd and Washington St,ok,1,"O'Connell Rd & Washington St, Mattapan, MA 02124",-71.069548500001,42.277806000003,314,1,200,,2026-06-04T18:40:01.214Z
oak square avenue,faneuil street,Oak Square Ave,Faneuil St,Oak Square Ave and Faneuil St,ok,1,"Oak Square Ave & Faneuil St, Brighton, MA 02135",-71.163625500001,42.352317000003,494,1,200,,2026-06-04T18:40:02.594Z
oak square avenue,washington street,Oak Square Ave,Washington St,Oak Square Ave and Washington St,ok,1,"Oak Square Ave & Washington St, Brighton, MA 02135",-71.164332000001,42.349662000003,316,1,200,,2026-06-04T18:40:03.618Z
oak street,main street,Oak St,Main St,Oak St and Main St,ok,1,"Oak St & Main St, Charlestown, MA 02129",-71.069521500001,42.379848000003,410,1,200,,2026-06-04T18:40:04.914Z
oak street,russell street,Oak St,Russell St,Oak St and Russell St,ok,1,"Oak St & Russell St, Charlestown, MA 02129",-71.068531500001,42.380865000003,304,1,200,,2026-06-04T18:40:06.008Z
oak street,tyler street,Oak St,Tyler St,Oak St and Tyler St,ok,1,"Oak St & Tyler St, Chinatown, MA 02111",-71.061889500001,42.348042000003,282,1,200,,2026-06-04T18:40:07.189Z
oak street,washington street,Oak St,Washington St,Oak St and Washington St,ok,1,"Oak St & Washington St, Downtown, MA 02111",-71.064063000001,42.348429000003,521,1,200,,2026-06-04T18:40:08.629Z
oakhurst street,boyden street,Oakhurst St,Boyden St,Oakhurst St and Boyden St,ok,1,"Oakhurst St & Boyden St, Dorchester, MA 02124",-71.081410500001,42.288273000003,312,1,200,,2026-06-04T18:40:09.621Z
oakhurst street,lyford street,Oakhurst St,Lyford St,Oakhurst St and Lyford St,ok,1,"Oakhurst St & Lyford St, Dorchester, MA 02124",-71.083426500001,42.287814000003,320,1,200,,2026-06-04T18:40:10.830Z
oakland street,faneuil street,Oakland St,Faneuil St,Oakland St and Faneuil St,ok,1,"Oakland St & Faneuil St, Brighton, MA 02135",-71.160579000001,42.352650000003,616,1,200,,2026-06-04T18:40:12.327Z
oakland street,south hobbart street,Oakland St,South Hobbart St,Oakland St and South Hobbart St,ok,1,"Oakland St & S Hobart St, Brighton, MA 02135",-71.158045500001,42.350859000003,678,1,200,,2026-06-04T18:40:13.590Z
oakland street,washington street,Oakland St,Washington St,Oakland St and Washington St,ok,2,"Oakland St & Washington St, Brighton, MA 02135",-71.157847500001,42.349023000003,422,1,200,,2026-06-04T18:40:14.535Z
oakley street,bowdoin street,Oakley St,Bowdoin St,Oakley St and Bowdoin St,ok,1,"Oakley St & Bowdoin St, Dorchester, MA 02124",-71.072050500001,42.301260000003,525,1,200,,2026-06-04T18:40:15.839Z
oakley street,geneva avenue,Oakley St,Geneva Ave,Oakley St and Geneva Ave,ok,1,"Oakley St & Geneva Ave, Dorchester, MA 02122",-71.068905000001,42.301917000003,570,1,200,,2026-06-04T18:40:17.085Z
oakview terrace,centre street,Oakview Ter,Centre St,Oakview Ter and Centre St,ok,1,"Oakview Ter & Centre St, Jamaica Plain, MA 02130",-71.111052000001,42.320331000003,312,1,200,,2026-06-04T18:40:18.028Z
oakwood street,norfolk street,Oakwood St,Norfolk St,Oakwood St and Norfolk St,ok,1,"Oakwood St & Norfolk St, Dorchester, MA 02124",-71.073891000001,42.289065000003,340,1,200,,2026-06-04T18:40:19.257Z
oakwood street,torrey street,Oakwood St,Torrey St,Oakwood St and Torrey St,ok,1,"Oakwood St & Torrey St, Dorchester, MA 02124",-71.073369000001,42.287283000003,527,1,200,,2026-06-04T18:40:20.646Z
ogden street,fairmount street,Ogden St,Fairmount St,Ogden St and Fairmount St,ok,1,"Ogden St & Fairmount St, Dorchester, MA 02124",-71.070961500001,42.281280000003,406,1,200,,2026-06-04T18:40:21.726Z
ogden street,wilmington street,Ogden St,Wilmington St,Ogden St and Wilmington St,ok,1,"Ogden St & Wilmington Ave, Dorchester, MA 02124",-71.071443000001,42.280326000003,418,1,200,,2026-06-04T18:40:22.938Z
old colony avenue,columbia road,Old Colony Ave,Columbia Rd,Old Colony Ave and Columbia Rd,ok,4,"Old Colony Ave & Columbia Rd, Dorchester, MA 02127",-71.052034500001,42.321438000003,356,1,200,,2026-06-04T18:40:24.076Z
old colony avenue,dorchester avenue,Old Colony Ave,Dorchester Ave,Old Colony Ave and Dorchester Ave,ok,2,"Old Colony Ave & Dorchester Ave, South Boston, MA 02127",-71.057128500001,42.337989000003,412,1,200,,2026-06-04T18:40:25.333Z
old colony avenue,mt vernon street,Old Colony Ave,Mt Vernon St,Old Colony Ave and Mt Vernon St,ok,2,"Old Colony Ave & Mount Vernon St, Dorchester, MA 02125",-71.051143500001,42.320934000003,361,1,200,,2026-06-04T18:40:26.485Z
old colony avenue,preble street,Old Colony Ave,Preble Street,Old Colony Ave and Preble Street,ok,1,"Old Colony Ave & Preble St, South Boston, MA 02127",-71.052624000001,42.329430000003,291,1,200,,2026-06-04T18:40:27.615Z
old colony terrace,morrissey william t boulevard,Old Colony Ter,Morrissey  William T Blvd,Old Colony Ter and Morrissey  William T Blvd,ok,1,"Old Colony Ter & William T Morrissey Blvd, Dorchester, MA 02125",-71.046391500001,42.312456000003,655,1,200,,2026-06-04T18:40:29.180Z
old colony terrace,savin hill avenue,Old Colony Ter,Savin Hill Ave,Old Colony Ter and Savin Hill Ave,ok,1,"Old Colony Ter & Savin Hill Ave, Dorchester, MA 02125",-71.047111500001,42.312141000003,317,1,200,,2026-06-04T18:40:30.043Z
old harbor street,columbia road,Old Harbor St,Columbia Rd,Old Harbor St and Columbia Rd,ok,2,"Old Harbor St & Columbia Rd, South Boston, MA 02127",-71.047399500001,42.330447000003,384,1,200,,2026-06-04T18:40:31.309Z
old harbor street,dorchester street,Old Harbor St,Dorchester St,Old Harbor St and Dorchester St,ok,1,"Old Harbor St & Dorchester St, South Boston, MA 02127",-71.047485000001,42.334632000003,291,1,200,,2026-06-04T18:40:32.418Z
old morton street,morton street,Old Morton St,Morton St,Old Morton St and Morton St,ok,1,"Old Morton St & Morton St, Mattapan, MA 02124",-71.072190000001,42.275007000003,313,1,200,,2026-06-04T18:40:33.641Z
old morton street,river street,Old Morton St,River St,Old Morton St and River St,ok,1,"Old Morton St & River St, Mattapan, MA 02126",-71.071240500001,42.271956000003,302,1,200,,2026-06-04T18:40:34.831Z
oldfields road,columbia road,Oldfields Rd,Columbia Rd,Oldfields Rd and Columbia Rd,ok,1,"Oldfields Rd & Columbia Rd, Dorchester, MA 02121",-71.077666500001,42.306435000003,346,1,200,,2026-06-04T18:40:36.076Z
oldfields road,wilder street,Oldfields Rd,Wilder St,Oldfields Rd and Wilder St,ok,1,"Oldfields Rd & Wilder St, Dorchester, MA 02121",-71.079088500001,42.307618500003,479,1,200,,2026-06-04T18:40:37.410Z
oleander street,alexander street,Oleander St,Alexander St,Oleander St and Alexander St,ok,1,"Oleander St & Alexander St, Dorchester, MA 02125",-71.070268500001,42.316110000003,1081,1,200,,2026-06-04T18:40:39.215Z
oleander street,magnolia street,Oleander St,Magnolia St,Oleander St and Magnolia St,ok,1,"Oleander St & Magnolia St, Dorchester, MA 02125",-71.071002000001,42.316146000003,333,1,200,,2026-06-04T18:40:39.665Z
oliver street,milk street,Oliver St,Milk St,Oliver St and Milk St,ok,1,"Oliver St & Milk St, Downtown, MA 02110",-71.054914500001,42.357348000003,336,1,200,,2026-06-04T18:40:40.869Z
oliver street,purchase street,Oliver St,Purchase St,Oliver St and Purchase St,ok,1,"Oliver St & Purchase St, Downtown, MA 02110",-71.052052500001,42.355242000003,346,1,200,,2026-06-04T18:40:42.079Z
olney street,bowdoin street,Olney St,Bowdoin St,Olney St and Bowdoin St,ok,1,"Olney St & Bowdoin St, Dorchester, MA 02121",-71.068369500001,42.305202000003,617,1,200,,2026-06-04T18:40:43.551Z
olney street,rosseter street,Olney St,Rosseter St,Olney St and Rosseter St,ok,1,"Olney St & Rosseter St, Dorchester, MA 02121",-71.075056500001,42.303888000003,318,1,200,,2026-06-04T18:40:44.452Z
opera place,huntington avenue,Opera Pl,Huntington Ave,Opera Pl and Huntington Ave,ok,1,"Opera Pl & Huntington Ave, Fenway, MA 02115",-71.088952500001,42.340446000003,298,1,200,,2026-06-04T18:40:45.634Z
opera place,street stephen street,Opera Pl,St Stephen St,Opera Pl and St Stephen St,ok,1,"Opera Pl & Saint Stephen St, Fenway, MA 02115",-71.089344000001,42.341022000003,264,1,200,,2026-06-04T18:40:46.803Z
ophir street,brookside avenue,Ophir St,Brookside Ave,Ophir St and Brookside Ave,ok,1,"Ophir St & Brookside Ave, Jamaica Plain, MA 02130",-71.105386500001,42.311259000003,269,1,200,,2026-06-04T18:40:48.007Z
ophir street,washington street,Ophir St,Washington St,Ophir St and Washington St,ok,1,"Ophir St & Washington St, Jamaica Plain, MA 02130",-71.103456000001,42.310575000003,277,1,200,,2026-06-04T18:40:49.214Z
orchardfield street,dorchester avenue,Orchardfield St,Dorchester Ave,Orchardfield St and Dorchester Ave,ok,1,"Orchardfield St & Dorchester Ave, Dorchester, MA 02122",-71.059302000001,42.303735000003,267,1,200,,2026-06-04T18:40:50.407Z
orchardfield street,freeport street,Orchardfield St,Freeport St,Orchardfield St and Freeport St,ok,1,"Orchardfield St & Freeport St, Dorchester, MA 02122",-71.056534500001,42.304860000003,278,1,200,,2026-06-04T18:40:51.618Z
orkney road,strathmore road,Orkney Rd,Strathmore Rd,Orkney Rd and Strathmore Rd,ok,1,"Orkney Rd & Strathmore Rd, Brighton, MA 02135",-71.147344500001,42.337530000003,356,1,200,,2026-06-04T18:40:52.898Z
orkney road,sutherland road,Orkney Rd,Sutherland Rd,Orkney Rd and Sutherland Rd,ok,1,"Orkney Rd & Sutherland Rd, Brighton, MA 02135",-71.150341500001,42.336819000003,294,1,200,,2026-06-04T18:40:54.038Z
orleans street,marginal street,Orleans St,Marginal St,Orleans St and Marginal St,ok,1,"Orleans St & Marginal St, East Boston, MA 02128",-71.039088000001,42.366726000003,356,1,200,,2026-06-04T18:40:55.300Z
orleans street,maverick street,Orleans St,Maverick St,Orleans St and Maverick St,ok,1,"Orleans St & Maverick St, East Boston, MA 02128",-71.037009000001,42.369309000003,342,1,200,,2026-06-04T18:40:56.489Z
orleans street,porter street,Orleans St,Porter St,Orleans St and Porter St,ok,1,"Orleans St & Porter St, East Boston, MA 02128",-71.033917500001,42.371937000003,415,1,200,,2026-06-04T18:40:57.762Z
ormond street,wellington hill street,Ormond St,Wellington Hill St,Ormond St and Wellington Hill St,ok,2,"Ormond St & Wellington Hill St, Mattapan, MA 02126",-71.095797000001,42.284088000003,384,1,200,,2026-06-04T18:40:58.931Z
oscar street,parker street,Oscar St,Parker St,Oscar St and Parker St,ok,1,"Oscar St & Parker St, Mission Hill, MA 02120",-71.097948000001,42.330501000003,340,1,200,,2026-06-04T18:41:00.090Z
oscar street,terrace street,Oscar St,Terrace St,Oscar St and Terrace St,ok,1,"Oscar St & Terrace St, Mission Hill, MA 02120",-71.097075000001,42.330123000003,322,1,200,,2026-06-04T18:41:01.272Z
oswald street,calumet street,Oswald St,Calumet St,Oswald St and Calumet St,ok,1,"Oswald St & Calumet St, Mission Hill, MA 02120",-71.103888000001,42.331662000003,311,1,200,,2026-06-04T18:41:02.461Z
oswald street,hillside street,Oswald St,Hillside St,Oswald St and Hillside St,ok,1,"Oswald St & Hillside St, Mission Hill, MA 02120",-71.104369500001,42.330834000003,332,1,200,,2026-06-04T18:41:03.684Z
otis street,devonshire street,Otis St,Devonshire St,Otis St and Devonshire St,ok,1,"Otis St & Devonshire St, Downtown, MA 02110",-71.057506500001,42.355107000003,311,1,200,,2026-06-04T18:41:04.864Z
otis street,summer street,Otis St,Summer St,Otis St and Summer St,ok,1,"Otis St & Summer St, Downtown, MA 02110",-71.058604500001,42.354090000003,278,1,200,,2026-06-04T18:41:06.033Z
otisfield street,blue hill avenue,Otisfield St,Blue Hill Ave,Otisfield St and Blue Hill Ave,ok,1,"Otisfield St & Blue Hill Ave, Roxbury, MA 02121",-71.080326000001,42.312420000003,401,1,200,,2026-06-04T18:41:07.357Z
otisfield street,gaston street,Otisfield St,Gaston St,Otisfield St and Gaston St,ok,1,"Otisfield St & Gaston St, Roxbury, MA 02121",-71.080789500001,42.313518000003,294,1,200,,2026-06-04T18:41:08.451Z
outlook road,hillsboro road,Outlook Rd,Hillsboro Rd,Outlook Rd and Hillsboro Rd,ok,1,"Outlook Rd & Hillsboro Rd, Mattapan, MA 02126",-71.095558500001,42.283170000003,345,1,200,,2026-06-04T18:41:09.707Z
outlook road,ormond street,Outlook Rd,Ormond St,Outlook Rd and Ormond St,ok,1,"Outlook Rd & Ormond St, Mattapan, MA 02126",-71.093403000001,42.281793000003,304,1,200,,2026-06-04T18:41:10.866Z
overland street,brookline avenue,Overland St,Brookline Ave,Overland St and Brookline Ave,ok,1,"Overland St & Brookline Ave, Fenway, MA 02215",-71.099739000001,42.346071000003,364,1,200,,2026-06-04T18:41:12.127Z
owen street,morton street,Owen St,Morton St,Owen St and Morton St,ok,1,"Owen St & Morton St, Dorchester, MA 02124",-71.081077500001,42.279435000003,340,1,200,,2026-06-04T18:41:13.304Z
owen street,tiverton road,Owen St,Tiverton Rd,Owen St and Tiverton Rd,ok,1,"Owen St & Tiverton Rd, Mattapan, MA 02126",-71.081887500001,42.278760000003,300,1,200,,2026-06-04T18:41:14.465Z
p street,columbia road,P St,Columbia Rd,P St and Columbia Rd,ok,1,"P St & Columbia Rd, South Boston, MA 02127",-71.027068500001,42.332598000003,332,1,200,,2026-06-04T18:41:15.697Z
p street,east broadway,P St,East Broadway,P St and East Broadway,ok,1,"P St & E Broadway, South Boston, MA 02127",-71.027181000001,42.335784000003,345,1,200,,2026-06-04T18:41:16.912Z
p street,east first street,P St,East First St,P St and East First St,ok,1,"P St & E First St, South Boston, MA 02127",-71.027244000001,42.338286000003,339,1,200,,2026-06-04T18:41:18.106Z
pacific street,east fourth street,Pacific St,East Fourth St,Pacific St and East Fourth St,ok,1,"Pacific St & E Fourth St, South Boston, MA 02127",-71.045581500001,42.334533000003,325,1,200,,2026-06-04T18:41:19.294Z
pacific street,thomas park,Pacific St,Thomas Park,Pacific St and Thomas Park,ok,1,"Pacific St & Thomas Park, South Boston, MA 02127",-71.045554500001,42.333633000003,323,1,200,,2026-06-04T18:41:20.495Z
page street,glenway street,Page St,Glenway St,Page St and Glenway St,ok,1,"Page St & Glenway St, Dorchester, MA 02121",-71.082063000001,42.299982000003,297,1,200,,2026-06-04T18:41:21.669Z
page street,mclellan street,Page St,McLellan St,Page St and McLellan St,ok,1,"Page St & Mclellan St, Dorchester, MA 02121",-71.083300500001,42.299208000003,400,1,200,,2026-06-04T18:41:22.971Z
palmer street,harrison avenue,Palmer St,Harrison Ave,Palmer St and Harrison Ave,ok,1,"Palmer St & Harrison Ave, Roxbury, MA 02119",-71.081896500001,42.330258000003,470,1,200,,2026-06-04T18:41:24.242Z
palmer street,washington street,Palmer St,Washington St,Palmer St and Washington St,ok,1,"Palmer St & Washington St, Roxbury, MA 02119",-71.083091250001,42.330694500003,471,1,200,,2026-06-04T18:41:25.444Z
paris street,bennington street,Paris St,Bennington St,Paris St and Bennington St,ok,1,"Paris St & Bennington St, East Boston, MA 02128",-71.031519000001,42.377652000003,362,1,200,,2026-06-04T18:41:26.535Z
paris street,george r. visconti road,Paris St,George R. Visconti Rd,Paris St and George R. Visconti Rd,ok,1,"Paris St & George R. Visconti Rd, East Boston, MA 02128",-71.036118000001,42.373692000003,398,1,200,,2026-06-04T18:41:27.772Z
paris street,meridian street,Paris St,Meridian St,Paris St and Meridian St,ok,1,"Paris St & Meridian St, East Boston, MA 02128",-71.038984500001,42.371199000003,328,1,200,,2026-06-04T18:41:28.902Z
paris street,porter street,Paris St,Porter St,Paris St and Porter St,ok,1,"Paris St & Porter St, East Boston, MA 02128",-71.036478000001,42.373404000003,279,1,200,,2026-06-04T18:41:30.054Z
paris street,sumner street,Paris St,Sumner St,Paris St and Sumner St,ok,1,"Paris St & Sumner St, East Boston, MA 02128",-71.040559500001,42.369237000003,422,1,200,,2026-06-04T18:41:31.398Z
parish street,winter street,Parish St,Winter St,Parish St and Winter St,ok,1,"Parish St & Winter St, Dorchester, MA 02122",-71.062618500001,42.307992000003,325,1,200,,2026-06-04T18:41:32.503Z
park drive,191 park drive,Park Dr,191 Park Dr,Park Dr and 191 Park Dr,ok,1,"Park Ter & Park St, West Roxbury, MA 02132",-71.150346000001,42.281991000003,438,1,200,,2026-06-04T18:41:33.818Z
park drive,brookline avenue,Park Dr,Brookline Ave,Park Dr and Brookline Ave,ok,1,"Park Dr & Brookline Ave, Fenway, MA 02215",-71.102614500001,42.343326000003,380,1,200,,2026-06-04T18:41:34.958Z
park drive,peterborough street,Park Dr,Peterborough St,Park Dr and Peterborough St,ok,2,"Park Dr & Peterborough St, Fenway, MA 02215",-71.101791000001,42.342498000003,383,1,200,,2026-06-04T18:41:36.164Z
park street,adams street,Park St,Adams St,Park St and Adams St,ok,1,"Park St & Adams St, Dorchester, MA 02122",-71.058141000001,42.299334000003,381,1,200,,2026-06-04T18:41:37.364Z
park street,beacon street,Park St,Beacon St,Park St and Beacon St,ok,1,"Park St & Beacon St, Downtown, MA 02108",-71.063199000001,42.357717000003,341,1,200,,2026-06-04T18:41:38.526Z
park street,common street,Park St,Common St,Park St and Common St,ok,1,"Park St & Common St, Charlestown, MA 02129",-71.060305500001,42.373908000003,301,1,200,,2026-06-04T18:41:39.687Z
park street,dorchester avenue,Park St,Dorchester Ave,Park St and Dorchester Ave,ok,1,Dorchester Ave & Park St,-71.06064244380578,42.298626728571485,97,1,200,,2026-06-04T19:43:37.763Z
park street,freeport street,Park St,Freeport St,Park St and Freeport St,ok,1,"Park St & Freeport St, Dorchester, MA 02125",-71.052597000001,42.302943000003,432,1,200,,2026-06-04T18:41:56.661Z
park street,norwell street,Park St,Norwell St,Park St and Norwell St,ok,1,"Park St & Norwell St, Dorchester, MA 02124",-71.078094000001,42.294438000003,315,1,200,,2026-06-04T18:41:57.745Z
park street,tremont street,Park St,Tremont St,Park St and Tremont St,ok,1,"Park St & Tremont St, Downtown, MA 02108",-71.062002000001,42.356511000003,437,1,200,,2026-06-04T18:41:59.070Z
park street,warren street,Park St,Warren St,Park St and Warren St,ok,1,"Park St & Warren St, Charlestown, MA 02129",-71.060953500001,42.372990000003,388,1,200,,2026-06-04T18:42:00.222Z
park street,washington street,Park St,Washington St,Park St and Washington St,ok,1,"Park St & Washington St, Dorchester, MA 02124",-71.072113500001,42.295509000003,359,1,200,,2026-06-04T18:42:01.394Z
park vale avenue,brighton avenue,Park Vale Ave,Brighton Av,Park Vale Ave and Brighton Av,ok,1,"Park Vale Ave & Brighton Ave, Allston, MA 02134",-71.133151500001,42.353082000003,345,1,200,,2026-06-04T18:42:02.581Z
park vale avenue,glenville avenue,Park Vale Ave,Glenville Ave,Park Vale Ave and Glenville Ave,ok,1,"Park Vale Ave & Glenville Ave, Allston, MA 02134",-71.132512500001,42.350670000003,331,1,200,,2026-06-04T18:42:03.767Z
park view street,hutchings street,Park View St,Hutchings St,Park View St and Hutchings St,ok,1,"Park View St & Hutchings St, Roxbury, MA 02121",-71.091936000001,42.311601000003,282,1,200,,2026-06-04T18:42:04.919Z
park view street,seaver street,Park View St,Seaver St,Park View St and Seaver St,ok,2,"Park View St & Seaver St, Roxbury, MA 02121",-71.092957500001,42.310566000003,330,1,200,,2026-06-04T18:42:06.167Z
parker hill avenue,huntington avenue,Parker Hill Ave,Huntington Ave,Parker Hill Ave and Huntington Ave,ok,1,"Parker Hill Ave & Huntington Ave, Mission Hill, MA 02115",-71.109571500001,42.333219000003,517,1,200,,2026-06-04T18:42:07.555Z
parker hill avenue,parker street,Parker Hill Ave,Parker St,Parker Hill Ave and Parker St,ok,1,"Parker Hill Ave & Parker St, Mission Hill, MA 02120",-71.099352000001,42.327999000003,274,1,200,,2026-06-04T18:42:08.512Z
parker street,cambridge street,Parker St,Cambridge St,Parker St and Cambridge St,ok,1,"Parker St & Cambridge St, Charlestown, MA 02129",-71.079579000001,42.382305000003,444,1,200,,2026-06-04T18:42:09.882Z
parker street,heath street,Parker St,Heath St,Parker St and Heath St,ok,2,"Parker St & Heath St, Jamaica Plain, MA 02130",-71.100144000001,42.325866000003,571,1,200,,2026-06-04T18:42:11.212Z
parker street,perkins street,Parker St,Perkins St,Parker St and Perkins St,ok,1,"Parker St & Perkins St, Charlestown, MA 02129",-71.078359500001,42.384186000003,481,1,200,,2026-06-04T18:42:12.320Z
parker street,tremont street,Parker St,Tremont St,Parker St and Tremont St,ok,1,"Parker St & Tremont St, Mission Hill, MA 02120",-71.097187500001,42.331788000003,275,1,200,,2026-06-04T18:42:13.315Z
parker street,ward street,Parker St,Ward St,Parker St and Ward St,ok,1,"Parker St & Ward St, Mission Hill, MA 02120",-71.095032000001,42.334785000003,384,1,200,,2026-06-04T18:42:14.625Z
parkman street,blossom street,Parkman St,Blossom St,Parkman St and Blossom St,ok,1,"Parkman St & Blossom St, West End, MA 02114",-71.066988000001,42.362199000003,390,1,200,,2026-06-04T18:42:15.832Z
parkman street,north grove street,Parkman St,North Grove St,Parkman St and North Grove St,ok,1,"Parkman St & N Grove St, West End, MA 02114",-71.068644000001,42.362181000003,361,1,200,,2026-06-04T18:42:17.004Z
parmenter street,hanover street,Parmenter St,Hanover St,Parmenter St and Hanover St,ok,1,"Parmenter St & Hanover St, North End, MA 02109",-71.054644500001,42.363639000003,342,1,200,,2026-06-04T18:42:18.187Z
parmenter street,salem street,Parmenter St,Salem St,Parmenter St and Salem St,ok,1,"Parmenter St & Salem St, North End, MA 02113",-71.055576000001,42.364125000003,371,1,200,,2026-06-04T18:42:19.417Z
parsons street,faneuil street,Parsons St,Faneuil St,Parsons St and Faneuil St,ok,1,"Parsons St & Faneuil St, Brighton, MA 02135",-71.156151000001,42.355341000003,383,1,200,,2026-06-04T18:42:20.634Z
parsons street,washington street,Parsons St,Washington St,Parsons St and Washington St,ok,1,"Parsons St & Washington St, Brighton, MA 02135",-71.155777500001,42.349113000003,601,1,200,,2026-06-04T18:42:22.048Z
pasadena road,blue hill avenue,Pasadena Rd,Blue Hill Ave,Pasadena Rd and Blue Hill Ave,ok,1,"Pasadena Rd & Blue Hill Ave, Dorchester, MA 02121",-71.084619000001,42.306120000003,507,1,200,,2026-06-04T18:42:23.155Z
pasadena road,columbia road,Pasadena Rd,Columbia Rd,Pasadena Rd and Columbia Rd,ok,1,"Pasadena Rd & Columbia Rd, Dorchester, MA 02121",-71.081878500001,42.304671000003,279,1,200,,2026-06-04T18:42:24.129Z
patson avenue,glendale street,Patson Ave,Glendale Street,Patson Ave and Glendale Street,ok,1,"Payson Ave & Glendale St, Dorchester, MA 02125",-71.066515500001,42.312996000003,337,1,200,,2026-06-04T18:42:25.386Z
patson avenue,hancock street,Patson Ave,Hancock Street,Patson Ave and Hancock Street,ok,1,"Payson Ave & Hancock St, Dorchester, MA 02125",-71.065728000001,42.314490000003,396,1,200,,2026-06-04T18:42:26.646Z
patterson way,east eighth street,Patterson Way,East Eighth St,Patterson Way and East Eighth St,ok,1,"Patterson Way & E Eighth St, South Boston, MA 02127",-71.050252500001,42.332310000003,266,1,200,,2026-06-04T18:42:27.719Z
patterson way,old colony avenue,Patterson Way,Old Colony Ave,Patterson Way and Old Colony Ave,ok,1,"Patterson Way & Old Colony Ave, South Boston, MA 02127",-71.052727500001,42.330222000003,533,1,200,,2026-06-04T18:42:29.186Z
paul gore street,centre street,Paul Gore St,Centre St,Paul Gore St and Centre St,ok,1,"Paul Gore St & Centre St, Jamaica Plain, MA 02130",-71.110687500001,42.320763000003,294,1,200,,2026-06-04T18:42:30.152Z
paul gore street,lamartine street,Paul Gore St,Lamartine St,Paul Gore St and Lamartine St,ok,1,"Paul Gore St & Lamartine St, Jamaica Plain, MA 02130",-71.104374000001,42.317901000003,314,1,200,,2026-06-04T18:42:31.370Z
paula road,clearwater drive,Paula Rd,Clearwater Dr,Paula Rd and Clearwater Dr,ok,1,"Paula Rd & Clearwater Dr, Mattapan, MA 02126",-71.076195000001,42.274809000003,288,1,200,,2026-06-04T18:42:32.544Z
paulding street,dale street,Paulding St,Dale St,Paulding St and Dale St,ok,1,"Paulding St & Dale St, Roxbury, MA 02119",-71.086644000001,42.321681000003,277,1,200,,2026-06-04T18:42:33.735Z
paxton street,blue hill avenue,Paxton St,Blue Hill Ave,Paxton St and Blue Hill Ave,ok,1,"Paxton St & Blue Hill Ave, Dorchester, MA 02124",-71.088921000001,42.292161000003,304,1,200,,2026-06-04T18:42:34.965Z
paxton street,harvard street,Paxton St,Harvard St,Paxton St and Harvard St,ok,1,"Paxton St & Harvard St, Dorchester, MA 02124",-71.090023500001,42.292368000003,409,1,200,,2026-06-04T18:42:36.271Z
payson avenue,glendale street,Payson Ave,Glendale St,Payson Ave and Glendale St,ok,1,"Payson Ave & Glendale St, Dorchester, MA 02125",-71.066515500001,42.312996000003,479,1,200,,2026-06-04T18:42:37.544Z
payson avenue,hancock street,Payson Ave,Hancock St,Payson Ave and Hancock St,ok,1,"Payson Ave & Hancock St, Dorchester, MA 02125",-71.065728000001,42.314490000003,396,1,200,,2026-06-04T18:42:38.663Z
pearl street,bunker hill street,Pearl St,Bunker Hill St,Pearl St and Bunker Hill St,ok,1,"Pearl St & Bunker Hill St, Charlestown, MA 02129",-71.063640000001,42.379452000003,295,1,200,,2026-06-04T18:42:39.764Z
pearl street,congress street,Pearl St,Congress St,Pearl St and Congress St,ok,1,"Pearl St & Congress St, Downtown, MA 02109",-71.056399500001,42.357591000003,330,1,200,,2026-06-04T18:42:40.998Z
pearl street,dorchester avenue,Pearl St,Dorchester Ave,Pearl St and Dorchester Ave,ok,1,"Pearl St & Dorchester Ave, Dorchester, MA 02125",-71.056831500001,42.314661000003,294,1,200,,2026-06-04T18:42:42.163Z
pearl street,high street,Pearl St,High St,Pearl St and High St,ok,2,"Pearl St & High St, Downtown, MA 02110",-71.054023500001,42.355251000003,348,1,200,,2026-06-04T18:42:43.417Z
pearl street,medford street,Pearl St,Medford St,Pearl St and Medford St,ok,1,"Pearl St & Medford St, Charlestown, MA 02129",-71.062353000001,42.381117000003,329,1,200,,2026-06-04T18:42:44.598Z
pearl street,pleasant street,Pearl St,Pleasant St,Pearl St and Pleasant St,ok,1,"Pearl St & Pleasant St, Dorchester, MA 02125",-71.059864500001,42.315237000003,340,1,200,,2026-06-04T18:42:45.812Z
pearl street,purchase street,Pearl St,Purchase St,Pearl St and Purchase St,ok,1,"Pearl St & Purchase St, Downtown, MA 02110",-71.053357500001,42.354531000003,373,1,200,,2026-06-04T18:42:47.045Z
pelham street,shawmut avenue,Pelham St,Shawmut Ave,Pelham St and Shawmut Ave,ok,1,"Pelham St & Shawmut Ave, South End, MA 02118",-71.071573500001,42.341589000003,305,1,200,,2026-06-04T18:42:48.177Z
pelham street,washington street,Pelham St,Washington St,Pelham St and Washington St,ok,1,"Pelham St & Washington St, South End, MA 02118",-71.070700500001,42.340797000003,285,1,200,,2026-06-04T18:42:49.360Z
pembroke street,columbus avenue,Pembroke St,Columbus Ave,Pembroke St and Columbus Ave,ok,1,"Pembroke St & Columbus Ave, South End, MA 02116",-71.077891500001,42.343749000003,441,1,200,,2026-06-04T18:42:50.714Z
pembroke street,tremont street,Pembroke St,Tremont St,Pembroke St and Tremont St,ok,1,"Pembroke St & Tremont St, South End, MA 02118",-71.075938500001,42.341670000003,574,1,200,,2026-06-04T18:42:52.047Z
penhallow street,mather street,Penhallow St,Mather St,Penhallow St and Mather St,ok,1,"Penhallow St & Mather St, Dorchester, MA 02122",-71.063127000001,42.294699000003,614,1,200,,2026-06-04T18:42:53.289Z
penhallow street,melville avenue,Penhallow St,Melville Ave,Penhallow St and Melville Ave,ok,1,"Penhallow St & Melville Ave, Dorchester, MA 02124",-71.063154000001,42.295617000003,608,1,200,,2026-06-04T18:42:54.483Z
penniman road,braintree street,Penniman Rd,Braintree St,Penniman Rd and Braintree St,ok,1,"Penniman Rd & Braintree St, Allston, MA 02134",-71.136072000001,42.356358000003,346,1,200,,2026-06-04T18:42:55.424Z
penniman road,hano street,Penniman Rd,Hano St,Penniman Rd and Hano St,ok,1,"Penniman Rd & Hano St, Allston, MA 02134",-71.137039500001,42.354693000003,572,1,200,,2026-06-04T18:42:56.848Z
pequot street,calumet street,Pequot St,Calumet St,Pequot St and Calumet St,ok,1,"Pequot St & Calumet St, Mission Hill, MA 02120",-71.105611500001,42.332409000003,308,1,200,,2026-06-04T18:42:57.788Z
pequot street,wait street,Pequot St,Wait St,Pequot St and Wait St,ok,1,"Pequot St & Wait St, Mission Hill, MA 02120",-71.106313500001,42.332562000003,593,1,200,,2026-06-04T18:42:59.277Z
percival street,bowdoin street,Percival St,Bowdoin St,Percival St and Bowdoin St,ok,1,"Percival St & Bowdoin St, Dorchester, MA 02122",-71.064585000001,42.308118000003,327,1,200,,2026-06-04T18:43:00.215Z
perkins street,brighton street,Perkins St,Brighton St,Perkins St and Brighton St,ok,1,"Perkins St & Brighton St, Charlestown, MA 02129",-71.077644000001,42.383952000003,584,1,200,,2026-06-04T18:43:01.665Z
perkins street,brookline town line,Perkins St,Brookline Town Line,Perkins St and Brookline Town Line,no_match,0,,,,145,1,200,,2026-06-04T18:43:02.427Z
perkins street,centre street,Perkins St,Centre St,Perkins St and Centre St,ok,1,"Perkins St & Centre St, Jamaica Plain, MA 02130",-71.110021500001,42.321861000003,303,1,200,,2026-06-04T18:43:03.785Z
perkins street,somerville town line,Perkins St,Somerville Town Line,Perkins St and Somerville Town Line,no_match,0,,,,139,1,200,,2026-06-04T18:43:04.822Z
perkins street,south huntington avenue,Perkins St,South Huntington Ave,Perkins St and South Huntington Ave,ok,1,"Perkins St & S Huntington Ave, Jamaica Plain, MA 02130",-71.112069000001,42.321609000003,279,1,200,,2026-06-04T18:43:06.163Z
perrin street,moreland street,Perrin St,Moreland St,Perrin St and Moreland St,ok,1,"Perrin St & Moreland St, Roxbury, MA 02119",-71.077522500001,42.323256000003,284,1,200,,2026-06-04T18:43:07.369Z
perrin street,waverly street,Perrin St,Waverly St,Perrin St and Waverly St,ok,1,"Perrin St & Waverly St, Roxbury, MA 02119",-71.080249500001,42.320961000003,327,1,200,,2026-06-04T18:43:08.611Z
perry street,harrison avenue,Perry St,Harrison Ave,Perry St and Harrison Ave,ok,1,"Perry St & Harrison Ave, South End, MA 02118",-71.065845000001,42.342336000003,448,1,200,,2026-06-04T18:43:09.934Z
perry street,washington street,Perry St,Washington St,Perry St and Washington St,ok,1,"Perry St & Washington St, South End, MA 02118",-71.067051000001,42.342822000003,338,1,200,,2026-06-04T18:43:11.023Z
perth street,fayston street,Perth St,Fayston St,Perth St and Fayston St,ok,1,"Perth St & Fayston St, Dorchester, MA 02121",-71.076609000001,42.312798000003,318,1,200,,2026-06-04T18:43:12.205Z
perth street,quincy street,Perth St,Quincy St,Perth St and Quincy St,ok,1,"Perth St & Quincy St, Dorchester, MA 02125",-71.076177000001,42.313419000003,286,1,200,,2026-06-04T18:43:13.373Z
peter parley road,sigourney street,Peter Parley Rd,Sigourney St,Peter Parley Rd and Sigourney St,ok,1,"Peter Parley Rd & Sigourney St, Roxbury, MA 02130",-71.097934500001,42.310044000003,363,1,200,,2026-06-04T18:43:14.652Z
peter parley road,washington street,Peter Parley Rd,Washington St,Peter Parley Rd and Washington St,ok,1,"Peter Parley Rd & Washington St, Jamaica Plain, MA 02130",-71.102605500001,42.311430000003,339,1,200,,2026-06-04T18:43:15.830Z
peterborough street,park drive,Peterborough St,Park Dr,Peterborough St and Park Dr,ok,2,"Peterborough St & Park Dr, Fenway, MA 02215",-71.101791000001,42.342498000003,344,1,200,,2026-06-04T18:43:17.037Z
peters street,east seventh street,Peters St,East Seventh St,Peters St and East Seventh St,ok,1,"Peters St & E Seventh St, South Boston, MA 02127",-71.031892500001,42.332364000003,416,1,200,,2026-06-04T18:43:18.309Z
peters street,east sixth street,Peters St,East Sixth St,Peters St and East Sixth St,ok,1,"Peters St & E Sixth St, South Boston, MA 02127",-71.031910500001,42.333192000003,471,1,200,,2026-06-04T18:43:19.565Z
peverell street,salcombe street,Peverell St,Salcombe St,Peverell St and Salcombe St,ok,1,"Peverell St & Salcombe St, Dorchester, MA 02125",-71.061804000001,42.314031000003,516,1,200,,2026-06-04T18:43:20.811Z
peverell street,sawyer avenue,Peverell St,Sawyer Ave,Peverell St and Sawyer Ave,ok,1,"Peverell St & Sawyer Ave, Dorchester, MA 02125",-71.060368500001,42.313095000003,865,1,200,,2026-06-04T18:43:22.368Z
philbrick street,mt hope street,Philbrick St,Mt Hope St,Philbrick St and Mt Hope St,ok,1,"Philbrick St & Mount Hope St, Roslindale, MA 02131",-71.118193500001,42.284529000003,332,1,200,,2026-06-04T18:43:23.028Z
philbrick street,neponset avenue,Philbrick St,Neponset Ave,Philbrick St and Neponset Ave,ok,1,"Philbrick St & Neponset Ave, Jamaica Plain, MA 02131",-71.117892000001,42.286419000003,681,1,200,,2026-06-04T18:43:24.580Z
phillips street,irving street,Phillips St,Irving St,Phillips St and Irving St,ok,1,"Phillips St & Irving St, Beacon Hill, MA 02114",-71.066362500001,42.360345000003,325,1,200,,2026-06-04T18:43:25.424Z
phillips street,west cedar street,Phillips St,West Cedar St,Phillips St and West Cedar St,ok,1,"Phillips St & W Cedar St, Beacon Hill, MA 02114",-71.070043500001,42.360273000003,265,1,200,,2026-06-04T18:43:26.566Z
phipps street,lawrence street,Phipps St,Lawrence St,Phipps St and Lawrence St,ok,1,"Phipps St & Lawrence St, Charlestown, MA 02129",-71.067199500001,42.376698000003,593,1,200,,2026-06-04T18:43:28.094Z
phipps street,main street,Phipps St,Main St,Phipps St and Main St,ok,1,"Phipps St & Main St, Charlestown, MA 02129",-71.066529000001,42.377085000003,354,1,200,,2026-06-04T18:43:29.055Z
pinckney street,charles street,Pinckney St,Charles St,Pinckney St and Charles St,ok,1,"Pinckney St & Charles St, Beacon Hill, MA 02114",-71.070727500001,42.358806000003,367,1,200,,2026-06-04T18:43:30.268Z
pinckney street,david g mugar way,Pinckney St,David G Mugar Way,Pinckney St and David G Mugar Way,ok,1,"Pinckney St & David G Mugar Way, Beacon Hill, MA 02108",-71.072316000001,42.358761000003,511,1,200,,2026-06-04T18:43:31.612Z
pinckney street,joy street,Pinckney St,Joy St,Pinckney St and Joy St,ok,1,"Pinckney St & Joy St, Beacon Hill, MA 02114",-71.065075500001,42.358833000003,330,1,200,,2026-06-04T18:43:32.633Z
pine street,harrison avenue,Pine St,Harrison Ave,Pine St and Harrison Ave,ok,1,"Pine St & Harrison Ave, Chinatown, MA 02111",-71.062866000001,42.347268000003,331,1,200,,2026-06-04T18:43:33.835Z
pine street,washington street,Pine St,Washington St,Pine St and Washington St,ok,1,"Pine St & Washington St, Chinatown, MA 02111",-71.064220500001,42.347817000003,417,1,200,,2026-06-04T18:43:35.123Z
playstead road,savin hill avenue,Playstead Rd,Savin Hill Ave,Playstead Rd and Savin Hill Ave,ok,1,"Playstead Rd & Savin Hill Ave, Dorchester, MA 02125",-71.051368500001,42.310026000003,420,1,200,,2026-06-04T18:43:36.326Z
playstead road,springdale street,Playstead Rd,Springdale St,Playstead Rd and Springdale St,ok,1,"Playstead Rd & Springdale St, Dorchester, MA 02125",-71.051931000001,42.309162000003,424,1,200,,2026-06-04T18:43:37.532Z
pleasant street,east cottage street,Pleasant St,East Cottage St,Pleasant St and East Cottage St,ok,1,"Pleasant St & E Cottage St, Dorchester, MA 02125",-71.058820500001,42.318666000003,283,1,200,,2026-06-04T18:43:38.592Z
pleasant street,hancock street,Pleasant St,Hancock St,Pleasant St and Hancock St,ok,1,"Pleasant St & Hancock St, Dorchester, MA 02125",-71.060197500001,42.309936000003,413,1,200,,2026-06-04T18:43:39.923Z
pleasant street,main street,Pleasant St,Main St,Pleasant St and Main St,ok,1,"Pleasant St & Main St, Charlestown, MA 02129",-71.063181000001,42.373989000003,473,1,200,,2026-06-04T18:43:41.184Z
pleasant street,monument square,Pleasant St,Monument Sq,Pleasant St and Monument Sq,ok,1,"Pleasant St & Monument Sq, Charlestown, MA 02129",-71.061876000001,42.375969000003,356,1,200,,2026-06-04T18:43:42.268Z
pleasanton street,homestead street,Pleasanton St,Homestead St,Pleasanton St and Homestead St,ok,1,"Pleasanton St & Homestead St, Roxbury, MA 02121",-71.087935500001,42.310431000003,298,1,200,,2026-06-04T18:43:43.410Z
pleasanton street,ruthven street,Pleasanton St,Ruthven St,Pleasanton St and Ruthven St,ok,1,"Pleasanton St & Ruthven St, Roxbury, MA 02121",-71.087170500001,42.311358000003,317,1,200,,2026-06-04T18:43:44.631Z
plympton street,albany street,Plympton St,Albany St,Plympton St and Albany St,ok,1,"Plympton St & Albany St, South End, MA 02118",-71.067082500001,42.338070000003,301,1,200,,2026-06-04T18:43:45.818Z
plympton street,harrison avenue,Plympton St,Harrison Ave,Plympton St and Harrison Ave,ok,1,"Plympton St & Harrison Ave, South End, MA 02118",-71.069139000001,42.339771000003,278,1,200,,2026-06-04T18:43:46.996Z
polk street,bunker hill street,Polk St,Bunker Hill St,Polk St and Bunker Hill St,ok,1,"Polk St & Bunker Hill St, Charlestown, MA 02129",-71.061588000001,42.378642000003,330,1,200,,2026-06-04T18:43:48.249Z
polk street,medford street,Polk St,Medford St,Polk St and Medford St,ok,1,"Polk St & Medford St, Charlestown, MA 02129",-71.060364000001,42.380280000003,297,1,200,,2026-06-04T18:43:49.416Z
pompeii street,allerton street,Pompeii St,Allerton St,Pompeii St and Allerton St,ok,1,"Pompeii St & Allerton St, Roxbury, MA 02119",-71.071123500001,42.329196000003,331,1,200,,2026-06-04T18:43:50.651Z
pompeii street,massachusetts avenue,Pompeii St,Massachusetts Ave,Pompeii St and Massachusetts Ave,ok,1,"Pompeii St & Massachusetts Ave, South Boston, MA 02118",-71.069620500001,42.330087000003,316,1,200,,2026-06-04T18:43:51.837Z
pond street,columbia road,Pond St,Columbia Rd,Pond St and Columbia Rd,ok,1,"Pond St & Columbia Rd, Dorchester, MA 02125",-71.059684500001,42.320016000003,342,1,200,,2026-06-04T18:43:53.063Z
pond street,east cottage street,Pond St,East Cottage St,Pond St and East Cottage St,ok,1,"Pond St & E Cottage St, Dorchester, MA 02125",-71.058820500001,42.318666000003,504,1,200,,2026-06-04T18:43:54.427Z
pontiac street,hillside street,Pontiac St,Hillside St,Pontiac St and Hillside St,ok,1,"Pontiac St & Hillside St, Mission Hill, MA 02120",-71.102308500001,42.330348000003,313,1,200,,2026-06-04T18:43:55.438Z
pontiac street,tremont street,Pontiac St,Tremont St,Pontiac St and Tremont St,ok,1,"Pontiac St & Tremont St, Mission Hill, MA 02120",-71.100580500001,42.332688000003,308,1,200,,2026-06-04T18:43:56.632Z
porter street,amory street,Porter St,Amory St,Porter St and Amory St,ok,1,"Porter St & Amory St, Jamaica Plain, MA 02130",-71.103591000001,42.316092000003,351,1,200,,2026-06-04T18:43:57.878Z
porter street,bismarck street,Porter St,Bismarck St,Porter St and Bismarck St,ok,1,"Porter St & Bismarck St, Jamaica Plain, MA 02130",-71.102907000001,42.314967000003,291,1,200,,2026-06-04T18:43:59.021Z
porter street,bremen street,Porter St,Bremen St,Porter St and Bremen St,ok,1,"Porter St & Bremen St, East Boston, MA 02128",-71.034750000001,42.372468000003,366,1,200,,2026-06-04T18:44:00.299Z
porter street,chelsea street,Porter St,Chelsea St,Porter St and Chelsea St,ok,1,"Porter St & Chelsea St, East Boston, MA 02128",-71.035465500001,42.372774000003,545,1,200,,2026-06-04T18:44:01.677Z
porter street,cottage street,Porter St,Cottage St,Porter St and Cottage St,ok,1,"Porter St & Cottage St, East Boston, MA 02128",-71.031955500001,42.370686000003,412,1,200,,2026-06-04T18:44:02.744Z
porter street,havre street,Porter St,Havre St,Porter St and Havre St,ok,1,"Porter St & Havre St, East Boston, MA 02128",-71.036869500001,42.373593000003,338,1,200,,2026-06-04T18:44:03.872Z
portland street,causeway street,Portland St,Causeway St,Portland St and Causeway St,ok,1,"Portland St & Causeway St, West End, MA 02114",-71.062407000001,42.364908000003,588,1,200,,2026-06-04T18:44:05.324Z
portland street,merrimac street,Portland St,Merrimac St,Portland St and Merrimac St,ok,1,"Portland St & Merrimac St, West End, MA 02114",-71.060724000001,42.363315000003,341,1,200,,2026-06-04T18:44:06.275Z
potosi street,mount ida road,Potosi St,Mount Ida Rd,Potosi St and Mount Ida Rd,ok,1,"Potosi St & Mount Ida Rd, Dorchester, MA 02122",-71.065359000001,42.306669000003,449,1,200,,2026-06-04T18:44:07.584Z
potosi street,percival street,Potosi St,Percival St,Potosi St and Percival St,ok,1,"Potosi St & Percival St, Dorchester, MA 02122",-71.064031500001,42.307056000003,328,1,200,,2026-06-04T18:44:08.666Z
powellton road,columbia road,Powellton Rd,Columbia Road,Powellton Rd and Columbia Road,ok,1,"Powellton Rd & Columbia Rd, Dorchester, MA 02121",-71.081208000001,42.304878000003,316,1,200,,2026-06-04T18:44:09.854Z
powellton road,glenarm street,Powellton Rd,Glenarm St,Powellton Rd and Glenarm St,ok,1,"Powellton Rd & Glenarm St, Dorchester, MA 02121",-71.080308000001,42.304158000003,286,1,200,,2026-06-04T18:44:11.025Z
pratt street,ashford street,Pratt St,Ashford St,Pratt St and Ashford St,ok,1,"Pratt St & Ashford St, Allston, MA 02134",-71.127112500001,42.354612000003,358,1,200,,2026-06-04T18:44:12.297Z
pratt street,linden street,Pratt St,Linden St,Pratt St and Linden St,ok,1,"Pratt St & Linden St, Allston, MA 02134",-71.130514500001,42.354774000003,475,1,200,,2026-06-04T18:44:13.616Z
preble street,dorchester avenue,Preble St,Dorchester Ave,Preble St and Dorchester Ave,ok,1,"Preble St & Dorchester Ave, South Boston, MA 02127",-71.057011500001,42.329511000003,570,1,200,,2026-06-04T18:44:14.916Z
preble street,old colony avenue,Preble St,Old Colony Ave,Preble St and Old Colony Ave,ok,1,"Preble St & Old Colony Ave, South Boston, MA 02127",-71.052624000001,42.329430000003,413,1,200,,2026-06-04T18:44:15.957Z
prescott street,bremen street,Prescott St,Bremen St,Prescott St and Bremen St,ok,1,"Prescott St & Bremen St, East Boston, MA 02128",-71.028576000001,42.377769000003,454,1,200,,2026-06-04T18:44:17.278Z
prescott street,chelsea street,Prescott St,Chelsea St,Prescott St and Chelsea St,ok,1,"Prescott St & Chelsea St, East Boston, MA 02128",-71.029192500001,42.378156000003,456,1,200,,2026-06-04T18:44:18.402Z
prescott street,east eagle street,Prescott St,East Eagle St,Prescott St and East Eagle St,ok,1,"Prescott St & E Eagle St, East Boston, MA 02128",-71.031343500001,42.381351000003,335,1,200,,2026-06-04T18:44:19.485Z
prescott street,main street,Prescott St,Main St,Prescott St and Main St,ok,1,"Prescott St & Main St, Charlestown, MA 02129",-71.063237250001,42.373926000003,327,1,200,,2026-06-04T18:44:20.675Z
prescott street,princeton street,Prescott St,Princeton St,Prescott St and Princeton St,ok,1,"Prescott St & Princeton St, East Boston, MA 02128",-71.030232000001,42.379668000003,453,1,200,,2026-06-04T18:44:22.002Z
prescott street,washington street,Prescott St,Washington St,Prescott St and Washington St,ok,1,"Prescott St & Washington St, Charlestown, MA 02129",-71.063640000001,42.372747000003,322,1,200,,2026-06-04T18:44:23.071Z
price road,glenville avenue,Price Rd,Glenville Ave,Price Rd and Glenville Ave,ok,1,"Price Rd & Glenville Ave, Allston, MA 02134",-71.134722000001,42.349536000003,406,1,200,,2026-06-04T18:44:24.358Z
price road,long avenue,Price Rd,Long Ave,Price Rd and Long Ave,ok,1,"Price Rd & Long Ave, Allston, MA 02134",-71.135667000001,42.349968000003,330,1,200,,2026-06-04T18:44:25.482Z
priesing street,chestnut avenue,Priesing St,Chestnut Ave,Priesing St and Chestnut Ave,ok,1,"Priesing St & Chestnut Ave, Jamaica Plain, MA 02130",-71.102182500001,42.321906000003,417,1,200,,2026-06-04T18:44:26.769Z
priesing street,mozart street,Priesing St,Mozart St,Priesing St and Mozart St,ok,1,"Priesing St & Mozart St, Jamaica Plain, MA 02130",-71.104770000001,42.321780000003,339,1,200,,2026-06-04T18:44:27.893Z
prince street,commercial street,Prince St,Commercial St,Prince St and Commercial St,ok,1,"Prince St & Commercial St, North End, MA 02114",-71.058051000001,42.367257000003,464,1,200,,2026-06-04T18:44:29.219Z
prince street,hanover street,Prince St,Hanover St,Prince St and Hanover St,ok,1,"Prince St & Hanover St, North End, MA 02113",-71.053911000001,42.364323000003,301,1,200,,2026-06-04T18:44:30.257Z
prince street,north square,Prince St,North Sq,Prince St and North Sq,ok,1,"Prince St & North Sq, North End, MA 02113",-71.053443000001,42.364062000003,322,1,200,,2026-06-04T18:44:31.480Z
princeton street,eagle square,Princeton St,Eagle Sq,Princeton St and Eagle Sq,ok,1,"Princeton St & Eagle Sq, East Boston, MA 02128",-71.026402500001,42.381108000003,523,1,200,,2026-06-04T18:44:32.881Z
princeton street,meridian street,Princeton St,Meridian St,Princeton St and Meridian St,ok,1,"Princeton St & Meridian St, East Boston, MA 02128",-71.039133000001,42.376356000003,330,1,200,,2026-06-04T18:44:33.893Z
prospect street,lowney way,Prospect St,Lowney Way,Prospect St and Lowney Way,ok,1,"Prospect St & Lowney Way, Charlestown, MA 02129",-71.057475000001,42.374826000003,333,1,200,,2026-06-04T18:44:35.097Z
prospect street,tremont street,Prospect St,Tremont St,Prospect St and Tremont St,ok,1,"Prospect St & Tremont St, Charlestown, MA 02129",-71.058586500001,42.376392000003,274,1,200,,2026-06-04T18:44:36.239Z
providence street,arlington street,Providence St,Arlington St,Providence St and Arlington St,ok,2,"Providence St & Arlington St, Downtown, MA 02116",-71.070439500001,42.351426000003,323,1,200,,2026-06-04T18:44:37.488Z
providence street,berkeley street,Providence St,Berkeley St,Providence St and Berkeley St,ok,1,"Providence St & Berkeley St, Back Bay, MA 02116",-71.072820000001,42.350787000003,402,1,200,,2026-06-04T18:44:38.770Z
province street,bromfield street,Province St,Bromfield St,Province St and Bromfield St,ok,1,"Province St & Bromfield St, Downtown, MA 02108",-71.060233500001,42.356736000003,331,1,200,,2026-06-04T18:44:39.898Z
province street,school street,Province St,School St,Province St and School St,ok,1,"Province St & School St, Downtown, MA 02108",-71.059387500001,42.357699000003,432,1,200,,2026-06-04T18:44:41.200Z
public alley 705,shawmut avenue,Public Alley 705,Shawmut Ave,Public Alley 705 and Shawmut Ave,ok,1,"Public Alley No. 705 & Shawmut Ave, South End, MA 02118",-71.067258000001,42.344109000003,302,1,200,,2026-06-04T18:44:42.273Z
public alley 705,tremont street,Public Alley 705,Tremont St,Public Alley 705 and Tremont St,ok,1,"Public Alley No. 705 & Tremont St, South End, MA 02116",-71.070025500001,42.345054000003,365,1,200,,2026-06-04T18:44:43.537Z
purchase street,high street,Purchase St,High St,Purchase St and High St,ok,1,"Purchase St & High St, Downtown, MA 02110",-71.051517000001,42.356673000003,339,1,200,,2026-06-04T18:44:44.711Z
purchase street,summer street,Purchase St,Summer St,Purchase St and Summer St,ok,1,"Purchase St & Summer St, Downtown, MA 02110",-71.056336500001,42.352893000003,280,1,200,,2026-06-04T18:44:45.854Z
puritan avenue,richfield street,Puritan Ave,Richfield St,Puritan Ave and Richfield St,ok,1,"Puritan Ave & Richfield St, Dorchester, MA 02121",-71.071150500001,42.307776000003,331,1,200,,2026-06-04T18:44:47.104Z
putnam street,bremen street,Putnam St,Bremen St,Putnam St and Bremen St,ok,1,"Putnam St & Bremen St, East Boston, MA 02128",-71.029939500001,42.376590000003,306,1,200,,2026-06-04T18:44:48.280Z
putnam street,chelsea street,Putnam St,Chelsea St,Putnam St and Chelsea St,ok,1,"Putnam St & Chelsea St, East Boston, MA 02128",-71.030520000001,42.377004000003,485,1,200,,2026-06-04T18:44:49.659Z
putnam street,condor street,Putnam St,Condor St,Putnam St and Condor St,ok,1,"Putnam St & Condor St, East Boston, MA 02128",-71.033422500001,42.382602000003,313,1,200,,2026-06-04T18:44:50.689Z
putnam street,dudley street,Putnam St,Dudley St,Putnam St and Dudley St,ok,1,"Putnam St & Dudley St, Roxbury, MA 02119",-71.089011000001,42.329439000003,331,1,200,,2026-06-04T18:44:51.908Z
putnam street,princeton street,Putnam St,Princeton St,Putnam St and Princeton St,ok,1,"Putnam St & Princeton St, East Boston, MA 02128",-71.032387500001,42.378867000003,435,1,200,,2026-06-04T18:44:53.213Z
putnam street,roxbury street,Putnam St,Roxbury St,Putnam St and Roxbury St,ok,1,"Putnam St & Roxbury St, Roxbury, MA 02119",-71.088903000001,42.330366000003,300,1,200,,2026-06-04T18:44:54.279Z
putnam street,white street,Putnam St,White St,Putnam St and White St,ok,1,"Putnam St & White St, East Boston, MA 02128",-71.033431500001,42.380532000003,310,1,200,,2026-06-04T18:44:55.491Z
queensberry street,park drive,Queensberry St,Park Dr,Queensberry St and Park Dr,ok,2,"Queensberry St & Park Dr, Fenway, MA 02215",-71.101057500001,42.341760000003,403,1,200,,2026-06-04T18:44:56.785Z
quincefield street,humphreys street,Quincefield St,Humphreys Street,Quincefield St and Humphreys Street,ok,1,"Quincefield St & Humphreys St, Dorchester, MA 02125",-71.067055500001,42.319062000003,417,1,200,,2026-06-04T18:44:57.999Z
quincefield street,wendover street,Quincefield St,Wendover Street,Quincefield St and Wendover Street,ok,1,"Quincefield St & Wendover St, Dorchester, MA 02125",-71.066272500001,42.318603000003,366,1,200,,2026-06-04T18:44:59.148Z
quincy street,blue hill avenue,Quincy St,Blue Hill Ave,Quincy St and Blue Hill Ave,ok,1,"Quincy St & Blue Hill Ave, Roxbury, MA 02119",-71.078832000001,42.314607000003,406,1,200,,2026-06-04T18:45:00.388Z
quincy street,columbia road,Quincy St,Columbia Rd,Quincy St and Columbia Rd,ok,1,"Quincy St & Columbia Rd, Dorchester, MA 02125",-71.070241500001,42.311349000003,332,1,200,,2026-06-04T18:45:01.516Z
quincy street,warren street,Quincy St,Warren St,Quincy St and Warren St,ok,1,"Quincy St & Warren St, Roxbury, MA 02119",-71.082909000001,42.316380000003,287,1,200,,2026-06-04T18:45:02.671Z
quint avenue,brighton avenue,Quint Ave,Brighton Av,Quint Ave and Brighton Av,ok,1,"Quint Ave & Brighton Ave, Allston, MA 02134",-71.134024500001,42.353181000003,286,1,200,,2026-06-04T18:45:03.871Z
quint avenue,glenville avenue,Quint Ave,Glenville Ave,Quint Ave and Glenville Ave,ok,1,"Quint Ave & Glenville Ave, Allston, MA 02134",-71.133259500001,42.350319000003,329,1,200,,2026-06-04T18:45:05.115Z
radnor road,foster street,Radnor Rd,Foster St,Radnor Rd and Foster St,ok,1,"Radnor Rd & Foster St, Brighton, MA 02135",-71.159296500001,42.340896000003,327,1,200,,2026-06-04T18:45:06.312Z
radnor road,kirkwood road,Radnor Rd,Kirkwood Rd,Radnor Rd and Kirkwood Rd,ok,1,"Radnor Rd & Kirkwood Rd, Brighton, MA 02135",-71.156182500001,42.340833000003,485,1,200,,2026-06-04T18:45:07.672Z
rand street,boxford street,Rand St,Boxford Street,Rand St and Boxford Street,ok,1,Brookford St & Rand St,-71.0766838363349,42.31840723471707,250,1,200,,2026-06-04T23:46:24.682Z
rand street,julian street,Rand St,Julian Street,Rand St and Julian Street,ok,1,"Rand St & Julian St, Roxbury, MA 02125",-71.076492000001,42.319359000003,293,1,200,,2026-06-04T18:45:09.881Z
randolph street,albany street,Randolph St,Albany St,Randolph St and Albany St,ok,1,"Randolph St & Albany St, South End, MA 02118",-71.063532000001,42.340977000003,376,1,200,,2026-06-04T18:45:11.165Z
randolph street,harrison avenue,Randolph St,Harrison Ave,Randolph St and Harrison Ave,ok,1,"Randolph St & Harrison Ave, South End, MA 02118",-71.066376000001,42.341913000003,304,1,200,,2026-06-04T18:45:12.299Z
ransom road,claymoss road,Ransom Rd,Claymoss Rd,Ransom Rd and Claymoss Rd,ok,1,"Ransom Rd & Claymoss Rd, Brighton, MA 02135",-71.144437500001,42.343686000003,292,1,200,,2026-06-04T18:45:13.484Z
ransom road,colborne road,Ransom Rd,Colborne Rd,Ransom Rd and Colborne Rd,ok,1,"Ransom Rd & Colborne Rd, Brighton, MA 02135",-71.146170000001,42.342525000003,269,1,200,,2026-06-04T18:45:14.663Z
raven street,crescent avenue,Raven St,Crescent Ave,Raven St and Crescent Ave,ok,1,"Raven St & Crescent Ave, Dorchester, MA 02125",-71.054491500001,42.318963000003,415,1,200,,2026-06-04T18:45:16.008Z
raynor circle,brook marshall road,Raynor Cir,Brook Marshall Rd,Raynor Cir and Brook Marshall Rd,ok,1,"Raynor Cir & Brook Marshall Rd, Roxbury, MA 02120",-71.086149000001,42.334308000003,317,1,200,,2026-06-04T18:45:17.112Z
raynor circle,ruggles street,Raynor Cir,Ruggles St,Raynor Cir and Ruggles St,ok,2,"Raynor Cir & Ruggles St, Roxbury, MA 02120",-71.087454000001,42.334128000003,324,1,200,,2026-06-04T18:45:18.321Z
reading street,gerard street,Reading St,Gerard St,Reading St and Gerard St,no_match,0,,,,125,1,200,,2026-06-04T18:45:19.322Z
reading street,kemble street,Reading St,Kemble St,Reading St and Kemble St,ok,1,"Reading St & Kemble St, Roxbury, MA 02119",-71.074417500001,42.329799000003,402,1,200,,2026-06-04T18:45:20.801Z
reed street,northampton street,Reed St,Northampton St,Reed St and Northampton St,ok,1,"Reed St & Northampton St, Roxbury, MA 02118",-71.076325500001,42.334929000003,265,1,200,,2026-06-04T18:45:21.865Z
reedsdale street,brighton avenue,Reedsdale St,Brighton Av,Reedsdale St and Brighton Av,ok,1,"Reedsdale St & Brighton Ave, Allston, MA 02134",-71.129281500001,42.352614000003,268,1,200,,2026-06-04T18:45:23.068Z
reedsdale street,commonwealth avenue,Reedsdale St,Commonwealth Ave,Reedsdale St and Commonwealth Ave,ok,1,"Reedsdale St & Commonwealth Ave, Allston, MA 02134",-71.129830500001,42.350850000003,340,1,200,,2026-06-04T18:45:24.341Z
regent street,dale street,Regent St,Dale St,Regent St and Dale St,ok,1,"Regent St & Dale St, Roxbury, MA 02119",-71.088331500001,42.322356000003,324,1,200,,2026-06-04T18:45:25.526Z
regent street,street james street,Regent St,St James St,Regent St and St James St,ok,1,"Regent St & Saint James St, Roxbury, MA 02119",-71.083674000001,42.325920000003,374,1,200,,2026-06-04T18:45:26.775Z
regina road,washington street,Regina Rd,Washington St,Regina Rd and Washington St,ok,1,"Regina Rd & Washington St, Dorchester, MA 02124",-71.072041500001,42.295041000003,388,1,200,,2026-06-04T18:45:27.992Z
remington street,centre street,Remington St,Centre St,Remington St and Centre St,ok,1,"Remington St & Centre St, Dorchester, MA 02124",-71.064036000001,42.293106000003,307,1,200,,2026-06-04T18:45:29.111Z
remington street,nixon street,Remington St,Nixon St,Remington St and Nixon St,ok,1,"Remington St & Nixon St, Dorchester, MA 02124",-71.064801000001,42.292989000003,295,1,200,,2026-06-04T18:45:30.302Z
rev r a burke street,dorchester street,REV R A BURKE ST,Dorchester St,REV R A BURKE ST and Dorchester St,ok,1,"A St & Dorchester Ave, South Boston, MA 02127",-71.057178000001,42.340590000003,490,1,200,,2026-06-04T18:45:31.699Z
rev r a burke street,mercer street,REV R A BURKE ST,Mercer St,REV R A BURKE ST and Mercer St,no_match,0,,,,137,1,200,,2026-06-04T18:45:32.547Z
revere street,charles street,Revere St,Charles St,Revere St and Charles St,ok,1,"Revere St & Charles St, Beacon Hill, MA 02114",-71.070759000001,42.359472000003,709,1,200,,2026-06-04T18:45:34.320Z
revere street,david g mugar way,Revere St,David G Mugar Way,Revere St and David G Mugar Way,ok,1,"Revere St & David G Mugar Way, Beacon Hill, MA 02114",-71.072113500001,42.359463000003,300,1,200,,2026-06-04T18:45:35.112Z
revere street,irving street,Revere St,Irving St,Revere St and Irving St,ok,1,"Revere St & Irving St, Beacon Hill, MA 02114",-71.066362500001,42.359580000003,443,1,200,,2026-06-04T18:45:36.457Z
rhoades street,blue hill avenue,Rhoades St,Blue Hill Ave,Rhoades St and Blue Hill Ave,ok,1,"Rhoades St & Blue Hill Ave, Dorchester, MA 02124",-71.091283500001,42.285033000003,323,1,200,,2026-06-04T18:45:37.538Z
rhoades street,morton street,Rhoades St,Morton St,Rhoades St and Morton St,ok,2,"Rhoades St & Morton St, Mattapan, MA 02124",-71.092948500001,42.285303000003,309,1,200,,2026-06-04T18:45:38.724Z
rich street,delhi street,Rich St,Delhi St,Rich St and Delhi St,ok,1,"Rich St & Delhi St, Mattapan, MA 02126",-71.089398000001,42.276303000003,332,1,200,,2026-06-04T18:45:39.947Z
rich street,west selden street,Rich St,West Selden St,Rich St and West Selden St,ok,1,"Rich St & W Selden St, Mattapan, MA 02126",-71.087661000001,42.275448000003,462,1,200,,2026-06-04T18:45:41.279Z
richfield park,richfield street,Richfield Park,Richfield St,Richfield Park and Richfield St,ok,1,"Richfield Park & Richfield St, Dorchester, MA 02125",-71.070583500001,42.306948000003,309,1,200,,2026-06-04T18:45:42.326Z
richfield street,columbia road,Richfield St,Columbia Rd,Richfield St and Columbia Rd,ok,1,"Richfield St & Columbia Rd, Dorchester, MA 02125",-71.072680500001,42.309396000003,381,1,200,,2026-06-04T18:45:43.600Z
richfield street,olney street,Richfield St,Olney St,Richfield St and Olney St,ok,1,"Richfield St & Olney St, Dorchester, MA 02121",-71.069958000001,42.305526000003,344,1,200,,2026-06-04T18:45:44.763Z
richmond street,hanover street,Richmond St,Hanover St,Richmond St and Hanover St,ok,1,"Richmond St & Hanover St, North End, MA 02109",-71.054644500001,42.363639000003,374,1,200,,2026-06-04T18:45:45.994Z
richmond street,north street,Richmond St,North St,Richmond St and North St,ok,1,"Richmond St & North St, North End, MA 02109",-71.054073000001,42.363108000003,373,1,200,,2026-06-04T18:45:47.193Z
ridgemont street,gordon street,Ridgemont St,Gordon St,Ridgemont St and Gordon St,ok,1,"Ridgemont St & Gordon St, Allston, MA 02134",-71.140086000001,42.351489000003,364,1,200,,2026-06-04T18:45:48.384Z
ridgeview avenue,river street,Ridgeview Ave,River St,Ridgeview Ave and River St,ok,1,"Ridgeview Ave & River St, Mattapan, MA 02126",-71.085397500001,42.270957000003,281,1,200,,2026-06-04T18:45:49.503Z
ridgewood street,draper street,Ridgewood St,Draper St,Ridgewood St and Draper St,ok,1,"Ridgewood St & Draper St, Dorchester, MA 02122",-71.063838000001,42.302601000003,334,1,200,,2026-06-04T18:45:50.758Z
ridgewood street,topliff street,Ridgewood St,Topliff St,Ridgewood St and Topliff St,ok,1,"Ridgewood St & Topliff St, Dorchester, MA 02122",-71.067667500001,42.301611000003,268,1,200,,2026-06-04T18:45:51.894Z
rill street,hancock street,Rill St,Hancock St,Rill St and Hancock St,ok,1,"Rill St & Hancock St, Dorchester, MA 02125",-71.064292500001,42.312483000003,299,1,200,,2026-06-04T18:45:53.124Z
rill street,ware street,Rill St,Ware St,Rill St and Ware St,ok,1,"Rill St & Ware St, Dorchester, MA 02125",-71.065611000001,42.311250000003,352,1,200,,2026-06-04T18:45:54.380Z
ringgold street,hanson street,Ringgold St,Hanson St,Ringgold St and Hanson St,ok,1,"Ringgold St & Hanson St, South End, MA 02118",-71.069647500001,42.343335000003,302,1,200,,2026-06-04T18:45:55.529Z
ringgold street,waltham street,Ringgold St,Waltham St,Ringgold St and Waltham St,ok,1,"Ringgold St & Waltham St, South End, MA 02118",-71.070273000001,42.342921000003,279,1,200,,2026-06-04T18:45:56.708Z
river street,beacon street,River St,Beacon St,River St and Beacon St,ok,1,"River St & Beacon St, Beacon Hill, MA 02116",-71.069850000001,42.356079000003,379,1,200,,2026-06-04T18:45:58.009Z
river street,blue hill avenue,River St,Blue Hill Ave,River St and Blue Hill Ave,ok,2,"River St & Blue Hill Ave, Mattapan, MA 02126",-71.093880000001,42.267654000003,317,1,200,,2026-06-04T18:45:59.150Z
river street,dedham town line,River St,Dedham Town Line,River St and Dedham Town Line,ok,1,"River St & Lime St, Beacon Hill, MA 02108",-71.070547500001,42.357384000003,336,1,200,,2026-06-04T18:46:00.383Z
river street,fairmount avenue,River St,Fairmount Ave,River St and Fairmount Ave,ok,1,"River St & Fairmount Ave, Hyde Park, MA 02136",-71.121298500001,42.255882000003,613,1,200,,2026-06-04T18:46:01.861Z
river street,gordon avenue,River St,Gordon Ave,River St and Gordon Ave,ok,1,"River St & Gordon Ave, Hyde Park, MA 02136",-71.125573500001,42.255630000003,341,1,200,,2026-06-04T18:46:02.789Z
river street,massasoit street,River St,Massasoit St,River St and Massasoit St,ok,1,"River St & Massasoit St, Hyde Park, MA 02136",-71.101791000001,42.263721000003,754,1,200,,2026-06-04T18:46:04.403Z
river street,mt vernon street,River St,Mt Vernon St,River St and Mt Vernon St,ok,1,"River St & Mount Vernon St, Beacon Hill, MA 02108",-71.070714000001,42.357690000003,371,1,200,,2026-06-04T18:46:05.221Z
river street,public alley 301,River St,Public Alley 301,River St and Public Alley 301,ok,1,"River St & Public Alley No. 301, Beacon Hill, MA 02114",-71.070939000001,42.358041000003,326,1,200,,2026-06-04T18:46:06.378Z
river street,thorn street,River St,Thorn St,River St and Thorn St,ok,1,"River St & Thorn St, Hyde Park, MA 02136",-71.103951000001,42.263622000003,296,1,200,,2026-06-04T18:46:07.549Z
river street,turtle pond parkway,River St,Turtle Pond Pkwy,River St and Turtle Pond Pkwy,ok,1,"River St & Turtle Pond Pkwy, Hyde Park, MA 02136",-71.136274500001,42.246387000003,291,1,200,,2026-06-04T18:46:08.744Z
river street,washington street,River St,Washington St,River St and Washington St,ok,1,"River St & Washington St, Mattapan, MA 02126",-71.069440500001,42.272469000003,410,1,200,,2026-06-04T18:46:10.064Z
riverway,fenway,Riverway,Fenway,Riverway and Fenway,ok,1,"Riverway & Fenway, Fenway, MA 02215",-71.103244500001,42.342759000003,393,1,200,,2026-06-04T18:46:11.248Z
riverway,huntington avenue,Riverway,Huntington Ave,Riverway and Huntington Ave,ok,1,"Riverway & Huntington Ave, Mission Hill, MA 02115",-71.112726000001,42.331932000003,458,1,200,,2026-06-04T18:46:12.514Z
roach street,dorchester avenue,Roach St,Dorchester Ave,Roach St and Dorchester Ave,ok,1,"Roach St & Dorchester Ave, Dorchester, MA 02125",-71.057776500001,42.310485000003,378,1,200,,2026-06-04T18:46:13.641Z
roach street,pleasant street,Roach St,Pleasant St,Roach St and Pleasant St,ok,1,"Roach St & Pleasant St, Dorchester, MA 02125",-71.059437000001,42.310899000003,377,1,200,,2026-06-04T18:46:14.835Z
robin hood street,hartford street,Robin Hood St,Hartford St,Robin Hood St and Hartford St,ok,1,"Robin Hood St & Hartford St, Roxbury, MA 02125",-71.073031500001,42.317046000003,426,1,200,,2026-06-04T18:46:16.085Z
robin hood street,magnolia street,Robin Hood St,Magnolia St,Robin Hood St and Magnolia St,ok,1,"Robin Hood St & Magnolia St, Dorchester, MA 02125",-71.070390000001,42.317442000003,369,1,200,,2026-06-04T18:46:17.228Z
robinson street,adams street,Robinson St,Adams St,Robinson St and Adams St,ok,1,"Robinson St & Adams St, Dorchester, MA 02122",-71.060580000001,42.303150000003,323,1,200,,2026-06-04T18:46:18.384Z
robinson street,draper street,Robinson St,Draper St,Robinson St and Draper St,ok,1,"Robinson St & Draper St, Dorchester, MA 02122",-71.063698500001,42.302358000003,275,1,200,,2026-06-04T18:46:19.535Z
rockland avenue,dale street,Rockland Ave,Dale St,Rockland Ave and Dale St,ok,1,"Rockland Ave & Dale St, Roxbury, MA 02119",-71.084335500001,42.320808000003,333,1,200,,2026-06-04T18:46:20.794Z
rockland avenue,rockland street,Rockland Ave,Rockland St,Rockland Ave and Rockland St,ok,1,"Rockland Ave & Rockland St, Roxbury, MA 02119",-71.083786500001,42.322041000003,301,1,200,,2026-06-04T18:46:21.963Z
rockland street,dale street,Rockland St,Dale St,Rockland St and Dale St,ok,1,"Rockland St & Dale St, Roxbury, MA 02119",-71.087611500001,42.322059000003,303,1,200,,2026-06-04T18:46:23.166Z
rockland street,sherman street,Rockland St,Sherman St,Rockland St and Sherman St,ok,1,"Rockland St & Sherman St, Roxbury, MA 02119",-71.082886500001,42.321906000003,349,1,200,,2026-06-04T18:46:24.413Z
rockledge street,lambert avenue,Rockledge St,Lambert Ave,Rockledge St and Lambert Ave,ok,1,"Rockledge St & Lambert Ave, Roxbury, MA 02119",-71.090590500001,42.326937000003,401,1,200,,2026-06-04T18:46:25.666Z
rockledge street,thornton street,Rockledge St,Thornton St,Rockledge St and Thornton St,ok,1,"Rockledge St & Thornton St, Roxbury, MA 02119",-71.089312500001,42.326199000003,280,1,200,,2026-06-04T18:46:26.746Z
rockmere street,caspian way,Rockmere St,Caspian Way,Rockmere St and Caspian Way,ok,1,"Rockmere St & Caspian Way, Dorchester, MA 02125",-71.050158000001,42.310800000003,343,1,200,,2026-06-04T18:46:28.008Z
rockmere street,grampian way,Rockmere St,Grampian Way,Rockmere St and Grampian Way,ok,1,"Rockmere St & Grampian Way, Dorchester, MA 02125",-71.051418000001,42.311133000003,289,1,200,,2026-06-04T18:46:29.155Z
rockvale circle,washington street,Rockvale Cir,Washington St,Rockvale Cir and Washington St,ok,1,"Rockvale Cir & Washington St, Jamaica Plain, MA 02130",-71.106214500001,42.307767000003,294,1,200,,2026-06-04T18:46:30.360Z
rockville park,warren street,Rockville Park,Warren St,Rockville Park and Warren St,ok,1,"Rockville Park & Warren St, Roxbury, MA 02119",-71.082918000001,42.324687000003,306,1,200,,2026-06-04T18:46:31.573Z
rogers park avenue,foster street,Rogers Park Ave,Foster St,Rogers Park Ave and Foster St,ok,1,"Rogers Park Ave & Foster St, Brighton, MA 02135",-71.158216500001,42.346620000003,296,1,200,,2026-06-04T18:46:32.763Z
rogers park avenue,lake street,Rogers Park Ave,Lake St,Rogers Park Ave and Lake St,ok,1,"Rogers Park Ave & Lake St, Brighton, MA 02135",-71.161330500001,42.347565000003,294,1,200,,2026-06-04T18:46:33.962Z
rogers street,devine way,Rogers St,Devine Way,Rogers St and Devine Way,ok,1,General William H Devine Way & Rogers St,-71.05527710353853,42.328585264048186,205,1,200,,2026-06-04T23:46:26.091Z
rogers street,dorchester street,Rogers St,Dorchester St,Rogers St and Dorchester St,ok,1,"Rogers St & Dorchester St, South Boston, MA 02127",-71.055931500001,42.330114000003,324,1,200,,2026-06-04T18:46:36.396Z
romsey street,dorchester avenue,Romsey St,Dorchester Ave,Romsey St and Dorchester Ave,ok,1,"Romsey St & Dorchester Ave, Dorchester, MA 02125",-71.056692000001,42.316317000003,284,1,200,,2026-06-04T18:46:37.555Z
romsey street,sydney street,Romsey St,Sydney St,Romsey St and Sydney St,ok,1,"Romsey St & Sydney St, Dorchester, MA 02125",-71.052556500001,42.315597000003,371,1,200,,2026-06-04T18:46:38.844Z
ronald street,brinsley street,Ronald St,Brinsley St,Ronald St and Brinsley St,ok,1,"Ronald St & Brinsley St, Dorchester, MA 02121",-71.078674500001,42.304887000003,308,1,200,,2026-06-04T18:46:39.979Z
ronald street,morse street,Ronald St,Morse St,Ronald St and Morse St,ok,1,"Ronald St & Morse St, Dorchester, MA 02121",-71.078071500001,42.304662000003,773,1,200,,2026-06-04T18:46:41.645Z
ronan street,bellevue street,Ronan St,Bellevue St,Ronan St and Bellevue St,ok,1,"Ronan St & Bellevue St, Dorchester, MA 02125",-71.067550500001,42.311295000003,295,1,200,,2026-06-04T18:46:42.368Z
rosedale street,washington street,Rosedale St,Washington St,Rosedale St and Washington St,ok,1,"Rosedale St & Washington St, Dorchester, MA 02124",-71.071821000001,42.292872000003,309,1,200,,2026-06-04T18:46:43.583Z
rosedale street,whitfield street,Rosedale St,Whitfield St,Rosedale St and Whitfield St,ok,1,"Rosedale St & Whitfield St, Dorchester, MA 02124",-71.074593000001,42.292026000003,338,1,200,,2026-06-04T18:46:44.814Z
rosemary street,south street,Rosemary St,South St,Rosemary St and South St,ok,1,"Rosemary St & South St, Jamaica Plain, MA 02130",-71.114697000001,42.304239000003,640,1,200,,2026-06-04T18:46:46.318Z
rosemary street,spalding street,Rosemary St,Spalding St,Rosemary St and Spalding St,ok,1,"Rosemary St & Spalding St, Jamaica Plain, MA 02130",-71.112802500001,42.304212000003,335,1,200,,2026-06-04T18:46:47.214Z
rosewood street,cummins highway,Rosewood St,Cummins Hwy,Rosewood St and Cummins Hwy,ok,1,"Rosewood St & Cummins Hwy, Mattapan, MA 02126",-71.096697000001,42.269310000003,384,1,200,,2026-06-04T18:46:48.462Z
rosewood street,rector road,Rosewood St,Rector Rd,Rosewood St and Rector Rd,ok,1,"Rosewood St & Rector Rd, Hyde Park, MA 02126",-71.100279000001,42.265953000003,409,1,200,,2026-06-04T18:46:49.689Z
rosseter street,bowdoin avenue,Rosseter St,Bowdoin Ave,Rosseter St and Bowdoin Ave,ok,1,"Rosseter St & Bowdoin Ave, Dorchester, MA 02121",-71.073495000001,42.300234000003,513,1,200,,2026-06-04T18:46:50.995Z
rosseter street,eldon street,Rosseter St,Eldon St,Rosseter St and Eldon St,ok,1,"Rosseter St & Eldon St, Dorchester, MA 02121",-71.077000500001,42.304338000003,324,1,200,,2026-06-04T18:46:52.005Z
rossmore road,forest hills street,Rossmore Rd,Forest Hills St,Rossmore Rd and Forest Hills St,ok,1,"Rossmore Rd & Forest Hills St, Jamaica Plain, MA 02130",-71.104347000001,42.302772000003,316,1,200,,2026-06-04T18:46:53.200Z
rossmore road,washington street,Rossmore Rd,Washington St,Rossmore Rd and Washington St,ok,1,"Rossmore Rd & Washington St, Jamaica Plain, MA 02130",-71.108433000001,42.305526000003,267,1,200,,2026-06-04T18:46:54.351Z
round hill street,day street,Round Hill St,Day St,Round Hill St and Day St,ok,1,"Round Hill St & Day St, Jamaica Plain, MA 02130",-71.107843500001,42.324858000003,323,1,200,,2026-06-04T18:46:55.610Z
round hill street,walden street,Round Hill St,Walden St,Round Hill St and Walden St,ok,1,"Round Hill St & Walden St, Jamaica Plain, MA 02130",-71.104059000001,42.323211000003,266,1,200,,2026-06-04T18:46:56.752Z
rowell street,cushing avenue,Rowell St,Cushing Ave,Rowell St and Cushing Ave,ok,1,"Rowell St & Cushing Ave, Dorchester, MA 02125",-71.064238500001,42.314121000003,890,1,200,,2026-06-04T18:46:58.579Z
rowell street,hancock street,Rowell St,Hancock St,Rowell St and Hancock St,ok,1,"Rowell St & Hancock St, Dorchester, MA 02125",-71.064409500001,42.312573000003,319,1,200,,2026-06-04T18:46:59.209Z
roxbury street,centre street,Roxbury St,Centre St,Roxbury St and Centre St,ok,1,"Roxbury St & Centre St, Roxbury, MA 02119",-71.091463500001,42.330051000003,350,1,200,,2026-06-04T18:47:00.440Z
roxbury street,elmwood street,Roxbury St,Elmwood St,Roxbury St and Elmwood St,ok,1,"Roxbury St & Elmwood St, Roxbury, MA 02119",-71.094546000001,42.330312000003,289,1,200,,2026-06-04T18:47:01.580Z
roxton street,glenway street,Roxton St,Glenway St,Roxton St and Glenway St,ok,1,"Roxton St & Glenway St, Dorchester, MA 02121",-71.081113500001,42.298128000003,316,1,200,,2026-06-04T18:47:02.808Z
roxton street,greenwood street,Roxton St,Greenwood St,Roxton St and Greenwood St,ok,1,"Roxton St & Greenwood St, Dorchester, MA 02121",-71.079732000001,42.298407000003,279,1,200,,2026-06-04T18:47:03.974Z
royce road,brainerd road,Royce Rd,Brainerd Rd,Royce Rd and Brainerd Rd,ok,1,"Royce Rd & Brainerd Rd, Allston, MA 02134",-71.131158000001,42.348672000003,277,1,200,,2026-06-04T18:47:05.170Z
royce road,commonwealth avenue,Royce Rd,Commonwealth Ave,Royce Rd and Commonwealth Ave,ok,1,"Royce Rd & Commonwealth Ave, Allston, MA 02134",-71.131990500001,42.349644000003,314,1,200,,2026-06-04T18:47:06.411Z
roys street,chestnut avenue,Roys St,Chestnut Ave,Roys St and Chestnut Ave,ok,1,"Roys St & Chestnut Ave, Jamaica Plain, MA 02130",-71.102182500001,42.321906000003,272,1,200,,2026-06-04T18:47:07.568Z
roys street,lamartine street,Roys St,Lamartine St,Roys St and Lamartine St,ok,1,"Roys St & Lamartine St, Jamaica Plain, MA 02119",-71.101426500001,42.321546000003,333,1,200,,2026-06-04T18:47:08.829Z
rugdale road,valley road,Rugdale Rd,Valley Rd,Rugdale Rd and Valley Rd,ok,1,"Rugdale Rd & Valley Rd, Mattapan, MA 02124",-71.067514500001,42.277716000003,340,1,200,,2026-06-04T18:47:10.038Z
rugdale road,washington street,Rugdale Rd,Washington St,Rugdale Rd and Washington St,ok,1,"Rugdale Rd & Washington St, Mattapan, MA 02124",-71.069454000001,42.276303000003,269,1,200,,2026-06-04T18:47:11.166Z
rugg road,braintree street,Rugg Rd,Braintree St,Rugg Rd and Braintree St,ok,1,"Rugg Rd & Braintree St, Allston, MA 02134",-71.135284500001,42.356286000003,291,1,200,,2026-06-04T18:47:12.389Z
rugg road,cambridge street,Rugg Rd,Cambridge St,Rugg Rd and Cambridge St,ok,1,"Rugg Rd & Cambridge St, Allston, MA 02134",-71.135086500001,42.354549000003,270,1,200,,2026-06-04T18:47:13.575Z
ruggles street,tremont street,Ruggles St,Tremont St,Ruggles St and Tremont St,ok,2,"Ruggles St & Tremont St, Roxbury, MA 02120",-71.089506000001,42.334542000003,313,1,200,,2026-06-04T18:47:14.812Z
ruggles street,washington street,Ruggles St,Washington St,Ruggles St and Washington St,ok,1,"Ruggles St & Washington St, Roxbury, MA 02119",-71.082733500001,42.331059000003,315,1,200,,2026-06-04T18:47:16.015Z
russell street,brookline town line,Russell St,Brookline Town Line,Russell St and Brookline Town Line,no_match,0,,,,121,1,200,,2026-06-04T18:47:17.022Z
russell street,pearl street,Russell St,Pearl St,Russell St and Pearl St,ok,1,"Russell St & Pearl St, Charlestown, MA 02129",-71.064081000001,42.379002000003,266,1,200,,2026-06-04T18:47:18.368Z
russell street,sullivan street,Russell St,Sullivan St,Russell St and Sullivan St,ok,1,"Russell St & Sullivan St, Charlestown, MA 02129",-71.064918000001,42.379326000003,330,1,200,,2026-06-04T18:47:19.634Z
rutherford avenue,new rutherford avenue,Rutherford Ave,New Rutherford Ave,Rutherford Ave and New Rutherford Ave,ok,3,"Rutherford Ave & New Rutherford Ave, Charlestown, MA 02129",-71.069233500001,42.376941000003,341,1,200,,2026-06-04T18:47:20.847Z
rutherford avenue,union street,Rutherford Ave,Union St,Rutherford Ave and Union St,ok,1,"Rutherford Ave & Union St, Charlestown, MA 02129",-71.065336500001,42.373980000003,308,1,200,,2026-06-04T18:47:22.014Z
ruthven street,elm hill avenue,Ruthven St,Elm Hill Ave,Ruthven St and Elm Hill Ave,ok,1,"Ruthven St & Elm Hill Ave, Roxbury, MA 02121",-71.086374000001,42.310962000003,376,1,200,,2026-06-04T18:47:23.283Z
ruthven street,walnut avenue,Ruthven St,Walnut Ave,Ruthven St and Walnut Ave,ok,1,"Ruthven St & Walnut Ave, Roxbury, MA 02119",-71.093821500001,42.314544000003,268,1,200,,2026-06-04T18:47:24.375Z
rutland square,columbus avenue,Rutland Sq,Columbus Ave,Rutland Sq and Columbus Ave,ok,2,"Rutland Sq & Columbus Ave, South End, MA 02116",-71.079133500001,42.342669000003,672,1,200,,2026-06-04T18:47:25.980Z
rutland square,tremont street,Rutland Sq,Tremont St,Rutland Sq and Tremont St,ok,1,"Rutland Sq & Tremont St, South End, MA 02118",-71.077306500001,42.340932000003,323,1,200,,2026-06-04T18:47:26.831Z
rutland street,newland street,Rutland St,Newland St,Rutland St and Newland St,ok,1,"Rutland St & Newland St, South End, MA 02118",-71.075583000001,42.339501000003,314,1,200,,2026-06-04T18:47:28.025Z
rutland street,shawmut avenue,Rutland St,Shawmut Ave,Rutland St and Shawmut Ave,ok,1,"Rutland St & Shawmut Ave, South End, MA 02118",-71.075227500001,42.339195000003,276,1,200,,2026-06-04T18:47:29.185Z
rutland street,tremont street,Rutland St,Tremont St,Rutland St and Tremont St,ok,1,"Rutland St & Tremont St, South End, MA 02118",-71.077306500001,42.340932000003,315,1,200,,2026-06-04T18:47:30.426Z
rutland street,washington street,Rutland St,Washington St,Rutland St and Washington St,ok,1,"Rutland St & Washington St, South End, MA 02118",-71.074278000001,42.338421000003,594,1,200,,2026-06-04T18:47:31.905Z
sachem street,calumet street,Sachem St,Calumet St,Sachem St and Calumet St,ok,1,"Sachem St & Calumet St, Mission Hill, MA 02120",-71.104770000001,42.332031000003,265,1,200,,2026-06-04T18:47:32.781Z
sachem street,parker hill avenue,Sachem St,Parker Hill Ave,Sachem St and Parker Hill Ave,ok,1,"Sachem St & Parker Hill Ave, Mission Hill, MA 02120",-71.108455500001,42.330600000003,344,1,200,,2026-06-04T18:47:34.058Z
sackville street,bunker hill street,Sackville St,Bunker Hill St,Sackville St and Bunker Hill St,ok,1,"Sackville St & Bunker Hill St, Charlestown, MA 02129",-71.065354500001,42.380307000003,346,1,200,,2026-06-04T18:47:35.259Z
sackville street,medford street,Sackville St,Medford St,Sackville St and Medford St,ok,1,"Sackville St & Medford St, Charlestown, MA 02129",-71.064189000001,42.381891000003,322,1,200,,2026-06-04T18:47:36.435Z
sagamore street,savin hill avenue,Sagamore St,Savin Hill Ave,Sagamore St and Savin Hill Ave,ok,1,"Sagamore St & Savin Hill Ave, Dorchester, MA 02125",-71.055382500001,42.312564000003,291,1,200,,2026-06-04T18:47:37.606Z
sagamore street,sudan street,Sagamore St,Sudan St,Sagamore St and Sudan St,ok,1,"Sagamore St & Sudan St, Dorchester, MA 02125",-71.054118000001,42.316470000003,316,1,200,,2026-06-04T18:47:38.832Z
salcombe street,cushing street,Salcombe St,Cushing St,Salcombe St and Cushing St,ok,1,"Salcombe St & Cushing Ave, Dorchester, MA 02125",-71.062389000001,42.313338000003,277,1,200,,2026-06-04T18:47:39.995Z
salcombe street,stoughton street,Salcombe St,Stoughton St,Salcombe St and Stoughton St,ok,1,"Salcombe St & Stoughton St, Dorchester, MA 02125",-71.060890500001,42.315129000003,318,1,200,,2026-06-04T18:47:41.236Z
salem street,charter street,Salem St,Charter St,Salem St and Charter St,ok,1,"Salem St & Charter St, North End, MA 02113",-71.054298000001,42.367041000003,327,1,200,,2026-06-04T18:47:42.448Z
salem street,cross street,Salem St,Cross St,Salem St and Cross St,ok,1,"Salem St & Cross St, Downtown, MA 02113",-71.056386000001,42.362874000003,347,1,200,,2026-06-04T18:47:43.668Z
salem street,high street,Salem St,High St,Salem St and High St,ok,1,"Salem St & High St, Charlestown, MA 02129",-71.065624500001,42.377886000003,341,1,200,,2026-06-04T18:47:44.862Z
salem street,main street,Salem St,Main St,Salem St and Main St,ok,1,"Salem St & Main St, Charlestown, MA 02129",-71.066691000001,42.377220000003,355,1,200,,2026-06-04T18:47:46.076Z
salem street,prince street,Salem St,Prince St,Salem St and Prince St,ok,1,"Salem St & Prince St, North End, MA 02113",-71.055468000001,42.365214000003,341,1,200,,2026-06-04T18:47:47.262Z
salem street avenue,high street,Salem Street Ave,High St,Salem Street Ave and High St,ok,1,"Salem Street Ave & High St, Charlestown, MA 02129",-71.065908000001,42.378111000003,279,1,200,,2026-06-04T18:47:48.402Z
salem street avenue,salem street,Salem Street Ave,Salem St,Salem Street Ave and Salem St,ok,1,"Salem Street Ave & Salem St, Charlestown, MA 02129",-71.066227500001,42.377517000003,342,1,200,,2026-06-04T18:47:49.667Z
san juan street,shawmut avenue,San Juan St,Shawmut Ave,San Juan St and Shawmut Ave,ok,2,"San Juan St & Shawmut Ave, South End, MA 02118",-71.073994500001,42.340032000003,365,1,200,,2026-06-04T18:47:50.892Z
sanderson place,faneuil street,Sanderson Pl,Faneuil St,Sanderson Pl and Faneuil St,ok,1,"Sanderson Pl & Faneuil St, Brighton, MA 02135",-71.151201000001,42.355287000003,755,1,200,,2026-06-04T18:47:52.484Z
sanford street,cedar street,Sanford St,Cedar St,Sanford St and Cedar St,ok,1,"Sanford St & Cedar St, Mattapan, MA 02126",-71.075587500001,42.273360000003,339,1,200,,2026-06-04T18:47:53.267Z
sanford street,morton street,Sanford St,Morton St,Sanford St and Morton St,ok,1,"Sanford St & Morton St, Mattapan, MA 02124",-71.070462000001,42.273999000003,338,1,200,,2026-06-04T18:47:54.467Z
sanger street,east eighth street,Sanger St,East Eighth St,Sanger St and East Eighth St,ok,1,"Sanger St & E Eighth St, South Boston, MA 02127",-71.041963500001,42.331365000003,285,1,200,,2026-06-04T18:47:55.615Z
sanger street,east seventh street,Sanger St,East Seventh St,Sanger St and East Seventh St,ok,1,"Sanger St & E Seventh St, South Boston, MA 02127",-71.041995000001,42.332193000003,663,1,200,,2026-06-04T18:47:57.193Z
saratoga street,annavoy street,Saratoga St,Annavoy St,Saratoga St and Annavoy St,ok,1,"Saratoga St & Annavoy St, East Boston, MA 02128",-70.997854500001,42.383457000003,268,1,200,,2026-06-04T18:47:57.999Z
saratoga street,barnes avenue,Saratoga St,Barnes Ave,Saratoga St and Barnes Ave,ok,1,"Saratoga St & Barnes Ave, East Boston, MA 02128",-71.005338000001,42.386157000003,760,1,200,,2026-06-04T18:47:59.694Z
saratoga street,bennington street,Saratoga St,Bennington St,Saratoga St and Bennington St,ok,2,"Saratoga St & Bennington St, East Boston, MA 02128",-71.007003000001,42.386643000003,302,1,200,,2026-06-04T18:48:00.435Z
saratoga street,boardman street,Saratoga St,Boardman St,Saratoga St and Boardman St,ok,1,"Saratoga St & Boardman St, East Boston, MA 02128",-71.008101000001,42.387138000003,328,1,200,,2026-06-04T18:48:01.666Z
saratoga street,neptune road,Saratoga St,Neptune Rd,Saratoga St and Neptune Rd,ok,1,"Saratoga St & Neptune Rd, East Boston, MA 02128",-71.026119000001,42.380442000003,330,1,200,,2026-06-04T18:48:02.862Z
saratoga street,shelby street,Saratoga St,Shelby St,Saratoga St and Shelby St,ok,1,"Saratoga St & Shelby St, East Boston, MA 02128",-71.027334000001,42.379965000003,280,1,200,,2026-06-04T18:48:04.012Z
sargent street,hartford street,Sargent St,Hartford St,Sargent St and Hartford St,ok,1,"Sargent St & Hartford St, Roxbury, MA 02125",-71.073085500001,42.314724000003,348,1,200,,2026-06-04T18:48:05.281Z
sargent street,howard street,Sargent St,Howard St,Sargent St and Howard St,ok,1,"Sargent St & Howard Ave, Roxbury, MA 02125",-71.074507500001,42.317289000003,318,1,200,,2026-06-04T18:48:06.453Z
savin hill avenue,dorchester avenue,Savin Hill Ave,Dorchester Ave,Savin Hill Ave and Dorchester Ave,ok,1,"Savin Hill Ave & Dorchester Ave, Dorchester, MA 02125",-71.057209500001,42.312978000003,631,1,200,,2026-06-04T18:48:07.968Z
savin hill avenue,hubbardston road,Savin Hill Ave,Hubbardston Rd,Savin Hill Ave and Hubbardston Rd,ok,1,"Savin Hill Ave & Hubbardston Rd, Dorchester, MA 02125",-71.052511500001,42.310836000003,331,1,200,,2026-06-04T18:48:08.868Z
savin hill avenue,pleasant street,Savin Hill Ave,Pleasant St,Savin Hill Ave and Pleasant St,ok,1,"Savin Hill Ave & Pleasant St, Dorchester, MA 02125",-71.058892500001,42.312789000003,309,1,200,,2026-06-04T18:48:10.047Z
savin hill avenue,savin hill avenue,Savin Hill Ave,Savin Hill Ave,Savin Hill Ave and Savin Hill Ave,ok,3,"Savin Hill Ave & Savin Hill Ln, Dorchester, MA 02125",-71.047012500001,42.310476000003,365,1,200,,2026-06-04T18:48:11.305Z
savin hill court,savin hill avenue,Savin Hill Ct,Savin Hill Ave,Savin Hill Ct and Savin Hill Ave,ok,1,"Savin Hill Ct & Savin Hill Ave, Dorchester, MA 02125",-71.051332500001,42.312636000003,769,1,200,,2026-06-04T18:48:12.909Z
savin street,blue hill avenue,Savin St,Blue Hill Ave,Savin St and Blue Hill Ave,ok,1,"Savin St & Blue Hill Ave, Roxbury, MA 02119",-71.078503500001,42.315219000003,318,1,200,,2026-06-04T18:48:13.660Z
savin street,warren street,Savin St,Warren St,Savin St and Warren St,ok,1,"Savin St & Warren St, Roxbury, MA 02119",-71.082189000001,42.317577000003,357,1,200,,2026-06-04T18:48:14.896Z
sawyer avenue,cushing avenue,Sawyer Ave,Cushing Ave,Sawyer Ave and Cushing Ave,ok,2,"Sawyer Ave & Cushing Ave, Dorchester, MA 02125",-71.063298000001,42.313707000003,376,1,200,,2026-06-04T18:48:16.119Z
sawyer avenue,pleasant street,Sawyer Ave,Pleasant St,Sawyer Ave and Pleasant St,ok,1,"Sawyer Ave & Pleasant St, Dorchester, MA 02125",-71.058892500001,42.312789000003,279,1,200,,2026-06-04T18:48:17.223Z
saxton street,romsey street,Saxton St,Romsey St,Saxton St and Romsey St,ok,1,"Saxton St & Romsey St, Dorchester, MA 02125",-71.053618500001,42.315786000003,267,1,200,,2026-06-04T18:48:18.413Z
saxton street,savin hill avenue,Saxton St,Savin Hill Ave,Saxton St and Savin Hill Ave,ok,1,"Saxton St & Savin Hill Ave, Dorchester, MA 02125",-71.054982000001,42.312321000003,417,1,200,,2026-06-04T18:48:19.765Z
sayward street,bird street,Sayward St,Bird St,Sayward St and Bird St,ok,1,"Sayward St & Bird St, Dorchester, MA 02125",-71.069413500001,42.314211000003,323,1,200,,2026-06-04T18:48:20.874Z
sayward street,columbia road,Sayward St,Columbia Rd,Sayward St and Columbia Rd,ok,1,"Sayward St & Columbia Rd, Dorchester, MA 02125",-71.067915000001,42.313779000003,359,1,200,,2026-06-04T18:48:22.109Z
schiller street,heath street,Schiller St,Heath St,Schiller St and Heath St,ok,1,"Schiller St & Heath St, Jamaica Plain, MA 02120",-71.105229000001,42.326109000003,634,1,200,,2026-06-04T18:48:23.584Z
schiller street,minden street,Schiller St,Minden St,Schiller St and Minden St,ok,1,"Schiller St & Minden St, Jamaica Plain, MA 02130",-71.105508000001,42.325191000003,449,1,200,,2026-06-04T18:48:24.600Z
school street,amory street,School St,Amory St,School St and Amory St,ok,1,"School St & Amory St, Jamaica Plain, MA 02130",-71.101804500001,42.317721000003,350,1,200,,2026-06-04T18:48:25.702Z
school street,bunker hill street,School St,Bunker Hill St,School St and Bunker Hill St,ok,1,"School St & Bunker Hill St, Charlestown, MA 02129",-71.063158500001,42.379209000003,320,1,200,,2026-06-04T18:48:26.873Z
school street,main street,School St,Main St,School St and Main St,ok,1,"School St & Main St, Charlestown, MA 02129",-71.065804500001,42.376545000003,434,1,200,,2026-06-04T18:48:28.186Z
school street,tremont street,School St,Tremont St,School St and Tremont St,ok,1,"School St & Tremont St, Downtown, MA 02108",-71.060440500001,42.358014000003,339,1,200,,2026-06-04T18:48:29.292Z
school street,walnut avenue,School St,Walnut Ave,School St and Walnut Ave,ok,1,"School St & Walnut Ave, Jamaica Plain, MA 02119",-71.096251500001,42.312501000003,711,1,200,,2026-06-04T18:48:30.867Z
school street,washington street,School St,Washington St,School St and Washington St,ok,3,"School St & Washington St, Downtown, MA 02109",-71.058325500001,42.357438000003,405,1,200,,2026-06-04T18:48:31.761Z
schulyer street,blue hill avenue,Schulyer St,Blue Hill Avenue,Schulyer St and Blue Hill Avenue,ok,1,"Schuyler St & Blue Hill Ave, Roxbury, MA 02121",-71.083908000001,42.307614000003,378,1,200,,2026-06-04T18:48:32.935Z
schulyer street,elm hill street,Schulyer St,Elm Hill Street,Schulyer St and Elm Hill Street,ok,1,"Schuyler St & Elm Hill Ave, Roxbury, MA 02121",-71.087454000001,42.309603000003,336,1,200,,2026-06-04T18:48:34.095Z
scotia street,dalton street,Scotia St,Dalton St,Scotia St and Dalton St,ok,1,"Scotia St & Dalton St, Back Bay, MA 02199",-71.085028500001,42.346755000003,329,1,200,,2026-06-04T18:48:35.289Z
scotia street,street cecelia street,Scotia St,St Cecelia St,Scotia St and St Cecelia St,ok,1,"Scotia St & Saint Cecilia St, Back Bay, MA 02115",-71.086513500001,42.346989000003,328,1,200,,2026-06-04T18:48:36.489Z
scottfield road,commonwealth avenue,Scottfield Rd,Commonwealth Ave,Scottfield Rd and Commonwealth Ave,ok,1,"Scottfield Rd & Commonwealth Ave, Allston, MA 02134",-71.136616500001,42.347997000003,329,1,200,,2026-06-04T18:48:37.692Z
scottfield road,kelton street,Scottfield Rd,Kelton St,Scottfield Rd and Kelton St,ok,1,"Scottfield Rd & Kelton St, Allston, MA 02135",-71.137188000001,42.347052000003,284,1,200,,2026-06-04T18:48:38.850Z
seaborn street,centre street,Seaborn St,Centre St,Seaborn St and Centre St,ok,1,"Seaborn St & Centre St, Dorchester, MA 02124",-71.068671000001,42.291099000003,325,1,200,,2026-06-04T18:48:40.092Z
seaborn street,kenwood street,Seaborn St,Kenwood St,Seaborn St and Kenwood St,ok,1,"Seaborn St & Kenwood St, Dorchester, MA 02124",-71.069314500001,42.292278000003,332,1,200,,2026-06-04T18:48:41.299Z
seaport boulevard,atlantic avenue,Seaport Blvd,Atlantic Ave,Seaport Blvd and Atlantic Ave,ok,1,"Seaport Blvd & Atlantic Ave, Downtown, MA 02110",-71.051413500001,42.354765000003,268,1,200,,2026-06-04T18:48:42.436Z
seaport boulevard,northern avenue,Seaport Blvd,Northern Ave,Seaport Blvd and Northern Ave,ok,1,"Seaport Blvd & Northern Ave, South Boston Waterfront, MA 02210",-71.039601000001,42.349122000003,347,1,200,,2026-06-04T18:48:43.717Z
seaver street,blue hill avenue,Seaver St,Blue Hill Ave,Seaver St and Blue Hill Ave,ok,3,"Seaver St & Blue Hill Ave, Roxbury, MA 02121",-71.085276000001,42.305373000003,367,1,200,,2026-06-04T18:48:44.938Z
seaver street,columbia road,Seaver St,Columbia Rd,Seaver St and Columbia Rd,ok,1,"Seaver St & Columbia Rd, Dorchester, MA 02121",-71.082468000001,42.304230000003,280,1,200,,2026-06-04T18:48:46.053Z
seaver street,columbus avenue,Seaver St,Columbus Ave,Seaver St and Columbus Ave,ok,2,"Seaver St & Columbus Ave, Jamaica Plain, MA 02119",-71.095140000001,42.313320000003,292,1,200,,2026-06-04T18:48:47.266Z
seaver street,erie street,Seaver St,Erie St,Seaver St and Erie St,ok,1,"Seaver St & Erie St, Dorchester, MA 02121",-71.080087500001,42.302610000003,291,1,200,,2026-06-04T18:48:48.468Z
seaver street,sumner street,Seaver St,Sumner St,Seaver St and Sumner St,ok,1,"Seaver St & Sumner St, East Boston, MA 02128",-71.033530500001,42.366177000003,319,1,200,,2026-06-04T18:48:49.695Z
seaver street,webster street,Seaver St,Webster St,Seaver St and Webster St,ok,1,"Seaver St & Webster St, East Boston, MA 02128",-71.034111000001,42.365466000003,325,1,200,,2026-06-04T18:48:50.900Z
seaverns avenue,centre street,Seaverns Ave,Centre St,Seaverns Ave and Centre St,ok,1,"Seaverns Ave & Centre St, Jamaica Plain, MA 02130",-71.114184000001,42.312303000003,338,1,200,,2026-06-04T18:48:52.114Z
seaverns avenue,elm street,Seaverns Ave,Elm St,Seaverns Ave and Elm St,ok,1,"Seaverns Ave & Elm St, Jamaica Plain, MA 02130",-71.108941500001,42.310629000003,263,1,200,,2026-06-04T18:48:53.239Z
selkirk road,chiswick road,Selkirk Rd,Chiswick Rd,Selkirk Rd and Chiswick Rd,ok,1,"Selkirk Rd & Chiswick Rd, Brighton, MA 02135",-71.149860000001,42.339645000003,695,1,200,,2026-06-04T18:48:54.873Z
selkirk road,kilsyth road,Selkirk Rd,Kilsyth Rd,Selkirk Rd and Kilsyth Rd,ok,1,"Selkirk Rd & Kilsyth Rd, Brighton, MA 02135",-71.147142000001,42.339447000003,626,1,200,,2026-06-04T18:48:56.005Z
seminary street,austin street,Seminary St,Austin St,Seminary St and Austin St,ok,1,"Seminary St & Austin St, Charlestown, MA 02129",-71.064913500001,42.375186000003,281,1,200,,2026-06-04T18:48:56.863Z
seminary street,lawrence street,Seminary St,Lawrence St,Seminary St and Lawrence St,ok,1,"Seminary St & Lawrence St, Charlestown, MA 02129",-71.065206000001,42.374628000003,495,1,200,,2026-06-04T18:48:58.278Z
semont road,dorchester avenue,Semont Rd,Dorchester Ave,Semont Rd and Dorchester Ave,ok,1,"Semont Rd & Dorchester Ave, Dorchester, MA 02124",-71.062965000001,42.290568000003,278,1,200,,2026-06-04T18:48:59.263Z
semont road,street mark's road,Semont Rd,St Mark's Rd,Semont Rd and St Mark's Rd,ok,1,"Semont Rd & Saint Marks Rd, Dorchester, MA 02124",-71.060598000001,42.291513000003,270,1,200,,2026-06-04T18:49:00.468Z
seventh street,first avenue,Seventh St,First Ave,Seventh St and First Ave,ok,1,"Seventh St & First Ave, Charlestown, MA 02129",-71.053875000001,42.375258000003,278,1,200,,2026-06-04T18:49:01.666Z
seventh street,third avenue,Seventh St,Third Ave,Seventh St and Third Ave,ok,1,"Seventh St & Third Ave, Charlestown, MA 02129",-71.054541000001,42.375843000003,310,1,200,,2026-06-04T18:49:02.897Z
sewall street,delle avenue,Sewall St,Delle Ave,Sewall St and Delle Ave,ok,1,"Sewall St & Delle Ave, Mission Hill, MA 02120",-71.098353000001,42.330960000003,414,1,200,,2026-06-04T18:49:04.203Z
sewall street,tremont street,Sewall St,Tremont St,Sewall St and Tremont St,ok,1,"Sewall St & Tremont St, Mission Hill, MA 02120",-71.097894000001,42.331914000003,433,1,200,,2026-06-04T18:49:05.421Z
sharp street,allston street,Sharp St,Allston St,Sharp St and Allston St,ok,1,"Sharp St & Allston St, Dorchester, MA 02124",-71.067028500001,42.292638000003,299,1,200,,2026-06-04T18:49:06.489Z
shawmut avenue,east berkeley street,Shawmut Ave,East Berkeley St,Shawmut Ave and East Berkeley St,ok,1,"Shawmut Ave & E Berkeley St, South End, MA 02118",-71.067060000001,42.344325000003,268,1,200,,2026-06-04T18:49:07.659Z
shawmut avenue,herald street,Shawmut Ave,Herald St,Shawmut Ave and Herald St,ok,1,"Shawmut Ave & Herald St, South End, MA 02118",-71.065854000001,42.346899000003,324,1,200,,2026-06-04T18:49:08.916Z
shawmut avenue,lenox street,Shawmut Ave,Lenox St,Shawmut Ave and Lenox St,ok,1,"Shawmut Ave & Lenox St, Roxbury, MA 02118",-71.080087500001,42.335946000003,399,1,200,,2026-06-04T18:49:10.191Z
shawmut avenue,massachusetts avenue,Shawmut Ave,Massachusetts Ave,Shawmut Ave and Massachusetts Ave,ok,1,"Shawmut Ave & Massachusetts Ave, Roxbury, MA 02118",-71.078076000001,42.337341000003,679,1,200,,2026-06-04T18:49:11.672Z
shawmut avenue,melnea cass boulevard,Shawmut Ave,Melnea Cass Blvd,Shawmut Ave and Melnea Cass Blvd,ok,2,"Shawmut Ave & Melnea Cass Blvd, Roxbury, MA 02119",-71.082580500001,42.333741000003,364,1,200,,2026-06-04T18:49:12.557Z
shawmut avenue,roxbury street,Shawmut Ave,Roxbury St,Shawmut Ave and Roxbury St,ok,1,"Shawmut Ave & Roxbury St, Roxbury, MA 02119",-71.085888000001,42.329493000003,317,1,200,,2026-06-04T18:49:13.712Z
shawmut avenue,tremont street,Shawmut Ave,Tremont St,Shawmut Ave and Tremont St,ok,1,"Shawmut Ave & Tremont St, Downtown, MA 02116",-71.065543500001,42.348627000003,337,1,200,,2026-06-04T18:49:14.933Z
shawmut avenue,west dedham street,Shawmut Ave,West Dedham St,Shawmut Ave and West Dedham St,ok,1,"Shawmut Ave & W Dedham St, South End, MA 02118",-71.072046000001,42.341310000003,284,1,200,,2026-06-04T18:49:16.081Z
sheafe street,salem street,Sheafe St,Salem St,Sheafe St and Salem St,ok,1,"Sheafe St & Salem St, North End, MA 02113",-71.055004500001,42.365970000003,336,1,200,,2026-06-04T18:49:17.336Z
sheafe street,snow hill street,Sheafe St,Snow Hill St,Sheafe St and Snow Hill St,ok,1,"Sheafe St & Snow Hill St, North End, MA 02113",-71.056525500001,42.366627000003,323,1,200,,2026-06-04T18:49:18.525Z
shelby street,lexington street,Shelby St,Lexington St,Shelby St and Lexington St,ok,1,"Shelby St & Lexington St, East Boston, MA 02128",-71.028166500001,42.381225000003,321,1,200,,2026-06-04T18:49:19.721Z
shelby street,princeton street,Shelby St,Princeton St,Shelby St and Princeton St,ok,1,"Shelby St & Princeton St, East Boston, MA 02128",-71.027748000001,42.380604000003,544,1,200,,2026-06-04T18:49:21.144Z
shelby street,saratoga street,Shelby St,Saratoga St,Shelby St and Saratoga St,ok,1,"Shelby St & Saratoga St, East Boston, MA 02128",-71.027334000001,42.379965000003,278,1,200,,2026-06-04T18:49:22.079Z
shepton street,dorchester avenue,Shepton St,Dorchester Ave,Shepton St and Dorchester Ave,ok,1,"Shepton St & Dorchester Ave, Dorchester, MA 02124",-71.063275500001,42.289452000003,325,1,200,,2026-06-04T18:49:23.328Z
shepton street,florida street,Shepton St,Florida St,Shepton St and Florida St,ok,1,"Shepton St & Florida St, Dorchester, MA 02124",-71.059423500001,42.290298000003,277,1,200,,2026-06-04T18:49:24.481Z
sheridan street,centre street,Sheridan St,Centre St,Sheridan St and Centre St,ok,1,"Sheridan St & Centre St, Jamaica Plain, MA 02130",-71.109265500001,42.322185000003,326,1,200,,2026-06-04T18:49:25.730Z
sheridan street,chestnut avenue,Sheridan St,Chestnut Ave,Sheridan St and Chestnut Ave,ok,1,"Sheridan St & Chestnut Ave, Jamaica Plain, MA 02130",-71.105400000001,42.318945000003,286,1,200,,2026-06-04T18:49:26.890Z
sherman street,dale street,Sherman St,Dale St,Sherman St and Dale St,ok,1,"Sherman St & Dale St, Roxbury, MA 02119",-71.082805500001,42.320655000003,355,1,200,,2026-06-04T18:49:28.162Z
sherman street,rockland street,Sherman St,Rockland St,Sherman St and Rockland St,ok,1,"Sherman St & Rockland St, Roxbury, MA 02119",-71.082886500001,42.321906000003,400,1,200,,2026-06-04T18:49:29.407Z
shirley street,dudley street,Shirley St,Dudley St,Shirley St and Dudley St,ok,1,"Shirley St & Dudley St, Roxbury, MA 02119",-71.073324000001,42.323139000003,285,1,200,,2026-06-04T18:49:30.494Z
shirley street,massachusetts avenue,Shirley St,Massachusetts Ave,Shirley St and Massachusetts Ave,ok,1,"Shirley St & Massachusetts Ave, South Boston, MA 02118",-71.066961000001,42.326919000003,330,1,200,,2026-06-04T18:49:31.740Z
short street,bunker hill street,Short St,Bunker Hill St,Short St and Bunker Hill St,ok,1,"Short St & Bunker Hill St, Charlestown, MA 02129",-71.070547500001,42.382890000003,268,1,200,,2026-06-04T18:49:32.880Z
short street,medford street,Short St,Medford St,Short St and Medford St,ok,1,"Short St & Medford St, Charlestown, MA 02129",-71.069953500001,42.383718000003,326,1,200,,2026-06-04T18:49:34.139Z
sigourney street,glen road,Sigourney St,Glen Rd,Sigourney St and Glen Rd,ok,1,"Sigourney St & Glen Rd, Jamaica Plain, MA 02130",-71.100553500001,42.308397000003,274,1,200,,2026-06-04T18:49:35.288Z
sigourney street,walnut avenue,Sigourney St,Walnut Ave,Sigourney St and Walnut Ave,ok,1,"Sigourney St & Walnut Ave, Roxbury, MA 02130",-71.097934500001,42.310044000003,309,1,200,,2026-06-04T18:49:36.523Z
silloway street,mather street,Silloway St,Mather St,Silloway St and Mather St,ok,1,"Silloway St & Mather St, Dorchester, MA 02124",-71.062663500001,42.294699000003,314,1,200,,2026-06-04T18:49:37.733Z
silloway street,melville avenue,Silloway St,Melville Ave,Silloway St and Melville Ave,ok,1,"Silloway St & Melville Ave, Dorchester, MA 02124",-71.062461000001,42.295797000003,283,1,200,,2026-06-04T18:49:38.899Z
silver street,d street,Silver St,D St,Silver St and D St,ok,1,"Silver St & D St, South Boston, MA 02127",-71.051269500001,42.338448000003,265,1,200,,2026-06-04T18:49:40.083Z
silver street,dorchester street,Silver St,Dorchester St,Silver St and Dorchester St,ok,1,"Silver St & Dorchester St, South Boston, MA 02127",-71.046261000001,42.335208000003,312,1,200,,2026-06-04T18:49:41.329Z
silver street,g street,Silver St,G St,Silver St and G St,ok,1,"Silver St & G St, South Boston, MA 02127",-71.044245000001,42.335019000003,307,1,200,,2026-06-04T18:49:42.525Z
sixth street,first avenue,Sixth St,First Ave,Sixth St and First Ave,ok,1,"Sixth St & First Ave, Charlestown, MA 02129",-71.054595000001,42.374808000003,321,1,200,,2026-06-04T18:49:43.741Z
sixth street,third avenue,Sixth St,Third Ave,Sixth St and Third Ave,ok,1,"Sixth St & Third Ave, Charlestown, MA 02129",-71.055261000001,42.375384000003,351,1,200,,2026-06-04T18:49:44.971Z
smith street,parker street,Smith St,Parker St,Smith St and Parker St,ok,1,"Smith St & Parker St, Mission Hill, MA 02120",-71.096422500001,42.332778000003,272,1,200,,2026-06-04T18:49:46.094Z
smith street,street alphonsus street,Smith St,St Alphonsus St,Smith St and St Alphonsus St,ok,1,"Smith St & Saint Alphonsus St, Mission Hill, MA 02120",-71.100486000001,42.334290000003,300,1,200,,2026-06-04T18:49:47.324Z
snow hill street,charter street,Snow Hill St,Charter St,Snow Hill St and Charter St,ok,1,"Snow Hill St & Charter St, North End, MA 02113",-71.056363500001,42.368067000003,405,1,200,,2026-06-04T18:49:48.628Z
snow hill street,prince street,Snow Hill St,Prince St,Snow Hill St and Prince St,ok,1,"Snow Hill St & Prince St, North End, MA 02113",-71.056516500001,42.365817000003,265,1,200,,2026-06-04T18:49:49.689Z
sojourner truth court,brook marshall road,Sojourner Truth Ct,Brook Marshall Rd,Sojourner Truth Ct and Brook Marshall Rd,no_match,0,,,,134,1,200,,2026-06-04T18:49:50.759Z
sojourner truth court,kerr place,Sojourner Truth Ct,Kerr Pl,Sojourner Truth Ct and Kerr Pl,ok,1,"Sojourner Truth Ct & Kerr Pl, Roxbury, MA 02120",-71.085222000001,42.333984000003,370,1,200,,2026-06-04T18:49:52.196Z
soley street,monument square,Soley St,Monument Sq,Soley St and Monument Sq,ok,1,"Soley St & Monument Sq, Charlestown, MA 02129",-71.060697000001,42.375555000003,589,1,200,,2026-06-04T18:49:53.615Z
soley street,warren street,Soley St,Warren St,Soley St and Warren St,ok,1,"Soley St & Warren St, Charlestown, MA 02129",-71.061889500001,42.373845000003,315,1,200,,2026-06-04T18:49:54.542Z
somerset street,ashburton place,Somerset St,Ashburton Pl,Somerset St and Ashburton Pl,ok,1,"Somerset St & Ashburton Pl, Downtown, MA 02108",-71.061561000001,42.359184000003,280,1,200,,2026-06-04T18:49:55.707Z
somerset street,beacon street,Somerset St,Beacon St,Somerset St and Beacon St,ok,1,"Somerset St & Beacon St, Downtown, MA 02108",-71.061462000001,42.358266000003,327,1,200,,2026-06-04T18:49:56.956Z
somerset street,cambridge street,Somerset St,Cambridge St,Somerset St and Cambridge St,ok,1,"Somerset St & Cambridge St, Downtown, MA 02114",-71.061313500001,42.360876000003,285,1,200,,2026-06-04T18:49:58.113Z
sonoma street,elm hill street,Sonoma St,Elm Hill Street,Sonoma St and Elm Hill Street,ok,1,"Sonoma St & Elm Hill Ave, Roxbury, MA 02121",-71.087989500001,42.308919000003,347,1,200,,2026-06-04T18:49:59.379Z
sonoma street,maple street,Sonoma St,Maple Street,Sonoma St and Maple Street,ok,1,"Sonoma St & Maple St, Roxbury, MA 02121",-71.086392000001,42.308001000003,366,1,200,,2026-06-04T18:50:00.600Z
south bay avenue,atkinson street,South Bay Ave,Atkinson St,South Bay Ave and Atkinson St,ok,1,"S Bay Ave & Atkinson St, South Boston, MA 02118",-71.067586500001,42.334137000003,302,1,200,,2026-06-04T18:50:01.736Z
south bremen street,bremen street,South Bremen St,Bremen St,South Bremen St and Bremen St,ok,1,"S Bremen St & Bremen St, East Boston, MA 02128",-71.038894500001,42.368517000003,270,1,200,,2026-06-04T18:50:02.905Z
south bremen street,marginal street,South Bremen St,Marginal St,South Bremen St and Marginal St,ok,1,"S Bremen St & Marginal St, East Boston, MA 02128",-71.039974500001,42.367113000003,606,1,200,,2026-06-04T18:50:04.440Z
south hobart street,faneuil street,South Hobart St,Faneuil St,South Hobart St and Faneuil St,ok,1,"S Hobart St & Faneuil St, Brighton, MA 02135",-71.158072500001,42.354081000003,272,1,200,,2026-06-04T18:50:05.310Z
south hobart street,oakland street,South Hobart St,Oakland St,South Hobart St and Oakland St,ok,1,"S Hobart St & Oakland St, Brighton, MA 02135",-71.158045500001,42.350859000003,346,1,200,,2026-06-04T18:50:06.584Z
south huntington avenue,bynner street,South Huntington Ave,Bynner St,South Huntington Ave and Bynner St,ok,1,"S Huntington Ave & Bynner St, Jamaica Plain, MA 02130",-71.112258000001,42.323922000003,319,1,200,,2026-06-04T18:50:07.758Z
south huntington avenue,centre street,South Huntington Ave,Centre St,South Huntington Ave and Centre St,ok,2,"S Huntington Ave & Centre St, Jamaica Plain, MA 02130",-71.111659500001,42.319530000003,365,1,200,,2026-06-04T18:50:09.006Z
south huntington avenue,heath street,South Huntington Ave,Heath St,South Huntington Ave and Heath St,ok,2,"S Huntington Ave & Heath St, Jamaica Plain, MA 02130",-71.110795500001,42.329016000003,291,1,200,,2026-06-04T18:50:10.132Z
south huntington avenue,huntington avenue,South Huntington Ave,Huntington Ave,South Huntington Ave and Huntington Ave,ok,1,"S Huntington Ave & Huntington Ave, Mission Hill, MA 02115",-71.112069000001,42.331986000003,348,1,200,,2026-06-04T18:50:11.389Z
south russell street,cambridge street,South Russell St,Cambridge St,South Russell St and Cambridge St,ok,1,"S Russell St & Cambridge St, Beacon Hill, MA 02114",-71.066007000001,42.361137000003,269,1,200,,2026-06-04T18:50:12.512Z
south russell street,myrtle street,South Russell St,Myrtle St,South Russell St and Myrtle St,ok,1,"S Russell St & Myrtle St, Beacon Hill, MA 02114",-71.065948500001,42.359337000003,370,1,200,,2026-06-04T18:50:13.814Z
south street,arborway,South St,Arborway,South St and Arborway,ok,3,"South St & Arborway, Jamaica Plain, MA 02130",-71.114499000001,42.301440000003,436,1,200,,2026-06-04T18:50:15.081Z
south street,archdale road,South St,Archdale Rd,South St and Archdale Rd,ok,1,"South St & Archdale Rd, Jamaica Plain, MA 02131",-71.122905000001,42.293628000003,422,1,200,,2026-06-04T18:50:16.269Z
south street,centre street,South St,Centre St,South St and Centre St,ok,3,"South St & Centre St, Jamaica Plain, MA 02130",-71.115543000001,42.309315000003,393,1,200,,2026-06-04T18:50:17.438Z
south street,chestnut hill avenue,South St,Chestnut Hill Ave,South St and Chestnut Hill Ave,ok,2,"South St & Chestnut Hill Ave, Brighton, MA 02135",-71.155705500001,42.340248000003,306,1,200,,2026-06-04T18:50:18.550Z
south street,commonwealth avenue,South St,Commonwealth Ave,South St and Commonwealth Ave,ok,1,"South St & Commonwealth Ave, Brighton, MA 02135",-71.157852000001,42.339528000003,285,1,200,,2026-06-04T18:50:19.731Z
south street,essex street,South St,Essex St,South St and Essex St,ok,1,"South St & Essex St, Leather District, MA 02111",-71.057160000001,42.352083000003,351,1,200,,2026-06-04T18:50:20.997Z
south street,kneeland street,South St,Kneeland St,South St and Kneeland St,ok,1,"South St & Kneeland St, Leather District, MA 02111",-71.057655000001,42.349671000003,327,1,200,,2026-06-04T18:50:22.174Z
south street,washington street,South St,Washington St,South St and Washington St,ok,4,"South St & Washington St, Jamaica Plain, MA 02130",-71.114544000001,42.300999000003,584,1,200,,2026-06-04T18:50:23.632Z
south sydney street,bay street,South Sydney St,Bay St,South Sydney St and Bay St,ok,1,"S Sydney St & Bay St, Dorchester, MA 02125",-71.054091000001,42.310638000003,462,1,200,,2026-06-04T18:50:24.712Z
south sydney street,savin hill avenue,South Sydney St,Savin Hill Ave,South Sydney St and Savin Hill Ave,ok,1,"S Sydney St & Savin Hill Ave, Dorchester, MA 02125",-71.053677000001,42.311601000003,804,1,200,,2026-06-04T18:50:26.256Z
southampton street,dorchester avenue,Southampton St,Dorchester Ave,Southampton St and Dorchester Ave,ok,1,"Southampton St & Dorchester Ave, South Boston, MA 02127",-71.057011500001,42.329511000003,389,1,200,,2026-06-04T18:50:27.043Z
southampton street,massachusetts avenue,Southampton St,Massachusetts Ave,Southampton St and Massachusetts Ave,ok,2,"Southampton St & Massachusetts Ave, South Boston, MA 02118",-71.072023500001,42.332616000003,345,1,200,,2026-06-04T18:50:28.198Z
southern avenue,new england avenue,Southern Ave,New England Ave,Southern Ave and New England Ave,ok,1,"Southern Ave & New England Ave, Dorchester, MA 02124",-71.078305500001,42.289425000003,272,1,200,,2026-06-04T18:50:29.325Z
southern avenue,washington street,Southern Ave,Washington St,Southern Ave and Washington St,ok,1,"Southern Ave & Washington St, Dorchester, MA 02124",-71.071686000001,42.290964000003,422,1,200,,2026-06-04T18:50:30.677Z
southmere road,ledgebrook road,Southmere Rd,Ledgebrook Rd,Southmere Rd and Ledgebrook Rd,ok,1,"Southmere Rd & Ledgebrook Rd, Mattapan, MA 02126",-71.083453500001,42.270300000003,280,1,200,,2026-06-04T18:50:31.736Z
southmere road,river street,Southmere Rd,River St,Southmere Rd and River St,ok,1,"Southmere Rd & River St, Mattapan, MA 02126",-71.085177000001,42.270993000003,260,1,200,,2026-06-04T18:50:32.916Z
southwood street,blue hill avenue,Southwood St,Blue Hill Ave,Southwood St and Blue Hill Ave,ok,1,"Southwood St & Blue Hill Ave, Roxbury, MA 02119",-71.077923000001,42.317739000003,324,1,200,,2026-06-04T18:50:34.181Z
southwood street,edgewood street,Southwood St,Edgewood St,Southwood St and Edgewood St,ok,1,"Southwood St & Edgewood St, Roxbury, MA 02119",-71.079687000001,42.318117000003,305,1,200,,2026-06-04T18:50:35.362Z
spalding street,rosemary street,Spalding St,Rosemary St,Spalding St and Rosemary St,ok,1,"Spalding St & Rosemary St, Jamaica Plain, MA 02130",-71.112802500001,42.304212000003,263,1,200,,2026-06-04T18:50:36.521Z
spalding street,south street,Spalding St,South St,Spalding St and South St,ok,1,"Spalding St & South St, Jamaica Plain, MA 02130",-71.114688000001,42.303636000003,328,1,200,,2026-06-04T18:50:37.788Z
speedwell street,hamilton street,Speedwell St,Hamilton St,Speedwell St and Hamilton St,ok,1,"Speedwell St & Hamilton St, Dorchester, MA 02122",-71.065773000001,42.304554000003,302,1,200,,2026-06-04T18:50:38.963Z
speedwell street,topliff street,Speedwell St,Topliff St,Speedwell St and Topliff St,ok,1,"Speedwell St & Topliff St, Dorchester, MA 02122",-71.068428000001,42.303861000003,269,1,200,,2026-06-04T18:50:40.130Z
spencer street,park street,Spencer St,Park St,Spencer St and Park St,ok,1,"Spencer St & Park St, Dorchester, MA 02124",-71.076433500001,42.294762000003,282,1,200,,2026-06-04T18:50:41.344Z
spencer street,talbot avenue,Spencer St,Talbot Ave,Spencer St and Talbot Ave,ok,1,"Spencer St & Talbot Ave, Dorchester, MA 02124",-71.075151000001,42.291153000003,334,1,200,,2026-06-04T18:50:42.595Z
spice street,cambridge street,Spice St,Cambridge St,Spice St and Cambridge St,ok,1,"Spice St & Cambridge St, Charlestown, MA 02129",-71.075367000001,42.383574000003,317,1,200,,2026-06-04T18:50:43.780Z
spice street,hood park drive,Spice St,Hood Park Dr,Spice St and Hood Park Dr,no_match,0,,,,133,1,200,,2026-06-04T18:50:44.797Z
spofford road,commonwealth avenue,Spofford Rd,Commonwealth Ave,Spofford Rd and Commonwealth Ave,ok,1,"Spofford Rd & Commonwealth Ave, Allston, MA 02134",-71.132994000001,42.349617000003,348,1,200,,2026-06-04T18:50:46.213Z
spofford road,glenville avenue,Spofford Rd,Glenville Ave,Spofford Rd and Glenville Ave,ok,1,"Spofford Rd & Glenville Ave, Allston, MA 02134",-71.133480000001,42.350202000003,598,1,200,,2026-06-04T18:50:47.664Z
spring garden street,crescent avenue,Spring Garden St,Crescent Ave,Spring Garden St and Crescent Ave,ok,1,"Spring Garden St & Crescent Ave, Dorchester, MA 02125",-71.053258500001,42.319026000003,305,1,200,,2026-06-04T18:50:48.571Z
spring garden street,harborview street,Spring Garden St,Harborview St,Spring Garden St and Harborview St,ok,1,"Spring Garden St & Harbor View St, Dorchester, MA 02125",-71.053330500001,42.316992000003,328,1,200,,2026-06-04T18:50:49.795Z
springer street,east eighth street,Springer St,East Eighth St,Springer St and East Eighth St,ok,1,"Springer St & E Eighth St, South Boston, MA 02127",-71.040852000001,42.331383000003,635,1,200,,2026-06-04T18:50:51.302Z
springer street,east seventh street,Springer St,East Seventh St,Springer St and East Seventh St,ok,1,"Springer St & E Seventh St, South Boston, MA 02127",-71.040874500001,42.332211000003,280,1,200,,2026-06-04T18:50:52.149Z
spruce street,beacon street,Spruce St,Beacon St,Spruce St and Beacon St,ok,1,"Spruce St & Beacon St, Beacon Hill, MA 02108",-71.067613500001,42.356583000003,292,1,200,,2026-06-04T18:50:53.361Z
spruce street,chestnut street,Spruce St,Chestnut St,Spruce St and Chestnut St,ok,1,"Spruce St & Chestnut St, Beacon Hill, MA 02108",-71.067946500001,42.357447000003,330,1,200,,2026-06-04T18:50:54.602Z
stafford street,blue hill avenue,Stafford St,Blue Hill Ave,Stafford St and Blue Hill Ave,ok,1,"Stafford St & Blue Hill Ave, Roxbury, MA 02119",-71.077086000001,42.322266000003,283,1,200,,2026-06-04T18:50:55.756Z
stafford street,dennis street,Stafford St,Dennis St,Stafford St and Dennis St,ok,1,"Stafford St & Dennis St, Roxbury, MA 02119",-71.075979000001,42.321879000003,314,1,200,,2026-06-04T18:50:56.988Z
standard street,woodbole avenue,Standard St,Woodbole Ave,Standard St and Woodbole Ave,ok,2,"Standard St & Woodbole Ave, Mattapan, MA 02126",-71.080483500001,42.275556000003,303,1,200,,2026-06-04T18:50:58.178Z
standard street,woodgate street,Standard St,Woodgate St,Standard St and Woodgate St,ok,1,"Standard St & Woodgate St, Mattapan, MA 02126",-71.080483500001,42.275556000003,326,1,200,,2026-06-04T18:50:59.405Z
standish street,harvard street,Standish St,Harvard St,Standish St and Harvard St,ok,1,"Standish St & Harvard St, Dorchester, MA 02121",-71.079561000001,42.296580000003,270,1,200,,2026-06-04T18:51:00.547Z
standish street,west park street,Standish St,West Park St,Standish St and West Park St,ok,1,"Standish St & W Park St, Dorchester, MA 02124",-71.078724000001,42.294321000003,352,1,200,,2026-06-04T18:51:01.831Z
stanhope street,berkeley street,Stanhope St,Berkeley St,Stanhope St and Berkeley St,ok,1,"Stanhope St & Berkeley St, Back Bay, MA 02116",-71.072001000001,42.349131000003,283,1,200,,2026-06-04T18:51:02.962Z
stanhope street,cahners place,Stanhope St,Cahners Pl,Stanhope St and Cahners Pl,ok,1,"Stanhope St & Cahners Pl, Back Bay, MA 02116",-71.073112500001,42.348276000003,319,1,200,,2026-06-04T18:51:04.199Z
staniford street,cambridge street,Staniford St,Cambridge St,Staniford St and Cambridge St,ok,1,"Staniford St & Cambridge St, West End, MA 02114",-71.063757000001,42.361290000003,300,1,200,,2026-06-04T18:51:05.382Z
staniford street,causeway street,Staniford St,Causeway St,Staniford St and Causeway St,ok,1,"Staniford St & Causeway St, West End, MA 02114",-71.063482500001,42.364341000003,329,1,200,,2026-06-04T18:51:06.612Z
stanley street,bellevue street,Stanley St,Bellevue St,Stanley St and Bellevue St,ok,1,"Stanley St & Bellevue St, Dorchester, MA 02125",-71.067816000001,42.311646000003,400,1,200,,2026-06-04T18:51:07.883Z
stanley street,quincy street,Stanley St,Quincy St,Stanley St and Quincy St,ok,1,"Stanley St & Quincy St, Dorchester, MA 02125",-71.068720500001,42.310764000003,289,1,200,,2026-06-04T18:51:08.972Z
stanwood street,blue hill avenue,Stanwood St,Blue Hill Ave,Stanwood St and Blue Hill Ave,ok,1,"Stanwood St & Blue Hill Ave, Roxbury, MA 02121",-71.082018000001,42.310269000003,316,1,200,,2026-06-04T18:51:10.200Z
stanwood street,columbia road,Stanwood St,Columbia Rd,Stanwood St and Columbia Rd,ok,1,"Stanwood St & Columbia Rd, Dorchester, MA 02121",-71.076658500001,42.307110000003,340,1,200,,2026-06-04T18:51:11.424Z
state street,atlantic avenue,State St,Atlantic Ave,State St and Atlantic Ave,ok,1,"State St & Atlantic Ave, Downtown, MA 02110",-71.051805000001,42.359643000003,279,1,200,,2026-06-04T18:51:12.564Z
state street,congress street,State St,Congress St,State St and Congress St,ok,1,"State St & Congress St, Downtown, MA 02109",-71.056809000001,42.358869000003,268,1,200,,2026-06-04T18:51:13.753Z
state street,india street,State St,India St,State St and India St,ok,1,"State St & India St, Downtown, MA 02109",-71.054082000001,42.359274000003,305,1,200,,2026-06-04T18:51:14.991Z
state street,washington street,State St,Washington St,State St and Washington St,ok,1,"State St & Washington St, Downtown, MA 02108",-71.057799000001,42.358833000003,411,1,200,,2026-06-04T18:51:16.299Z
stedman street,williams street,Stedman St,Williams St,Stedman St and Williams St,ok,1,"Stedman St & Williams St, Jamaica Plain, MA 02130",-71.106196500001,42.305292000003,284,1,200,,2026-06-04T18:51:17.373Z
stellman road,fawndale road,Stellman Rd,Fawndale Rd,Stellman Rd and Fawndale Rd,ok,1,"Stellman Rd & Fawndale Rd, Roslindale, MA 02131",-71.121424500001,42.288867000003,645,1,200,,2026-06-04T18:51:18.936Z
stellman road,washington street,Stellman Rd,Washington St,Stellman Rd and Washington St,ok,1,"Stellman Rd & Washington St, Roslindale, MA 02131",-71.124655500001,42.289713000003,294,1,200,,2026-06-04T18:51:19.790Z
stillman street,end of street,Stillman St,End of Street,Stillman St and End of Street,no_match,0,,,,124,1,200,,2026-06-04T18:51:20.818Z
stillman street,salem,Stillman St,Salem,Stillman St and Salem,ok,1,"Stillman St & Salem St, North End, MA 02113",-71.055873000001,42.363603000003,429,1,200,,2026-06-04T18:51:22.322Z
stockton street,milton avenue,Stockton St,Milton Ave,Stockton St and Milton Ave,ok,1,"Stockton St & Milton Ave, Dorchester, MA 02124",-71.076096000001,42.282225000003,302,1,200,,2026-06-04T18:51:23.396Z
stockton street,washington street,Stockton St,Washington St,Stockton St and Washington St,ok,1,"Stockton St & Washington St, Dorchester, MA 02124",-71.071398000001,42.283107000003,290,1,200,,2026-06-04T18:51:24.586Z
stockwell street,frawley street,Stockwell St,Frawley St,Stockwell St and Frawley St,ok,1,"Stockwell St & Frawley St, Mission Hill, MA 02115",-71.107965000001,42.332400000003,354,1,200,,2026-06-04T18:51:25.851Z
stockwell street,wait street,Stockwell St,Wait St,Stockwell St and Wait St,ok,1,"Stockwell St & Wait St, Mission Hill, MA 02120",-71.106507000001,42.331941000003,802,1,200,,2026-06-04T18:51:27.501Z
stoneholm street,edgerly road,Stoneholm St,Edgerly Rd,Stoneholm St and Edgerly Rd,ok,1,"Stoneholm St & Edgerly Rd, Fenway, MA 02115",-71.087953500001,42.345882000003,499,1,200,,2026-06-04T18:51:28.399Z
stoneholm street,norway street,Stoneholm St,Norway St,Stoneholm St and Norway St,ok,1,"Stoneholm St & Norway St, Fenway, MA 02115",-71.088687000001,42.345297000003,320,1,200,,2026-06-04T18:51:29.420Z
stonehurst street,hamilton street,Stonehurst St,Hamilton St,Stonehurst St and Hamilton St,ok,1,"Stonehurst St & Hamilton St, Dorchester, MA 02122",-71.066358000001,42.305481000003,600,1,200,,2026-06-04T18:51:30.901Z
stonehurst street,topliff street,Stonehurst St,Topliff St,Stonehurst St and Topliff St,ok,1,"Stonehurst St & Topliff St, Dorchester, MA 02122",-71.068468500001,42.303987000003,311,1,200,,2026-06-04T18:51:31.812Z
story street,g street,Story St,G St,Story St and G St,ok,1,"Story St & G St, South Boston, MA 02127",-71.044182000001,42.333390000003,391,1,200,,2026-06-04T18:51:33.094Z
story street,h street,Story St,H St,Story St and H St,ok,1,"Story St & H St, South Boston, MA 02127",-71.041482000001,42.333444000003,341,1,200,,2026-06-04T18:51:34.246Z
stoughton street,columbia road,Stoughton St,Columbia Rd,Stoughton St and Columbia Rd,ok,1,"Stoughton St & Columbia Rd, Dorchester, MA 02125",-71.065215000001,42.317064000003,327,1,200,,2026-06-04T18:51:35.432Z
stoughton street,pleasant street,Stoughton St,Pleasant St,Stoughton St and Pleasant St,ok,1,"Stoughton St & Pleasant St, Dorchester, MA 02125",-71.060031000001,42.314634000003,313,1,200,,2026-06-04T18:51:36.619Z
stow road,tiverton road,Stow Rd,Tiverton Rd,Stow Rd and Tiverton Rd,ok,1,"Stow Rd & Tiverton Rd, Mattapan, MA 02126",-71.082211500001,42.278958000003,363,1,200,,2026-06-04T18:51:37.871Z
strathcona road,brinsley street,Strathcona Rd,Brinsley St,Strathcona Rd and Brinsley St,ok,1,"Strathcona Rd & Brinsley St, Dorchester, MA 02121",-71.078652000001,42.305499000003,340,1,200,,2026-06-04T18:51:39.048Z
strathcona road,washington street,Strathcona Rd,Washington St,Strathcona Rd and Washington St,ok,1,"Strathcona Rd & Washington St, Dorchester, MA 02121",-71.079921000001,42.304905000003,642,1,200,,2026-06-04T18:51:40.552Z
strathmore road,brookline town line,Strathmore Rd,Brookline Town Line,Strathmore Rd and Brookline Town Line,no_match,0,,,,340,1,200,,2026-06-04T18:51:41.451Z
strathmore road,chestnut hill avenue,Strathmore Rd,Chestnut Hill Ave,Strathmore Rd and Chestnut Hill Ave,ok,1,"Strathmore Rd & Chestnut Hill Ave, Brighton, MA 02135",-71.155246500001,42.340464000003,416,1,200,,2026-06-04T18:51:42.728Z
strathmore road,commonwealth avenue,Strathmore Rd,Commonwealth Ave,Strathmore Rd and Commonwealth Ave,ok,2,"Strathmore Rd & Commonwealth Ave, Brighton, MA 02135",-71.152591500001,42.338916000003,548,1,200,,2026-06-04T18:51:44.061Z
strathmore road,sutherland road,Strathmore Rd,Sutherland Rd,Strathmore Rd and Sutherland Rd,ok,1,"Strathmore Rd & Sutherland Rd, Brighton, MA 02135",-71.149279500001,42.338637000003,514,1,200,,2026-06-04T18:51:45.228Z
stratton street,ames street,Stratton St,Ames St,Stratton St and Ames St,ok,1,"Stratton St & Ames St, Dorchester, MA 02124",-71.083777500001,42.289866000003,313,1,200,,2026-06-04T18:51:46.229Z
stratton street,westview street,Stratton St,Westview St,Stratton St and Westview St,ok,1,"Stratton St & Westview St, Dorchester, MA 02124",-71.088849000001,42.291135000003,475,1,200,,2026-06-04T18:51:47.593Z
street albans road,francis street,St Albans Rd,Francis St,St Albans Rd and Francis St,ok,1,"Saint Albans Rd & Francis St, Mission Hill, MA 02115",-71.106106500001,42.334947000003,334,1,200,,2026-06-04T18:51:48.651Z
street albans road,huntington avenue,St Albans Rd,Huntington Ave,St Albans Rd and Huntington Ave,ok,1,"Saint Albans Rd & Huntington Ave, Mission Hill, MA 02115",-71.107065000001,42.333273000003,329,1,200,,2026-06-04T18:51:49.849Z
street alphonsus street,calumet street,St Alphonsus St,Calumet St,St Alphonsus St and Calumet St,ok,1,"Saint Alphonsus St & Calumet St, Mission Hill, MA 02120",-71.102938500001,42.330870000003,350,1,200,,2026-06-04T18:51:51.070Z
street alphonsus street,tremont street,St Alphonsus St,Tremont St,St Alphonsus St and Tremont St,ok,1,"Saint Alphonsus St & Tremont St, Mission Hill, MA 02120",-71.101323000001,42.332967000003,329,1,200,,2026-06-04T18:51:52.250Z
street alphonsus street,ward street,St Alphonsus St,Ward St,St Alphonsus St and Ward St,ok,1,"Saint Alphonsus St & Ward St, Mission Hill, MA 02120",-71.099275500001,42.336009000003,330,1,200,,2026-06-04T18:51:53.451Z
street botolph street,harcourt street,St Botolph St,Harcourt St,St Botolph St and Harcourt St,ok,1,"Saint Botolph St & Harcourt St, Back Bay, MA 02116",-71.078985000001,42.346404000003,292,1,200,,2026-06-04T18:51:54.615Z
street botolph street,massachusetts avenue,St Botolph St,Massachusetts Ave,St Botolph St and Massachusetts Ave,ok,1,"Saint Botolph St & Massachusetts Ave, Back Bay, MA 02115",-71.084070000001,42.342192000003,324,1,200,,2026-06-04T18:51:55.847Z
street cecelia street,belvidere street,St Cecelia St,Belvidere St,St Cecelia St and Belvidere St,ok,1,"Saint Cecilia St & Belvidere St, Back Bay, MA 02115",-71.086684500001,42.346413000003,292,1,200,,2026-06-04T18:51:57.019Z
street cecelia street,boylston street,St Cecelia St,Boylston St,St Cecelia St and Boylston St,ok,1,"Saint Cecilia St & Boylston St, Back Bay, MA 02115",-71.086788000001,42.347619000003,368,1,200,,2026-06-04T18:51:58.294Z
street charles street,chandler street,St Charles St,Chandler St,St Charles St and Chandler St,ok,1,"Saint Charles St & Chandler St, South End, MA 02116",-71.071821000001,42.346755000003,295,1,200,,2026-06-04T18:51:59.419Z
street george street,east brookline street,St George St,East Brookline St,St George St and East Brookline St,ok,1,"Saint George St & E Brookline St, South End, MA 02118",-71.071551000001,42.338835000003,270,1,200,,2026-06-04T18:52:00.596Z
street george street,east newton street,St George St,East Newton St,St George St and East Newton St,ok,1,"Saint George St & E Newton St, South End, MA 02118",-71.072653500001,42.338079000003,297,1,200,,2026-06-04T18:52:01.823Z
street james avenue,arlington street,St James Ave,Arlington St,St James Ave and Arlington St,ok,1,"Saint James Ave & Arlington St, Downtown, MA 02116",-71.070295500001,42.351102000003,650,1,200,,2026-06-04T18:52:03.377Z
street james avenue,huntington avenue,St James Ave,Huntington Ave,St James Ave and Huntington Ave,ok,1,"Saint James Ave & Huntington Ave, Back Bay, MA 02116",-71.076901500001,42.349293000003,332,1,200,,2026-06-04T18:52:04.261Z
street james street,warren street,St James St,Warren St,St James St and Warren St,ok,1,"Saint James St & Warren St, Roxbury, MA 02119",-71.083467000001,42.325875000003,608,1,200,,2026-06-04T18:52:05.739Z
street james street,washington street,St James St,Washington St,St James St and Washington St,ok,1,"Saint James St & Washington St, Roxbury, MA 02119",-71.087292000001,42.327135000003,363,1,200,,2026-06-04T18:52:06.695Z
street lukes road,brighton avenue,St Lukes Rd,Brighton Av,St Lukes Rd and Brighton Av,ok,1,"Saint Lukes Rd & Brighton Ave, Allston, MA 02134",-71.126919000001,42.352335000003,462,1,200,,2026-06-04T18:52:07.996Z
street lukes road,commonwealth avenue,St Lukes Rd,Commonwealth Ave,St Lukes Rd and Commonwealth Ave,ok,1,"Saint Lukes Rd & Commonwealth Ave, Allston, MA 02134",-71.127319500001,42.350760000003,324,1,200,,2026-06-04T18:52:09.060Z
street mark's road,adams street,St Mark's Rd,Adams St,St Mark's Rd and Adams St,ok,1,"Saint Marks Rd & Adams St, Dorchester, MA 02122",-71.057344500001,42.292530000003,292,1,200,,2026-06-04T18:52:10.228Z
street mark's road,dorchester avenue,St Mark's Rd,Dorchester Ave,St Mark's Rd and Dorchester Ave,ok,1,"Saint Marks Rd & Dorchester Ave, Dorchester, MA 02124",-71.062812000001,42.291117000003,276,1,200,,2026-06-04T18:52:11.414Z
street martin street,bunker hill street,St Martin St,Bunker Hill St,St Martin St and Bunker Hill St,ok,1,"Saint Martin St & Bunker Hill St, Charlestown, MA 02129",-71.068639500001,42.381954000003,274,1,200,,2026-06-04T18:52:12.613Z
street martin street,medford street,St Martin St,Medford St,St Martin St and Medford St,ok,1,"Saint Martin St & Medford St, Charlestown, MA 02129",-71.067577500001,42.383313000003,504,1,200,,2026-06-04T18:52:14.044Z
street martin street,wellington place,St Martin St,Wellington Pl,St Martin St and Wellington Pl,ok,1,"Saint Martin St & Wellington Pl, Charlestown, MA 02129",-71.067906000001,42.382890000003,294,1,200,,2026-06-04T18:52:15.036Z
street peter street,boylston street,St Peter St,Boylston St,St Peter St and Boylston St,ok,1,"Saint Peter St & Boylston St, Jamaica Plain, MA 02130",-71.108446500001,42.318027000003,328,1,200,,2026-06-04T18:52:16.270Z
street peter street,paul gore street,St Peter St,Paul Gore St,St Peter St and Paul Gore St,ok,1,"Saint Peter St & Paul Gore St, Jamaica Plain, MA 02130",-71.107326000001,42.319197000003,275,1,200,,2026-06-04T18:52:17.417Z
street stephen street,massachusetts avenue,St Stephen St,Massachusetts Ave,St Stephen St and Massachusetts Ave,ok,1,"Saint Stephen St & Massachusetts Ave, Back Bay, MA 02115",-71.085771000001,42.343371000003,314,1,200,,2026-06-04T18:52:18.656Z
street stephen street,speare place,St Stephen St,Speare Pl,St Stephen St and Speare Pl,no_match,0,,,,175,1,200,,2026-06-04T18:52:19.717Z
street william street,auckland street,St William St,Auckland St,St William St and Auckland St,ok,1,"Saint William St & Auckland St, Dorchester, MA 02125",-71.055454500001,42.314697000003,370,1,200,,2026-06-04T18:52:21.114Z
street william street,dorchester avenue,St William St,Dorchester Ave,St William St and Dorchester Ave,ok,1,"Saint William St & Dorchester Ave, Dorchester, MA 02125",-71.056773000001,42.314922000003,370,1,200,,2026-06-04T18:52:22.316Z
stuart street,charles street south,Stuart St,Charles Street South,Stuart St and Charles Street South,ok,1,"Stuart St & Charles St S, Bay Village, MA 02116",-71.067046500001,42.350904000003,1272,1,200,,2026-06-04T18:52:24.417Z
stuart street,columbus avenue,Stuart St,Columbus Ave,Stuart St and Columbus Ave,ok,2,"Stuart St & Columbus Ave, Back Bay, MA 02116",-71.069899500001,42.350157000003,411,1,200,,2026-06-04T18:52:24.838Z
stuart street,washington street,Stuart St,Washington St,Stuart St and Washington St,ok,1,"Stuart St & Washington St, Downtown, MA 02116",-71.063014500001,42.350931000003,320,1,200,,2026-06-04T18:52:25.944Z
sturbridge street,river street,Sturbridge St,River St,Sturbridge St and River St,ok,1,"Sturbridge St & River St, Mattapan, MA 02126",-71.073841500001,42.271299000003,456,1,200,,2026-06-04T18:52:27.280Z
sturbridge street,sanford street,Sturbridge St,Sanford St,Sturbridge St and Sanford St,ok,1,"Sturbridge St & Sanford St, Mattapan, MA 02126",-71.074759500001,42.273486000003,453,1,200,,2026-06-04T18:52:28.478Z
sudan street,dorchester avenue,Sudan St,Dorchester Ave,Sudan St and Dorchester Ave,ok,1,"Sudan St & Dorchester Ave, Dorchester, MA 02125",-71.056701000001,42.316920000003,577,1,200,,2026-06-04T18:52:29.802Z
sudan street,sydney street,Sudan St,Sydney St,Sudan St and Sydney St,ok,1,"Sudan St & Sydney St, Dorchester, MA 02125",-71.052583500001,42.316236000003,322,1,200,,2026-06-04T18:52:30.748Z
sudbury street,blackstone street,Sudbury St,Blackstone St,Sudbury St and Blackstone St,no_match,0,,,,428,1,200,,2026-06-04T18:52:32.055Z
sudbury street,cambridge street,Sudbury St,Cambridge St,Sudbury St and Cambridge St,ok,2,"Sudbury St & Cambridge St, Downtown, MA 02108",-71.061241500001,42.360984000003,506,1,200,,2026-06-04T18:52:33.333Z
sullivan street,bunker hill street,Sullivan St,Bunker Hill St,Sullivan St and Bunker Hill St,ok,1,"Sullivan St & Bunker Hill St, Charlestown, MA 02129",-71.064490500001,42.379875000003,343,1,200,,2026-06-04T18:52:34.373Z
sullivan street,main street,Sullivan St,Main St,Sullivan St and Main St,ok,1,"Sullivan St & Main St, Charlestown, MA 02129",-71.067312000001,42.377760000003,268,1,200,,2026-06-04T18:52:35.498Z
summer street,dorchester avenue,Summer St,Dorchester Ave,Summer St and Dorchester Ave,ok,1,"Summer St & Dorchester Ave, Downtown, MA 02210",-71.052862500001,42.351390000003,311,1,200,,2026-06-04T18:52:36.742Z
summer street,elm street,Summer St,Elm St,Summer St and Elm St,ok,1,"Summer St & Elm St, Charlestown, MA 02129",-71.063847000001,42.377328000003,433,1,200,,2026-06-04T18:52:38.064Z
summer street,hawley street,Summer St,Hawley St,Summer St and Hawley St,ok,1,"Summer St & Hawley St, Downtown, MA 02110",-71.059765500001,42.354945000003,328,1,200,,2026-06-04T18:52:39.160Z
summer street,high street,Summer St,High St,Summer St and High St,ok,1,"Summer St & High St, Downtown, MA 02110",-71.056984500001,42.353271000003,341,1,200,,2026-06-04T18:52:40.373Z
summer street,kingston street,Summer St,Kingston St,Summer St and Kingston St,ok,1,"Summer St & Kingston St, Downtown, MA 02110",-71.058604500001,42.354090000003,467,1,200,,2026-06-04T18:52:41.701Z
summer street,l street,Summer St,L St,Summer St and L St,ok,1,"Summer St & L St, South Boston, MA 02127",-71.035474500001,42.337332000003,302,1,200,,2026-06-04T18:52:42.736Z
summer street,lincoln street,Summer St,Lincoln St,Summer St and Lincoln St,ok,2,"Summer St & Lincoln St, Downtown, MA 02110",-71.057848500001,42.353586000003,393,1,200,,2026-06-04T18:52:44.031Z
summer street,melcher street,Summer St,Melcher St,Summer St and Melcher St,ok,1,"Summer St & Melcher St, South Boston Waterfront, MA 02210",-71.050977000001,42.350499000003,735,1,200,,2026-06-04T18:52:45.571Z
summer street,purchase street,Summer St,Purchase St,Summer St and Purchase St,ok,1,"Summer St & Purchase St, Downtown, MA 02110",-71.056336500001,42.352893000003,332,1,200,,2026-06-04T18:52:46.369Z
summer street,school street,Summer St,School St,Summer St and School St,ok,1,"Summer St & School St, Charlestown, MA 02129",-71.064472500001,42.377715000003,281,1,200,,2026-06-04T18:52:47.519Z
summer street,summer street,Summer St,Summer St,Summer St and Summer St,ok,2,"Summer St & Summer Street Ct, Charlestown, MA 02129",-71.064207000001,42.377544000003,470,1,200,,2026-06-04T18:52:48.910Z
sumner street,east cottage street,Sumner St,East Cottage St,Sumner St and East Cottage St,ok,2,"Sumner St & E Cottage St, Dorchester, MA 02125",-71.060854500001,42.319908000003,637,1,200,,2026-06-04T18:52:50.276Z
sumner street,jeffries street,Sumner St,Jeffries St,Sumner St and Jeffries St,ok,1,"Sumner St & Jeffries St, East Boston, MA 02128",-71.029813500001,42.364575000003,339,1,200,,2026-06-04T18:52:51.181Z
sumner street,maverick square,Sumner St,Maverick Sq,Sumner St and Maverick Sq,ok,1,"Sumner St & Maverick Sq, East Boston, MA 02128",-71.039875500001,42.368940000003,369,1,200,,2026-06-04T18:52:52.412Z
sumner street,new street,Sumner St,New St,Sumner St and New St,ok,1,"Sumner St & New St, East Boston, MA 02128",-71.043961500001,42.370731000003,372,1,200,,2026-06-04T18:52:53.620Z
sumner street,stoughton street,Sumner St,Stoughton St,Sumner St and Stoughton St,ok,1,"Sumner St & Stoughton St, Dorchester, MA 02125",-71.062722000001,42.316011000003,345,1,200,,2026-06-04T18:52:54.790Z
sunderland street,blue hill avenue,Sunderland St,Blue Hill Ave,Sunderland St and Blue Hill Ave,ok,1,"Sunderland St & Blue Hill Ave, Roxbury, MA 02121",-71.082018000001,42.310269000003,494,1,200,,2026-06-04T18:52:56.140Z
sunderland street,crawford street,Sunderland St,Crawford St,Sunderland St and Crawford St,ok,1,"Sunderland St & Crawford St, Roxbury, MA 02121",-71.083255500001,42.310602000003,328,1,200,,2026-06-04T18:52:57.174Z
sunnyside street,centre street,Sunnyside St,Centre St,Sunnyside St and Centre St,ok,1,"Sunnyside St & Centre St, Jamaica Plain, MA 02130",-71.105832000001,42.322635000003,314,1,200,,2026-06-04T18:52:58.362Z
sunnyside street,creighton street,Sunnyside St,Creighton St,Sunnyside St and Creighton St,ok,1,"Sunnyside St & Creighton St, Jamaica Plain, MA 02130",-71.107875000001,42.323769000003,332,1,200,,2026-06-04T18:52:59.580Z
sunset street,hillside street,Sunset St,Hillside St,Sunset St and Hillside St,ok,1,"Sunset St & Hillside St, Mission Hill, MA 02120",-71.108356500001,42.331851000003,292,1,200,,2026-06-04T18:53:00.741Z
sunset street,parker hill avenue,Sunset St,Parker Hill Ave,Sunset St and Parker Hill Ave,ok,1,"Sunset St & Parker Hill Ave, Mission Hill, MA 02120",-71.108887500001,42.330717000003,372,1,200,,2026-06-04T18:53:02.024Z
supple road,blue hill avenue,Supple Rd,Blue Hill Ave,Supple Rd and Blue Hill Ave,ok,1,"Supple Rd & Blue Hill Ave, Roxbury, MA 02121",-71.084412000001,42.306795000003,312,1,200,,2026-06-04T18:53:03.165Z
supple road,columbia road,Supple Rd,Columbia Rd,Supple Rd and Columbia Rd,ok,1,"Supple Rd & Columbia Rd, Dorchester, MA 02121",-71.081212500001,42.305067000003,300,1,200,,2026-06-04T18:53:04.354Z
surrey street,foster street,Surrey St,Foster St,Surrey St and Foster St,ok,1,"Surrey St & Foster St, Brighton, MA 02135",-71.156920500001,42.350904000003,296,1,200,,2026-06-04T18:53:05.553Z
surrey street,market street,Surrey St,Market St,Surrey St and Market St,ok,1,"Surrey St & Market St, Brighton, MA 02135",-71.153077500001,42.349896000003,438,1,200,,2026-06-04T18:53:06.893Z
sussex street,hammond street,Sussex St,Hammond St,Sussex St and Hammond St,ok,1,"Sussex St & Hammond St, Roxbury, MA 02120",-71.083210500001,42.336261000003,360,1,200,,2026-06-04T18:53:08.016Z
sussex street,warwick street,Sussex St,Warwick St,Sussex St and Warwick St,ok,1,"Sussex St & Warwick St, Roxbury, MA 02120",-71.084088000001,42.336234000003,329,1,200,,2026-06-04T18:53:09.186Z
sutherland road,beacon street,Sutherland Rd,Beacon St,Sutherland Rd and Beacon St,ok,1,"Sutherland Rd & Beacon St, Brighton, MA 02135",-71.150355000001,42.336090000003,273,1,200,,2026-06-04T18:53:10.333Z
sutherland road,commonwealth avenue,Sutherland Rd,Commonwealth Ave,Sutherland Rd and Commonwealth Ave,ok,1,"Sutherland Rd & Commonwealth Ave, Brighton, MA 02135",-71.146800000001,42.341445000003,327,1,200,,2026-06-04T18:53:11.590Z
sutton street,morton street,Sutton St,Morton St,Sutton St and Morton St,ok,1,"Sutton St & Morton St, Dorchester, MA 02126",-71.088520500001,42.282594000003,417,1,200,,2026-06-04T18:53:12.879Z
sutton street,woolson street,Sutton St,Woolson St,Sutton St and Woolson St,ok,1,"Sutton St & Woolson St, Mattapan, MA 02126",-71.089740000001,42.281370000003,553,1,200,,2026-06-04T18:53:14.217Z
swallow street,north street,Swallow St,N St,Swallow St and N St,ok,1,"Swallow St & N St, South Boston, MA 02127",-71.031217500001,42.333624000003,300,1,200,,2026-06-04T18:53:15.165Z
swallow street,o street,Swallow St,O St,Swallow St and O St,ok,1,"Swallow St & O St, South Boston, MA 02127",-71.029170000001,42.333651000003,285,1,200,,2026-06-04T18:53:16.349Z
sydney street,crescent avenue,Sydney St,Crescent Avenue,Sydney St and Crescent Avenue,ok,1,"Sydney St & Crescent Ave, Dorchester, MA 02125",-71.052736500001,42.319314000003,315,1,200,,2026-06-04T18:53:17.580Z
sydney street,moseley street,Sydney St,Moseley St,Sydney St and Moseley St,ok,1,"Sydney St & Moseley St, Dorchester, MA 02125",-71.054113500001,42.320871000003,320,1,200,,2026-06-04T18:53:18.785Z
sydney street,savin hill avenue,Sydney St,Savin Hill Ave,Sydney St and Savin Hill Ave,ok,1,"Sydney St & Savin Hill Ave, Dorchester, MA 02125",-71.053677000001,42.311601000003,278,1,200,,2026-06-04T18:53:19.945Z
sylvia street,forest hill street,Sylvia St,Forest Hill St,Sylvia St and Forest Hill St,ok,1,"Sylvia St & Forest Hills St, Jamaica Plain, MA 02130",-71.102358000001,42.310467000003,289,1,200,,2026-06-04T18:53:21.159Z
sylvia street,washington street,Sylvia St,Washington St,Sylvia St and Washington St,ok,1,"Sylvia St & Washington St, Jamaica Plain, MA 02130",-71.103348000001,42.310674000003,481,1,200,,2026-06-04T18:53:22.551Z
symphony road,hemenway street,Symphony Rd,Hemenway St,Symphony Rd and Hemenway St,ok,1,"Symphony Rd & Hemenway St, Fenway, MA 02115",-71.090100000001,42.343227000003,283,1,200,,2026-06-04T18:53:23.554Z
symphony road,street stephen street,Symphony Rd,St Stephen St,Symphony Rd and St Stephen St,ok,1,"Symphony Rd & Saint Stephen St, Fenway, MA 02115",-71.086608000001,42.342615000003,652,1,200,,2026-06-04T18:53:25.124Z
taft street,dorchester avenue,Taft St,Dorchester Ave,Taft St and Dorchester Ave,ok,1,"Taft St & Dorchester Ave, Dorchester, MA 02125",-71.056705500001,42.317127000003,428,1,200,,2026-06-04T18:53:26.099Z
taft street,pleasant street,Taft St,Pleasant St,Taft St and Pleasant St,ok,1,"Taft St & Pleasant St, Dorchester, MA 02125",-71.059117500001,42.317586000003,324,1,200,,2026-06-04T18:53:27.196Z
tai tung street,hudson street,Tai Tung St,Hudson St,Tai Tung St and Hudson St,ok,1,"Tai Tung St & Hudson St, Chinatown, MA 02111",-71.061129000001,42.348114000003,341,1,200,,2026-06-04T18:53:28.414Z
tai tung street,tyler street,Tai Tung St,Tyler St,Tai Tung St and Tyler St,ok,1,"Tai Tung St & Tyler St, Chinatown, MA 02111",-71.061741000001,42.348267000003,706,1,200,,2026-06-04T18:53:29.982Z
talbot avenue,blue hill avenue,Talbot Ave,Blue Hill Ave,Talbot Ave and Blue Hill Ave,ok,1,"Talbot Ave & Blue Hill Ave, Dorchester, MA 02124",-71.088012000001,42.294924000003,668,1,200,,2026-06-04T18:53:31.144Z
talbot avenue,dorchester avenue,Talbot Ave,Dorchester Ave,Talbot Ave and Dorchester Ave,ok,1,Dorchester Ave & Talbot Ave,-71.06416833837896,42.286248946689426,95,1,200,,2026-06-04T19:43:37.860Z
talbot avenue,norwell street,Talbot Ave,Norwell St,Talbot Ave and Norwell St,ok,1,"Talbot Ave & Norwell St, Dorchester, MA 02124",-71.077180500001,42.291747000003,968,1,200,,2026-06-04T18:53:48.649Z
talbot avenue,southern avenue,Talbot Ave,Southern Ave,Talbot Ave and Southern Ave,ok,1,"Talbot Ave & Southern Ave, Dorchester, MA 02124",-71.073324000001,42.290604000003,440,1,200,,2026-06-04T18:53:49.321Z
talbot avenue,washington street,Talbot Ave,Washington St,Talbot Ave and Washington St,ok,1,"Talbot Ave & Washington St, Dorchester, MA 02124",-71.071591500001,42.290208000003,337,1,200,,2026-06-04T18:53:50.419Z
tamworth street,boylston street,Tamworth St,Boylston St,Tamworth St and Boylston St,ok,1,"Tamworth St & Boylston St, Downtown, MA 02111",-71.064103500001,42.352335000003,300,1,200,,2026-06-04T18:53:51.581Z
tamworth street,la grange street,Tamworth St,La Grange St,Tamworth St and La Grange St,ok,1,"Tamworth St & Lagrange St, Downtown, MA 02116",-71.064256500001,42.351669000003,338,1,200,,2026-06-04T18:53:52.824Z
tanglewood road,washington street,Tanglewood Rd,Washington St,Tanglewood Rd and Washington St,ok,1,"Tanglewood Rd & Washington St, Mattapan, MA 02126",-71.069935500001,42.273279000003,275,1,200,,2026-06-04T18:53:53.960Z
taylor street,dwight street,Taylor St,Dwight St,Taylor St and Dwight St,ok,1,"Taylor St & Dwight St, South End, MA 02118",-71.068311000001,42.344118000003,708,1,200,,2026-06-04T18:53:55.595Z
taylor street,milford street,Taylor St,Milford St,Taylor St and Milford St,ok,1,"Taylor St & Milford St, South End, MA 02118",-71.068765500001,42.343596000003,649,1,200,,2026-06-04T18:53:56.736Z
tebroc street,bowdoin street,Tebroc St,Bowdoin St,Tebroc St and Bowdoin St,ok,1,"Tebroc St & Bowdoin St, Dorchester, MA 02122",-71.070304500001,42.303951000003,361,1,200,,2026-06-04T18:53:57.651Z
tebroc street,levant street,Tebroc St,Levant St,Tebroc St and Levant St,ok,1,"Tebroc St & Levant St, Dorchester, MA 02122",-71.069859000001,42.303357000003,757,1,200,,2026-06-04T18:53:59.247Z
telegraph street,dorchester street,Telegraph St,Dorchester St,Telegraph St and Dorchester St,ok,1,"Telegraph St & Dorchester St, South Boston, MA 02127",-71.050846500001,42.332940000003,320,1,200,,2026-06-04T18:54:00.012Z
telegraph street,thomas park,Telegraph St,Thomas Park,Telegraph St and Thomas Park,ok,1,"Telegraph St & Thomas Park, South Boston, MA 02127",-71.047260000001,42.332985000003,752,1,200,,2026-06-04T18:54:01.643Z
temple place,tremont street,Temple Pl,Tremont St,Temple Pl and Tremont St,ok,1,"Temple Pl & Tremont St, Beacon Hill, MA 02111",-71.062897500001,42.355647000003,344,1,200,,2026-06-04T18:54:02.436Z
temple place,washington street,Temple Pl,Washington St,Temple Pl and Washington St,ok,1,"Temple Pl & Washington St, Downtown, MA 02111",-71.061237000001,42.354792000003,332,1,200,,2026-06-04T18:54:03.624Z
temple street,manchester street,Temple St,Manchester St,Temple St and Manchester St,ok,1,"Temple St & Manchester St, Mattapan, MA 02126",-71.073049500001,42.274746000003,262,1,200,,2026-06-04T18:54:04.755Z
temple street,river street,Temple St,River St,Temple St and River St,ok,1,"Temple St & River St, Mattapan, MA 02126",-71.072113500001,42.271857000003,327,1,200,,2026-06-04T18:54:06.020Z
tennis road,almont street,Tennis Rd,Almont St,Tennis Rd and Almont St,ok,1,"Tennis Rd & Almont St, Mattapan, MA 02126",-71.097313500001,42.276393000003,312,1,200,,2026-06-04T18:54:07.205Z
tennis road,blue hill avenue,Tennis Rd,Blue Hill Ave,Tennis Rd and Blue Hill Ave,ok,1,"Tennis Rd & Blue Hill Ave, Mattapan, MA 02126",-71.093637000001,42.275232000003,352,1,200,,2026-06-04T18:54:08.446Z
terrace street,new heath street,Terrace St,New Heath St,Terrace St and New Heath St,ok,1,"Terrace St & New Heath St, Mission Hill, MA 02120",-71.098920000001,42.326352000003,330,1,200,,2026-06-04T18:54:09.628Z
terrace street,tremont street,Terrace St,Tremont St,Terrace St and Tremont St,ok,1,"Terrace St & Tremont St, Mission Hill, MA 02120",-71.096107500001,42.331644000003,385,1,200,,2026-06-04T18:54:10.882Z
thacher street,north margin street,Thacher St,North Margin St,Thacher St and North Margin St,ok,1,"Thacher St & N Margin St, North End, MA 02113",-71.056755000001,42.365367000003,491,1,200,,2026-06-04T18:54:12.188Z
thacher street,north washington street,Thacher St,North Washington St,Thacher St and North Washington St,ok,1,"Thacher St & N Washington St, North End, MA 02113",-71.058361500001,42.365268000003,316,1,200,,2026-06-04T18:54:13.213Z
theodore a glynn way,massachusetts avenue,Theodore A Glynn Way,Massachusetts Ave,Theodore A Glynn Way and Massachusetts Ave,ok,2,"Theodore A Glynn Way & Massachusetts Ave, South Boston, MA 02118",-71.069832000001,42.330330000003,340,1,200,,2026-06-04T18:54:14.438Z
theodore a glynn way,southampton street,Theodore A Glynn Way,Southampton St,Theodore A Glynn Way and Southampton St,ok,1,"Theodore A Glynn Way & Southampton St, South Boston, MA 02118",-71.068104000001,42.331491000003,319,1,200,,2026-06-04T18:54:15.617Z
theodore street,middleton street,Theodore St,Middleton St,Theodore St and Middleton St,ok,1,"Theodore St & Middleton St, Dorchester, MA 02124",-71.087233500001,42.284529000003,322,1,200,,2026-06-04T18:54:16.820Z
theodore street,morton street,Theodore St,Morton St,Theodore St and Morton St,ok,1,"Theodore St & Morton St, Dorchester, MA 02126",-71.089254000001,42.283620000003,270,1,200,,2026-06-04T18:54:17.970Z
third avenue,ninth street,Third Ave,Ninth St,Third Ave and Ninth St,ok,1,"Third Ave & Ninth St, Charlestown, MA 02129",-71.053141500001,42.376752000003,320,1,200,,2026-06-04T18:54:19.221Z
third avenue,sixth street,Third Ave,Sixth St,Third Ave and Sixth St,ok,1,"Third Ave & Sixth St, Charlestown, MA 02129",-71.055261000001,42.375384000003,318,1,200,,2026-06-04T18:54:20.421Z
thomas park,g street,Thomas Park,G St,Thomas Park and G St,ok,2,"Thomas Park & G St, South Boston, MA 02127",-71.044191000001,42.333120000003,654,1,200,,2026-06-04T18:54:21.957Z
thonrdike street,brookline town line,Thonrdike St,Brookline Town Line,Thonrdike St and Brookline Town Line,no_match,0,,,,184,1,200,,2026-06-04T18:54:22.687Z
thonrdike street,commonwealth avenue,Thonrdike St,Commonwealth Ave,Thonrdike St and Commonwealth Ave,ok,2,"Thorndike St & Commonwealth Ave, Allston, MA 02134",-71.126523000001,42.350796000003,651,1,200,,2026-06-04T18:54:24.356Z
thorndike street,harrison avenue,Thorndike St,Harrison Ave,Thorndike St and Harrison Ave,ok,1,"Thorndike St & Harrison Ave, Roxbury, MA 02118",-71.078206500001,42.332832000003,294,1,200,,2026-06-04T18:54:25.199Z
thorndike street,washington street,Thorndike St,Washington St,Thorndike St and Washington St,ok,1,"Thorndike St & Washington St, Roxbury, MA 02119",-71.079889500001,42.334173000003,313,1,200,,2026-06-04T18:54:26.418Z
thornley street,dorchester avenue,Thornley St,Dorchester Ave,Thornley St and Dorchester Ave,ok,1,"Thornley St & Dorchester Ave, Dorchester, MA 02125",-71.056993500001,42.313950000003,263,1,200,,2026-06-04T18:54:27.571Z
thornley street,pleasant street,Thornley St,Pleasant St,Thornley St and Pleasant St,ok,1,"Thornley St & Pleasant St, Dorchester, MA 02125",-71.060017500001,42.314400000003,273,1,200,,2026-06-04T18:54:28.782Z
thornton street,guild street,Thornton St,Guild St,Thornton St and Guild St,ok,1,"Thornton St & Guild St, Roxbury, MA 02119",-71.088867000001,42.326604000003,350,1,200,,2026-06-04T18:54:30.062Z
thornton street,marcella street,Thornton St,Marcella St,Thornton St and Marcella St,ok,1,"Thornton St & Marcella St, Roxbury, MA 02119",-71.093902500001,42.321249000003,337,1,200,,2026-06-04T18:54:31.249Z
tibbetts town way,essex street,Tibbetts Town Way,Essex St,Tibbetts Town Way and Essex St,ok,1,"Tibbett's Town Way & Essex St, Charlestown, MA 02129",-71.069026500001,42.378903000003,265,1,200,,2026-06-04T18:54:32.377Z
tibbetts town way,main street,Tibbetts Town Way,Main St,Tibbetts Town Way and Main St,ok,1,"Tibbett's Town Way & Main St, Charlestown, MA 02129",-71.068135500001,42.378480000003,365,1,200,,2026-06-04T18:54:33.678Z
ticknor street,columbia road,Ticknor St,Columbia Rd,Ticknor St and Columbia Rd,ok,1,"Ticknor St & Columbia Rd, South Boston, MA 02127",-71.035969500001,42.329529000003,272,1,200,,2026-06-04T18:54:34.785Z
ticknor street,marine road,Ticknor St,Marine Rd,Ticknor St and Marine Rd,ok,1,"Ticknor St & Marine Rd, South Boston, MA 02127",-71.036001000001,42.330654000003,280,1,200,,2026-06-04T18:54:35.997Z
tileston street,hanover street,Tileston St,Hanover St,Tileston St and Hanover St,ok,1,"Tileston St & Hanover St, North End, MA 02113",-71.053182000001,42.365088000003,336,1,200,,2026-06-04T18:54:37.252Z
tileston street,salem street,Tileston St,Salem St,Tileston St and Salem St,ok,1,"Tileston St & Salem St, North End, MA 02113",-71.054883000001,42.366168000003,266,1,200,,2026-06-04T18:54:38.383Z
tiverton road,lorna road,Tiverton Rd,Lorna Rd,Tiverton Rd and Lorna Rd,ok,1,"Tiverton Rd & Lorna Rd, Mattapan, MA 02126",-71.082850500001,42.279354000003,369,1,200,,2026-06-04T18:54:39.686Z
toledo terrace,arcadia street,Toledo Ter,Arcadia St,Toledo Ter and Arcadia St,ok,1,"Toledo Ter & Arcadia St, Dorchester, MA 02122",-71.062353000001,42.301557000003,870,1,200,,2026-06-04T18:54:41.389Z
toledo terrace,charles street fw,Toledo Ter,Charles Street Fw,Toledo Ter and Charles Street Fw,ok,1,"Toledo Ter & Charles St, Dorchester, MA 02122",-71.062017750001,42.300751500003,575,1,200,,2026-06-04T18:54:42.294Z
tonawanda street,claybourne street,Tonawanda St,Claybourne St,Tonawanda St and Claybourne St,ok,1,"Tonawanda St & Claybourne St, Dorchester, MA 02124",-71.071488000001,42.297453000003,828,1,200,,2026-06-04T18:54:43.749Z
tonawanda street,waldeck street,Tonawanda St,Waldeck St,Tonawanda St and Waldeck St,ok,2,"Tonawanda St & Waldeck St, Dorchester, MA 02124",-71.065606500001,42.299181000003,327,1,200,,2026-06-04T18:54:44.449Z
topeka street,atkinson street,Topeka St,Atkinson St,Topeka St and Atkinson St,no_match,0,,,,136,1,200,,2026-06-04T18:54:45.458Z
topeka street,southampton street,Topeka St,Southampton St,Topeka St and Southampton St,ok,1,"Topeka St & Southampton St, South Boston, MA 02118",-71.067987000001,42.331689000003,354,1,200,,2026-06-04T18:54:46.878Z
topliff street,bowdoin street,Topliff St,Bowdoin Street,Topliff St and Bowdoin Street,ok,1,"Topliff St & Bowdoin St, Dorchester, MA 02122",-71.068792500001,42.304905000003,357,1,200,,2026-06-04T18:54:48.084Z
topliff street,geneva avenue,Topliff St,Geneva Avenue,Topliff St and Geneva Avenue,ok,1,"Topliff St & Geneva Ave, Dorchester, MA 02122",-71.067528000001,42.301098000003,331,1,200,,2026-06-04T18:54:49.257Z
torrey street,washington street,Torrey St,Washington St,Torrey St and Washington St,ok,1,"Torrey St & Washington St, Dorchester, MA 02124",-71.071209000001,42.287715000003,308,1,200,,2026-06-04T18:54:50.434Z
torrey street,wentworth street,Torrey St,Wentworth St,Torrey St and Wentworth St,ok,1,"Torrey St & Wentworth St, Dorchester, MA 02124",-71.075101500001,42.286977000003,283,1,200,,2026-06-04T18:54:51.611Z
tovar street,bowdoin street,Tovar St,Bowdoin St,Tovar St and Bowdoin St,ok,1,"Tovar St & Bowdoin St, Dorchester, MA 02122",-71.063239500001,42.310035000003,428,1,200,,2026-06-04T18:54:52.958Z
tovar street,cameron street,Tovar St,Cameron St,Tovar St and Cameron St,ok,1,"Tovar St & Cameron St, Dorchester, MA 02125",-71.063739000001,42.310548000003,284,1,200,,2026-06-04T18:54:54.014Z
townsend street,quincy street,Townsend St,Quincy St,Townsend St and Quincy St,ok,1,"Townsend St & Quincy St, Roxbury, MA 02119",-71.082909000001,42.316380000003,324,1,200,,2026-06-04T18:54:55.255Z
townsend street,walnut avenue,Townsend St,Walnut Ave,Townsend St and Walnut Ave,ok,1,"Townsend St & Walnut Ave, Roxbury, MA 02119",-71.090986500001,42.318252000003,343,1,200,,2026-06-04T18:54:56.476Z
townsend street,washingston street,Townsend St,Washingston St,Townsend St and Washingston St,ok,1,"Townsend St & Washington St, Roxbury, MA 02119",-71.094051000001,42.320070000003,355,1,200,,2026-06-04T18:54:57.691Z
townsend street,washington street,Townsend St,Washington St,Townsend St and Washington St,ok,1,"Townsend St & Washington St, Roxbury, MA 02119",-71.094051000001,42.320070000003,319,1,200,,2026-06-04T18:54:58.853Z
traveler street,albany street,Traveler St,Albany St,Traveler St and Albany St,ok,1,"Traveler St & Albany St, South End, MA 02118",-71.062065000001,42.344037000003,315,1,200,,2026-06-04T18:55:00.057Z
traveler street,east berkeley street,Traveler St,East Berkeley St,Traveler St and East Berkeley St,no_match,0,,,,133,1,200,,2026-06-04T18:55:01.069Z
traveler street,east brookline street,Traveler St,East Brookline St,Traveler St and East Brookline St,no_match,0,,,,174,1,200,,2026-06-04T18:55:02.311Z
traveler street,washington street,Traveler St,Washington St,Traveler St and Washington St,ok,1,"Traveler St & Washington St, South End, MA 02118",-71.065309500001,42.344991000003,348,1,200,,2026-06-04T18:55:03.686Z
treadway road,savin hill avenue,Treadway Rd,Savin Hill Ave,Treadway Rd and Savin Hill Ave,ok,1,"Treadway Rd & Savin Hill Ave, Dorchester, MA 02125",-71.058042000001,42.312879000003,342,1,200,,2026-06-04T18:55:04.882Z
tremlett street,waldeck street,Tremlett St,Waldeck St,Tremlett St and Waldeck St,ok,1,"Tremlett St & Waldeck St, Dorchester, MA 02124",-71.067096000001,42.295581000003,315,1,200,,2026-06-04T18:55:06.056Z
tremlett street,washington street,Tremlett St,Washington St,Tremlett St and Washington St,ok,1,"Tremlett St & Washington St, Dorchester, MA 02124",-71.071965000001,42.294429000003,406,1,200,,2026-06-04T18:55:07.350Z
tremont street,arlington street,Tremont St,Arlington St,Tremont St and Arlington St,ok,1,"Tremont St & Arlington St, South End, MA 02118",-71.068599000001,42.347502000003,317,1,200,,2026-06-04T18:55:08.462Z
tremont street,berkeley street,Tremont St,Berkeley St,Tremont St and Berkeley St,ok,1,"Tremont St & Berkeley St, South End, MA 02116",-71.069836500001,42.345279000003,709,1,200,,2026-06-04T18:55:10.054Z
tremont street,calumet street,Tremont St,Calumet St,Tremont St and Calumet St,ok,1,"Tremont St & Calumet St, Mission Hill, MA 02115",-71.104918500001,42.334047000003,278,1,200,,2026-06-04T18:55:10.824Z
tremont street,cambridge street,Tremont St,Cambridge St,Tremont St and Cambridge St,ok,2,"Tremont St & Cambridge St, Downtown, MA 02114",-71.059846500001,42.359490000003,405,1,200,,2026-06-04T18:55:12.153Z
tremont street,columbus avenue,Tremont St,Columbus Ave,Tremont St and Columbus Ave,ok,3,"Tremont St & Columbus Ave, Roxbury, MA 02120",-71.094591000001,42.331446000003,411,1,200,,2026-06-04T18:55:13.359Z
tremont street,dartmouth street,Tremont St,Dartmouth St,Tremont St and Dartmouth St,ok,1,"Tremont St & Dartmouth St, South End, MA 02118",-71.073747000001,42.342840000003,337,1,200,,2026-06-04T18:55:14.486Z
tremont street,herald street,Tremont St,Herald St,Tremont St and Herald St,ok,1,"Tremont St & Herald St, South End, MA 02118",-71.068599000001,42.347502000003,397,1,200,,2026-06-04T18:55:15.748Z
tremont street,lowney way,Tremont St,Lowney Way,Tremont St and Lowney Way,ok,1,"Tremont St & Lowney Way, Charlestown, MA 02129",-71.056701000001,42.375456000003,292,1,200,,2026-06-04T18:55:16.844Z
tremont street,massachusetts avenue,Tremont St,Massachusetts Ave,Tremont St and Massachusetts Ave,ok,1,"Tremont St & Massachusetts Ave, Roxbury, MA 02118",-71.080447500001,42.339321000003,303,1,200,,2026-06-04T18:55:18.056Z
tremont street,monument square,Tremont St,Monument Sq,Tremont St and Monument Sq,ok,1,"Tremont St & Monument Sq, Charlestown, MA 02129",-71.059720500001,42.376671000003,263,1,200,,2026-06-04T18:55:19.216Z
tremont street,newton town line,Tremont St,Newton Town Line,Tremont St and Newton Town Line,ok,1,"Tremont St & W Newton St, South End, MA 02118",-71.076555000001,42.341337000003,333,1,200,,2026-06-04T18:55:20.486Z
tremont street,shawmut avenue,Tremont St,Shawmut Ave,Tremont St and Shawmut Ave,ok,1,"Tremont St & Shawmut Ave, Downtown, MA 02116",-71.065543500001,42.348627000003,318,1,200,,2026-06-04T18:55:21.673Z
tremont street,washington street,Tremont St,Washington St,Tremont St and Washington St,ok,1,"Tremont St & Washington St, Brighton, MA 02135",-71.168440500001,42.350688000003,318,1,200,,2026-06-04T18:55:22.872Z
trent street,clarkson street,Trent St,Clarkson St,Trent St and Clarkson St,ok,1,"Trent St & Clarkson St, Dorchester, MA 02125",-71.065854000001,42.309477000003,286,1,200,,2026-06-04T18:55:24.041Z
trent street,coleman street,Trent St,Coleman St,Trent St and Coleman St,ok,1,"Trent St & Coleman St, Dorchester, MA 02122",-71.065219500001,42.308919000003,1296,1,200,,2026-06-04T18:55:26.252Z
trenton street,bartlett street,Trenton St,Bartlett St,Trenton St and Bartlett St,ok,1,"Trenton St & Bartlett St, Charlestown, MA 02129",-71.062150500001,42.377454000003,264,1,200,,2026-06-04T18:55:26.517Z
trenton street,bunker hill street,Trenton St,Bunker Hill St,Trenton St and Bunker Hill St,ok,1,"Trenton St & Bunker Hill St, Charlestown, MA 02129",-71.061273000001,42.378543000003,292,1,200,,2026-06-04T18:55:27.745Z
trenton street,east eagle street,Trenton St,East Eagle St,Trenton St and East Eagle St,ok,2,"Trenton St & E Eagle St, East Boston, MA 02128",-71.030268000001,42.381342000003,351,1,200,,2026-06-04T18:55:29.007Z
trenton street,meridian street,Trenton St,Meridian St,Trenton St and Meridian St,ok,1,"Trenton St & Meridian St, East Boston, MA 02128",-71.039173500001,42.377895000003,296,1,200,,2026-06-04T18:55:30.152Z
trescott street,bakersfield street,Trescott St,Bakersfield St,Trescott St and Bakersfield St,ok,1,"Trescott St & Bakersfield St, Dorchester, MA 02125",-71.061309000001,42.315948000003,319,1,200,,2026-06-04T18:55:31.375Z
trescott street,pleasant street,Trescott St,Pleasant St,Trescott St and Pleasant St,ok,1,"Trescott St & Pleasant St, Dorchester, MA 02125",-71.059734000001,42.315669000003,295,1,200,,2026-06-04T18:55:32.550Z
trinity place,stanhope street,Trinity Pl,Stanhope St,Trinity Pl and Stanhope St,no_match,0,,,,125,1,200,,2026-06-04T18:55:33.580Z
trinity place,street james avenue,Trinity Pl,St James Ave,Trinity Pl and St James Ave,ok,1,"Trinity Pl & Saint James Ave, Back Bay, MA 02116",-71.075862000001,42.349581000003,263,1,200,,2026-06-04T18:55:34.920Z
trull street,bellevue street,Trull St,Bellevue Street,Trull St and Bellevue Street,ok,1,"Trull St & Bellevue St, Dorchester, MA 02125",-71.067573000001,42.311502000003,262,1,200,,2026-06-04T18:55:36.120Z
trull street,hancock street,Trull St,Hancock Street,Trull St and Hancock Street,ok,1,"Trull St & Hancock St, Dorchester, MA 02125",-71.064760500001,42.312852000003,282,1,200,,2026-06-04T18:55:37.340Z
tucker street,callender street,Tucker St,Callender St,Tucker St and Callender St,ok,1,"Tucker St & Callender St, Dorchester, MA 02124",-71.079367500001,42.289209000003,300,1,200,,2026-06-04T18:55:38.560Z
tucker street,woodrow avenue,Tucker St,Woodrow Ave,Tucker St and Woodrow Ave,ok,1,"Tucker St & Woodrow Ave, Dorchester, MA 02124",-71.079750000001,42.288129000003,272,1,200,,2026-06-04T18:55:39.732Z
tuckerman street,dorchester street,Tuckerman St,Dorchester St,Tuckerman St and Dorchester St,ok,1,"Tuckerman St & Dorchester St, South Boston, MA 02127",-71.054028000001,42.331086000003,335,1,200,,2026-06-04T18:55:40.997Z
tuckerman street,middle street,Tuckerman St,Middle St,Tuckerman St and Middle St,ok,1,"Tuckerman St & Middle St, South Boston, MA 02127",-71.055027000001,42.331401000003,327,1,200,,2026-06-04T18:55:42.189Z
tufts street,bunker hill street,Tufts St,Bunker Hill St,Tufts St and Bunker Hill St,ok,1,"Tufts St & Bunker Hill St, Charlestown, MA 02129",-71.057088000001,42.377085000003,332,1,200,,2026-06-04T18:55:43.395Z
tufts street,lincoln street,Tufts St,Lincoln St,Tufts St and Lincoln St,ok,1,"Tufts St & Lincoln St, Leather District, MA 02111",-71.058226500001,42.351723000003,271,1,200,,2026-06-04T18:55:44.536Z
tufts street,medford street,Tufts St,Medford St,Tufts St and Medford St,ok,1,"Tufts St & Medford St, Charlestown, MA 02129",-71.056728000001,42.379146000003,337,1,200,,2026-06-04T18:55:45.801Z
tufts street,south street,Tufts St,South St,Tufts St and South St,ok,1,"Tufts St & South St, Leather District, MA 02111",-71.057268000001,42.351561000003,345,1,200,,2026-06-04T18:55:47.011Z
tupelo street,quincy street,Tupelo St,Quincy St,Tupelo St and Quincy St,ok,1,"Tupelo St & Quincy St, Roxbury, MA 02119",-71.081797500001,42.316047000003,281,1,200,,2026-06-04T18:55:48.148Z
tupelo street,savin street,Tupelo St,Savin St,Tupelo St and Savin St,ok,1,"Tupelo St & Savin St, Roxbury, MA 02119",-71.081167500001,42.316821000003,296,1,200,,2026-06-04T18:55:49.364Z
turner street,faneuil street,Turner St,Faneuil St,Turner St and Faneuil St,ok,1,"Turner St & Faneuil St, Brighton, MA 02135",-71.162005500001,42.352542000003,322,1,200,,2026-06-04T18:55:50.590Z
turner street,washington street,Turner St,Washington St,Turner St and Washington St,ok,1,"Turner St & Washington St, Brighton, MA 02135",-71.162145000001,42.348960000003,292,1,200,,2026-06-04T18:55:51.761Z
tuttle street,hartland street,Tuttle St,Hartland St,Tuttle St and Hartland St,ok,1,"Tuttle St & Hartland St, Dorchester, MA 02125",-71.053087500001,42.315138000003,315,1,200,,2026-06-04T18:55:52.984Z
tuttle street,savin hill avenue,Tuttle St,Savin Hill Ave,Tuttle St and Savin Hill Ave,ok,1,"Tuttle St & Savin Hill Ave, Dorchester, MA 02125",-71.054469000001,42.312024000003,307,1,200,,2026-06-04T18:55:54.178Z
tyler street,beach street,Tyler St,Beach St,Tyler St and Beach St,ok,1,"Tyler St & Beach St, Chinatown, MA 02111",-71.060517000001,42.351363000003,290,1,200,,2026-06-04T18:55:55.361Z
tyler street,oak street,Tyler St,Oak St,Tyler St and Oak St,ok,1,"Tyler St & Oak St, Chinatown, MA 02111",-71.061889500001,42.348042000003,292,1,200,,2026-06-04T18:55:56.564Z
union avenue,green street,Union Ave,Green St,Union Ave and Green St,ok,1,"Union Ave & Green St, Jamaica Plain, MA 02130",-71.105643000001,42.309900000003,280,1,200,,2026-06-04T18:55:57.754Z
union park,montgomery street,Union Park,Montgomery St,Union Park and Montgomery St,ok,1,"Union Park & Montgomery St, South End, MA 02118",-71.072658000001,42.343956000003,283,1,200,,2026-06-04T18:55:58.958Z
union park,shawmut avenue,Union Park,Shawmut Ave,Union Park and Shawmut Ave,ok,1,"Union Park & Shawmut Ave, South End, MA 02118",-71.070606000001,42.342156000003,1331,1,200,,2026-06-04T18:56:01.213Z
union park,tremont street,Union Park,Tremont St,Union Park and Tremont St,ok,1,"Union Park & Tremont St, South End, MA 02118",-71.072316000001,42.343605000003,281,1,200,,2026-06-04T18:56:01.495Z
union park street,albany street,Union Park St,Albany St,Union Park St and Albany St,ok,1,"Union Park St & Albany St, South End, MA 02118",-71.065003500001,42.339600000003,332,1,200,,2026-06-04T18:56:02.747Z
union park street,shawmut avenue,Union Park St,Shawmut Ave,Union Park St and Shawmut Ave,ok,1,"Union Park St & Shawmut Ave, South End, MA 02118",-71.070606000001,42.342156000003,263,1,200,,2026-06-04T18:56:03.881Z
union park street,washington street,Union Park St,Washington St,Union Park St and Washington St,ok,1,"Union Park St & Washington St, South End, MA 02118",-71.069643000001,42.341328000003,295,1,200,,2026-06-04T18:56:05.112Z
union street,hanover street,Union St,Hanover St,Union St and Hanover St,ok,1,"Union St & Hanover St, Downtown, MA 02108",-71.057304000001,42.361695000003,267,1,200,,2026-06-04T18:56:06.285Z
union street,lynde street,Union St,Lynde St,Union St and Lynde St,ok,1,"Union St & Lynde St, Charlestown, MA 02129",-71.066398500001,42.373404000003,327,1,200,,2026-06-04T18:56:07.546Z
union street,main street,Union St,Main St,Union St and Main St,ok,1,"Union St & Main St, Charlestown, MA 02129",-71.063707500001,42.374583000003,291,1,200,,2026-06-04T18:56:08.711Z
union street,north street,Union St,North St,Union St and North St,ok,1,"Union St & North St, Downtown, MA 02108",-71.056723500001,42.360381000003,312,1,200,,2026-06-04T18:56:09.933Z
unity street,charter street,Unity St,Charter St,Unity St and Charter St,ok,1,"Unity St & Charter St, North End, MA 02113",-71.053573500001,42.366600000003,295,1,200,,2026-06-04T18:56:11.117Z
upham avenue,hancock street,Upham Ave,Hancock St,Upham Ave and Hancock St,ok,1,"Upham Ave & Hancock St, Dorchester, MA 02125",-71.066052000001,42.315327000003,268,1,200,,2026-06-04T18:56:12.291Z
upham avenue,mount cushing terrace,Upham Ave,Mount Cushing Ter,Upham Ave and Mount Cushing Ter,ok,1,"Upham Ave & Mount Cushing Ter, Dorchester, MA 02125",-71.063874000001,42.315264000003,327,1,200,,2026-06-04T18:56:13.550Z
upton street,shawmut avenue,Upton St,Shawmut Ave,Upton St and Shawmut Ave,ok,1,"Upton St & Shawmut Ave, South End, MA 02118",-71.071402500001,42.341697000003,272,1,200,,2026-06-04T18:56:14.696Z
upton street,tremont street,Upton St,Tremont St,Upton St and Tremont St,ok,1,"Upton St & Tremont St, South End, MA 02118",-71.073135000001,42.343173000003,297,1,200,,2026-06-04T18:56:15.921Z
vale street,marcella street,Vale St,Marcella St,Vale St and Marcella St,ok,1,"Vale St & Marcella St, Roxbury, MA 02119",-71.095306500001,42.322473000003,277,1,200,,2026-06-04T18:56:17.102Z
vale street,thornton street,Vale St,Thornton St,Vale St and Thornton St,ok,1,"Vale St & Thornton St, Roxbury, MA 02119",-71.093484000001,42.321573000003,284,1,200,,2026-06-04T18:56:18.310Z
valley road,dorchester avenue,Valley Rd,Dorchester Ave,Valley Rd and Dorchester Ave,ok,1,"Valley Rd & Dorchester Ave, Mattapan, MA 02124",-71.066488500001,42.277977000003,302,1,200,,2026-06-04T18:56:19.529Z
valley road,washington street,Valley Rd,Washington St,Valley Rd and Washington St,ok,1,"Valley Rd & Washington St, Mattapan, MA 02124",-71.069508000001,42.277158000003,337,1,200,,2026-06-04T18:56:20.764Z
van ness street,ipswich street,Van Ness St,Ipswich St,Van Ness St and Ipswich St,ok,1,"Van Ness St & Ipswich St, Fenway, MA 02215",-71.095671000001,42.346089000003,273,1,200,,2026-06-04T18:56:21.903Z
van ness street,kilmarnock street,Van Ness St,Kilmarnock St,Van Ness St and Kilmarnock St,ok,1,"Van Ness St & Kilmarnock St, Fenway, MA 02215",-71.100472500001,42.344694000003,337,1,200,,2026-06-04T18:56:23.166Z
vaughan avenue,devon street,Vaughan Ave,Devon St,Vaughan Ave and Devon St,ok,1,"Vaughan Ave & Devon St, Dorchester, MA 02121",-71.075223000001,42.307029000003,345,1,200,,2026-06-04T18:56:24.374Z
vaughan avenue,geneva avenue,Vaughan Ave,Geneva Ave,Vaughan Ave and Geneva Ave,ok,1,"Vaughan Ave & Geneva Ave, Dorchester, MA 02121",-71.077383000001,42.305472000003,268,1,200,,2026-06-04T18:56:25.499Z
vernon street,shawmut avenue,Vernon St,Shawmut Ave,Vernon St and Shawmut Ave,ok,1,"Vernon St & Shawmut Ave, Roxbury, MA 02120",-71.085010500001,42.330852000003,261,1,200,,2026-06-04T18:56:26.693Z
vernon street,washington street,Vernon St,Washington St,Vernon St and Washington St,ok,1,"Vernon St & Washington St, Roxbury, MA 02119",-71.084016000001,42.330339000003,324,1,200,,2026-06-04T18:56:27.957Z
verona street,carolina avenue,Verona St,Carolina Ave,Verona St and Carolina Ave,ok,1,"Verona St & Carolina Ave, Jamaica Plain, MA 02130",-71.112730500001,42.307902000003,317,1,200,,2026-06-04T18:56:29.153Z
verona street,child street,Verona St,Child St,Verona St and Child St,ok,1,"Verona St & Child St, Jamaica Plain, MA 02130",-71.112595500001,42.306921000003,311,1,200,,2026-06-04T18:56:30.346Z
verrill street,morton street,Verrill St,Morton St,Verrill St and Morton St,ok,1,"Verrill St & Morton St, Dorchester, MA 02126",-71.087940000001,42.282225000003,288,1,200,,2026-06-04T18:56:31.524Z
verrill street,woolson street,Verrill St,Woolson St,Verrill St and Woolson St,ok,1,"Verrill St & Woolson St, Mattapan, MA 02126",-71.089092000001,42.281073000003,281,1,200,,2026-06-04T18:56:32.718Z
vesta road,blue hill avenue,Vesta Rd,Blue Hill Ave,Vesta Rd and Blue Hill Ave,ok,1,"Vesta Rd & Blue Hill Ave, Dorchester, MA 02124",-71.087296500001,42.296643000003,311,1,200,,2026-06-04T18:56:33.950Z
vesta road,harvard avenue,Vesta Rd,Harvard Ave,Vesta Rd and Harvard Ave,ok,1,"Vesta Rd & Harvard St, Dorchester, MA 02124",-71.086360500001,42.295311000003,306,1,200,,2026-06-04T18:56:35.146Z
victoria street,dorchester avenue,Victoria St,Dorchester Ave,Victoria St and Dorchester Ave,ok,1,"Victoria St & Dorchester Ave, Dorchester, MA 02125",-71.056692000001,42.315444000003,293,1,200,,2026-06-04T18:56:36.334Z
victoria street,pleasant street,Victoria St,Pleasant St,Victoria St and Pleasant St,ok,1,"Victoria St & Pleasant St, Dorchester, MA 02125",-71.059621500001,42.316002000003,266,1,200,,2026-06-04T18:56:37.507Z
viking terrace,dania street,Viking Ter,Dania St,Viking Ter and Dania St,ok,1,"Viking Ter & Dania St, Mattapan, MA 02126",-71.089258500001,42.271704000003,370,1,200,,2026-06-04T18:56:38.812Z
viking terrace,linvale terrace,Viking Ter,Linvale Ter,Viking Ter and Linvale Ter,ok,1,"Viking Ter & Linvale Ter, Mattapan, MA 02126",-71.088561000001,42.271371000003,338,1,200,,2026-06-04T18:56:39.982Z
vine street,chelsea street,Vine St,Chelsea St,Vine St and Chelsea St,ok,1,"Vine St & Chelsea St, Charlestown, MA 02129",-71.055220500001,42.376239000003,332,1,200,,2026-06-04T18:56:41.194Z
vine street,dudley street,Vine St,Dudley St,Vine St and Dudley St,ok,1,"Vine St & Dudley St, Roxbury, MA 02119",-71.076631500001,42.327126000003,285,1,200,,2026-06-04T18:56:42.330Z
vine street,moulton street,Vine St,Moulton St,Vine St and Moulton St,ok,1,"Vine St & Moulton St, Charlestown, MA 02129",-71.056489500001,42.376932000003,360,1,200,,2026-06-04T18:56:43.606Z
vine street,mt pleasant avenue,Vine St,Mt Pleasant Ave,Vine St and Mt Pleasant Ave,ok,1,"Vine St & Mount Pleasant Ave, Roxbury, MA 02119",-71.078188500001,42.325893000003,327,1,200,,2026-06-04T18:56:44.773Z
vining street,francis street,Vining St,Francis St,Vining St and Francis St,ok,1,"Vining St & Francis St, Mission Hill, MA 02115",-71.107452000001,42.335838000003,336,1,200,,2026-06-04T18:56:45.983Z
vinson street,geneva avenue,Vinson St,Geneva Ave,Vinson St and Geneva Ave,ok,1,"Vinson St & Geneva Ave, Dorchester, MA 02122",-71.063797500001,42.298893000003,265,1,200,,2026-06-04T18:56:47.114Z
vinson street,park street,Vinson St,Park St,Vinson St and Park St,ok,1,"Vinson St & Park St, Dorchester, MA 02124",-71.065656000001,42.297228000003,292,1,200,,2026-06-04T18:56:48.342Z
vinton street,dorchester street,Vinton St,Dorchester St,Vinton St and Dorchester St,ok,1,"Vinton St & Dorchester St, South Boston, MA 02127",-71.054410500001,42.330798000003,312,1,200,,2026-06-04T18:56:49.564Z
vinton street,preble street,Vinton St,Preble St,Vinton St and Preble St,ok,1,"Vinton St & Preble St, South Boston, MA 02127",-71.052840000001,42.329295000003,334,1,200,,2026-06-04T18:56:50.790Z
violet street,crossman street,Violet St,Crossman St,Violet St and Crossman St,ok,1,"Violet St & Crossman St, Mattapan, MA 02126",-71.090527500001,42.273531000003,331,1,200,,2026-06-04T18:56:51.987Z
violet street,delhi street,Violet St,Delhi St,Violet St and Delhi St,ok,1,"Violet St & Delhi St, Mattapan, MA 02126",-71.090361000001,42.275376000003,329,1,200,,2026-06-04T18:56:53.187Z
virginia street,bird street,Virginia St,Bird St,Virginia St and Bird St,ok,1,"Virginia St & Bird St, Dorchester, MA 02125",-71.069233500001,42.314535000003,382,1,200,,2026-06-04T18:56:54.441Z
virginia street,dudley street,Virginia St,Dudley St,Virginia St and Dudley St,ok,1,"Virginia St & Dudley St, Dorchester, MA 02125",-71.066511000001,42.317676000003,264,1,200,,2026-06-04T18:56:55.523Z
wabeno street,waumbeck street,Wabeno St,Waumbeck St,Wabeno St and Waumbeck St,ok,1,"Wabeno St & Waumbeck St, Roxbury, MA 02121",-71.087094000001,42.314247000003,261,1,200,,2026-06-04T18:56:56.721Z
wabeno street,wyoming street,Wabeno St,Wyoming St,Wabeno St and Wyoming St,ok,1,"Wabeno St & Wyoming St, Roxbury, MA 02121",-71.086599000001,42.315489000003,265,1,200,,2026-06-04T18:56:57.927Z
wabon street,wabeno street,Wabon St,Wabeno St,Wabon St and Wabeno St,ok,1,"Wabon St & Wabeno St, Roxbury, MA 02121",-71.086887000001,42.314760000003,282,1,200,,2026-06-04T18:56:59.146Z
wabon street,warren street,Wabon St,Warren St,Wabon St and Warren St,ok,1,"Wabon St & Warren St, Roxbury, MA 02121",-71.083723500001,42.314076000003,340,1,200,,2026-06-04T18:57:00.423Z
wade street,commonwealth avenue,Wade St,Commonwealth Ave,Wade St and Commonwealth Ave,ok,1,"Wade St & Commonwealth Ave, Brighton, MA 02135",-71.159629500001,42.339888000003,287,1,200,,2026-06-04T18:57:01.555Z
wadsworth street,pratt street,Wadsworth St,Pratt St,Wadsworth St and Pratt St,ok,1,"Wadsworth St & Pratt St, Allston, MA 02134",-71.127279000001,42.355224000003,313,1,200,,2026-06-04T18:57:02.782Z
wainwright street,centre street,Wainwright St,Centre St,Wainwright St and Centre St,ok,1,"Wainwright St & Centre St, Dorchester, MA 02124",-71.067555000001,42.291441000003,408,1,200,,2026-06-04T18:57:04.080Z
wainwright street,welles avenue,Wainwright St,Welles Ave,Wainwright St and Welles Ave,ok,1,"Wainwright St & Welles Ave, Dorchester, MA 02124",-71.066466000001,42.289218000003,358,1,200,,2026-06-04T18:57:05.228Z
wait street,hillside street,Wait St,Hillside St,Wait St and Hillside St,ok,1,"Wait St & Hillside St, Mission Hill, MA 02120",-71.106700500001,42.331410000003,319,1,200,,2026-06-04T18:57:06.390Z
wait street,huntington avenue,Wait St,Huntington Ave,Wait St and Huntington Ave,ok,1,"Wait St & Huntington Ave, Mission Hill, MA 02115",-71.106174000001,42.333507000003,541,1,200,,2026-06-04T18:57:07.813Z
wakullah street,dale street,Wakullah St,Dale St,Wakullah St and Dale St,ok,1,"Wakullah St & Dale St, Roxbury, MA 02119",-71.086779000001,42.321735000003,475,1,200,,2026-06-04T18:57:08.949Z
wakullah street,rockland street,Wakullah St,Rockland St,Wakullah St and Rockland St,ok,1,"Wakullah St & Rockland St, Roxbury, MA 02119",-71.086126500001,42.322761000003,415,1,200,,2026-06-04T18:57:10.091Z
walbridge street,brainerd road,Walbridge St,Brainerd Rd,Walbridge St and Brainerd Rd,ok,1,"Walbridge St & Brainerd Rd, Allston, MA 02134",-71.134672500001,42.346854000003,420,1,200,,2026-06-04T18:57:11.298Z
walbridge street,commonwealth avenue,Walbridge St,Commonwealth Ave,Walbridge St and Commonwealth Ave,ok,1,"Walbridge St & Commonwealth Ave, Allston, MA 02134",-71.135995500001,42.347970000003,277,1,200,,2026-06-04T18:57:12.357Z
waldeck street,geneva avenue,Waldeck St,Geneva Ave,Waldeck St and Geneva Ave,ok,1,"Waldeck St & Geneva Ave, Dorchester, MA 02122",-71.064783000001,42.299487000003,284,1,200,,2026-06-04T18:57:13.566Z
waldeck street,melville avenue,Waldeck St,Melville Ave,Waldeck St and Melville Ave,ok,1,"Waldeck St & Melville Ave, Dorchester, MA 02124",-71.066736000001,42.294681000003,523,1,200,,2026-06-04T18:57:15.007Z
waldeck street,park street,Waldeck St,Park St,Waldeck St and Park St,ok,1,"Waldeck St & Park St, Dorchester, MA 02124",-71.067024000001,42.296859000003,318,1,200,,2026-06-04T18:57:16.003Z
walden street,centre street,Walden St,Centre St,Walden St and Centre St,ok,1,"Walden St & Centre St, Jamaica Plain, MA 02130",-71.104023000001,42.322833000003,526,1,200,,2026-06-04T18:57:17.414Z
walden street,heath street,Walden St,Heath St,Walden St and Heath St,ok,1,"Walden St & Heath St, Jamaica Plain, MA 02120",-71.104617000001,42.326100000003,389,1,200,,2026-06-04T18:57:18.478Z
waldren road,walnut park,Waldren Rd,Walnut Park,Waldren Rd and Walnut Park,ok,1,"Waldren Rd & Walnut Park, Roxbury, MA 02119",-71.095662000001,42.315147000003,268,1,200,,2026-06-04T18:57:19.560Z
waldren road,westminister avenue,Waldren Rd,Westminister Ave,Waldren Rd and Westminister Ave,ok,1,"Waldren Rd & Westminster Ave, Roxbury, MA 02119",-71.094798000001,42.315876000003,340,1,200,,2026-06-04T18:57:20.832Z
wales street,blue hill avenue,Wales St,Blue Hill Ave,Wales St and Blue Hill Ave,ok,2,"Wales St & Blue Hill Ave, Roxbury, MA 02121",-71.086864500001,42.298722000003,435,1,200,,2026-06-04T18:57:22.129Z
wales street,talbot avenue,Wales St,Talbot Ave,Wales St and Talbot Ave,ok,1,"Wales St & Talbot Ave, Dorchester, MA 02124",-71.082994500001,42.293457000003,284,1,200,,2026-06-04T18:57:23.180Z
walford way,decatur street,Walford Way,Decatur St,Walford Way and Decatur St,ok,1,"Walford Way & Decatur St, Charlestown, MA 02129",-71.054275500001,42.377904000003,376,1,200,,2026-06-04T18:57:24.476Z
walford way,polk street,Walford Way,Polk St,Walford Way and Polk St,ok,1,"Walford Way & Polk St, Charlestown, MA 02129",-71.060854500001,42.379623000003,323,1,200,,2026-06-04T18:57:25.624Z
walk hill street,blue hill avenue,Walk Hill St,Blue Hill Ave,Walk Hill St and Blue Hill Ave,ok,1,"Walk Hill St & Blue Hill Ave, Mattapan, MA 02126",-71.093574000001,42.277248000003,317,1,200,,2026-06-04T18:57:26.819Z
walk hill street,canterbury street,Walk Hill St,Canterbury St,Walk Hill St and Canterbury St,ok,1,"Walk Hill St & Canterbury St, Roslindale, MA 02130",-71.107974000001,42.288624000003,337,1,200,,2026-06-04T18:57:28.040Z
walk hill street,harvard street,Walk Hill St,Harvard St,Walk Hill St and Harvard St,ok,1,"Walk Hill St & Harvard St, Mattapan, MA 02126",-71.099613000001,42.282324000003,394,1,200,,2026-06-04T18:57:29.300Z
walk hill street,hyde park avenue,Walk Hill St,Hyde Park Ave,Walk Hill St and Hyde Park Ave,ok,1,"Walk Hill St & Hyde Park Ave, Jamaica Plain, MA 02130",-71.116218000001,42.296031000003,279,1,200,,2026-06-04T18:57:30.387Z
walker street,main street,Walker St,Main St,Walker St and Main St,ok,1,"Walker St & Main St, Charlestown, MA 02129",-71.067852000001,42.378228000003,283,1,200,,2026-06-04T18:57:31.593Z
walker street,wall street,Walker St,Wall St,Walker St and Wall St,ok,1,"Walker St & Wall St, Charlestown, MA 02129",-71.066110500001,42.380055000003,312,1,200,,2026-06-04T18:57:32.824Z
wall street,sullivan street,Wall St,Sullivan St,Wall St and Sullivan St,ok,1,"Wall St & Sullivan St, Charlestown, MA 02129",-71.064688500001,42.379632000003,301,1,200,,2026-06-04T18:57:34.015Z
wall street,walker street,Wall St,Walker St,Wall St and Walker St,ok,1,"Wall St & Walker St, Charlestown, MA 02129",-71.066110500001,42.380055000003,279,1,200,,2026-06-04T18:57:35.195Z
wallingford road,chestnut hill avenue,Wallingford Rd,Chestnut Hill Ave,Wallingford Rd and Chestnut Hill Ave,ok,1,"Wallingford Rd & Chestnut Hill Ave, Brighton, MA 02135",-71.153370000001,42.344514000003,283,1,200,,2026-06-04T18:57:36.402Z
wallingford road,commonwealth avenue,Wallingford Rd,Commonwealth Ave,Wallingford Rd and Commonwealth Ave,ok,1,"Wallingford Rd & Commonwealth Ave, Brighton, MA 02135",-71.150553000001,42.341121000003,274,1,200,,2026-06-04T18:57:37.596Z
walnut avenue,colmubus avenue,Walnut Ave,Colmubus Ave,Walnut Ave and Colmubus Ave,ok,1,"Walnut Ave & Columbus Ave, Jamaica Plain, MA 02119",-71.095140000001,42.313320000003,277,1,200,,2026-06-04T18:57:38.800Z
walnut avenue,columbus avenue,Walnut Ave,Columbus Ave,Walnut Ave and Columbus Ave,ok,1,"Walnut Ave & Columbus Ave, Jamaica Plain, MA 02119",-71.095140000001,42.313320000003,316,1,200,,2026-06-04T18:57:40.039Z
walnut avenue,humboldt avenue,Walnut Ave,Humboldt Ave,Walnut Ave and Humboldt Ave,ok,1,"Walnut Ave & Humboldt Ave, Roxbury, MA 02119",-71.086023000001,42.320718000003,411,1,200,,2026-06-04T18:57:41.337Z
walnut avenue,sigourney street,Walnut Ave,Sigourney St,Walnut Ave and Sigourney St,ok,1,"Walnut Ave & Sigourney St, Roxbury, MA 02130",-71.097934500001,42.310044000003,340,1,200,,2026-06-04T18:57:42.467Z
walnut avenue,warren street,Walnut Ave,Warren St,Walnut Ave and Warren St,ok,1,"Walnut Ave & Warren St, Roxbury, MA 02119",-71.082877500001,42.324084000003,319,1,200,,2026-06-04T18:57:43.649Z
walnut park,walnut avenue,Walnut Park,Walnut Ave,Walnut Park and Walnut Ave,ok,1,"Walnut Park & Walnut Ave, Roxbury, MA 02119",-71.094078000001,42.314157000003,490,1,200,,2026-06-04T18:57:45.020Z
walnut park,washington street,Walnut Park,Washington St,Walnut Park and Washington St,ok,1,"Walnut Park & Washington St, Roxbury, MA 02119",-71.097705000001,42.316416000003,393,1,200,,2026-06-04T18:57:46.124Z
walnut street,beacon street,Walnut St,Beacon St,Walnut St and Beacon St,ok,1,"Walnut St & Beacon St, Beacon Hill, MA 02108",-71.065804500001,42.357006000003,319,1,200,,2026-06-04T18:57:47.251Z
walnut street,chestnut street,Walnut St,Chestnut St,Walnut St and Chestnut St,ok,1,"Walnut St & Chestnut St, Beacon Hill, MA 02108",-71.066119500001,42.357843000003,277,1,200,,2026-06-04T18:57:48.412Z
walnut street,mt vernon street,Walnut St,Mt Vernon St,Walnut St and Mt Vernon St,ok,1,"Walnut St & Mount Vernon St, Beacon Hill, MA 02108",-71.066290500001,42.358311000003,348,1,200,,2026-06-04T18:57:49.686Z
waltham street,tremont street,Waltham St,Tremont St,Waltham St and Tremont St,ok,1,"Waltham St & Tremont St, South End, MA 02116",-71.071551000001,42.344019000003,347,1,200,,2026-06-04T18:57:50.886Z
waltham street,union park street,Waltham St,Union Park St,Waltham St and Union Park St,ok,1,"Waltham St & Union Park St, South End, MA 02118",-71.067285000001,42.340374000003,341,1,200,,2026-06-04T18:57:52.082Z
waltham street,washington street,Waltham St,Washington St,Waltham St and Washington St,ok,1,"Waltham St & Washington St, South End, MA 02118",-71.068774500001,42.341661000003,351,1,200,,2026-06-04T18:57:53.295Z
walton street,harley street,Walton St,Harley St,Walton St and Harley St,ok,1,"Walton St & Harley St, Dorchester, MA 02124",-71.069121000001,42.287499000003,270,1,200,,2026-06-04T18:57:54.416Z
walton street,washington street,Walton St,Washington St,Walton St and Washington St,ok,1,"Walton St & Washington St, Dorchester, MA 02124",-71.071209000001,42.287238000003,323,1,200,,2026-06-04T18:57:55.669Z
ward street,dorchester street,Ward St,Dorchester St,Ward St and Dorchester St,ok,1,"Ward St & Dorchester St, South Boston, MA 02127",-71.055265500001,42.330411000003,338,1,200,,2026-06-04T18:57:56.884Z
ward street,parker street,Ward St,Parker St,Ward St and Parker St,ok,1,"Ward St & Parker St, Mission Hill, MA 02120",-71.095032000001,42.334785000003,350,1,200,,2026-06-04T18:57:58.100Z
ward street,preble street,Ward St,Preble St,Ward St and Preble St,ok,1,"Ward St & Preble St, South Boston, MA 02127",-71.054248500001,42.329232000003,1099,1,200,,2026-06-04T18:58:00.051Z
ward street,street alphonsus street,Ward St,St Alphonsus St,Ward St and St Alphonsus St,ok,1,"Ward St & Saint Alphonsus St, Mission Hill, MA 02120",-71.099275500001,42.336009000003,362,1,200,,2026-06-04T18:58:00.514Z
wardman road,walnut park,Wardman Rd,Walnut Park,Wardman Rd and Walnut Park,ok,1,"Wardman Rd & Walnut Park, Roxbury, MA 02119",-71.095302000001,42.314922000003,280,1,200,,2026-06-04T18:58:01.637Z
wardman road,westminister avenue,Wardman Rd,Westminister Ave,Wardman Rd and Westminister Ave,ok,1,"Wardman Rd & Westminster Ave, Roxbury, MA 02119",-71.094424500001,42.315687000003,277,1,200,,2026-06-04T18:58:02.833Z
ware street,rill street,Ware St,Rill St,Ware St and Rill St,ok,1,"Ware St & Rill St, Dorchester, MA 02125",-71.065611000001,42.311250000003,373,1,200,,2026-06-04T18:58:04.130Z
ware street,trull street,Ware St,Trull St,Ware St and Trull St,ok,1,"Ware St & Trull St, Dorchester, MA 02125",-71.066844000001,42.311853000003,524,1,200,,2026-06-04T18:58:05.483Z
wareham street,albany street,Wareham St,Albany St,Wareham St and Albany St,ok,1,"Wareham St & Albany St, South End, MA 02118",-71.066493000001,42.338493000003,1221,1,200,,2026-06-04T18:58:07.381Z
wareham street,malden street,Wareham St,Malden St,Wareham St and Malden St,ok,1,"Wareham St & Malden St, South End, MA 02118",-71.068495500001,42.340149000003,838,1,200,,2026-06-04T18:58:08.224Z
warner street,harvard street,Warner St,Harvard St,Warner St and Harvard St,ok,1,"Warner St & Harvard St, Dorchester, MA 02121",-71.080470000001,42.296391000003,674,1,200,,2026-06-04T18:58:09.256Z
warner street,west park street,Warner St,West Park St,Warner St and West Park St,ok,1,"Warner St & W Park St, Dorchester, MA 02124",-71.079619500001,42.294123000003,282,1,200,,2026-06-04T18:58:10.067Z
warren avenue,berkeley street,Warren Ave,Berkeley St,Warren Ave and Berkeley St,ok,1,"Warren Ave & Berkeley St, South End, MA 02116",-71.070228000001,42.345450000003,928,1,200,,2026-06-04T18:58:11.915Z
warren avenue,clarendon street,Warren Ave,Clarendon St,Warren Ave and Clarendon St,ok,1,"Warren Ave & Clarendon St, South End, MA 02116",-71.072352000001,42.344883000003,480,1,200,,2026-06-04T18:58:12.668Z
warren avenue,pembroke street,Warren Ave,Pembroke St,Warren Ave and Pembroke St,ok,1,"Warren Ave & Pembroke St, South End, MA 02116",-71.077509000001,42.343461000003,410,1,200,,2026-06-04T18:58:13.800Z
warren place,harrison avenue,Warren Pl,Harrison Ave,Warren Pl and Harrison Ave,ok,1,"Warren Pl & Harrison Ave, Roxbury, MA 02119",-71.082927000001,42.327999000003,380,1,200,,2026-06-04T18:58:14.971Z
warren place,pevear place,Warren Pl,Pevear Pl,Warren Pl and Pevear Pl,ok,1,"Warren Pl & Pevear Pl, Roxbury, MA 02119",-71.081518500001,42.327891000003,363,1,200,,2026-06-04T18:58:16.155Z
warren street,chelsea street,Warren St,Chelsea St,Warren St and Chelsea St,ok,1,"Warren St & Chelsea St, Charlestown, MA 02129",-71.060508000001,42.372234000003,277,1,200,,2026-06-04T18:58:17.270Z
warren street,main street,Warren St,Main St,Warren St and Main St,ok,1,"Warren St & Main St, Charlestown, MA 02129",-71.063833500001,42.375042000003,339,1,200,,2026-06-04T18:58:18.534Z
warren street,park street,Warren St,Park St,Warren St and Park St,ok,1,"Warren St & Park St, Charlestown, MA 02129",-71.060953500001,42.372990000003,323,1,200,,2026-06-04T18:58:19.718Z
warren street,quincy street,Warren St,Quincy St,Warren St and Quincy St,ok,1,"Warren St & Quincy St, Roxbury, MA 02119",-71.082909000001,42.316380000003,570,1,200,,2026-06-04T18:58:21.167Z
warren street,wellington court,Warren St,Wellington Ct,Warren St and Wellington Ct,ok,1,"Warren St & Wellington Ct, Roxbury, MA 02121",-71.083651500001,42.313563000003,661,1,200,,2026-06-04T18:58:22.461Z
warrenton street,stuart street,Warrenton St,Stuart St,Warrenton St and Stuart St,ok,1,"Warrenton St & Stuart St, Downtown, MA 02116",-71.066065500001,42.351120000003,346,1,200,,2026-06-04T18:58:23.347Z
warrenton street,warrenton place,Warrenton St,Warrenton Pl,Warrenton St and Warrenton Pl,ok,1,"Warrenton St & Warrenton Pl, Downtown, MA 02116",-71.065926000001,42.349788000003,331,1,200,,2026-06-04T18:58:24.535Z
warwick street,hammond street,Warwick St,Hammond St,Warwick St and Hammond St,ok,1,"Warwick St & Hammond St, Roxbury, MA 02120",-71.083575000001,42.336774000003,337,1,200,,2026-06-04T18:58:25.745Z
warwick street,windsor street,Warwick St,Windsor St,Warwick St and Windsor St,ok,1,"Warwick St & Windsor St, Roxbury, MA 02120",-71.084853000001,42.335433000003,407,1,200,,2026-06-04T18:58:27.015Z
washington street,atherton street,Washington St,Atherton St,Washington St and Atherton St,ok,1,"Washington St & Atherton St, Jamaica Plain, MA 02119",-71.098434000001,42.315660000003,352,1,200,,2026-06-04T18:58:28.164Z
washington street,beech street,Washington St,Beech St,Washington St and Beech St,ok,1,"Washington St & Beech St, Roslindale, MA 02131",-71.136990000001,42.278310000003,277,1,200,,2026-06-04T18:58:29.289Z
washington street,bigelow street,Washington St,Bigelow St,Washington St and Bigelow St,ok,1,"Washington St & Bigelow St, Brighton, MA 02135",-71.167664250001,42.350787000003,330,1,200,,2026-06-04T18:58:30.540Z
washington street,blue hill avenue,Washington St,Blue Hill Ave,Washington St and Blue Hill Ave,ok,1,"Washington St & Blue Hill Ave, Roxbury, MA 02121",-71.083278000001,42.308478000003,343,1,200,,2026-06-04T18:58:31.753Z
washington street,brookley road,Washington St,Brookley Rd,Washington St and Brookley Rd,ok,1,"Washington St & Brookley Rd, Jamaica Plain, MA 02130",-71.109117000001,42.304824000003,396,1,200,,2026-06-04T18:58:33.007Z
washington street,burnett street,Washington St,Burnett St,Washington St and Burnett St,ok,2,"Washington St & Burnett St, Jamaica Plain, MA 02130",-71.110080000001,42.303825000003,401,1,200,,2026-06-04T18:58:34.211Z
washington street,cambridge street,Washington St,Cambridge St,Washington St and Cambridge St,ok,1,"Washington St & Cambridge St, Brighton, MA 02135",-71.150341500001,42.349068000003,285,1,200,,2026-06-04T18:58:35.296Z
washington street,chestnut hill avenue,Washington St,Chestnut Hill Ave,Washington St and Chestnut Hill Ave,ok,1,"Washington St & Chestnut Hill Ave, Brighton, MA 02135",-71.153428500001,42.349104000003,268,1,200,,2026-06-04T18:58:36.480Z
washington street,columbia road,Washington St,Columbia Rd,Washington St and Columbia Rd,ok,1,"Washington St & Columbia Rd, Dorchester, MA 02121",-71.080578000001,42.305445000003,285,1,200,,2026-06-04T18:58:37.700Z
washington street,columbus avenue,Washington St,Columbus Ave,Washington St and Columbus Ave,ok,1,"Washington St & Columbus Ave, Jamaica Plain, MA 02119",-71.098308000001,42.315786000003,347,1,200,,2026-06-04T18:58:38.965Z
washington street,commonwealth avenue,Washington St,Commonwealth Ave,Washington St and Commonwealth Ave,ok,2,"Washington St & Commonwealth Ave, Brighton, MA 02135",-71.143141500001,42.343884000003,300,1,200,,2026-06-04T18:58:40.119Z
washington street,commonweath avenue,Washington St,Commonweath Ave,Washington St and Commonweath Ave,ok,2,"Washington St & Commonwealth Ave, Brighton, MA 02135",-71.143141500001,42.343884000003,385,1,200,,2026-06-04T18:58:41.405Z
washington street,corey road,Washington St,Corey Rd,Washington St and Corey Rd,ok,1,"Washington St & Corey Rd, Brighton, MA 02135",-71.140428000001,42.342408000003,363,1,200,,2026-06-04T18:58:42.585Z
washington street,cummins highway,Washington St,Cummins Hwy,Washington St and Cummins Hwy,ok,1,"Washington St & Cummins Hwy, Roslindale, MA 02131",-71.128125000001,42.286455000003,328,1,200,,2026-06-04T18:58:43.754Z
washington street,dedham town line,Washington St,Dedham Town Line,Washington St and Dedham Town Line,ok,1,"Washington St & W Dedham St, South End, MA 02118",-71.070790500001,42.340743000003,295,1,200,,2026-06-04T18:58:44.921Z
washington street,dorchester avenue,Washington St,Dorchester Ave,Washington St and Dorchester Ave,ok,1,"Washington St & Dorchester Ave, Dorchester, MA 02124",-71.068000500001,42.272217000003,340,1,200,,2026-06-04T18:58:46.168Z
washington street,dudley street,Washington St,Dudley St,Washington St and Dudley St,ok,1,"Washington St & Dudley St, Roxbury, MA 02119",-71.085159000001,42.328899000003,344,1,200,,2026-06-04T18:58:47.378Z
washington street,east berkeley street,Washington St,East Berkeley St,Washington St and East Berkeley St,ok,1,"Washington St & E Berkeley St, South End, MA 02118",-71.065948500001,42.343947000003,298,1,200,,2026-06-04T18:58:48.530Z
washington street,foster street,Washington St,Foster St,Washington St and Foster St,ok,1,"Washington St & Foster St, Brighton, MA 02135",-71.157109500001,42.349050000003,349,1,200,,2026-06-04T18:58:49.782Z
washington street,franklin street,Washington St,Franklin St,Washington St and Franklin St,ok,1,"Washington St & Franklin St, Downtown, MA 02108",-71.059446000001,42.356358000003,299,1,200,,2026-06-04T18:58:50.933Z
washington street,harvard street,Washington St,Harvard St,Washington St and Harvard St,ok,2,"Washington St & Harvard St, Charlestown, MA 02129",-71.063185500001,42.372756000003,394,1,200,,2026-06-04T18:58:52.229Z
washington street,lenox street,Washington St,Lenox St,Washington St and Lenox St,ok,1,"Washington St & Lenox St, Roxbury, MA 02118",-71.078796000001,42.335055000003,342,1,200,,2026-06-04T18:58:53.380Z
washington street,marginal road,Washington St,Marginal Rd,Washington St and Marginal Rd,ok,1,"Washington St & Marginal Rd, Chinatown, MA 02116",-71.064414000001,42.347331000003,329,1,200,,2026-06-04T18:58:54.568Z
washington street,massachusetts avenue,Washington St,Massachusetts Ave,Washington St and Massachusetts Ave,ok,1,"Washington St & Massachusetts Ave, Roxbury, MA 02118",-71.077027500001,42.336459000003,387,1,200,,2026-06-04T18:58:55.829Z
washington street,morton street,Washington St,Morton St,Washington St and Morton St,ok,1,"Washington St & Morton St, Mattapan, MA 02124",-71.070160500001,42.273819000003,339,1,200,,2026-06-04T18:58:56.980Z
washington street,park street,Washington St,Park St,Washington St and Park St,ok,1,"Washington St & Park St, Dorchester, MA 02124",-71.072113500001,42.295509000003,328,1,200,,2026-06-04T18:58:58.171Z
washington street,rockwell street,Washington St,Rockwell St,Washington St and Rockwell St,ok,1,"Washington St & Rockwell St, Dorchester, MA 02124",-71.071551000001,42.283881000003,394,1,200,,2026-06-04T18:58:59.442Z
washington street,state street,Washington St,State St,Washington St and State St,ok,1,"Washington St & State St, Downtown, MA 02108",-71.057799000001,42.358833000003,272,1,200,,2026-06-04T18:59:00.528Z
washington street,stuart street,Washington St,Stuart St,Washington St and Stuart St,ok,1,"Washington St & Stuart St, Downtown, MA 02116",-71.063014500001,42.350931000003,354,1,200,,2026-06-04T18:59:01.802Z
washington street,temple place,Washington St,Temple Pl,Washington St and Temple Pl,ok,1,"Washington St & Temple Pl, Downtown, MA 02111",-71.061237000001,42.354792000003,266,1,200,,2026-06-04T18:59:02.917Z
washington street,willet street,Washington St,Willet St,Washington St and Willet St,no_match,0,,,,186,1,200,,2026-06-04T18:59:04.039Z
washington street,winship street,Washington St,Winship St,Washington St and Winship St,ok,1,"Washington St & Winship St, Brighton, MA 02135",-71.150661000001,42.348951000003,336,1,200,,2026-06-04T18:59:05.387Z
water street,batterymarch street,Water St,Batterymarch St,Water St and Batterymarch St,ok,1,"Water St & Batterymarch St, Downtown, MA 02109",-71.055081000001,42.357942000003,326,1,200,,2026-06-04T18:59:06.579Z
water street,broad street,Water St,Broad St,Water St and Broad St,ok,1,"Water St & Broad St, Downtown, MA 02109",-71.054221500001,42.358365000003,306,1,200,,2026-06-04T18:59:07.761Z
water street,washington street,Water St,Washington St,Water St and Washington St,ok,1,"Water St & Washington St, Downtown, MA 02108",-71.058105000001,42.357672000003,278,1,200,,2026-06-04T18:59:08.933Z
waumbeck street,crawford street,Waumbeck St,Crawford St,Waumbeck St and Crawford St,ok,1,"Waumbeck St & Crawford St, Roxbury, MA 02121",-71.091819000001,42.315651000003,324,1,200,,2026-06-04T18:59:10.182Z
waumbeck street,warren street,Waumbeck St,Warren St,Waumbeck St and Warren St,ok,1,"Waumbeck St & Warren St, Roxbury, MA 02121",-71.083593000001,42.313194000003,628,1,200,,2026-06-04T18:59:11.686Z
wave avenue,savin hill avenue,Wave Ave,Savin Hill Ave,Wave Ave and Savin Hill Ave,ok,1,"Wave Ave & Savin Hill Ave, Dorchester, MA 02125",-71.050666500001,42.312636000003,648,1,200,,2026-06-04T18:59:12.909Z
waverly street,blue hill avenue,Waverly St,Blue Hill Ave,Waverly St and Blue Hill Ave,ok,1,"Waverly St & Blue Hill Ave, Roxbury, MA 02119",-71.077770000001,42.319881000003,395,1,200,,2026-06-04T18:59:13.855Z
waverly street,warren street,Waverly St,Warren St,Waverly St and Warren St,ok,1,"Waverly St & Warren St, Roxbury, MA 02119",-71.082058500001,42.321690000003,345,1,200,,2026-06-04T18:59:15.006Z
wayland street,dacia street,Wayland St,Dacia St,Wayland St and Dacia St,ok,1,"Wayland St & Dacia St, Roxbury, MA 02125",-71.077545000001,42.314418000003,410,1,200,,2026-06-04T18:59:16.269Z
wayland street,magnolia street,Wayland St,Magnolia St,Wayland St and Magnolia St,ok,1,"Wayland St & Magnolia St, Roxbury, MA 02125",-71.072262000001,42.313428000003,319,1,200,,2026-06-04T18:59:17.379Z
wayne street,blue hill avenue,Wayne St,Blue Hill Avenue,Wayne St and Blue Hill Avenue,ok,1,"Wayne St & Blue Hill Ave, Roxbury, MA 02121",-71.084412000001,42.306795000003,784,1,200,,2026-06-04T18:59:19.048Z
wayne street,maple street,Wayne St,Maple Street,Wayne St and Maple Street,ok,1,"Wayne St & Maple St, Roxbury, MA 02121",-71.086626000001,42.307704000003,698,1,200,,2026-06-04T18:59:20.164Z
webb park,east sixth street,Webb Park,East Sixth St,Webb Park and East Sixth St,ok,1,"Webb Park & E Sixth St, South Boston, MA 02127",-71.039061000001,42.333066000003,272,1,200,,2026-06-04T18:59:20.937Z
webley street,islington street,Webley St,Islington St,Webley St and Islington St,ok,1,"Webley St & Islington St, Allston, MA 02134",-71.136938250001,42.352591500003,315,1,200,,2026-06-04T18:59:22.182Z
webster street,orleans street,Webster St,Orleans St,Webster St and Orleans St,ok,1,"Webster St & Orleans St, East Boston, MA 02128",-71.038548000001,42.367401000003,416,1,200,,2026-06-04T18:59:23.485Z
webster street,sumner street,Webster St,Sumner St,Webster St and Sumner St,ok,1,"Webster St & Sumner St, East Boston, MA 02128",-71.030106000001,42.364701000003,314,1,200,,2026-06-04T18:59:24.584Z
weld avenue,columbus avenue,Weld Ave,Columbus Ave,Weld Ave and Columbus Ave,ok,1,"Weld Ave & Columbus Ave, Jamaica Plain, MA 02119",-71.097822000001,42.315201000003,394,1,200,,2026-06-04T18:59:25.863Z
weld avenue,school street,Weld Ave,School St,Weld Ave and School St,ok,1,"Weld Ave & School St, Jamaica Plain, MA 02130",-71.098983000001,42.314238000003,344,1,200,,2026-06-04T18:59:27.014Z
weldon street,holborn street,Weldon St,Holborn St,Weldon St and Holborn St,ok,1,"Weldon St & Holborn St, Roxbury, MA 02121",-71.081946000001,42.314994000003,476,1,200,,2026-06-04T18:59:28.349Z
weldon street,quincy street,Weldon St,Quincy St,Weldon St and Quincy St,ok,1,"Weldon St & Quincy St, Roxbury, MA 02119",-71.081451000001,42.315939000003,312,1,200,,2026-06-04T18:59:29.385Z
well street,custom house street,Well St,Custom House St,Well St and Custom House St,ok,1,"Well St & Custom House St, Downtown, MA 02110",-71.053015500001,42.357978000003,562,1,200,,2026-06-04T18:59:30.837Z
well street,wharf street,Well St,Wharf St,Well St and Wharf St,ok,1,"Well St & Wharf St, Downtown, MA 02110",-71.052097500001,42.357636000003,309,1,200,,2026-06-04T18:59:31.790Z
welles avenue,dorchester avenue,Welles Ave,Dorchester Ave,Welles Ave and Dorchester Ave,ok,1,"Welles Ave & Dorchester Ave, Dorchester, MA 02124",-71.063158500001,42.289875000003,371,1,200,,2026-06-04T18:59:33.048Z
welles avenue,washington street,Welles Ave,Washington St,Welles Ave and Washington St,ok,1,"Welles Ave & Washington St, Dorchester, MA 02124",-71.071177500001,42.287958000003,399,1,200,,2026-06-04T18:59:34.279Z
wellington hill street,blue hill avenue,Wellington Hill St,Blue Hill Ave,Wellington Hill St and Blue Hill Ave,ok,1,"Wellington Hill St & Blue Hill Ave, Mattapan, MA 02126",-71.093137500001,42.279462000003,392,1,200,,2026-06-04T18:59:35.471Z
wellington hill street,morton street,Wellington Hill St,Morton St,Wellington Hill St and Morton St,ok,1,"Wellington Hill St & Morton St, Dorchester, MA 02126",-71.092759500001,42.284925000003,286,1,200,,2026-06-04T18:59:36.567Z
wellington street,claremont street,Wellington St,Claremont St,Wellington St and Claremont St,ok,1,"Wellington St & Claremont St, South End, MA 02118",-71.082337500001,42.341949000003,364,1,200,,2026-06-04T18:59:37.846Z
wellington street,columbus avenue,Wellington St,Columbus Ave,Wellington St and Columbus Ave,ok,1,"Wellington St & Columbus Ave, South End, MA 02118",-71.081145000001,42.341139000003,373,1,200,,2026-06-04T18:59:39.053Z
wendell street,batterymarch street,Wendell St,Batterymarch St,Wendell St and Batterymarch St,ok,1,"Wendell St & Batterymarch St, Downtown, MA 02110",-71.053083000001,42.356727000003,347,1,200,,2026-06-04T18:59:40.228Z
wendell street,broad street,Wendell St,Broad St,Wendell St and Broad St,ok,1,"Wendell St & Broad St, Downtown, MA 02110",-71.052246000001,42.357276000003,342,1,200,,2026-06-04T18:59:41.425Z
wendeller street,devine way,Wendeller St,Devine Way,Wendeller St and Devine Way,ok,1,General William H Devine Way & Wendeller St,-71.05469528396641,42.32859262140053,209,1,200,,2026-06-04T23:46:29.913Z
wendeller street,preble street,Wendeller St,Preble St,Wendeller St and Preble St,ok,1,"Wendeller St & Preble St, South Boston, MA 02127",-71.054716500001,42.329223000003,329,1,200,,2026-06-04T18:59:43.813Z
wendover street,dudley street,Wendover St,Dudley Street,Wendover St and Dudley Street,ok,1,"Wendover St & Dudley St, Dorchester, MA 02125",-71.066848500001,42.317820000003,316,1,200,,2026-06-04T18:59:45.000Z
wendover street,humphreys street,Wendover St,Humphreys Street,Wendover St and Humphreys Street,ok,1,"Wendover St & Humphreys St, Dorchester, MA 02125",-71.066479500001,42.319359000003,263,1,200,,2026-06-04T18:59:46.149Z
wenoah street,elm hill avenue,Wenoah St,Elm Hill Ave,Wenoah St and Elm Hill Ave,ok,1,"Wenonah St & Elm Hill Ave, Roxbury, MA 02121",-71.084362500001,42.312573000003,333,1,200,,2026-06-04T18:59:47.420Z
wenoah street,waumbeck street,Wenoah St,Waumbeck St,Wenoah St and Waumbeck St,ok,1,"Wenonah St & Waumbeck St, Roxbury, MA 02121",-71.085613500001,42.313797000003,319,1,200,,2026-06-04T18:59:48.608Z
wensley street,bucknam street,Wensley St,Bucknam St,Wensley St and Bucknam St,ok,1,"Wensley St & Bucknam St, Mission Hill, MA 02120",-71.104176000001,42.327432000003,341,1,200,,2026-06-04T18:59:49.832Z
wensley street,new heath street,Wensley St,New Heath St,Wensley St and New Heath St,ok,1,"Wensley St & New Heath St, Jamaica Plain, MA 02130",-71.100267750001,42.326401500003,326,1,200,,2026-06-04T18:59:51.016Z
wentworth terrace,dunbar avenue,Wentworth Ter,Dunbar Ave,Wentworth Ter and Dunbar Ave,ok,1,"Wentworth Ter & Dunbar Ave, Dorchester, MA 02124",-71.073256500001,42.286608000003,355,1,200,,2026-06-04T18:59:52.246Z
wentworth terrace,wentworth street,Wentworth Ter,Wentworth St,Wentworth Ter and Wentworth St,ok,1,"Wentworth Ter & Wentworth St, Dorchester, MA 02124",-71.074876500001,42.286338000003,293,1,200,,2026-06-04T18:59:53.386Z
west broadway,dorchester avenue,West Broadway,Dorchester Ave,West Broadway and Dorchester Ave,ok,2,"W Broadway & Dorchester Ave, South Boston, MA 02127",-71.057169000001,42.342867000003,350,1,200,,2026-06-04T18:59:54.644Z
west broadway,dorchester street,West Broadway,Dorchester St,West Broadway and Dorchester St,ok,1,"W Broadway & Dorchester St, South Boston, MA 02127",-71.045518500001,42.335460000003,272,1,200,,2026-06-04T18:59:55.767Z
west brookline street,aguadilla street,West Brookline St,Aguadilla St,West Brookline St and Aguadilla St,ok,1,"W Brookline St & Aguadilla St, South End, MA 02118",-71.074714500001,42.341472000003,349,1,200,,2026-06-04T18:59:57.044Z
west brookline street,san juan street,West Brookline St,San Juan St,West Brookline St and San Juan St,ok,1,"W Brookline St & San Juan St, South End, MA 02118",-71.074219500001,42.341058000003,406,1,200,,2026-06-04T18:59:58.303Z
west brookline street,tremont street,West Brookline St,Tremont St,West Brookline St and Tremont St,ok,1,"W Brookline St & Tremont St, South End, MA 02118",-71.075322000001,42.341994000003,559,1,200,,2026-06-04T18:59:59.659Z
west brookline street,warren avenue,West Brookline St,Warren Av,West Brookline St and Warren Av,ok,1,"W Brookline St & Warren Ave, South End, MA 02118",-71.076775500001,42.343686000003,328,1,200,,2026-06-04T19:00:00.629Z
west brookline street,washington street,West Brookline St,Washington St,West Brookline St and Washington St,ok,1,"W Brookline St & Washington St, South End, MA 02118",-71.072496000001,42.339609000003,730,1,200,,2026-06-04T19:00:02.231Z
west canton street,columbus avenue,West Canton St,Columbus Ave,West Canton St and Columbus Ave,ok,1,"W Canton St & Columbus Ave, South End, MA 02116",-71.076523500001,42.344856000003,1096,1,200,,2026-06-04T19:00:03.798Z
west canton street,tremont street,West Canton St,Tremont St,West Canton St and Tremont St,ok,1,"W Canton St & Tremont St, South End, MA 02116",-71.074575000001,42.342399000003,344,1,200,,2026-06-04T19:00:04.246Z
west canton street,warren avenue,West Canton St,Warren Av,West Canton St and Warren Av,ok,1,"W Canton St & Warren Ave, South End, MA 02116",-71.075884500001,42.343929000003,624,1,200,,2026-06-04T19:00:05.729Z
west cedar street,cambridge street,West Cedar St,Cambridge St,West Cedar St and Cambridge St,ok,1,"W Cedar St & Cambridge St, Beacon Hill, MA 02114",-71.070066000001,42.361011000003,339,1,200,,2026-06-04T19:00:06.645Z
west cedar street,chestnut street,West Cedar St,Chestnut St,West Cedar St and Chestnut St,ok,1,"W Cedar St & Chestnut St, Beacon Hill, MA 02108",-71.069139000001,42.357186000003,320,1,200,,2026-06-04T19:00:07.828Z
west cedar street,mt vernon,West Cedar St,Mt Vernon,West Cedar St and Mt Vernon,ok,1,"W Cedar St & Mount Vernon St, Beacon Hill, MA 02108",-71.069494500001,42.357906000003,413,1,200,,2026-06-04T19:00:09.122Z
west cedar street,mt vernon street,West Cedar St,Mt Vernon St,West Cedar St and Mt Vernon St,ok,1,"W Cedar St & Mount Vernon St, Beacon Hill, MA 02108",-71.069494500001,42.357906000003,732,1,200,,2026-06-04T19:00:10.646Z
west cedar street,phillips street,West Cedar St,Phillips St,West Cedar St and Phillips St,ok,1,"W Cedar St & Phillips St, Beacon Hill, MA 02114",-71.070043500001,42.360273000003,280,1,200,,2026-06-04T19:00:11.391Z
west concord street,shawmut avenue,West Concord St,Shawmut Ave,West Concord St and Shawmut Ave,ok,1,"W Concord St & Shawmut Ave, South End, MA 02118",-71.075916000001,42.338736000003,296,1,200,,2026-06-04T19:00:12.608Z
west concord street,tremont street,West Concord St,Tremont St,West Concord St and Tremont St,ok,1,"W Concord St & Tremont St, South End, MA 02118",-71.078067000001,42.340527000003,316,1,200,,2026-06-04T19:00:13.828Z
west concord street,washington street,West Concord St,Washington St,West Concord St and Washington St,ok,1,"W Concord St & Washington St, South End, MA 02118",-71.074948500001,42.337926000003,384,1,200,,2026-06-04T19:00:15.097Z
west dedham street,tremont street,West Dedham St,Tremont St,West Dedham St and Tremont St,ok,1,"W Dedham St & Tremont St, South End, MA 02116",-71.073828000001,42.342795000003,482,1,200,,2026-06-04T19:00:16.396Z
west dedham street,washington street,West Dedham St,Washington St,West Dedham St and Washington St,ok,1,"W Dedham St & Washington St, South End, MA 02118",-71.070790500001,42.340743000003,388,1,200,,2026-06-04T19:00:17.505Z
west eagle street,border street,West Eagle St,Border St,West Eagle St and Border St,ok,1,"W Eagle St & Border St, East Boston, MA 02128",-71.040271500001,42.381360000003,771,1,200,,2026-06-04T19:00:19.090Z
west eagle street,brooks street,West Eagle St,Brooks St,West Eagle St and Brooks St,ok,1,"W Eagle St & Brooks St, East Boston, MA 02128",-71.036091000001,42.381369000003,405,1,200,,2026-06-04T19:00:19.924Z
west eighth street,east eighth street,West Eighth St,East Eighth St,West Eighth St and East Eighth St,ok,1,"W Eighth St & E Eighth St, South Boston, MA 02127",-71.051040000001,42.332814000003,334,1,200,,2026-06-04T19:00:21.054Z
west fifth street,b street,West Fifth St,B St,West Fifth St and B St,ok,1,"W Fifth St & B St, South Boston, MA 02127",-71.055490500001,42.339492000003,324,1,200,,2026-06-04T19:00:22.244Z
west fifth street,d street,West Fifth St,D St,West Fifth St and D St,ok,1,"W Fifth St & D St, South Boston, MA 02127",-71.052385500001,42.337485000003,362,1,200,,2026-06-04T19:00:23.483Z
west fifth street,dorchester avenue,West Fifth St,Dorchester Ave,West Fifth St and Dorchester Ave,ok,1,"W Fifth St & Dorchester Ave, South Boston, MA 02127",-71.057020500001,42.340473000003,300,1,200,,2026-06-04T19:00:24.622Z
west fifth street,dorchester street,West Fifth St,Dorchester St,West Fifth St and Dorchester St,ok,1,"W Fifth St & Dorchester St, South Boston, MA 02127",-71.047804500001,42.334479000003,347,1,200,,2026-06-04T19:00:25.871Z
west first street,b street,West First St,B St,West First St and B St,ok,1,"W First St & B St, South Boston Waterfront, MA 02210",-71.051697000001,42.342696000003,327,1,200,,2026-06-04T19:00:27.051Z
west first street,dorchester street,West First St,Dorchester St,West First St and Dorchester St,ok,1,"W First St & Dorchester St, South Boston, MA 02127",-71.043304500001,42.337287000003,263,1,200,,2026-06-04T19:00:28.188Z
west fourth street,d street,West Fourth St,D St,West Fourth St and D St,ok,1,"W Fourth St & D St, South Boston, MA 02127",-71.051656500001,42.338115000003,265,1,200,,2026-06-04T19:00:29.394Z
west fourth street,east fourth street,West Fourth St,East Fourth St,West Fourth St and East Fourth St,ok,1,"W Fourth St & E Fourth St, South Boston, MA 02127",-71.046810000001,42.334956000003,321,1,200,,2026-06-04T19:00:30.648Z
west howell street,boston street,West Howell St,Boston St,West Howell St and Boston St,ok,1,Boston St & W Howell St,-71.0591509283869,42.32526814899602,107,1,200,,2026-06-04T19:43:37.968Z
west newton street,columbus avenue,West Newton St,Columbus Ave,West Newton St and Columbus Ave,ok,2,"W Newton St & Columbus Ave, South End, MA 02116",-71.078490000001,42.343191000003,625,1,200,,2026-06-04T19:00:47.604Z
west newton street,huntington avenue,West Newton St,Huntington Ave,West Newton St and Huntington Ave,ok,2,"W Newton St & Huntington Ave, Back Bay, MA 02199",-71.081797500001,42.345423000003,352,1,200,,2026-06-04T19:00:48.529Z
west newton street,shawmut avenue,West Newton St,Shawmut Ave,West Newton St and Shawmut Ave,ok,1,"W Newton St & Shawmut Ave, South End, MA 02118",-71.074557000001,42.339663000003,279,1,200,,2026-06-04T19:00:49.654Z
west newton street,sw corridor path,West Newton St,SW Corridor Path,West Newton St and SW Corridor Path,no_match,0,,,,129,1,200,,2026-06-04T19:00:50.705Z
west newton street,tremont street,West Newton St,Tremont St,West Newton St and Tremont St,ok,1,"W Newton St & Tremont St, South End, MA 02118",-71.076555000001,42.341337000003,351,1,200,,2026-06-04T19:00:52.129Z
west newton street,washington street,West Newton St,Washington St,West Newton St and Washington St,ok,1,"W Newton St & Washington St, South End, MA 02118",-71.073643500001,42.338898000003,376,1,200,,2026-06-04T19:00:53.356Z
west ninth street,d street,West Ninth St,D St,West Ninth St and D St,ok,1,"W Ninth St & D St, South Boston, MA 02127",-71.055058500001,42.335262000003,300,1,200,,2026-06-04T19:00:54.481Z
west ninth street,dorchester street,West Ninth St,Dorchester St,West Ninth St and Dorchester St,ok,1,"W Ninth St & Dorchester St, South Boston, MA 02127",-71.051728500001,42.332472000003,347,1,200,,2026-06-04T19:00:55.728Z
west park street,bernard street,West Park St,Bernard St,West Park St and Bernard St,ok,1,"W Park St & Bernard St, Dorchester, MA 02124",-71.080105500001,42.294015000003,300,1,200,,2026-06-04T19:00:56.882Z
west park street,standish street,West Park St,Standish St,West Park St and Standish St,ok,1,"W Park St & Standish St, Dorchester, MA 02124",-71.078724000001,42.294321000003,287,1,200,,2026-06-04T19:00:58.072Z
west school street,main street,West School St,Main St,West School St and Main St,ok,1,"W School St & Main St, Charlestown, MA 02129",-71.065804500001,42.376545000003,354,1,200,,2026-06-04T19:00:59.341Z
west school street,new rutherford avenue,West School St,New Rutherford Ave,West School St and New Rutherford Ave,ok,1,"W School St & New Rutherford Ave, Charlestown, MA 02129",-71.068041000001,42.375096000003,311,1,200,,2026-06-04T19:01:00.500Z
west second street,b street,West Second St,B St,West Second St and B St,ok,2,"W Second St & B St, South Boston, MA 02210",-71.052340500001,42.342147000003,350,1,200,,2026-06-04T19:01:01.739Z
west second street,dorchester street,West Second St,Dorchester St,West Second St and Dorchester St,ok,1,"W Second St & Dorchester St, South Boston, MA 02127",-71.043961500001,42.336738000003,310,1,200,,2026-06-04T19:01:02.898Z
west selden street,faunce road,West Selden St,Faunce Rd,West Selden St and Faunce Rd,ok,1,"W Selden St & Faunce Rd, Mattapan, MA 02126",-71.089879500001,42.273027000003,307,1,200,,2026-06-04T19:01:04.097Z
west selden street,morton street,West Selden St,Morton St,West Selden St and Morton St,ok,1,"W Selden St & Morton St, Dorchester, MA 02124",-71.082598500001,42.280407000003,289,1,200,,2026-06-04T19:01:05.287Z
west seventh street,d street,West Seventh St,D St,West Seventh St and D St,ok,1,"W Seventh St & D St, South Boston, MA 02127",-71.053875000001,42.336252000003,341,1,200,,2026-06-04T19:01:06.533Z
west seventh street,dorchester street,West Seventh St,Dorchester St,West Seventh St and Dorchester St,ok,1,"W Seventh St & Dorchester St, South Boston, MA 02127",-71.049771000001,42.333606000003,266,1,200,,2026-06-04T19:01:07.659Z
west sixth street,d street,West Sixth St,D St,West Sixth St and D St,ok,1,"W Sixth St & D St, South Boston, MA 02127",-71.053114500001,42.336873000003,288,1,200,,2026-06-04T19:01:08.882Z
west sixth street,dorchester street,West Sixth St,Dorchester St,West Sixth St and Dorchester St,ok,1,"W Sixth St & Dorchester St, South Boston, MA 02127",-71.048812500001,42.334047000003,325,1,200,,2026-06-04T19:01:10.119Z
west springfield street,columbus avenue,West Springfield St,Columbus Ave,West Springfield St and Columbus Ave,ok,1,"W Springfield St & Columbus Ave, South End, MA 02118",-71.081145000001,42.341139000003,378,1,200,,2026-06-04T19:01:11.374Z
west springfield street,tremont street,West Springfield St,Tremont St,West Springfield St and Tremont St,ok,1,"W Springfield St & Tremont St, South End, MA 02118",-71.079637500001,42.339753000003,279,1,200,,2026-06-04T19:01:12.476Z
west springfield street,washington street,West Springfield St,Washington St,West Springfield St and Washington St,ok,1,"W Springfield St & Washington St, South End, MA 02118",-71.076316500001,42.336990000003,367,1,200,,2026-06-04T19:01:13.765Z
west street,tremont street,West St,Tremont St,West St and Tremont St,ok,1,"West St & Tremont St, Beacon Hill, MA 02111",-71.063343000001,42.355179000003,337,1,200,,2026-06-04T19:01:14.936Z
west street,washington street,West St,Washington St,West St and Washington St,ok,1,"West St & Washington St, Downtown, MA 02111",-71.061714000001,42.354351000003,346,1,200,,2026-06-04T19:01:16.144Z
west third street,a street,West Third St,A St,West Third St and A St,ok,1,"W Third St & A St, South Boston, MA 02127",-71.054581500001,42.342606000003,344,1,200,,2026-06-04T19:01:17.344Z
west third street,b street,West Third St,B St,West Third St and B St,ok,1,"W Third St & B St, South Boston, MA 02127",-71.053006500001,42.341589000003,359,1,200,,2026-06-04T19:01:18.560Z
west third street,dorchester street,West Third St,Dorchester St,West Third St and Dorchester St,ok,1,"W Third St & Dorchester St, South Boston, MA 02127",-71.044623000001,42.336171000003,294,1,200,,2026-06-04T19:01:19.695Z
west tremlett street,washington street,West Tremlett St,Washington St,West Tremlett St and Washington St,ok,1,"W Tremlett St & Washington St, Dorchester, MA 02124",-71.071983000001,42.294609000003,378,1,200,,2026-06-04T19:01:20.980Z
west tremlett street,whitfield street,West Tremlett St,Whitfield St,West Tremlett St and Whitfield St,ok,1,"W Tremlett St & Whitfield St, Dorchester, MA 02124",-71.075268000001,42.293853000003,337,1,200,,2026-06-04T19:01:22.140Z
west walnut park,amory street,West Walnut Park,Amory St,West Walnut Park and Amory St,ok,1,"W Walnut Park & Amory St, Jamaica Plain, MA 02119",-71.100981000001,42.318855000003,404,1,200,,2026-06-04T19:01:23.408Z
west walnut park,washington street,West Walnut Park,Washington St,West Walnut Park and Washington St,ok,1,"W Walnut Park & Washington St, Roxbury, MA 02119",-71.097705000001,42.316416000003,430,1,200,,2026-06-04T19:01:24.635Z
westcott street,talbot avenue,Westcott St,Talbot Ave,Westcott St and Talbot Ave,ok,1,"Westcott St & Talbot Ave, Dorchester, MA 02124",-71.078733000001,42.292206000003,378,1,200,,2026-06-04T19:01:25.784Z
westcott street,west park street,Westcott St,West Park St,Westcott St and West Park St,ok,1,"Westcott St & W Park St, Dorchester, MA 02124",-71.079025500001,42.294240000003,356,1,200,,2026-06-04T19:01:26.963Z
westerly street,centre street,Westerly St,Centre St,Westerly St and Centre St,ok,1,"Westerly St & Centre St, Jamaica Plain, MA 02130",-71.106561000001,42.322563000003,299,1,200,,2026-06-04T19:01:28.107Z
westerly street,sunnyside street,Westerly St,Sunnyside St,Westerly St and Sunnyside St,ok,1,"Westerly St & Sunnyside St, Jamaica Plain, MA 02130",-71.106772500001,42.323688000003,336,1,200,,2026-06-04T19:01:29.344Z
westland avenue,hemenway street,Westland Ave,Hemenway St,Westland Ave and Hemenway St,ok,1,"Westland Ave & Hemenway St, Fenway, MA 02115",-71.089906500001,42.343965000003,322,1,200,,2026-06-04T19:01:30.531Z
westland avenue,massachusetts avenue,Westland Ave,Massachusetts Ave,Westland Ave and Massachusetts Ave,ok,1,"Westland Ave & Massachusetts Ave, Back Bay, MA 02115",-71.085771000001,42.343371000003,364,1,200,,2026-06-04T19:01:31.773Z
westminster avenue,walnut avenue,Westminster Ave,Walnut Ave,Westminster Ave and Walnut Ave,ok,1,"Westminster Ave & Walnut Ave, Roxbury, MA 02121",-71.093560500001,42.315507000003,354,1,200,,2026-06-04T19:01:32.964Z
westminster avenue,washington street,Westminster Ave,Washington St,Westminster Ave and Washington St,ok,1,"Westminster Ave & Washington St, Roxbury, MA 02119",-71.097061500001,42.317064000003,275,1,200,,2026-06-04T19:01:34.087Z
westminster street,greenwich street,Westminster St,Greenwich St,Westminster St and Greenwich St,ok,1,"Westminster St & Greenwich St, Roxbury, MA 02120",-71.083147500001,42.335352000003,452,1,200,,2026-06-04T19:01:35.463Z
westminster street,hammond street,Westminster St,Hammond St,Westminster St and Hammond St,ok,1,"Westminster St & Hammond St, Roxbury, MA 02120",-71.082814500001,42.335667000003,331,1,200,,2026-06-04T19:01:36.544Z
westmore road,deering road,Westmore Rd,Deering Rd,Westmore Rd and Deering Rd,ok,1,"Westmore Rd & Deering Rd, Mattapan, MA 02126",-71.095284000001,42.285267000003,307,1,200,,2026-06-04T19:01:37.722Z
westmore road,hazleton street,Westmore Rd,Hazleton St,Westmore Rd and Hazleton St,ok,1,"Westmore Rd & Hazleton St, Mattapan, MA 02126",-71.098362000001,42.282468000003,380,1,200,,2026-06-04T19:01:38.996Z
westview street,blue hill avenue,Westview St,Blue Hill Ave,Westview St and Blue Hill Ave,ok,1,"Westview St & Blue Hill Ave, Dorchester, MA 02124",-71.089236000001,42.291207000003,306,1,200,,2026-06-04T19:01:40.123Z
westview street,stratton street,Westview St,Stratton St,Westview St and Stratton St,ok,1,"Westview St & Stratton St, Dorchester, MA 02124",-71.088849000001,42.291135000003,299,1,200,,2026-06-04T19:01:41.315Z
westville street,bowdoin avenue,Westville St,Bowdoin Avenue,Westville St and Bowdoin Avenue,ok,1,"Westville St & Bowdoin St, Dorchester, MA 02121",-71.072266500001,42.299982000003,779,1,200,,2026-06-04T19:01:42.994Z
westville street,draper street,Westville St,Draper St,Westville St and Draper St,ok,1,"Westville St & Draper St, Dorchester, MA 02122",-71.063478000001,42.301998000003,384,1,200,,2026-06-04T19:01:43.800Z
westville street,geneva avenue,Westville St,Geneva Ave,Westville St and Geneva Ave,ok,1,"Westville St & Geneva Ave, Dorchester, MA 02124",-71.067379500001,42.301008000003,362,1,200,,2026-06-04T19:01:44.981Z
westville terrace,westville street,Westville Ter,Westville St,Westville Ter and Westville St,ok,1,"Westville Ter & Westville St, Dorchester, MA 02124",-71.068585500001,42.300711000003,334,1,200,,2026-06-04T19:01:46.155Z
wheatland avenue,norwell street,Wheatland Ave,Norwell St,Wheatland Ave and Norwell St,ok,1,"Wheatland Ave & Norwell St, Dorchester, MA 02124",-71.077464000001,42.292611000003,277,1,200,,2026-06-04T19:01:47.299Z
wheatland avenue,washington street,Wheatland Ave,Washington St,Wheatland Ave and Washington St,ok,1,"Wheatland Ave & Washington St, Dorchester, MA 02124",-71.071915500001,42.293934000003,304,1,200,,2026-06-04T19:01:48.526Z
white street,border street,White St,Border St,White St and Border St,ok,1,"White St & Border St, East Boston, MA 02128",-71.040204000001,42.380532000003,360,1,200,,2026-06-04T19:01:49.782Z
white street,brooks street,White St,Brooks St,White St and Brooks St,ok,1,"White St & Brooks St, East Boston, MA 02128",-71.036104500001,42.380523000003,528,1,200,,2026-06-04T19:01:51.151Z
white street,trenton street,White St,Trenton St,White St and Trenton St,ok,1,"White St & Trenton St, East Boston, MA 02128",-71.032086000001,42.380523000003,401,1,200,,2026-06-04T19:01:52.226Z
whitfield street,norfolk street,Whitfield St,Norfolk St,Whitfield St and Norfolk St,ok,1,"Whitfield St & Norfolk St, Dorchester, MA 02124",-71.072613000001,42.289677000003,359,1,200,,2026-06-04T19:01:53.384Z
whitfield street,park street,Whitfield St,Park St,Whitfield St and Park St,ok,1,"Whitfield St & Park St, Dorchester, MA 02124",-71.075637000001,42.294906000003,347,1,200,,2026-06-04T19:01:54.574Z
whitfield street,talbot avenue,Whitfield St,Talbot Ave,Whitfield St and Talbot Ave,ok,1,"Whitfield St & Talbot Ave, Dorchester, MA 02124",-71.074147500001,42.290856000003,421,1,200,,2026-06-04T19:01:55.849Z
whiting street,warren street,Whiting St,Warren St,Whiting St and Warren St,ok,1,"Whiting St & Warren St, Roxbury, MA 02119",-71.082675000001,42.323976000003,346,1,200,,2026-06-04T19:01:56.974Z
whiting street,winthrop street,Whiting St,Winthrop St,Whiting St and Winthrop St,ok,1,"Whiting St & Winthrop St, Roxbury, MA 02119",-71.079228000001,42.325263000003,320,1,200,,2026-06-04T19:01:58.148Z
whitman street,norfolk street,Whitman St,Norfolk St,Whitman St and Norfolk St,ok,1,"Whitman St & Norfolk St, Dorchester, MA 02124",-71.077450500001,42.288102000003,317,1,200,,2026-06-04T19:01:59.349Z
whittemore street,hancock street,Whittemore St,Hancock St,Whittemore St and Hancock St,ok,1,"Whittemore Ter & Hancock St, Dorchester, MA 02125",-71.065476000001,42.314031000003,408,1,200,,2026-06-04T19:02:00.638Z
whittier street,cabot street,Whittier St,Cabot St,Whittier St and Cabot St,ok,1,"Whittier St & Cabot St, Roxbury, MA 02120",-71.087958000001,42.332985000003,576,1,200,,2026-06-04T19:02:02.008Z
whittier street,tremont street,Whittier St,Tremont St,Whittier St and Tremont St,ok,1,"Whittier St & Tremont St, Roxbury, MA 02120",-71.089506000001,42.334542000003,282,1,200,,2026-06-04T19:02:02.915Z
wichita terrace,river street,Wichita Ter,River St,Wichita Ter and River St,ok,1,"Wichita Ter & River St, Mattapan, MA 02126",-71.070696000001,42.272028000003,465,1,200,,2026-06-04T19:02:04.299Z
wiggin street,north bennet street,Wiggin St,North Bennet St,Wiggin St and North Bennet St,ok,1,"Wiggin St & N Bennet St, North End, MA 02113",-71.054559000001,42.365529000003,367,1,200,,2026-06-04T19:02:05.403Z
wiggin street,tileston street,Wiggin St,Tileston St,Wiggin St and Tileston St,ok,1,"Wiggin St & Tileston St, North End, MA 02113",-71.054257500001,42.365772000003,455,1,200,,2026-06-04T19:02:06.691Z
wigglesworth street,huntington avenue,Wigglesworth St,Huntington Ave,Wigglesworth St and Huntington Ave,ok,1,"Wigglesworth St & Huntington Ave, Mission Hill, MA 02115",-71.102650500001,42.334911000003,383,1,200,,2026-06-04T19:02:07.820Z
wigglesworth street,tremont street,Wigglesworth St,Tremont St,Wigglesworth St and Tremont St,ok,1,"Wigglesworth St & Tremont St, Mission Hill, MA 02120",-71.103334500001,42.333678000003,355,1,200,,2026-06-04T19:02:08.994Z
wilbur street,cushing avenue,Wilbur St,Cushing Ave,Wilbur St and Cushing Ave,ok,1,"Wilbur St & Cushing Ave, Dorchester, MA 02125",-71.064990000001,42.316344000003,325,1,200,,2026-06-04T19:02:10.165Z
wilbur street,upham avenue,Wilbur St,Upham Ave,Wilbur St and Upham Ave,ok,1,"Wilbur St & Upham Ave, Dorchester, MA 02125",-71.065498500001,42.315426000003,296,1,200,,2026-06-04T19:02:11.338Z
wilcock street,blue hill avenue,Wilcock St,Blue Hill Ave,Wilcock St and Blue Hill Ave,ok,1,"Wilcock St & Blue Hill Ave, Dorchester, MA 02124",-71.090761500001,42.286635000003,685,1,200,,2026-06-04T19:02:12.927Z
wilcock street,morton street,Wilcock St,Morton St,Wilcock St and Morton St,ok,2,"Wilcock St & Morton St, Dorchester, MA 02124",-71.093659500001,42.287139000003,381,1,200,,2026-06-04T19:02:13.821Z
wildwood street,middleton street,Wildwood St,Middleton St,Wildwood St and Middleton St,ok,1,"Wildwood St & Middleton St, Dorchester, MA 02124",-71.086792500001,42.283962000003,340,1,200,,2026-06-04T19:02:14.981Z
wildwood street,morton street,Wildwood St,Morton St,Wildwood St and Morton St,ok,1,"Wildwood St & Morton St, Dorchester, MA 02126",-71.088970500001,42.283008000003,532,1,200,,2026-06-04T19:02:16.374Z
wildwood street,woolson street,Wildwood St,Woolson St,Wildwood St and Woolson St,ok,1,"Wildwood St & Woolson St, Mattapan, MA 02126",-71.090428500001,42.281694000003,300,1,200,,2026-06-04T19:02:17.343Z
wilkinson park,east street,Wilkinson Park,East St,Wilkinson Park and East St,ok,1,"Wilkinson Park & East St, Dorchester, MA 02122",-71.061444000001,42.307533000003,407,1,200,,2026-06-04T19:02:18.651Z
william cardinal o'connell way,blossom street,William Cardinal O'Connell Way,Blossom St,William Cardinal O'Connell Way and Blossom St,ok,1,"William Cardinal O'Connell Way & Blossom St, West End, MA 02114",-71.067019500001,42.363423000003,286,1,200,,2026-06-04T19:02:19.734Z
william cardinal o'connell way,staniford street,William Cardinal O'Connell Way,Staniford St,William Cardinal O'Connell Way and Staniford St,ok,1,"William Cardinal O'Connell Way & Staniford St, West End, MA 02114",-71.063860500001,42.362208000003,468,1,200,,2026-06-04T19:02:21.116Z
william east mullins way,harrison avenue,William E Mullins Way,Harrison Ave,William E Mullins Way and Harrison Ave,ok,1,"William E Mullins Way & Harrison Ave, South End, MA 02118",-71.063631000001,42.345450000003,438,1,200,,2026-06-04T19:02:22.287Z
william east mullins way,washington street,William E Mullins Way,Washington St,William E Mullins Way and Washington St,ok,1,"William E Mullins Way & Washington St, South End, MA 02118",-71.064850500001,42.345738000003,632,1,200,,2026-06-04T19:02:23.685Z
william j day boulevard,i street,William J Day Blvd,I Street,William J Day Blvd and I Street,ok,1,"William J Day Blvd & I St, South Boston, MA 02127",-71.039785500001,42.330105000003,508,1,200,,2026-06-04T19:02:24.761Z
william j day boulevard,o street,William J Day Blvd,O Street,William J Day Blvd and O Street,ok,1,"William J Day Blvd & O St, South Boston, MA 02127",-71.029035000001,42.331671000003,753,1,200,,2026-06-04T19:02:26.208Z
william j day boulevard,shore road,William J Day Blvd,Shore Rd,William J Day Blvd and Shore Rd,no_match,0,,,,341,1,200,,2026-06-04T19:02:26.995Z
williams street,forest hills street,Williams St,Forest Hills St,Williams St and Forest Hills St,ok,1,"Williams St & Forest Hills St, Roxbury, MA 02130",-71.103748500001,42.303294000003,357,1,200,,2026-06-04T19:02:28.212Z
williams street,shawmut avenue,Williams St,Shawmut Ave,Williams St and Shawmut Ave,ok,1,"Williams St & Shawmut Ave, Roxbury, MA 02120",-71.083296000001,42.332949000003,487,1,200,,2026-06-04T19:02:29.543Z
williams street,washington street,Williams St,Washington St,Williams St and Washington St,ok,2,"Williams St & Washington St, Jamaica Plain, MA 02130",-71.107479000001,42.306498000003,361,1,200,,2026-06-04T19:02:30.618Z
willis street,pleasant street,Willis St,Pleasant St,Willis St and Pleasant St,ok,1,"Willis St & Pleasant St, Dorchester, MA 02125",-71.059054500001,42.317802000003,280,1,200,,2026-06-04T19:02:31.741Z
willis street,sumner street,Willis St,Sumner St,Willis St and Sumner St,ok,1,"Willis St & Sumner St, Dorchester, MA 02125",-71.061696000001,42.318378000003,367,1,200,,2026-06-04T19:02:33.028Z
willow street,chestnut street,Willow St,Chestnut St,Willow St and Chestnut St,ok,1,"Willow St & Chestnut St, Beacon Hill, MA 02108",-71.068261500001,42.357384000003,380,1,200,,2026-06-04T19:02:34.243Z
willow street,mt vernon street,Willow St,Mt Vernon St,Willow St and Mt Vernon St,ok,1,"Willow St & Mount Vernon St, Beacon Hill, MA 02108",-71.068518000001,42.358023000003,277,1,200,,2026-06-04T19:02:35.339Z
willowwood street,ballou avenue,Willowwood St,Ballou Ave,Willowwood St and Ballou Ave,ok,1,"Willowwood St & Ballou Ave, Dorchester, MA 02124",-71.085631500001,42.283242000003,656,1,200,,2026-06-04T19:02:36.920Z
willowwood street,norfolk street,Willowwood St,Norfolk St,Willowwood St and Norfolk St,ok,1,"Willowwood St & Norfolk St, Dorchester, MA 02124",-71.085343500001,42.282657000003,335,1,200,,2026-06-04T19:02:37.800Z
willowwood street,woodrow avenue,Willowwood St,Woodrow Ave,Willowwood St and Woodrow Ave,ok,1,"Willowwood St & Woodrow Ave, Dorchester, MA 02124",-71.086531500001,42.286608000003,675,1,200,,2026-06-04T19:02:39.341Z
wilmore street,blue hill avenue,Wilmore St,Blue Hill Ave,Wilmore St and Blue Hill Ave,ok,1,"Wilmore St & Blue Hill Ave, Mattapan, MA 02126",-71.093232000001,42.278553000003,823,1,200,,2026-06-04T19:02:40.691Z
wilmore street,norfolk street,Wilmore St,Norfolk St,Wilmore St and Norfolk St,ok,1,"Wilmore St & Norfolk St, Mattapan, MA 02126",-71.091693000001,42.277392000003,373,1,200,,2026-06-04T19:02:41.440Z
wilrose street,puritan avenue,Wilrose St,Puritan Ave,Wilrose St and Puritan Ave,ok,1,"Wilrose St & Puritan Ave, Dorchester, MA 02121",-71.072001000001,42.306876000003,383,1,200,,2026-06-04T19:02:42.654Z
wilrose street,westwood street,Wilrose St,Westwood St,Wilrose St and Westwood St,ok,1,"Wilrose St & Westwood St, Dorchester, MA 02121",-71.073477000001,42.307506000003,402,1,200,,2026-06-04T19:02:43.872Z
wilson park,commonwealth avenue,Wilson Park,Commonwealth Ave,Wilson Park and Commonwealth Ave,ok,1,"Wilson Park & Commonwealth Ave, Brighton, MA 02135",-71.146296000001,42.341427000003,350,1,200,,2026-06-04T19:02:45.020Z
wilton street,braintree street,Wilton St,Braintree St,Wilton St and Braintree St,ok,1,"Wilton St & Braintree St, Allston, MA 02134",-71.133975000001,42.356106000003,524,1,200,,2026-06-04T19:02:46.394Z
wilton street,cambridge street,Wilton St,Cambridge St,Wilton St and Cambridge St,ok,1,"Wilton St & Cambridge St, Allston, MA 02134",-71.133264000001,42.355323000003,319,1,200,,2026-06-04T19:02:47.390Z
windermere road,cushing avenue,Windermere Rd,Cushing Ave,Windermere Rd and Cushing Ave,ok,1,"Windermere Rd & Cushing Ave, Dorchester, MA 02125",-71.063032500001,42.313599000003,366,1,200,,2026-06-04T19:02:48.636Z
windermere road,stoughton street,Windermere Rd,Stoughton St,Windermere Rd and Stoughton St,ok,1,"Windermere Rd & Stoughton St, Dorchester, MA 02125",-71.061952500001,42.315633000003,529,1,200,,2026-06-04T19:02:49.999Z
windsor street,shawmut avenue,Windsor St,Shawmut Ave,Windsor St and Shawmut Ave,ok,1,"Windsor St & Shawmut Ave, Roxbury, MA 02119",-71.082288000001,42.334065000003,366,1,200,,2026-06-04T19:02:51.038Z
windsor street,warwick street,Windsor St,Warwick St,Windsor St and Warwick St,ok,1,"Windsor St & Warwick St, Roxbury, MA 02120",-71.084853000001,42.335433000003,272,1,200,,2026-06-04T19:02:52.146Z
winfield street,east eighth street,Winfield St,East Eighth St,Winfield St and East Eighth St,ok,1,"Winfield St & E Eighth St, South Boston, MA 02127",-71.042553000001,42.331356000003,352,1,200,,2026-06-04T19:02:53.426Z
winfield street,east seventh street,Winfield St,East Seventh St,Winfield St and East Seventh St,ok,1,"Winfield St & E Seventh St, South Boston, MA 02127",-71.042584500001,42.332184000003,309,1,200,,2026-06-04T19:02:54.585Z
winston road,lucerne street,Winston Rd,Lucerne St,Winston Rd and Lucerne St,ok,1,"Winston Rd & Lucerne St, Dorchester, MA 02124",-71.089308000001,42.284466000003,284,1,200,,2026-06-04T19:02:55.760Z
winston road,willowwood street,Winston Rd,Willowwood St,Winston Rd and Willowwood St,ok,1,"Winston Rd & Willowwood St, Dorchester, MA 02124",-71.086338000001,42.285483000003,290,1,200,,2026-06-04T19:02:56.969Z
winter street,adams street,Winter St,Adams St,Winter St and Adams St,ok,1,"Winter St & Adams St, Dorchester, MA 02122",-71.062699500001,42.307506000003,298,1,200,,2026-06-04T19:02:58.178Z
winter street,bowdoin street,Winter St,Bowdoin St,Winter St and Bowdoin St,ok,1,"Winter St & Bowdoin St, Dorchester, MA 02122",-71.062605000001,42.310332000003,357,1,200,,2026-06-04T19:02:59.438Z
winter street,church street,Winter St,Church St,Winter St and Church St,ok,1,"Winter St & Church St, Dorchester, MA 02122",-71.062578000001,42.308604000003,338,1,200,,2026-06-04T19:03:00.618Z
winter street,tremont street,Winter St,Tremont St,Winter St and Tremont St,ok,1,"Winter St & Tremont St, Beacon Hill, MA 02108",-71.062272000001,42.356259000003,331,1,200,,2026-06-04T19:03:01.816Z
winter street,washington street,Winter St,Washington St,Winter St and Washington St,ok,1,"Winter St & Washington St, Downtown, MA 02110",-71.060526000001,42.355467000003,331,1,200,,2026-06-04T19:03:03.016Z
winthrop street,blue hill avenue,Winthrop St,Blue Hill Ave,Winthrop St and Blue Hill Ave,ok,1,"Winthrop St & Blue Hill Ave, Roxbury, MA 02119",-71.076172500001,42.323616000003,326,1,200,,2026-06-04T19:03:04.211Z
winthrop street,brook avenue,Winthrop St,Brook Ave,Winthrop St and Brook Ave,ok,1,"Winthrop St & Brook Ave, Roxbury, MA 02119",-71.073972000001,42.322230000003,300,1,200,,2026-06-04T19:03:05.387Z
winthrop street,maverick square,Winthrop St,Maverick Sq,Winthrop St and Maverick Sq,ok,1,"Winthrop St & Maverick Sq, East Boston, MA 02128",-71.039137500001,42.369786000003,280,1,200,,2026-06-04T19:03:06.567Z
winthrop street,monument square,Winthrop St,Monument Sq,Winthrop St and Monument Sq,ok,1,"Winthrop St & Monument Sq, Charlestown, MA 02129",-71.060382000001,42.375429000003,321,1,200,,2026-06-04T19:03:07.809Z
winthrop street,paris street,Winthrop St,Paris St,Winthrop St and Paris St,ok,1,"Winthrop St & Paris St, East Boston, MA 02128",-71.039880000001,42.370110000003,438,1,200,,2026-06-04T19:03:09.126Z
winthrop street,warren street,Winthrop St,Warren St,Winthrop St and Warren St,ok,2,"Winthrop St & Warren St, Charlestown, MA 02129",-71.061669000001,42.373683000003,342,1,200,,2026-06-04T19:03:10.232Z
wise street,centre street,Wise St,Centre St,Wise St and Centre St,ok,1,"Wise St & Centre St, Jamaica Plain, MA 02130",-71.101363500001,42.322869000003,272,1,200,,2026-06-04T19:03:11.364Z
wise street,roys street,Wise St,Roys St,Wise St and Roys St,ok,1,"Wise St & Roys St, Jamaica Plain, MA 02130",-71.101822500001,42.321735000003,439,1,200,,2026-06-04T19:03:12.732Z
withington street,norfolk street,Withington St,Norfolk St,Withington St and Norfolk St,ok,1,"Withington St & Norfolk St, Dorchester, MA 02124",-71.073045000001,42.289281000003,350,1,200,,2026-06-04T19:03:13.845Z
withington street,torrey street,Withington St,Torrey St,Withington St and Torrey St,ok,1,"Withington St & Torrey St, Dorchester, MA 02124",-71.072500500001,42.287436000003,384,1,200,,2026-06-04T19:03:15.082Z
wolcott street,columbia road,Wolcott St,Columbia Rd,Wolcott St and Columbia Rd,ok,1,"Wolcott St & Columbia Rd, Dorchester, MA 02121",-71.083408500001,42.303465000003,372,1,200,,2026-06-04T19:03:16.270Z
wolcott street,erie street,Wolcott St,Erie St,Wolcott St and Erie St,ok,1,"Wolcott St & Erie St, Dorchester, MA 02121",-71.081559000001,42.302025000003,421,1,200,,2026-06-04T19:03:17.520Z
wollaston terrace,jones avenue,Wollaston Ter,Jones Ave,Wollaston Ter and Jones Ave,ok,1,"Wollaston Ter & Jones Ave, Dorchester, MA 02124",-71.082940500001,42.286428000003,324,1,200,,2026-06-04T19:03:18.626Z
wollaston terrace,woodrow avenue,Wollaston Ter,Woodrow Ave,Wollaston Ter and Woodrow Ave,ok,1,"Wollaston Ter & Woodrow Ave, Dorchester, MA 02124",-71.083300500001,42.287328000003,571,1,200,,2026-06-04T19:03:20.075Z
wood street,high street,Wood St,High St,Wood St and High St,ok,1,"Wood St & High St, Charlestown, MA 02129",-71.063770500001,42.376644000003,390,1,200,,2026-06-04T19:03:21.097Z
wood street,main street,Wood St,Main St,Wood St and Main St,ok,1,"Wood St & Main St, Charlestown, MA 02129",-71.064733500001,42.375762000003,318,1,200,,2026-06-04T19:03:22.222Z
woodbine street,blue hill avenue,Woodbine St,Blue Hill Ave,Woodbine St and Blue Hill Ave,ok,1,"Woodbine St & Blue Hill Ave, Roxbury, MA 02119",-71.077837500001,42.318279000003,306,1,200,,2026-06-04T19:03:23.411Z
woodbine street,warren street,Woodbine St,Warren St,Woodbine St and Warren St,ok,1,"Woodbine St & Warren St, Roxbury, MA 02119",-71.081388000001,42.319791000003,357,1,200,,2026-06-04T19:03:24.663Z
woodbole avenue,standard street,Woodbole Ave,Standard St,Woodbole Ave and Standard St,ok,2,"Woodbole Ave & Standard St, Mattapan, MA 02126",-71.080483500001,42.275556000003,641,1,200,,2026-06-04T19:03:26.150Z
woodbole avenue,woodgate street,Woodbole Ave,Woodgate St,Woodbole Ave and Woodgate St,ok,2,"Woodbole Ave & Woodgate St, Mattapan, MA 02126",-71.080483500001,42.275556000003,453,1,200,,2026-06-04T19:03:27.163Z
wooddale avenue,delhi street,Wooddale Ave,Delhi St,Wooddale Ave and Delhi St,ok,1,"Wooddale Ave & Delhi St, Mattapan, MA 02126",-71.088921000001,42.276771000003,263,1,200,,2026-06-04T19:03:28.172Z
wooddale avenue,west selden street,Wooddale Ave,West Selden St,Wooddale Ave and West Selden St,ok,1,"Wooddale Ave & W Selden St, Mattapan, MA 02126",-71.087229000001,42.275934000003,445,1,200,,2026-06-04T19:03:29.554Z
woodford street,magnolia street,Woodford St,Magnolia St,Woodford St and Magnolia St,ok,2,"Woodford St & Magnolia St, Dorchester, MA 02125",-71.070165000001,42.317937000003,371,1,200,,2026-06-04T19:03:30.683Z
woodgate street,morton street,Woodgate St,Morton St,Woodgate St and Morton St,ok,1,"Woodgate St & Morton St, Mattapan, MA 02124",-71.078287500001,42.277707000003,282,1,200,,2026-06-04T19:03:31.793Z
woodgate street,standard street,Woodgate St,Standard St,Woodgate St and Standard St,ok,1,"Woodgate St & Standard St, Mattapan, MA 02126",-71.080483500001,42.275556000003,311,1,200,,2026-06-04T19:03:33.022Z
woodmere street,morton street,Woodmere St,Morton St,Woodmere St and Morton St,ok,1,"Woodmere St & Morton St, Mattapan, MA 02124",-71.079664500001,42.278490000003,368,1,200,,2026-06-04T19:03:34.279Z
woodmere street,woodbole avenue,Woodmere St,Woodbole Ave,Woodmere St and Woodbole Ave,ok,1,"Woodmere St & Woodbole Ave, Mattapan, MA 02126",-71.080335000001,42.277950000003,536,1,200,,2026-06-04T19:03:35.647Z
woodrow avenue,blue hill avenue,Woodrow Ave,Blue Hill Ave,Woodrow Ave and Blue Hill Ave,ok,1,"Woodrow Ave & Blue Hill Ave, Dorchester, MA 02124",-71.091108000001,42.285564000003,514,1,200,,2026-06-04T19:03:36.827Z
woodrow avenue,milton avenue,Woodrow Ave,Milton Av,Woodrow Ave and Milton Av,ok,1,"Woodrow Ave & Milton Ave, Dorchester, MA 02124",-71.078850000001,42.288102000003,268,1,200,,2026-06-04T19:03:37.782Z
woodrow avenue,norfolk street,Woodrow Ave,Norfolk St,Woodrow Ave and Norfolk St,ok,1,"Woodrow Ave & Norfolk St, Dorchester, MA 02124",-71.077882500001,42.288003000003,345,1,200,,2026-06-04T19:03:39.059Z
woodruff way,woodbole avenue,Woodruff Way,Woodbole Ave,Woodruff Way and Woodbole Ave,ok,2,"Woodruff Way & Woodbole Ave, Mattapan, MA 02126",-71.081608500001,42.277491000003,323,1,200,,2026-06-04T19:03:40.239Z
woodside avenue,forest hills street,Woodside Ave,Forest Hills St,Woodside Ave and Forest Hills St,ok,1,"Woodside Ave & Forest Hills St, Jamaica Plain, MA 02130",-71.102407500001,42.309657000003,328,1,200,,2026-06-04T19:03:41.446Z
woodside avenue,washington street,Woodside Ave,Washington St,Woodside Ave and Washington St,ok,1,"Woodside Ave & Washington St, Jamaica Plain, MA 02130",-71.104014000001,42.310008000003,364,1,200,,2026-06-04T19:03:42.685Z
woodville park,dennis street,Woodville Park,Dennis St,Woodville Park and Dennis St,ok,1,"Woodville Park & Dennis St, Roxbury, MA 02119",-71.075866500001,42.321996000003,355,1,200,,2026-06-04T19:03:43.882Z
woodville street,blue hill avenue,Woodville St,Blue Hill Ave,Woodville St and Blue Hill Ave,ok,1,"Woodville St & Blue Hill Ave, Roxbury, MA 02119",-71.077486500001,42.321276000003,362,1,200,,2026-06-04T19:03:45.085Z
woodville street,west cottage street,Woodville St,West Cottage St,Woodville St and West Cottage St,ok,1,"Woodville St & W Cottage St, Roxbury, MA 02119",-71.075529000001,42.320583000003,476,1,200,,2026-06-04T19:03:46.401Z
woodward street,dorchester avenue,Woodward St,Dorchester Ave,Woodward St and Dorchester Ave,ok,1,"Woodward St & Dorchester Ave, South Boston, MA 02127",-71.056984500001,42.331896000003,355,1,200,,2026-06-04T19:03:47.482Z
woodward street,dorchester street,Woodward St,Dorchester St,Woodward St and Dorchester St,ok,1,"Woodward St & Dorchester St, South Boston, MA 02127",-71.055333000001,42.330492000003,323,1,200,,2026-06-04T19:03:48.651Z
woolson street,blue hill avenue,Woolson St,Blue Hill Ave,Woolson St and Blue Hill Ave,ok,1,"Woolson St & Blue Hill Ave, Mattapan, MA 02126",-71.091976500001,42.282414000003,539,1,200,,2026-06-04T19:03:50.069Z
woolson street,norfolk street,Woolson St,Norfolk St,Woolson St and Norfolk St,ok,1,"Woolson St & Norfolk St, Mattapan, MA 02126",-71.088016500001,42.280578000003,365,1,200,,2026-06-04T19:03:51.095Z
worcester square,harrison avenue,Worcester Sq,Harrison Ave,Worcester Sq and Harrison Ave,ok,1,"Worcester Sq & Harrison Ave, South End, MA 02118",-71.073850500001,42.335982000003,324,1,200,,2026-06-04T19:03:52.255Z
worcester square,washington street,Worcester Sq,Washington St,Worcester Sq and Washington St,ok,1,"Worcester Sq & Washington St, South End, MA 02118",-71.075637000001,42.337449000003,1066,1,200,,2026-06-04T19:03:54.199Z
worcester street,columbus avenue,Worcester St,Columbus Ave,Worcester St and Columbus Ave,ok,1,"Worcester St & Columbus Ave, South End, MA 02118",-71.080501500001,42.341652000003,350,1,200,,2026-06-04T19:03:54.682Z
worcester street,tremont street,Worcester St,Tremont St,Worcester St and Tremont St,ok,1,"Worcester St & Tremont St, South End, MA 02118",-71.078823000001,42.340122000003,323,1,200,,2026-06-04T19:03:55.856Z
worcester street,washington street,Worcester St,Washington St,Worcester St and Washington St,ok,1,"Worcester St & Washington St, South End, MA 02118",-71.075637000001,42.337449000003,277,1,200,,2026-06-04T19:03:57.011Z
wordsworth street,saratoga street,Wordsworth St,Saratoga St,Wordsworth St and Saratoga St,ok,1,"Wordsworth St & Saratoga St, East Boston, MA 02128",-71.015476500001,42.384411000003,466,1,200,,2026-06-04T19:03:58.401Z
wordsworth street,william f. mcclellan highway,Wordsworth St,William F. McClellan Hwy,Wordsworth St and William F. McClellan Hwy,ok,1,"Wordsworth St & William F McClellan Hwy, East Boston, MA 02128",-71.019526500001,42.385392000003,351,1,200,,2026-06-04T19:03:59.490Z
worthington street,huntington avenue,Worthington St,Huntington Ave,Worthington St and Huntington Ave,ok,1,"Worthington St & Huntington Ave, Mission Hill, MA 02115",-71.101588500001,42.335280000003,341,1,200,,2026-06-04T19:04:00.679Z
worthington street,tremont street,Worthington St,Tremont St,Worthington St and Tremont St,ok,1,"Worthington St & Tremont St, Mission Hill, MA 02120",-71.102664000001,42.333453000003,392,1,200,,2026-06-04T19:04:01.929Z
wrentham street,adams street,Wrentham St,Adams St,Wrentham St and Adams St,ok,1,"Wrentham St & Adams St, Dorchester, MA 02122",-71.055697500001,42.289137000003,424,1,200,,2026-06-04T19:04:03.161Z
wrentham street,dorchester avenue,Wrentham St,Dorchester Ave,Wrentham St and Dorchester Ave,ok,1,"Wrentham St & Dorchester Ave, Dorchester, MA 02124",-71.063829000001,42.287463000003,305,1,200,,2026-06-04T19:04:04.243Z
wyman street,centre street,Wyman St,Centre St,Wyman St and Centre St,ok,1,"Wyman St & Centre St, Jamaica Plain, MA 02130",-71.106831000001,42.322536000003,276,1,200,,2026-06-04T19:04:05.414Z
wyman street,lamartine street,Wyman St,Lamartine St,Wyman St and Lamartine St,ok,1,"Wyman St & Lamartine St, Jamaica Plain, MA 02130",-71.103564000001,42.318981000003,387,1,200,,2026-06-04T19:04:06.729Z
wyola place,columbia road,Wyola Pl,Columbia Rd,Wyola Pl and Columbia Rd,ok,1,"Wyola Pl & Columbia Rd, Dorchester, MA 02121",-71.075218500001,42.308334000003,308,1,200,,2026-06-04T19:04:07.852Z
wyola place,susi yard,Wyola Pl,SUSI YARD,Wyola Pl and SUSI YARD,no_match,0,,,,141,1,200,,2026-06-04T19:04:08.884Z
wyoming street,humboldt avenue,Wyoming St,Humboldt Ave,Wyoming St and Humboldt Ave,ok,1,"Wyoming St & Humboldt Ave, Roxbury, MA 02121",-71.087346000001,42.315822000003,338,1,200,,2026-06-04T19:04:10.284Z
wyoming street,warren street,Wyoming St,Warren St,Wyoming St and Warren St,ok,1,"Wyoming St & Warren St, Roxbury, MA 02121",-71.083548000001,42.314760000003,309,1,200,,2026-06-04T19:04:11.454Z
yarmouth street,carleton street,Yarmouth St,Carleton St,Yarmouth St and Carleton St,ok,1,"Yarmouth St & Carleton St, South End, MA 02116",-71.077243500001,42.346305000003,294,1,200,,2026-06-04T19:04:12.639Z
yarmouth street,columbus avenue,Yarmouth St,Columbus Ave,Yarmouth St and Columbus Ave,ok,1,"Yarmouth St & Columbus Ave, South End, MA 02116",-71.075857500001,42.345396000003,369,1,200,,2026-06-04T19:04:13.917Z
yawkey way,brookline avenue,Yawkey Way,Brookline Ave,Yawkey Way and Brookline Ave,ok,1,Brookline Ave & Jersey St,-71.09894046864187,42.34681440819526,111,1,200,,2026-06-04T23:46:31.227Z
yawkey way,van ness street,Yawkey Way,Van Ness St,Yawkey Way and Van Ness St,ok,1,Jersey St & Van Ness St,-71.09823917154026,42.3454042403838,141,1,200,,2026-06-04T23:46:32.571Z
york street,glenway street,York St,Glenway St,York St and Glenway St,ok,1,"York St & Glenway St, Dorchester, MA 02121",-71.081577000001,42.299397000003,497,1,200,,2026-06-04T19:04:17.648Z
york street,greenwood street,York St,Greenwood St,York St and Greenwood St,ok,1,"York St & Greenwood St, Dorchester, MA 02121",-71.079894000001,42.299730000003,470,1,200,,2026-06-04T19:04:18.822Z
zamora street,castleton street,Zamora St,Castleton St,Zamora St and Castleton St,ok,1,"Zamora St & Castleton St, Jamaica Plain, MA 02130",-71.113266000001,42.323229000003,477,1,200,,2026-06-04T19:04:20.030Z
zamora street,perkins street,Zamora St,Perkins St,Zamora St and Perkins St,ok,1,"Zamora St & Perkins St, Jamaica Plain, MA 02130",-71.112811500001,42.321483000003,377,1,200,,2026-06-04T19:04:21.131Z
zeigler street,dearborn street,Zeigler St,Dearborn St,Zeigler St and Dearborn St,ok,1,"Zeigler St & Dearborn St, Roxbury, MA 02119",-71.079133500001,42.328944000003,1538,1,200,,2026-06-04T19:04:23.493Z
zeigler street,warren street,Zeigler St,Warren St,Zeigler St and Warren St,ok,1,"Zeigler St & Warren St, Roxbury, MA 02119",-71.083341000001,42.329403000003,309,1,200,,2026-06-04T19:04:23.802Z
